{
    "kuid": "993a84tc-d2a6-43r8-aeu2-14a5a7nf",
    "id": "VoltMX.ApplicationChannelsV9.intro",
    "content": {
        "title": "Understand App Channels",
        "body": "<p>In this hike, we will import a sample app designed for all the channels - Mobile, Tablet, Desktop and Wearables. We will also build the sample app to run the live preview on <b>Volt MX App</b>.<br ><br ></p>\nBefore you get started, install the <b>Volt MX App</b> app on your device, from the <a href='#'onClick='javascript:openURL(\"https://play.google.com/store/apps/developer?id=HCL+Software \")'> Play store </a> or the <a href='#'onClick='javascript:openURL(\"https://apps.apple.com/us/developer/hcl-america-inc/id392909135 \")'> App store</a>.<br/><br/>"
    },
    "pointer": {
        "direction": "left",
        "element": "",
        "type": "none"
    },
    "navigationType": "manual",
    "navigationBar": {
        "left": {
            "text": "Previous",
            "enable": false,
            "hide": true
        },
        "right": {
            "text": "Start",
            "enable": true,
            "hide": false
        }
    },
    "navigationCondition": "",
    "position": "CENTER",
    "meta": {
        "Creator": "Rashmi Menon",
        "CreatedOn": "Tue, 26 Nov 2019 08:01:52 GMT"
    },
    "context": []
}