{
  "Tour.UnderStandingApplicationChannelsV9": {
    "description": "旅游描述"
  },
  "Hike.VoltMX.ApplicationChannelsV9": {
    "description": "徒步说明"
  },
  "Card.VoltMX.ApplicationChannelsV9.AppViewer": {
    "content": {
      "title": "Volt MX 应用程序",
      "body": "<ol>\n<li>连接您的<b>手机</b>使用 USB 电缆连接到您的计算机。<br />对于Android设备，请确保您使用USB<b>传输文件</b>.</li>\n<li>启动<b>Volt MX 应用程序</b>在你的<b>手机</b>.</li>\n<li>选择<b>USB</b>选项卡。</li>\n<li>连接成功后，<b>虹膜</b>在您的计算机上显示成功消息。<br />同时，USB 图标在您的<b>Volt MX 应用程序</b>.</li>\n</ol>"
    },
    "navigationBar": {
      "left": {
        "text": "上一个"
      },
      "right": {
        "text": "下一个"
      }
    }
  },
  "Card.VoltMX.ApplicationChannelsV9.ChannelMob": {
    "content": {
      "title": "申请渠道：手机",
      "body": "<ol><li>来自<b>项目</b>画布左上角的资源管理器，展开<b>手机</b>.</li>\n<li>展开<b>表格</b>.<br >注意在移动设备的示例应用程序中创建的表单。</li>"
    },
    "navigationBar": {
      "left": {
        "text": "上一个"
      },
      "right": {
        "text": "下一个"
      }
    }
  },
  "Card.VoltMX.ApplicationChannelsV9.ChannelTab": {
    "content": {
      "title": "应用渠道：平板电脑",
      "body": "<ol><li>来自<b>项目</b>画布左上角的资源管理器，展开<b>平板电脑</b>.</li>\n<li>展开<b>表格</b>.<br >注意在平板设备示例应用程序中创建的表单。</li>"
    },
    "navigationBar": {
      "left": {
        "text": "上一个"
      },
      "right": {
        "text": "下一个"
      }
    }
  },
  "Card.VoltMX.ApplicationChannelsV9.ChannelWear": {
    "content": {
      "title": " 应用渠道：可穿戴设备",
      "body": "<ol>来自<b>项目</b>画布左上角的资源管理器，展开<b>可穿戴设备</b>.<br >请注意，可穿戴设备渠道分为<b>Apple Watch</b>和<b>Android Wear</b>.</li></ol>"
    },
    "navigationBar": {
      "left": {
        "text": "上一个"
      },
      "right": {
        "text": "下一个"
      }
    }
  },
  "Card.VoltMX.ApplicationChannelsV9.ChannelWeb": {
    "content": {
      "title": "应用程序渠道：桌面Web",
      "body": "<ol><li>来自<b>项目</b>画布左上角的资源管理器，展开<b>响应式网页/桌面</b>.</li>\n<li>展开<b>表格</b>.<br >注意在桌面 Web 的示例应用程序中创建的表单。</li>"
    },
    "navigationBar": {
      "left": {
        "text": "上一个"
      },
      "right": {
        "text": "下一个"
      }
    }
  },
  "Card.VoltMX.ApplicationChannelsV9.explore": {
    "content": {
      "title": "查看应用",
      "body": "<ol>\n<li>在您的 Volt MX 应用程序上，单击<b>启动</b>.<br />如果提示您提供应用程序名称，请输入<b> NewsAndWeather</b>然后点击<b>启动</b>.</li><li> 到<b>退出</b>预览，从左向右滑动两根手指或摇动手机。</li>\n</ol>"
    },
    "navigationBar": {
      "left": {
        "text": "上一个"
      },
      "right": {
        "text": "下一个"
      }
    }
  },
  "Card.VoltMX.ApplicationChannelsV9.import": {
    "content": {
      "title": "导入示例应用",
      "body": "<ol>\n<li>从主菜单中，单击<strong>项目</strong>&gt;<strong>新项目</strong>.<br /><strong> 你现在想从什么开始？</strong>窗口出现。</li>\n<li>选择<strong>示例应用</strong>然后点击<strong>下一个</strong>.</li>\n<li>来自<strong>示例应用</strong>窗口，选择<strong>新闻和天气</strong>然后点击<strong>选择</strong>.<br />应用程序在<strong>故事板</strong>查看。</li>\n<li>双击任何表单以查看<strong>设计</strong>查看。</li>\n</ol>"
    },
    "navigationBar": {
      "left": {
        "text": "上一个"
      },
      "right": {
        "text": "下一个"
      }
    }
  },
  "Card.VoltMX.ApplicationChannelsV9.intro": {
    "content": {
      "title": "了解应用渠道",
      "body": "<p>在这次徒步旅行中，我们将导入一个为所有渠道设计的示例应用程序 - 手机、平板电脑、台式机和可穿戴设备。我们还将构建示例应用程序来运行实时预览<b>Volt MX 应用程序</b>.<br ><br ></p>在开始之前，请安装<b>Volt MX 应用程序</b>您设备上的应用程序，来自<a href='#'onClick='javascript:openURL(\"https://play.google.com/store/apps/developer?id=HCL+Software \")'>Play商店</a>或<a href='#'onClick='javascript:openURL(\"https://apps.apple.com/us/developer/hcl-america-inc/id392909135 \")'>应用商店</a>.<br/><br/>"
    },
    "navigationBar": {
      "left": {
        "text": "上一个"
      },
      "right": {
        "text": "开始"
      }
    }
  },
  "Card.VoltMX.ApplicationChannelsV9.last": {
    "content": {
      "title": " 恭喜",
      "body": "<p>您已成功：</p>\n<ul>\n<li><strong>导入为所有渠道设计的示例应用</strong></li>\n<li><strong>探索所有渠道的表格</strong></li>\n<li><strong>使用 Volt MX 应用程序在移动设备上启动该应用程序。</strong></li>\n</ul>"
    },
    "navigationBar": {
      "left": {
        "text": "上一个"
      },
      "right": {
        "text": "完成"
      }
    }
  },
  "Card.VoltMX.ApplicationChannelsV9.run": {
    "content": {
      "title": "运行应用程序",
      "body": "<ol>\n<li>来自<strong>实时预览设置</strong>窗口，选中旁边的复选框<strong>响应式网站</strong>.</li>\n<li>下<strong>本地</strong> 选中您要在其上查看应用程序的手机/平板电脑操作系统旁边的复选框。<br />例如-<strong>iOS</strong>和<strong>安卓</strong>.</li>\n<li>点击<strong>保存&amp;跑步</strong>.<br /> Iris 可能需要一些时间才能显示<strong>实时预览已准备就绪</strong>窗口。</li>\n</ol>"
    },
    "navigationBar": {
      "left": {
        "text": "上一个"
      },
      "right": {
        "text": "下一个"
      }
    }
  },
  "Card.VoltMX.ApplicationChannelsV9.setting": {
    "content": {
      "title": "实时预览设置",
      "body": "<ol><li>从主菜单中，选择<b>构建</b>.</li>\n<li>点击<b>实时预览设置。</b></li>"
    },
    "navigationBar": {
      "left": {
        "text": "上一个"
      },
      "right": {
        "text": "下一个"
      }
    }
  }
}