{
  "Tour.UnderStandingApplicationChannelsV9": {
    "description": "旅遊描述"
  },
  "Hike.VoltMX.ApplicationChannelsV9": {
    "description": "徒步說明"
  },
  "Card.VoltMX.ApplicationChannelsV9.AppViewer": {
    "content": {
      "title": "Volt MX 應用程序",
      "body": "<ol>\n<li>連接您的<b>手機</b>使用 USB 電纜連接到您的計算機。<br />對於Android設備，請確保您使用USB<b>傳輸文件</b>.</li>\n<li>啟動<b>Volt MX 應用程序</b>在你的<b>手機</b>.</li>\n<li>選擇<b>USB</b>選項卡。</li>\n<li>連接成功後，<b>虹膜</b>在您的計算機上顯示成功消息。<br />同時，USB 圖標在您的<b>Volt MX 應用程序</b>.</li>\n</ol>"
    },
    "navigationBar": {
      "left": {
        "text": "上一個"
      },
      "right": {
        "text": "下一個"
      }
    }
  },
  "Card.VoltMX.ApplicationChannelsV9.ChannelMob": {
    "content": {
      "title": "申請渠道：手機",
      "body": "<ol><li>來自<b>項目</b>畫布左上角的資源管理器，展開<b>手機</b>.</li>\n<li>展開<b>表格</b>.<br >注意在移動設備的示例應用程序中創建的表單。</li>"
    },
    "navigationBar": {
      "left": {
        "text": "上一個"
      },
      "right": {
        "text": "下一個"
      }
    }
  },
  "Card.VoltMX.ApplicationChannelsV9.ChannelTab": {
    "content": {
      "title": "應用渠道：平板電腦",
      "body": "<ol><li>來自<b>項目</b>畫布左上角的資源管理器，展開<b>平板電腦</b>.</li>\n<li>展開<b>表格</b>.<br >注意在平板設備示例應用程序中創建的表單。</li>"
    },
    "navigationBar": {
      "left": {
        "text": "上一個"
      },
      "right": {
        "text": "下一個"
      }
    }
  },
  "Card.VoltMX.ApplicationChannelsV9.ChannelWear": {
    "content": {
      "title": "應用渠道：可穿戴設備",
      "body": "<ol>來自<b>項目</b>畫布左上角的資源管理器，展開<b>可穿戴設備</b>.<br >請注意，可穿戴設備渠道分為<b>Apple Watch</b>和<b>Android Wear</b>.</li></ol>"
    },
    "navigationBar": {
      "left": {
        "text": "上一個"
      },
      "right": {
        "text": "下一個"
      }
    }
  },
  "Card.VoltMX.ApplicationChannelsV9.ChannelWeb": {
    "content": {
      "title": "應用程序渠道：桌面Web",
      "body": "<ol><li>來自<b>項目</b>畫布左上角的資源管理器，展開<b>響應式網絡/桌面</b>.</li>\n<li>展開<b>表格</b>.<br >注意在桌面 Web 的示例應用程序中創建的表單。</li>"
    },
    "navigationBar": {
      "left": {
        "text": "上一個"
      },
      "right": {
        "text": "下一個"
      }
    }
  },
  "Card.VoltMX.ApplicationChannelsV9.explore": {
    "content": {
      "title": "查看應用",
      "body": "<ol>\n<li>在您的 Volt MX 應用程序上，單擊<b>啟動</b>.<br />如果提示您提供應用程序名稱，請輸入<b> NewsAndWeather</b>然後點擊<b>啟動</b>.</li><li> 到<b>退出</b>預覽，從左向右滑動兩根手指或搖動手機。</li>\n</ol>"
    },
    "navigationBar": {
      "left": {
        "text": "上一個"
      },
      "right": {
        "text": "下一個"
      }
    }
  },
  "Card.VoltMX.ApplicationChannelsV9.import": {
    "content": {
      "title": "導入示例應用",
      "body": "<ol>\n<li>從主菜單中，單擊<strong>項目</strong>&gt;<strong>新項目</strong>.<br /><strong> 你現在想從什麼開始？</strong>窗口出現。</li>\n<li>選擇<strong>示例應用</strong>然後點擊<strong>下一個</strong>.</li>\n<li>來自<strong>示例應用</strong>窗口，選擇<strong>新聞和天氣</strong>然後點擊<strong>選擇</strong>.<br />應用程序在<strong>故事板</strong>查看。</li>\n<li>雙擊任何表單以查看<strong>設計</strong>查看。</li>\n</ol>"
    },
    "navigationBar": {
      "left": {
        "text": "上一個"
      },
      "right": {
        "text": "下一個"
      }
    }
  },
  "Card.VoltMX.ApplicationChannelsV9.intro": {
    "content": {
      "title": "了解應用渠道",
      "body": "<p>在這次徒步旅行中，我們將導入一個為所有渠道設計的示例應用程序 - 手機、平板電腦、台式機和可穿戴設備。我們還將構建示例應用程序以在其上運行實時預覽<b>Volt MX 應用程序</b>.<br ><br ></p>在開始之前，請安裝<b>Volt MX 應用程序</b>您設備上的應用程序，來自<a href='#'onClick='javascript:openURL(\"https://play.google.com/store/apps/developer?id=HCL+Software \")'>Play商店</a>或<a href='#'onClick='javascript:openURL(\"https://apps.apple.com/us/developer/hcl-america-inc/id392909135 \")'>應用商店</a>.<br/><br/>"
    },
    "navigationBar": {
      "left": {
        "text": "上一個"
      },
      "right": {
        "text": "開始"
      }
    }
  },
  "Card.VoltMX.ApplicationChannelsV9.last": {
    "content": {
      "title": " 恭喜",
      "body": "<p>您已成功：</p>\n<ul>\n<li><strong>導入為所有渠道設計的示例應用</strong></li>\n<li><strong>探索所有渠道的表格</strong></li>\n<li><strong>使用 Volt MX 應用程序在移動設備上啟動該應用程序。</strong></li>\n</ul>"
    },
    "navigationBar": {
      "left": {
        "text": "上一個"
      },
      "right": {
        "text": "完成"
      }
    }
  },
  "Card.VoltMX.ApplicationChannelsV9.run": {
    "content": {
      "title": "運行應用程序",
      "body": "<ol>\n<li>來自<strong>實時預覽設置</strong>窗口，選中旁邊的複選框<strong>響應式網站</strong>.</li>\n<li>下<strong>本地</strong> 選中您要在其上查看應用程序的手機/平板電腦操作系統旁邊的複選框。<br />例如-<strong>iOS</strong>和<strong>安卓</strong>.</li>\n<li>點擊<strong>保存&amp;跑步</strong>.<br /> Iris 可能需要一些時間才能顯示<strong>實時預覽已準備就緒</strong>窗口。</li>\n</ol>"
    },
    "navigationBar": {
      "left": {
        "text": "上一個"
      },
      "right": {
        "text": "下一個"
      }
    }
  },
  "Card.VoltMX.ApplicationChannelsV9.setting": {
    "content": {
      "title": "實時預覽設置",
      "body": "<ol><li>從主菜單中，選擇<b>構建</b>.</li>\n<li>點擊<b>實時預覽設置。</b></li>"
    },
    "navigationBar": {
      "left": {
        "text": "上一個"
      },
      "right": {
        "text": "下一個"
      }
    }
  }
}