<?xml version="1.0"?>
<Hike kuid="a880bet8-67ac-4er9-87u7-069602n4" id="VoltMX.IntroductionToInternationalV9" title="VoltMX.IntroductionToInternationalV9">
    <Description> Description of hike</Description>
    <Meta>
        <Creator>Rashmi Menon</Creator>
        <Createdon>Thu, 05 Dec 2019 05:38:53 GMT</Createdon>
    </Meta>
    <Hikecard id="VoltMX.IntroductionToInternationalizat.Intro"/>
    <Hikecard id="VoltMX.IntroductionToInternation.import1"/>
    <Hikecard id="VoltMX.IntroductionToInternationalizat.import2"/>
    <Hikecard id="VoltMX.IntroductionToInternationalizat.enable"/>
    <Hikecard id="VoltMX.IntroductionToInternationalizat.enable2"/>
    <Hikecard id="VoltMX.IntroductionToInternationalizat.configure"/>
    <Hikecard id="VoltMX.IntroductionToInternational.configureS"/>
    <Hikecard id="VoltMX.IntroductionToInternationalV9.KeyUN"/>
    <Hikecard id="VoltMX.IntroductionToInternationalV9.keyPWD"/>
    <Hikecard id="VoltMX.IntroductionToInternationalV9.keyLogin"/>
    <Hikecard id="VoltMX.IntroductionToInternationalV9.default"/>
    <Hikecard id="VoltMX.IntroductionToInternationalV9.setKey1"/>
    <Hikecard id="VoltMX.IntroductionToInternationalV9.setKey2"/>
    <Hikecard id="VoltMX.IntroductionToInternationalV9.setKey3"/>
    <Hikecard id="VoltMX.IntroductionToInternationalV9.connect"/>
    <Hikecard id="VoltMX.IntroductionToInternationalV9.publish"/>
    <Hikecard id="VoltMX.IntroductionToInternationalV9.publish1"/>
    <Hikecard id="VoltMX.IntroductionToInternationalV9.view"/>
    <Hikecard id="VoltMX.IntroductionToInternationalV9.done"/>
</Hike>