{
    "kuid": "b11d68t0-10a8-46rb-9bu1-6f46c5n8",
    "id": "VoltMX.IntrotoActionEditorV9.AddFormNav",
    "content": {
        "title": "Add Form Navigation",
        "body": "<ol>\n<li>On the canvas, select&nbsp;<strong>Create Account</strong> \n button.</li>\n<li>Navigate to the&nbsp;<strong>Properties</strong> Panel and click <strong>Action</strong>.</li>\n<li>For the <strong>onClick</strong> event, click&nbsp;<strong>Edit.<br /></strong>The <strong>Action</strong> <strong>Editor</strong> window appears.</li>\n</ol>"
    },
    "pointer": {
        "direction": "left",
        "element": {
            "module": "appcanvas",
            "paneId": "ac-area-one",
            "itemType": "ac-active-shell"
        },
        "type": "default"
    },
    "navigationType": "manual",
    "navigationBar": {
        "left": {
            "text": "Previous",
            "enable": true,
            "hide": false
        },
        "right": {
            "text": "Next",
            "enable": true,
            "hide": false
        }
    },
    "navigationCondition": "",
    "position": "BOTTOM_RIGHT",
    "meta": {
        "Creator": "Rashmi Menon",
        "CreatedOn": "Tue, 26 Nov 2019 04:34:13 GMT"
    },
    "context": []
}