{
    "kuid": "46b8bctf-38a9-4ar7-b5u3-a7e6a3nd",
    "id": "kony.EditPayeeWeb_v9.navDet4",
    "content": {
        "title": "Mapping Services to UI Elements",
        "body": "<ol>\n<li>From the left pane of the mapping editor, expand <strong>Services </strong>&gt;<strong> Service - RecipientStorage$Recipients$get </strong>&gt;<strong> records {collection}</strong>.</li>\n<li>From the right pane of the mapping editor, expand <strong>Forms </strong>&gt;<strong> frmDetails</strong>.</li>\n<li>In the Mapping Editor, map the following service parameters to the UI elements:\n<ul>\n<li>From the left pane select<strong> RecipientID {number}</strong>.<br />From the right pane expand <strong>Label - lblRecipientIDValue</strong> and select<strong> text {string}</strong><br /> Visualizer displays an alert regarding a mismatch of data types, click <strong>OK</strong>.</li>\n</ul>\n</li>\n</ol>"
    },
    "pointer": {
        "direction": "left",
        "element": "",
        "type": "none"
    },
    "navigationType": "manual",
    "navigationBar": {
        "left": {
            "text": "Previous",
            "enable": true,
            "hide": false
        },
        "right": {
            "text": "Next",
            "enable": true,
            "hide": false
        }
    },
    "navigationCondition": "",
    "position": "BOTTOM_RIGHT",
    "meta": {
        "Creator": "Rashmi Menon",
        "CreatedOn": "Fri, 28 Feb 2020 06:24:25 GMT"
    },
    "context": []
}