{
  "Tour.LaunchyourRWApp92": {
    "description": "旅遊描述"
  },
  "Hike.VoltMX.NewLaunchWebApp": {
    "description": "徒步說明"
  },
  "Card.VoltMX.NewLaunchWebApp.adduser": {
    "content": {
      "title": "添加示例用戶",
      "body": "<ol>\n<li>來自<strong>數據&amp;服務</strong><strong> &nbsp;</strong>畫布右上角的面板，展開&nbsp;<strong>項目服務</strong>.</li>\n<li>右鍵單擊<strong>用戶身份驗證</strong>並選擇<strong>編輯</strong>。這<strong>編輯身份服務</strong>窗口出現。</li>\n<li>點擊<strong>導入用戶</strong>。這<strong>導入用戶</strong>窗口出現。</li>\n<li>點擊<strong>選擇文件</strong>。出現窗口資源管理器。</li>\n<li>導航到<strong>exportUsers.csv</strong> 文件，選擇文件並點擊<strong>打開</strong>.</li>\n<li>點擊<strong>進口</strong>.</li>\n<li>關閉<strong>編輯身份服務</strong>窗口。</li>\n</ol>"
    },
    "navigationBar": {
      "left": {
        "text": "上一個"
      },
      "right": {
        "text": "下一個"
      }
    }
  },
  "Card.VoltMX.NewLaunchWebApp.done": {
    "content": {
      "title": "探索應用",
      "body": "<p>您已成功：</p>\n<ul>\n<li><strong>導入了一個 Web 應用程序</strong></li>\n<li><strong>使用實時預覽在計算機上啟動應用程序</strong></li>\n</ul><br/>\n<p>要了解如何自己創建此應用程序，請查看下一次遠足：<a class=\"tour-link\" tour=\"220f01t3-bda6-40r0-92uf-56631bnb\"><b> 2. 從集合創建 UI</b></a>.</p>"
    },
    "navigationBar": {
      "left": {
        "text": "上一個"
      },
      "right": {
        "text": "完成"
      }
    }
  },
  "Card.VoltMX.NewLaunchWebApp.explore": {
    "content": {
      "title": "探索應用",
      "body": "<p>應用程序導入後，您可以探索應用程序中的不同表單。</p><br/>\n<p>您可以在兩種不同的視圖中查看表單：<strong>故事板</strong>查看和<strong>設計</strong>查看。</p><br/>\n<p>應用程序在<strong>故事板</strong>查看。您可以在故事板視圖中查看應用程序內的不同表單以及表單之間的連接。</p><br/>\n<p>查看<strong>屬性</strong>在表單中的每個小部件中，雙擊任意表單以打開表單中的表單<strong>設計視圖</strong>。您也可以選擇<strong>設計</strong>用於導航到<strong>設計</strong>查看。</p>"
    },
    "navigationBar": {
      "left": {
        "text": "上一個"
      },
      "right": {
        "text": "下一個"
      }
    }
  },
  "Card.VoltMX.NewLaunchWebApp.explore1": {
    "content": {
      "title": "探索應用",
      "body": "<p>在<strong>設計視圖</strong> ，要查看應用程序內的不同表單，請導航到<strong>項目</strong>資源管理器，並展開<strong>響應式網頁/桌面</strong>&gt;<strong>表格</strong>.</p>\n<p> &nbsp;</p>\n<p>您可以在應用程序中看到六種表格。單擊每個表單並查看畫布顯示的內容。</p>\n<p> &nbsp;</p>\n<p>將畫布大小從 100% 更改為適當的百分比以查看所有 UI 元素。</p>"
    },
    "navigationBar": {
      "left": {
        "text": "上一個"
      },
      "right": {
        "text": "下一個"
      }
    }
  },
  "Card.VoltMX.NewLaunchWebApp.Import": {
    "content": {
      "title": "導入Web應用程序",
      "body": "<ol>\n<li>從 Iris 的主菜單，導航到<strong>鍛造</strong>&gt;<strong>瀏覽</strong>.<br /><strong>Volt MX Forge</strong>窗口出現</li>\n<li>在搜索欄上，輸入，<strong>收件人網站</strong>.</li>\n<li>在出現的列表中，選擇<strong>收件人網站</strong>.<br />詳細信息<strong>RecipientsWeb</strong>應用出現。</li>\n<li>點擊<strong>導入到工作區</strong>.<br />Iris 導入應用程序可能需要一些時間。</li>\n</ol>"
    },
    "navigationBar": {
      "left": {
        "text": "上一個"
      },
      "right": {
        "text": "下一個"
      }
    }
  },
  "Card.VoltMX.NewLaunchWebApp.Import1": {
    "content": {
      "title": "導入Web應用程序",
      "body": "<ol>\n<li>應用導入後，<strong>虹膜</strong>對話框出現。<br />點擊<strong>好的</strong>.</li>\n<li>從 Iris 的主菜單，導航到<strong>項目</strong>&gt;<strong>打開</strong>&gt;<strong>HCL 參考架構</strong> ，然後選擇<strong> RecipientsWeb</strong>.<br />應用程序在<strong>故事板</strong>查看。</li>\n<li>從虹膜畫布的頂部，從下拉列表中，選擇<strong>網站：1380</strong>.</li>\n</ol>"
    },
    "navigationBar": {
      "left": {
        "text": "上一個"
      },
      "right": {
        "text": "下一個"
      }
    }
  },
  "Card.VoltMX.NewLaunchWebApp.Intro": {
    "content": {
      "title": "歡迎使用 Volt MX Iris！",
      "body": "<p><strong>讓我們開始吧！</strong></p><br/>\n<p>在這次徒步旅行中，我們將：</p>\n<ul>\n<li>導入顯示帳戶和收件人列表的示例 Web 應用程序</li>\n<li>在您的計算機上預覽示例應用程序</li>\n</ul><br/>在開始之前，從<a href='#'onClick='javascript:openURL(\"https://github.com/HCL-TECH-SOFTWARE/volt-mx-tutorials/raw/master/public/samples/SampleCSV.zip\")'>這裡</a>。注意解壓文件的位置。<br/>\n<p><strong>準備好後，單擊開始！</strong></p>"
    },
    "navigationBar": {
      "left": {
        "text": "上一個"
      },
      "right": {
        "text": "開始"
      }
    }
  },
  "Card.VoltMX.NewLaunchWebApp.publish1": {
    "content": {
      "title": "運行應用程序",
      "body": "<ol>\n<li>來自<strong>實時預覽設置</strong>窗下<strong>平台和渠道</strong> ，選中旁邊的複選框<strong>響應式網站</strong>.<br />確保您已取消選中所有其他平台和頻道的複選框。</li>\n<li>點擊<strong>保存&amp;跑步</strong>.<br />Iris 運行應用程序可能需要一些時間。</li>\n</ol>"
    },
    "navigationBar": {
      "left": {
        "text": "上一個"
      },
      "right": {
        "text": "下一個"
      }
    }
  },
  "Card.VoltMX.NewLaunchWebApp.Settings1": {
    "content": {
      "title": "實時預覽的設置",
      "body": "<ol>\n<li>從主菜單中，選擇<strong>構建</strong>.</li>\n<li>點擊<strong>實時預覽設置</strong>.</li>\n</ol>"
    },
    "navigationBar": {
      "left": {
        "text": "上一個"
      },
      "right": {
        "text": "下一個"
      }
    }
  },
  "Card.VoltMX.NewLaunchWebApp.Viewing": {
    "content": {
      "title": "探索應用",
      "body": "<ol>\n<li>在您的應用中輸入以下登錄憑據：<ul>\n<li>用戶名：<strong>john.doe@woodburn.com</strong></li>\n<li>密碼：<strong>VoltMX@123</strong></li>\n</ul>\n</li>\n<li>點擊<strong>登錄</strong>. <br /><strong>賬戶列表</strong>出現。</li>\n<li>點擊<strong>收件人</strong>. <br /><strong>收件人列表</strong>出現。</li>\n</ol>\n<p>在收件人頁面中，您可以執行以下操作：</p>\n<ul style=\"list-style-type: circle;\">\n<li>點擊添加（<strong>+</strong> ) 圖標，將收件人添加到您的帳戶。</li>\n<li>從列表中選擇收件人以查看其詳細信息。<br />在詳細信息頁面，您可以編輯或刪除收件人。</li>\n</ul>"
    },
    "navigationBar": {
      "left": {
        "text": "上一個"
      },
      "right": {
        "text": "下一個"
      }
    }
  }
}