{
  "Tour.LaunchyourRWApp92": {
    "description": "旅游描述"
  },
  "Hike.VoltMX.NewLaunchWebApp": {
    "description": "徒步说明"
  },
  "Card.VoltMX.NewLaunchWebApp.adduser": {
    "content": {
      "title": "添加示例用户",
      "body": "<ol>\n<li>来自<strong>数据&amp;服务</strong><strong> &nbsp;</strong>画布右上角的面板，展开&nbsp;<strong>项目服务</strong>.</li>\n<li>右键单击<strong>用户身份验证</strong>并选择<strong>编辑</strong>。这<strong>编辑身份服务</strong>窗口出现。</li>\n<li>点击<strong>导入用户</strong>。这<strong>导入用户</strong>窗口出现。</li>\n<li>点击<strong>选择文件</strong>。出现窗口资源管理器。</li>\n<li>导航到<strong>exportUsers.csv</strong> 文件，选择文件并点击<strong>打开</strong>.</li>\n<li>点击<strong>进口</strong>.</li>\n<li>关闭<strong>编辑身份服务</strong>窗口。</li>\n</ol>"
    },
    "navigationBar": {
      "left": {
        "text": "上一个"
      },
      "right": {
        "text": "下一个"
      }
    }
  },
  "Card.VoltMX.NewLaunchWebApp.done": {
    "content": {
      "title": "探索应用",
      "body": "<p>您已成功：</p>\n<ul>\n<li><strong>导入了一个 Web 应用程序</strong></li>\n<li><strong>使用实时预览在计算机上启动应用程序</strong></li>\n</ul><br/>\n<p>要了解如何自己创建此应用程序，请查看下一次远足：<a class=\"tour-link\" tour=\"220f01t3-bda6-40r0-92uf-56631bnb\"><b> 2. 从集合创建 UI</b></a>.</p>"
    },
    "navigationBar": {
      "left": {
        "text": "上一个"
      },
      "right": {
        "text": "完成"
      }
    }
  },
  "Card.VoltMX.NewLaunchWebApp.explore": {
    "content": {
      "title": "探索应用",
      "body": "<p>应用程序导入后，您可以探索应用程序中的不同表单。</p><br/>\n<p>您可以在两种不同的视图中查看表单：<strong>故事板</strong>查看和<strong>设计</strong>查看。</p><br/>\n<p>应用程序在<strong>故事板</strong>查看。您可以在故事板视图中查看应用程序内的不同表单以及表单之间的连接。</p><br/>\n<p>查看<strong>属性</strong>在表单中的每个小部件中，双击任意表单以打开表单中的表单<strong>设计视图</strong>。您也可以选择<strong>设计</strong>用于导航到<strong>设计</strong>查看。</p>"
    },
    "navigationBar": {
      "left": {
        "text": "上一个"
      },
      "right": {
        "text": "下一个"
      }
    }
  },
  "Card.VoltMX.NewLaunchWebApp.explore1": {
    "content": {
      "title": "探索应用",
      "body": "<p>在<strong>设计视图</strong> ，要查看应用程序内的不同表单，请导航到<strong>项目</strong>资源管理器，并展开<strong>响应式网页/桌面</strong>&gt;<strong>表格</strong>.</p>\n<p> &nbsp;</p>\n<p>您可以在应用程序中看到六种表格。单击每个表单并查看画布显示的内容。</p>\n<p> &nbsp;</p>\n<p>将画布大小从 100% 更改为适当的百分比以查看所有 UI 元素。</p>"
    },
    "navigationBar": {
      "left": {
        "text": "上一个"
      },
      "right": {
        "text": "下一个"
      }
    }
  },
  "Card.VoltMX.NewLaunchWebApp.Import": {
    "content": {
      "title": "导入Web应用程序",
      "body": "<ol>\n<li>从 Iris 的主菜单，导航到<strong>锻造</strong>&gt;<strong>浏览</strong>.<br /><strong>Volt MX Forge</strong>窗口出现</li>\n<li>在搜索栏上，输入，<strong>收件人网站</strong>.</li>\n<li>在出现的列表中，选择<strong>收件人网站</strong>.<br />详细信息<strong>RecipientsWeb</strong>应用出现。</li>\n<li>点击<strong>导入到工作区</strong>.<br />Iris 导入应用程序可能需要一些时间。</li>\n</ol>"
    },
    "navigationBar": {
      "left": {
        "text": "上一个"
      },
      "right": {
        "text": "下一个"
      }
    }
  },
  "Card.VoltMX.NewLaunchWebApp.Import1": {
    "content": {
      "title": "导入Web应用程序",
      "body": "<ol>\n<li>应用导入后，<strong>虹膜</strong>对话框出现。<br />点击<strong>好的</strong>.</li>\n<li>从 Iris 的主菜单，导航到<strong>项目</strong>&gt;<strong>打开</strong>&gt;<strong>HCL 参考架构</strong> ，然后选择<strong> RecipientsWeb</strong>.<br />应用程序在<strong>故事板</strong>查看。</li>\n<li>从虹膜画布的顶部，从下拉列表中，选择<strong>网站：1380</strong>.</li>\n</ol>"
    },
    "navigationBar": {
      "left": {
        "text": "上一个"
      },
      "right": {
        "text": "下一个"
      }
    }
  },
  "Card.VoltMX.NewLaunchWebApp.Intro": {
    "content": {
      "title": "欢迎使用 Volt MX Iris！",
      "body": "<p><strong>让我们开始吧！</strong></p><br/>\n<p>在这次徒步旅行中，我们将：</p>\n<ul>\n<li>导入显示帐户和收件人列表的示例 Web 应用程序</li>\n<li>在您的计算机上预览示例应用程序</li>\n</ul><br/>在开始之前，从<a href='#'onClick='javascript:openURL(\"https://github.com/HCL-TECH-SOFTWARE/volt-mx-tutorials/raw/master/public/samples/SampleCSV.zip\")'>这里</a>。注意解压文件的位置。<br/>\n<p><strong>准备好后，单击开始！</strong></p>"
    },
    "navigationBar": {
      "left": {
        "text": "上一个"
      },
      "right": {
        "text": "开始"
      }
    }
  },
  "Card.VoltMX.NewLaunchWebApp.publish1": {
    "content": {
      "title": "运行应用程序",
      "body": "<ol>\n<li>来自<strong>实时预览设置</strong>窗下<strong>平台和渠道</strong> ，选中旁边的复选框<strong>响应式网站</strong>.<br />确保您已取消选中所有其他平台和频道的复选框。</li>\n<li>点击<strong>保存&amp;跑步</strong>.<br />Iris 运行应用程序可能需要一些时间。</li>\n</ol>"
    },
    "navigationBar": {
      "left": {
        "text": "上一个"
      },
      "right": {
        "text": "下一个"
      }
    }
  },
  "Card.VoltMX.NewLaunchWebApp.Settings1": {
    "content": {
      "title": "实时预览的设置",
      "body": "<ol>\n<li>从主菜单中，选择<strong>构建</strong>.</li>\n<li>点击<strong>实时预览设置</strong>.</li>\n</ol>"
    },
    "navigationBar": {
      "left": {
        "text": "上一个"
      },
      "right": {
        "text": "下一个"
      }
    }
  },
  "Card.VoltMX.NewLaunchWebApp.Viewing": {
    "content": {
      "title": "探索应用",
      "body": "<ol>\n<li>在您的应用中输入以下登录凭据：<ul>\n<li>用户名：<strong>john.doe@woodburn.com</strong></li>\n<li>密码：<strong>VoltMX@123</strong></li>\n</ul>\n</li>\n<li>点击<strong>登录</strong>. <br /><strong>账户列表</strong>出现。</li>\n<li>点击<strong>收件人</strong>. <br /><strong>收件人列表</strong>出现。</li>\n</ol>\n<p>在收件人页面中，您可以执行以下操作：</p>\n<ul style=\"list-style-type: circle;\">\n<li>点击添加（<strong>+</strong> ) 图标，将收件人添加到您的帐户。</li>\n<li>从列表中选择收件人以查看其详细信息。<br />在详细信息页面，您可以编辑或删除收件人。</li>\n</ul>"
    },
    "navigationBar": {
      "left": {
        "text": "上一个"
      },
      "right": {
        "text": "下一个"
      }
    }
  }
}