{
    "kuid": "9a9c1etd-71ab-40r2-b1ue-95ed26n1",
    "id": "Kony.NewLaunchWebApp.Intro",
    "content": {
        "title": "Welcome to Quantum Visualizer!",
        "body": "<p><strong>Let&rsquo;s get started!</strong></p><br/>\n<p>In this hike, we will:</p>\n<ul>\n<li>Import a sample web app that shows lists of Accounts and Recipients</li>\n<li>Preview the sample app on your computer</li>\n</ul><br/>Before you get started, download and extract the sample csv file from <a href='#'onClick='javascript:openURL(\"http://docs.kony.com/hikes/SampleCSV.zip\")'>here</a>. Note the location of the extracted file.<br/>\n<p><strong>When you are ready, click Start!</strong></p>"
    },
    "pointer": {
        "direction": "left",
        "element": "",
        "type": "none"
    },
    "navigationType": "manual",
    "navigationBar": {
        "left": {
            "text": "Previous",
            "enable": false,
            "hide": true
        },
        "right": {
            "text": "Start",
            "enable": true,
            "hide": false
        }
    },
    "navigationCondition": "",
    "position": "CENTER",
    "meta": {
        "Creator": "Prem Garudadri",
        "CreatedOn": "Wed, 18 Dec 2019 16:00:41 GMT"
    },
    "context": []
}