<?xml version="1.0"?>
<Hike kuid="369169t9-f5a2-4er3-9au4-c035d8n6" id="VoltMX.UsingTestRecorder_v9" title="VoltMX.UsingTestRecorder_v9">
    <Description> Description of hike</Description>
    <Meta>
        <Creator>Rashmi Menon</Creator>
        <Createdon>Thu, 27 Feb 2020 08:45:03 GMT</Createdon>
    </Meta>
    <Hikecard id="VoltMX.UsingTestRecorder_v9.Intro"/>
    <Hikecard id="VoltMX.UsingTestRecorder_v9.run"/>
    <Hikecard id="VoltMX.UsingTestRecorder_v9.testCase"/>
    <Hikecard id="VoltMX.UsingTestRecorder_v9.record"/>
    <Hikecard id="VoltMX.UsingTestRecorder_v9.testing"/>
    <Hikecard id="VoltMX.UsingTestRecorder_v9.testCase1"/>
    <Hikecard id="VoltMX.UsingTestRecorder_v9.testCase2"/>
    <Hikecard id="VoltMX.UsingTestRecorder_v9.record1"/>
    <Hikecard id="VoltMX.UsingTestRecorder_v9.testCase3"/>
    <Hikecard id="VoltMX.UsingTestRecorder_v9.testSuite"/>
    <Hikecard id="VoltMX.UsingTestRecorder_v9.testSuite1"/>
    <Hikecard id="VoltMX.UsingTestRecorder_v9.runTest"/>
    <Hikecard id="VoltMX.UsingTestRecorder_v9.automate"/>
    <Hikecard id="VoltMX.UsingTestRecorder_v9.testPlan"/>
    <Hikecard id="VoltMX.UsingTestRecorder_v9.testPlan1"/>
    <Hikecard id="VoltMX.UsingTestRecorder_v9.testPlan2"/>
    <Hikecard id="VoltMX.UsingTestRecorder_v9.deploy"/>
    <Hikecard id="VoltMX.UsingTestRecorder_v9.done"/>
</Hike>