{
    "kuid": "3ca691tc-66a9-46rc-b4u4-2ab837n9",
    "id": "VoltMX.UserRepositoryAuthV9.rename",
    "content": {
        "title": "Rename the Form",
        "body": "<ol>\n<li>In the <strong>Storyboard</strong> view, above the new Form, click <strong>Form1</strong>.</li>\n<li>Rename the form <strong>frmLogin</strong>.</li>\n<li>Double-click on the form to open the form in the <strong>Design </strong>view.</li>\n</ol>"
    },
    "pointer": {
        "direction": "left",
        "element": {
            "module": "appcanvas",
            "paneId": "ac-area-one"
        },
        "type": "default"
    },
    "navigationType": "manual",
    "navigationBar": {
        "left": {
            "text": "Previous",
            "enable": true,
            "hide": false
        },
        "right": {
            "text": "Next",
            "enable": true,
            "hide": false
        }
    },
    "navigationCondition": "",
    "position": "BOTTOM_RIGHT",
    "meta": {
        "Creator": "Rashmi Menon",
        "CreatedOn": "Wed, 27 Nov 2019 06:32:56 GMT"
    },
    "context": []
}