{
    "kuid": "c3df11t7-bea9-4dr4-a0u3-0ab3abn2",
    "id": "kony.KonyQuantumOrientationV9.ProjectExplorer",
    "content": {
        "title": "Project Explorer",
        "body": "<p>The <strong>Project </strong>explorer contains options to create apps for Responsive web, Mobile web, and Native (Android and iOS). Using the form in each channel, you can create the user interface of an app.</p>"
    },
    "pointer": {
        "direction": "left",
        "element": {
            "module": "projectexplorer"
        },
        "type": "default"
    },
    "navigationType": "manual",
    "navigationBar": {
        "left": {
            "text": "Previous",
            "enable": true,
            "hide": false
        },
        "right": {
            "text": "Next",
            "enable": true,
            "hide": false
        }
    },
    "navigationCondition": "",
    "position": "BOTTOM_RIGHT",
    "meta": {
        "Creator": "Rashmi Menon",
        "CreatedOn": "Mon, 25 Nov 2019 06:57:18 GMT"
    },
    "context": []
}