{
    "kuid": "04a2e7ta-e2a8-42r7-a6u8-9694c9n6",
    "id": "kony.KonyQuantumOrientationV9.Build",
    "content": {
        "title": "Build",
        "body": "<p>The<strong> Build</strong> menu helps you to preview your app or build and publish it to your Quantum Cloud account. You can either preview your app live or on the Quantum App.</p>"
    },
    "pointer": {
        "direction": "left",
        "element": "",
        "type": "none",
        "isfixed": false
    },
    "navigationType": "manual",
    "navigationBar": {
        "left": {
            "text": "Previous",
            "enable": true,
            "hide": false
        },
        "right": {
            "text": "Done",
            "enable": true,
            "hide": false
        }
    },
    "navigationCondition": "",
    "position": "BOTTOM_RIGHT",
    "meta": {
        "Creator": "Rashmi Menon",
        "CreatedOn": "Mon, 25 Nov 2019 07:02:56 GMT"
    },
    "context": []
}