{
  "Tour.ConnectAppUItoDataMob_v9": {
    "description": "旅游描述"
  },
  "Hike.VoltMX.ConnectAppUItoDataMob_v9": {
    "description": "徒步说明"
  },
  "Card.VoltMX.ConnectAppUItoDataMob_v9.dismiss": {
    "content": {
      "title": "关闭加载指示器",
      "body": "<ol>\n<li>从左侧菜单<strong>动作编辑器</strong> , 在<strong>网络</strong>部分，选择&nbsp;<strong>加载指示器</strong>.</li>\n<li>从动作编辑器的右窗格中，对于&nbsp;<strong>加载指示器</strong>，选择&nbsp;<strong>解雇</strong>.</li>\n<li>点击<strong>保存</strong>.</li>\n</ol>"
    },
    "navigationBar": {
      "left": {
        "text": "上一个"
      },
      "right": {
        "text": "下一个"
      }
    }
  },
  "Card.VoltMX.ConnectAppUItoDataMob_v9.done": {
    "content": {
      "title": " 恭喜",
      "body": "<p>您已成功：</p>\n<ul>\n<li><strong>具有表单UI元素的集成服务</strong> </li>\n</ul>\n<p>要了解如何创建收件人详细信息并添加删除收件人的功能，请查看下一次加息：</p><a class=\"tour-link\" tour=\"db7f07t9-c0a5-4erb-89u0-fab1ean8\"><b> 6. 创建收件人详细信息</b></a>。"
    },
    "navigationBar": {
      "left": {
        "text": "上一个"
      },
      "right": {
        "text": "完成"
      }
    }
  },
  "Card.VoltMX.ConnectAppUItoDataMob_v9.intro": {
    "content": {
      "title": "将应用程序 UI 连接到服务",
      "body": "<p>在这次徒步旅行中，我们将：</p>\n<ul>\n<li>将 Accounts 和 Recipients 表单的 UI 元素与服务连接起来</li>\n</ul>\n<p>在开始之前，完成远足：</p>\n<ol><b>\n<li><a class=\"tour-link\" tour=\"7408efte-e2aa-4cr8-a9ub-d7ba36n8\"> 进口 &amp;启动本机应用程序</a></li><li><a class=\"tour-link\" tour=\"a617eft5-7ca8-4ard-8eu8-94cdean5\">从集合创建用户界面</a></li><li><a class=\"tour-link\" tour=\"15d8c7t4-cda7-40rb-afu7-345cfcnc\">向应用程序添加身份验证</a></li>\n<li><a class=\"tour-link\" tour=\"a7a762t5-3eac-44r5-8bu2-89b781n1\">为原生应用创建服务</a> </li></b>\n</ol>\n<p>确保您打开在之前的徒步旅行中创建的相同项目。</p>\n<p>要打开一个关闭的项目，从主菜单导航到&nbsp;<strong>项目</strong>&nbsp;&gt;&nbsp;<strong>打开</strong>&nbsp;&gt;&nbsp;<strong>HCL 参考架构</strong>&nbsp;&gt;&nbsp;<strong>RecipientsMobApp</strong>. </p><br/>\n<p><strong>准备好后，单击开始！</strong></p>"
    },
    "navigationBar": {
      "left": {
        "text": "上一个"
      },
      "right": {
        "text": "开始"
      }
    }
  },
  "Card.VoltMX.ConnectAppUItoDataMob_v9.launch": {
    "content": {
      "title": "查看应用",
      "body": "<ol>\n<li>在您的应用中输入以下登录凭据：<ul>\n<li>用户名：&nbsp;<strong>john.doe@woodburn.com</strong></li>\n<li>密码：&nbsp;<strong>VoltMX@123</strong></li>\n</ul>\n</li>\n<li>点击<strong>登录</strong>查看账户列表。</li>\n<li>点击<strong>收件人</strong>查看收件人列表。</li>\n<li>退出应用程序<strong>手机</strong>设备，从左向右滑动两根手指或摇动你的&nbsp;<strong>手机</strong>设备并点击&nbsp;<strong>退出应用</strong>.</li>\n</ol>"
    },
    "navigationBar": {
      "left": {
        "text": "上一个"
      },
      "right": {
        "text": "下一个"
      }
    }
  },
  "Card.VoltMX.ConnectAppUItoDataMob_v9.mapping": {
    "content": {
      "title": "添加映射操作",
      "body": "<ol>\n<li>来自<strong>动作编辑器</strong>画布下<strong>调用服务</strong>，选择<strong>回调</strong>.</li>\n<li>从左侧菜单<strong>动作编辑器</strong>，下<strong>映射</strong>，选择<strong>添加映射</strong>.<br /><strong>映射编辑器</strong>窗口出现。</li>\n<li>从左侧窗格<strong>映射编辑器</strong>，展开<strong>服务</strong>&gt;<strong>服务-账户存储$账户$获取</strong>并选择<strong>记录{集合}</strong>.</li>\n<li>从右侧窗格<strong>映射编辑器</strong>，展开<strong>表格</strong>&gt;<strong>frmAccount</strong>&gt;<strong>Segment-segAccount</strong>&gt;<strong>主数据映射</strong>并选择<strong>行数据{集合}</strong>.</li>\n</ol>"
    },
    "navigationBar": {
      "left": {
        "text": "上一个"
      },
      "right": {
        "text": "下一个"
      }
    }
  },
  "Card.VoltMX.ConnectAppUItoDataMob_v9.mapping1": {
    "content": {
      "title": "向UI元素添加映射",
      "body": "<ol>\n<li>从映射编辑器的左窗格中展开<strong>记录{集合}。</strong><br/>从映射编辑器的右窗格中展开<strong>行数据{集合}。</strong></li>\n<li>将映射编辑器中的以下元素从左窗格映射到右窗格。<ul>\n<li>从映射编辑器的左窗格中，选择<strong>帐户名称{字符串}</strong>.<br />从映射编辑器的右窗格中，展开<strong>标签-lblAccName</strong>并选择<strong>文本{字符串}</strong>.</li>\n<li>从映射编辑器的左窗格中，选择<strong>余额{字符串}</strong>.<br />从映射编辑器的右窗格中，展开<strong>标签-lblBalance</strong>并选择<strong>文本{字符串}</strong>.</li>\n</ul>\n</li>\n</ol>"
    },
    "navigationBar": {
      "left": {
        "text": "上一个"
      },
      "right": {
        "text": "下一个"
      }
    }
  },
  "Card.VoltMX.ConnectAppUItoDataMob_v9.mappingUI": {
    "content": {
      "title": "将服务映射到 UI 元素",
      "body": "<p>将映射编辑器中的以下元素从左窗格映射到右窗格。</p>\n<ul>\n<li>从映射编辑器的左窗格中，选择<strong> RecipientID{number}</strong>.<br />从映射编辑器的右窗格中，展开<strong>标签-lblPayeeID</strong>并选择<strong>文本{字符串}</strong>.</li>\n<li>从映射编辑器的左窗格中，选择<strong>名字{字符串}</strong>.<br />从映射编辑器的右窗格中，展开<strong>标签-lblFirstName</strong>和<strong>选择文本{字符串}</strong>.</li>\n</ul>"
    },
    "navigationBar": {
      "left": {
        "text": "上一个"
      },
      "right": {
        "text": "下一个"
      }
    }
  },
  "Card.VoltMX.ConnectAppUItoDataMob_v9.mappingUI1": {
    "content": {
      "title": "将服务映射到 UI 元素",
      "body": "<ul>\n<li>从映射编辑器的左窗格中，选择<strong>姓氏{字符串}</strong>.<br />从映射编辑器的右窗格中，展开<strong>标签-lblLastName</strong>并选择<strong>文本{字符串}</strong>.</li>\n<li>从映射编辑器的左窗格中，选择<strong>电话{字符串}</strong>.<br />从映射编辑器的右窗格中，展开<strong>标签-lblPhoneNumber</strong>并选择<strong>文本{字符串}</strong>.</li>\n</ul>"
    },
    "navigationBar": {
      "left": {
        "text": "上一个"
      },
      "right": {
        "text": "下一个"
      }
    }
  },
  "Card.VoltMX.ConnectAppUItoDataMob_v9.nav": {
    "content": {
      "title": "从收件人列表导航",
      "body": "<ol>\n<li>来自<strong>项目浏览器</strong>，展开<strong>frmRecipients</strong>&gt;<strong>flexRecipientList</strong>&gt;<strong>flexHeader，</strong> ，然后选择<strong>headerButtonLeft</strong>.</li>\n<li>来自<strong>属性</strong>面板，导航到<strong>行动</strong>标签。</li>\n<li>对于<strong>点击</strong>事件，点击<strong>编辑</strong>. <br /><strong>动作编辑器</strong>窗口出现。</li>\n</ol>"
    },
    "navigationBar": {
      "left": {
        "text": "上一个"
      },
      "right": {
        "text": "下一个"
      }
    }
  },
  "Card.VoltMX.ConnectAppUItoDataMob_v9.nav1": {
    "content": {
      "title": "从收件人列表屏幕导航",
      "body": "<ol>\n<li>来自<strong>动作编辑器</strong>左侧菜单，在<strong>一般</strong>部分，选择<strong>导航到表单</strong>.</li>\n<li>从右侧窗格中，选择<strong>frmAccount</strong>.</li>\n<li>点击<strong>保存</strong>.</li>\n</ol>"
    },
    "navigationBar": {
      "left": {
        "text": "上一个"
      },
      "right": {
        "text": "下一个"
      }
    }
  },
  "Card.VoltMX.ConnectAppUItoDataMob_v9.openApp": {
    "content": {
      "title": "Volt MX 应用程序",
      "body": "<ol>\n<li>使用 USB 数据线将您的移动设备连接到您的计算机。<br /> 对于Android移动设备，确保USB的使用设置为<strong>传输文件</strong>.<br />对于 iOS 移动设备，确保 &nbsp;<strong>信任</strong>已在您的设备和计算机之间建立。</li>\n<li>启动<strong>Volt MX 应用程序</strong>在您的移动设备上。</li>\n<li>选择<strong>USB</strong>选项卡。<br/>连接成功后，<strong>虹膜</strong>在您的计算机上显示成功提示。</li>\n</ol>"
    },
    "navigationBar": {
      "left": {
        "text": "上一个"
      },
      "right": {
        "text": "下一个"
      }
    }
  },
  "Card.VoltMX.ConnectAppUItoDataMob_v9.preShow1": {
    "content": {
      "title": "调用服务操作",
      "body": "<ol>\n<li>从左侧菜单<strong>动作编辑器</strong> , 在<strong>网络</strong>部分，选择&nbsp;<strong>加载指示器</strong>.</li>\n<li>从左侧菜单<strong>动作编辑器</strong> , 在<strong>网络</strong>部分，选择&nbsp;<strong>调用服务</strong>.</li>\n<li>从右侧窗格中<strong>动作编辑器</strong> , 对于<strong>选择服务</strong> 从下拉列表中选择&nbsp;<strong>帐户存储$帐户</strong>.</li>\n<li>对于<strong>选择方法</strong> 从下拉列表中选择&nbsp;<strong>得到</strong>.</li>\n</ol>"
    },
    "navigationBar": {
      "left": {
        "text": "上一个"
      },
      "right": {
        "text": "下一个"
      }
    }
  },
  "Card.VoltMX.ConnectAppUItoDataMob_v9.recipients": {
    "content": {
      "title": "向收件人表单添加服务",
      "body": "<ol>\n<li>来自&nbsp;<strong>项目</strong>资源管理器，导航到&nbsp;<strong>手机</strong>&nbsp;&gt;&nbsp;<strong>表格</strong> ，然后选择&nbsp;<strong>frmRecipients</strong>.</li>\n<li>从 Iris 的右上角，导航到<strong>属性</strong>面板并选择<strong>行动</strong>标签。</li>\n<li> 在<strong>一般</strong>部分，用于<strong>预演</strong>事件，点击<strong>编辑</strong>.<br /><strong>动作编辑器</strong>窗口出现。</li><li>从右上角<b>动作编辑器</b>窗口，选择<strong>设计视图</strong>.</li>\n\n</ol>"
    },
    "navigationBar": {
      "left": {
        "text": "上一个"
      },
      "right": {
        "text": "下一个"
      }
    }
  },
  "Card.VoltMX.ConnectAppUItoDataMob_v9.recipients1": {
    "content": {
      "title": "调用服务操作",
      "body": "<ol>\n<li>从左侧菜单<strong>动作编辑器</strong> , 在<strong>网络</strong>部分，选择&nbsp;<strong>加载指示器</strong>.</li>\n<li>从左侧菜单<strong>动作编辑器</strong> , 在<strong>网络</strong>部分，选择&nbsp;<strong>调用服务</strong>.</li>\n<li>从右侧窗格中<strong>动作编辑器</strong> , 对于<strong>选择服务</strong> 从下拉列表中选择&nbsp;<strong>RecipientStorage$Recipients</strong>.</li>\n<li>对于<strong>选择方法</strong> 从下拉列表中选择&nbsp;<strong>得到</strong>.</li>\n</ol>"
    },
    "navigationBar": {
      "left": {
        "text": "上一个"
      },
      "right": {
        "text": "下一个"
      }
    }
  },
  "Card.VoltMX.ConnectAppUItoDataMob_v9.run": {
    "content": {
      "title": "运行应用程序",
      "body": "<ol>\n<li>从左侧导航栏中，单击&nbsp;<strong>运行</strong>.<br /> Iris 显示需要一些时间<strong>实时预览已准备就绪</strong></li>\n<li>在 Iris 运行应用程序后，在您的<strong>Volt MX 应用程序</strong>，点击&nbsp;<strong>启动</strong>.</li>\n<li>您可能会看到一个&nbsp;<strong>应用程序名称</strong>文本框。如果有文本框，输入&nbsp;<strong>RecipientsMobApp</strong> ，然后点击&nbsp;<strong>启动</strong>.</li>\n</ol>"
    },
    "navigationBar": {
      "left": {
        "text": "上一个"
      },
      "right": {
        "text": "下一个"
      }
    }
  },
  "Card.VoltMX.ConnectAppUItoDataMob_v9.service1": {
    "content": {
      "title": "调用服务操作",
      "body": "<ol>\n<li>来自<strong>动作编辑器</strong>画布下<strong>调用服务</strong>，选择<strong>回调</strong>.</li>\n<li>从左侧菜单<strong>动作编辑器</strong> , 在<strong>映射</strong>部分，选择<strong>添加映射</strong>.\n<br/><strong>映射编辑器</strong>窗口出现。</li>\n<li>从左侧窗格<strong>映射编辑器</strong>，展开<strong>服务</strong>&gt;<strong> 服务- RecipientStorage$Recipients$get</strong>并选择<strong>记录{集合}</strong>.</li>\n<li>从右侧窗格<strong>映射编辑器</strong>，展开<strong>表格</strong>&gt;<strong>frmRecipient</strong>&gt;<strong>细分收件人</strong>&gt;<strong>主数据映射</strong>并选择<strong>行数据{集合}</strong>.</li>\n<li>展开<b>记录{集合}</b>在左窗格中<b>行数据{集合}</b>在右侧窗格中。</li>\n</ol>"
    },
    "navigationBar": {
      "left": {
        "text": "上一个"
      },
      "right": {
        "text": "下一个"
      }
    }
  },
  "Card.VoltMX.ConnectAppUItoDataMob_v9.static": {
    "content": {
      "title": "添加静态表达式",
      "body": "<ol>\n<li>从右侧窗格中<strong>映射编辑器</strong>，展开<strong>标签-lblLine</strong>然后右键单击&nbsp;<strong>文本{字符串}</strong>并选择&nbsp;<strong>添加表达式</strong>.</li>\n<li>在出现的框中，添加以下表达式：<br /> <span style=\"background-color: #999999;\"><strong>“”</strong></span><br />单击框外的任意位置将其关闭。</li>\n<li>从左侧菜单<strong>动作编辑器</strong> , 在<strong>网络</strong>部分，选择&nbsp;<strong>加载指示器</strong>.</li>\n<li>从动作编辑器的右窗格中，对于&nbsp;<strong>加载指示器</strong>，选择&nbsp;<strong>解雇</strong>.</li>\n<li>点击<strong>保存</strong>.</li>\n</ol>"
    },
    "navigationBar": {
      "left": {
        "text": "上一个"
      },
      "right": {
        "text": "下一个"
      }
    }
  },
  "Card.VoltMX.ConnectAppUItoDataMob_v9_preshow": {
    "content": {
      "title": "帐户表单的预展示事件",
      "body": "<ol>\n<li>来自<strong>项目</strong>资源管理器，导航到<strong>手机</strong> > <strong>表格</strong>并选择<strong>frmAccount</strong>.</li>\n<li>从虹膜的右上角，导航到<strong>属性</strong>面板并选择<strong>行动</strong>选项卡。</li>\n<li> 在<strong>一般</strong>部分，用于<strong>预演</strong>事件，点击<strong>编辑</strong>.<br /><strong>动作编辑器</strong>窗口出现。</li><li>从右上角<b>动作编辑器</b>窗口，选择<strong>设计视图</strong>.</li>\n</ol>"
    },
    "navigationBar": {
      "left": {
        "text": "上一个"
      },
      "right": {
        "text": "下一个"
      }
    }
  }
}