{
    "kuid": "b9302et7-57a2-4drb-95u6-694b8dn5",
    "id": "VoltMX.CreateDetailsNative_v9.successheader",
    "content": {
        "title": "Add Success Header",
        "body": "<ol>\n<li>From the <strong>Project </strong>explorer, expand <strong>Mobile</strong> &gt;&nbsp;<strong>Forms</strong>, and select <strong>frmDetails</strong>.</li>\n<li>From the bottom-left of your canvas, navigate to <strong>Default Library</strong>.</li>\n<li>Next to the <strong>Default Library</strong>, you will see the <strong>My Libraries </strong>tab and a search icon. <br />Click the search icon.</li>\n<li>In the search bar that appears, enter <strong>Header</strong>.</li>\n</ol>"
    },
    "pointer": {
        "direction": "left",
        "element": "",
        "type": "none"
    },
    "navigationType": "manual",
    "navigationBar": {
        "left": {
            "text": "Previous",
            "enable": true,
            "hide": false
        },
        "right": {
            "text": "Next",
            "enable": true,
            "hide": false
        }
    },
    "navigationCondition": "",
    "position": "BOTTOM_RIGHT",
    "meta": {
        "Creator": "Rashmi Menon",
        "CreatedOn": "Mon, 13 Apr 2020 09:29:39 GMT"
    },
    "context": []
}