{
    "kuid": "f9882et7-c3a6-44re-bcu7-dc6a36n6",
    "id": "kony.IntroductiontoSegmentV9.uiLabel",
    "content": {
        "title": "Assign Position to Label",
        "body": "<ol><li>From the <b>Properties</b> panel, navigate to the <b>Look</b> tab.</li>\n<li>Under the <b>Flex</b> section, assign the following values:<ul>\n<li>Left: <b>165 Dp</b></li>\n<li>Top: <b>23 Dp</b></li>\n<li>Width: <b>220 Dp</b></li>\n<li>Height: <b>22 Dp</b></li></ul></li></ol>"
    },
    "pointer": {
        "direction": "right",
        "element": {
            "module": "propertieswindow",
            "itemType": "pw-property",
            "info": {
                "propertyName": "Left",
                "sectionDOMId": "frmKonyLib_pwwgvbx-flex",
                "tabName": "Look"
            }
        },
        "type": "default"
    },
    "navigationType": "manual",
    "navigationBar": {
        "left": {
            "text": "Previous",
            "enable": true,
            "hide": false
        },
        "right": {
            "text": "Next",
            "enable": true,
            "hide": false
        }
    },
    "navigationCondition": "",
    "position": "BOTTOM_RIGHT",
    "meta": {
        "Creator": "Rashmi Menon",
        "CreatedOn": "Mon, 25 Nov 2019 10:16:12 GMT"
    },
    "context": []
}