{
    "kuid": "059081ta-9bab-40rc-adu8-4b74a5n3",
    "id": "VoltMX.ResponsiveBreakV9.editoptLayout2",
    "content": {
        "title": "Optimizing Layout for Last Name",
        "body": "<ol>\n<li>From the <strong>Project</strong> explorer, expand <strong>frmEditRecipient </strong>&gt;<strong> flxEditRecipient </strong>&gt;<strong> flxEntryFields&nbsp;</strong>&gt; <strong>flxNames</strong>, and select <strong>flxLastName</strong>.</li>\n<li>From the <strong>Properties</strong> panel, navigate to the <strong>Look </strong>tab.</li>\n<li>Under the <strong>Flex</strong> section, modify the following values:<br />\n<ul>\n<li>Left: <b>0 Dp</b></li>\n<li>Top: <b>24 Dp</b></li>\n<li>Height: <b>66 Dp</b></li>\n</ul>\n</li>\n</ol>"
    },
    "pointer": {
        "direction": "right",
        "element": {
            "module": "propertieswindow",
            "itemType": "pw-property",
            "info": {
                "propertyName": "Top",
                "sectionDOMId": "frmKonyLib_pwwgvbx-flex",
                "tabName": "Look"
            }
        },
        "type": "default"
    },
    "navigationType": "manual",
    "navigationBar": {
        "left": {
            "text": "Previous",
            "enable": true,
            "hide": false
        },
        "right": {
            "text": "Next",
            "enable": true,
            "hide": false
        }
    },
    "navigationCondition": "",
    "position": "BOTTOM_RIGHT",
    "meta": {
        "Creator": "Rashmi Menon",
        "CreatedOn": "Sat, 29 Feb 2020 03:35:04 GMT"
    },
    "context": []
}