{
  "Tour.CreateEmailIdComponentV9": {
    "description": " यात्रा का विवरण"
  },
  "Hike.VoltMX.CreateEmailIdCompV9": {
    "description": " वृद्धि का विवरण"
  },
  "Card.VoltMX.CreateEmailIdCompV9.addActionBtn": {
    "content": {
      "title": " संपर्क में बटन में क्रिया जोड़ें",
      "body": "<ol>\n<li> आइरिस के ऊपरी-बाएँ कोने से, में<b> परियोजना</b> एक्सप्लोरर, विस्तृत करें<b> मोबाइल</b> > <b> प्रपत्र</b> > <b> संपर्क करें</b> और चुनें<b> सबमिट करें</b> बटन।</li>\n<li> आइरिस के ऊपरी-दाएँ कोने से, में<b> गुण</b> पैनल, क्लिक करें<b> क्रिया</b>.</li>\n<li> के लिए<b> ऑनक्लिक</b> घटना, क्लिक करें<b> संपादित करें</b>.<br/> The<b> एक्शन एडिटर</b> विंडो प्रकट होती है।</li>\n</ol>"
    },
    "navigationBar": {
      "left": {
        "text": " पिछला"
      },
      "right": {
        "text": " अगला"
      }
    }
  },
  "Card.VoltMX.CreateEmailIdCompV9.addAlert": {
    "content": {
      "title": " अलर्ट जोड़ें",
      "body": "<ol>\n<li> से<strong> एक्शन एडिटर</strong> बायां मेनू, नीचे<strong> ग्राहक</strong> , चुनें<strong> अलर्ट दिखाएं</strong>.</li>\n<li> दाएँ फलक में निम्नलिखित विवरण दर्ज करें:<br />\n<ul>\n<li> अलर्ट प्रकार:<strong> जानकारी</strong></li>\n<li> अलर्ट शीर्षक:<strong> आपका ईमेल जोड़ दिया गया है!</strong></li>\n<li> हाँ लेबल:<strong> ठीक है</strong></li>\n<li> अलर्ट संदेश:<strong> ईमेल सत्यापित और जोड़ा गया है</strong>.</li>\n</ul>\n</li>\n<li> क्लिक करें<strong> सहेजें</strong>.</li>\n</ol>"
    },
    "navigationBar": {
      "left": {
        "text": " पिछला"
      },
      "right": {
        "text": " अगला"
      }
    }
  },
  "Card.VoltMX.CreateEmailIdCompV9.addCustom": {
    "content": {
      "title": " घटक में कस्टम ईवेंट जोड़ें",
      "body": "<ol>\n<li> आइरिस के ऊपरी-बाएँ कोने से, में<b> टेम्पलेट्स</b> एक्सप्लोरर, विस्तृत करें<b> अवयव</b> और चुनें<b> userEntry.emailफ़ील्ड</b>. </li>\n<li> आइरिस के ऊपरी-दाएँ कोने से, में<b> गुण</b> पैनल, क्लिक करें<b> क्रिया</b> और फिर, क्लिक करें<b> ईवेंट प्रबंधित करें</b>.</li>\n<li> से<b> ईवेंट प्रबंधित करें</b> विंडो, चुनें<b> कस्टम</b> टैब, और फिर जोड़ें आइकन पर क्लिक करें<img src=\"https://i.ibb.co/m0gc2rs/add-icon.png\" alt=\" आइकन जोड़ें\" width=\"13\"\n         height=\"13\">. </li>\n<li> अंडर<b> उठाए गए कार्यक्रम</b> , दर्ज करें<b> सत्यापन सफलता पर</b>.</li>\n<li> जोड़ें आइकन पर क्लिक करें<img src=\"https://i.ibb.co/m0gc2rs/add-icon.png\" alt=\" आइकन जोड़ें\" width=\"13\"\n         height=\"13\"> फिर से। के अंतर्गत<b> उठाए गए कार्यक्रम</b> , दर्ज करें<b> onValidationFailed</b>. </li>\n<li> क्लिक करें<b> लागू करें</b>.</li>\n</ol>"
    },
    "navigationBar": {
      "left": {
        "text": " पिछला"
      },
      "right": {
        "text": " अगला"
      }
    }
  },
  "Card.VoltMX.CreateEmailIdCompV9.build": {
    "content": {
      "title": " ऐप बनाएं",
      "body": "<ol>\n<li> मुख्य मेनू से, पर जाएँ<b> बिल्ड</b> और चुनें<b> लाइव पूर्वावलोकन सेटिंग्स</b>.</li>\n<li> में<b> लाइव पूर्वावलोकन सेटिंग्स</b> विंडो, अंडर<b> मूल निवासी</b> ओएस के बगल में स्थित चेकबॉक्स चुनें<b> मोबाइल</b> डिवाइस जिस पर आप ऐप देखने जा रहे हैं।<br/> उदाहरण के लिए:<b> आईओएस</b> और<b> Android</b><br/> सुनिश्चित करें कि आपने अन्य सभी प्लेटफॉर्म और चैनलों के लिए चेकबॉक्स का चयन रद्द कर दिया है।<li> क्लिक करें<b> सहेजें और चलाएँ</b>.<br/> आइरिस को दिखाने में कुछ समय लग सकता है<b> लाइव पूर्वावलोकन तैयार है</b> window."
    },
    "navigationBar": {
      "left": {
        "text": " पिछला"
      },
      "right": {
        "text": " अगला"
      }
    }
  },
  "Card.VoltMX.CreateEmailIdCompV9.code": {
    "content": {
      "title": " कोड दर्ज करें",
      "body": "<ol>\n<li> ईमेल सत्यापन के लिए कोड डाउनलोड करें<a href='#'onClick='javascript:openURL(\"https://github.com/HCL-TECH-SOFTWARE/volt-mx-tutorials/raw/master/public/samples/createComponent.zip\")'> यहाँ</a>.</li>\n<li> आइरिस के ऊपरी-बाएँ कोने से, में<strong> टेम्पलेट्स</strong> एक्सप्लोरर, अंडर<strong> मॉड्यूल</strong> , खुला<strong> ईमेल फ़ील्डकंट्रोलर.जेएस</strong> file.</li>\n<li> डाउनलोड की गई ज़िप फ़ाइल को खोलें और निकालें और उसमें से कोड कॉपी करें।</li><li> मौजूदा कोड को इसमें बदलें<strong> ईमेल फ़ील्डकंट्रोलर.जेएस</strong> कॉपी किए गए कोड के साथ फाइल।</li>\n<li> मुख्य मेनू से, पर जाएँ<strong> परियोजना</strong> , और चुनें<strong> सहेजें</strong>.</li>\n</ol>"
    },
    "navigationBar": {
      "left": {
        "text": " पिछला"
      },
      "right": {
        "text": " अगला"
      }
    }
  },
  "Card.VoltMX.CreateEmailIdCompV9.ComponentUI1": {
    "content": {
      "title": " एक घटक बनाएं",
      "body": "<ol>\n<li> आइरिस के ऊपरी-बाएँ कोने से, पर जाएँ<b> टेम्पलेट्स</b> एक्सप्लोरर।</li>\n<li> पर राइट-क्लिक करें<b> अवयव</b> और चुनें<b> नया</b> > <b> अनुबंध के साथ</b>. </li>\n<li> निम्नलिखित विवरण दर्ज करें:<br/>\n<ul><li> नाम स्थान:<b> userEntry</b></li><li> नाम:<b> ईमेलफ़ील्ड</b></li></ul></li>\n<li> क्लिक करें<b> ठीक है</b>. </li>\n<li> एक<b> ईमेलफ़ील्ड</b> फ्लेक्स कंटेनर डिफ़ॉल्ट रूप से बनाया जाता है। से<b> टेम्पलेट्स</b> एक्सप्लोरर, विस्तृत करें<b> अवयव</b> > <b> userEntry.emailफ़ील्ड</b> और चुनें<b> ईमेलफ़ील्ड</b> फ्लेक्स कंटेनर।</li>\n<li> से<b> गुण</b> पैनल, क्लिक करें<b> देखो</b>.</li><li> के तहत<b> फ्लेक्स</b> अनुभाग, निम्न गुणों के मानों को संशोधित करें:<br/>\n<ul><li> शीर्ष:<b> 190 डीपी</b></li>\n<li> ऊँचाई:<b> 30%</b></li>\n<li> चौड़ाई:<b> 100%</b></li></ul></li>\n</ol>"
    },
    "navigationBar": {
      "left": {
        "text": " पिछला"
      },
      "right": {
        "text": " अगला"
      }
    }
  },
  "Card.VoltMX.CreateEmailIdCompV9.ComponentUI2": {
    "content": {
      "title": " एक टेक्स्टबॉक्स विजेट जोड़ें",
      "body": "<ol>\n<li> आइरिस के निचले-बाएँ कोने से, पर जाएँ<b> डिफ़ॉल्ट लाइब्रेरी</b> और खोज आइकन पर क्लिक करें<img src=\"https://i.ibb.co/gmMPVjC/search-Icon.png\" alt=\" खोज आइकन\" width=\"14\"\nheight=\"14\"></li><li> सर्च बार में, कोई भी पिछला टेक्स्ट क्लियर करें और एंटर करें<b> टेक्स्टबॉक्स</b>. </li>\n<li> परिणामों से, चयन करें<b> टेक्स्टबॉक्स</b> विजेट को ड्रैग और ड्रॉप करें<b> ईमेलफ़ील्ड</b> कैनवास में फ्लेक्स कंटेनर।</li>\n<li> नए टेक्स्ट बॉक्स विजेट पर राइट-क्लिक करें और टेक्स्ट बॉक्स का नाम बदलें<b> txtEmailID</b>.</li>\n</ol>"
    },
    "navigationBar": {
      "left": {
        "text": " पिछला"
      },
      "right": {
        "text": " अगला"
      }
    }
  },
  "Card.VoltMX.CreateEmailIdCompV9.COmponentUI3": {
    "content": {
      "title": " टेक्स्टबॉक्स विजेट डिज़ाइन करें",
      "body": "<ol><li> आइरिस के ऊपरी-दाएँ कोने से, में<b> गुण</b> पैनल, क्लिक करें<b> देखो</b>.</li>\n<li> के तहत<b> फ्लेक्स</b> अनुभाग, निम्नलिखित गुणों के मानों को संशोधित करें:<ul><li> शीर्ष:<b> 30%</b></li>\n<li> चौड़ाई:<b> 300 डीपी</b></li>\n<li> ऊँचाई:<b> 40 डीपी</b></li>\n<li> केंद्र X:<b> 50%</b></li></ul></li></ol>"
    },
    "navigationBar": {
      "left": {
        "text": " पिछला"
      },
      "right": {
        "text": " अगला"
      }
    }
  },
  "Card.VoltMX.CreateEmailIdCompV9.componentUI4": {
    "content": {
      "title": " एक लेबल विजेट जोड़ें",
      "body": "<ol>\n<li> से<strong> टेम्पलेट्स</strong> एक्सप्लोरर, नेविगेट करें<strong> अवयव</strong> &gt;<strong> userEntry.emailफ़ील्ड</strong> और चुनें<strong> ईमेलफ़ील्ड</strong>.</li>\n<li> आइरिस के निचले-बाएँ कोने से, पर जाएँ<strong> डिफ़ॉल्ट लाइब्रेरी</strong> और सर्च आइकन पर क्लिक करें<img src=\"https://i.ibb.co/gmMPVjC/search-Icon.png\" alt=\" खोज आइकन\" width=\"13\" height=\"13\" />.</li>\n<li> सर्च बार में, कोई भी पिछला टेक्स्ट क्लियर करें और एंटर करें<strong> लेबल</strong>.</li>\n<li> परिणामों में से, चुनें<strong> लेबल</strong> विजेट को ड्रैग और ड्रॉप करें<strong> ईमेलफ़ील्ड</strong> कैनवास में फ्लेक्स कंटेनर।</li>\n<li> से<strong> परियोजना</strong> एक्सप्लोरर, नए लेबल विजेट पर राइट-क्लिक करें और लेबल का नाम बदलें<strong> बॉटमलेबल</strong>.</li>\n</ol>"
    },
    "navigationBar": {
      "left": {
        "text": " पिछला"
      },
      "right": {
        "text": " अगला"
      }
    }
  },
  "Card.VoltMX.CreateEmailIdCompV9.componentUI5": {
    "content": {
      "title": " लेबल विजेट डिज़ाइन करें",
      "body": "<ol><li> आइरिस के ऊपरी-दाएँ कोने से, में<b> गुण</b> पैनल, क्लिक करें<b> देखो</b>. </li><li> के तहत<b> सामान्य</b> अनुभाग, के लिए<b> दर्शनीय</b> संपत्ति, चुनें<b> बंद</b>.</li>\n<li> के तहत<b> सूरत:</b> अनुभाग, निम्न गुणों के मानों को संशोधित करें:<br/>\n<ul><li> पाठ:<b> अमान्य ईमेल आईडी</b></li></ul></li>\n<li> के तहत<b> फ्लेक्स</b> अनुभाग, निम्नलिखित गुणों के मानों को संशोधित करें:<ul><li> बायां:<b> 10%</b></li>\n<li> शीर्ष:<b> 54%</b></li></ul></li>\n\n</ol>"
    },
    "navigationBar": {
      "left": {
        "text": " पिछला"
      },
      "right": {
        "text": " अगला"
      }
    }
  },
  "Card.VoltMX.CreateEmailIdCompV9.createCont1": {
    "content": {
      "title": " लेबल विजेट डिज़ाइन करें",
      "body": "<ol>\n<li> से<strong> गुण</strong> पैनल, क्लिक करें<strong> देखो</strong>.</li>\n<li> के तहत<strong> सूरत:</strong> अनुभाग, निम्नलिखित गुणों के मान को संशोधित करें:<ul>\n<li> के लिए<strong> सामग्री संरेखित करें</strong> संपत्ति, चुनें<strong> केंद्र</strong> और<strong> मध्य</strong></li>\n<li> के लिए<strong> टेक्स्ट</strong> संपत्ति, टेक्स्ट बॉक्स में, दर्ज करें<strong> हमसे संपर्क करें</strong></li>\n</ul>\n</li>\n<li> के तहत<strong> फ्लेक्स</strong> अनुभाग, निम्न गुणों के मान को संशोधित करें:<br />\n<ul>\n<li> बायां:<strong> 0 डीपी</strong></li>\n<li> शीर्ष:<strong> 0 डीपी</strong></li>\n<li> चौड़ाई:<strong> 100%</strong></li>\n</ul>\n</li>\n</ol>"
    },
    "navigationBar": {
      "left": {
        "text": " पिछला"
      },
      "right": {
        "text": " अगला"
      }
    }
  },
  "Card.VoltMX.CreateEmailIdCompV9.createCont2": {
    "content": {
      "title": " लेबल विजेट डिज़ाइन करें",
      "body": "<ol><li> में<b> गुण</b> पैनल, क्लिक करें<b> त्वचा</b>.</li>\n<li> के तहत<b> पृष्ठभूमि Back</b> अनुभाग, निम्न गुणों के मानों को संशोधित करें:<br/>\n<ul><li> के लिए<b> प्रकार</b> संपत्ति, चुनें<b> एकल रंग</b></li>\n<li> के लिए<b> रंग</b> संपत्ति, इसके आगे के वर्ग पर क्लिक करें और संशोधित करें<b>#</b> का मान<b> 51b4ed</b></li>\n<li> के लिए<b> अस्पष्टता</b> संपत्ति, टेक्स्ट बॉक्स में, दर्ज करें<b> 100</b></li></ul></li>\n</ol>"
    },
    "navigationBar": {
      "left": {
        "text": " पिछला"
      },
      "right": {
        "text": " अगला"
      }
    }
  },
  "Card.VoltMX.CreateEmailIdCompV9.createCont3": {
    "content": {
      "title": " एक टेक्स्टबॉक्स विजेट जोड़ें",
      "body": "<ol>\n<li> आइरिस के निचले-बाएँ कोने से, पर जाएँ<b> डिफ़ॉल्ट लाइब्रेरी</b> और सर्च आइकन पर क्लिक करें<img src=\"https://i.ibb.co/gmMPVjC/search-Icon.png\" alt=\" खोज आइकन\" width=\"13\"\nheight=\"13\"> \n . </li><li> सर्च बार में, कोई भी पिछला टेक्स्ट क्लियर करें और एंटर करें<b> टेक्स्टबॉक्स</b>.</li>\n<li> परिणामों में से, चुनें<b> टेक्स्टबॉक्स</b>. </li><li> विजेट को ड्रैग और ड्रॉप करें<b> संपर्क करें</b> कैनवास में फॉर्म।</li> \n<li> से<b> परियोजना</b> एक्सप्लोरर, नए टेक्स्ट बॉक्स विजेट पर राइट-क्लिक करें और नाम बदलें<b> txtName</b>.</li>\n</ol>"
    },
    "navigationBar": {
      "left": {
        "text": " पिछला"
      },
      "right": {
        "text": " अगला"
      }
    }
  },
  "Card.VoltMX.CreateEmailIdCompV9.createCont4": {
    "content": {
      "title": " टेक्स्टबॉक्स विजेट डिज़ाइन करें",
      "body": "<ol>\n<li> आइरिस के ऊपरी-दाएँ कोने से, में<b> गुण</b> पैनल, क्लिक करें<b> देखो</b>.</li> \n <li> के तहत<b> फ्लेक्स</b> अनुभाग, निम्न गुणों के मानों को संशोधित करें:<br/>\n<ul><li> शीर्ष:<b> 20%</b></li>\n<li> चौड़ाई:<b> 300 डीपी</b></li>\n<li> केंद्र X:<b> 50%</b></li></ul></li>\n</ol>"
    },
    "navigationBar": {
      "left": {
        "text": " पिछला"
      },
      "right": {
        "text": " अगला"
      }
    }
  },
  "Card.VoltMX.CreateEmailIdCompV9.createCont5": {
    "content": {
      "title": " एक बटन विजेट जोड़ें",
      "body": "<ol>\n<li> आइरिस के निचले-बाएँ कोने से, पर जाएँ<b> डिफ़ॉल्ट पुस्तकालय</b> , और खोज बार से पिछला साफ़ करें।</li>\n<li> खींचें और छोड़ें<b> बटन</b> पर विजेट<b> संपर्क करें</b> कैनवास में फॉर्म।</li>\n<li> से<b> परियोजना</b> एक्सप्लोरर, नए बटन विजेट पर राइट-क्लिक करें, और बटन का नाम बदलें<b> सबमिट करें</b>.</li>\n</ol>"
    },
    "navigationBar": {
      "left": {
        "text": " पिछला"
      },
      "right": {
        "text": " अगला"
      }
    }
  },
  "Card.VoltMX.CreateEmailIdCompV9.createCont6": {
    "content": {
      "title": " बटन विजेट डिज़ाइन करें",
      "body": "<ol>\n<li> आइरिस के ऊपरी-दाएँ कोने से, में<strong> गुण</strong> पैनल, क्लिक करें<strong> देखो</strong>.</li>\n<li> के तहत<strong> सूरत:</strong> अनुभाग, निम्नलिखित संपत्ति के मूल्य को संशोधित करें:<ul>\n<li> टेक्स्ट:<strong> सबमिट करें</strong></li>\n</ul>\n</li>\n<li> के तहत<strong> फ्लेक्स</strong> अनुभाग, निम्न गुणों के मानों को संशोधित करें:<br />\n<ul>\n<li> शीर्ष:<strong> 60%</strong></li>\n<li> चौड़ाई:<strong> 300 डीपी</strong></li>\n<li> केंद्र X:<strong> 50%</strong></li>\n</ul>\n</li>\n</ol>"
    },
    "navigationBar": {
      "left": {
        "text": " पिछला"
      },
      "right": {
        "text": " अगला"
      }
    }
  },
  "Card.VoltMX.CreateEmailIdCompV9.customProp": {
    "content": {
      "title": " घटक में कस्टम गुण जोड़ें",
      "body": "<ol>\n<li> आइरिस के ऊपरी-बाएँ कोने से, में<b> टेम्पलेट्स</b> एक्सप्लोरर, विस्तृत करें<b> अवयव</b> और चुनें<b> userEntry.emailफ़ील्ड</b> घटक।</li>\n<li> आइरिस के ऊपरी-दाएँ कोने से, में<b> गुण</b> पैनल, पर जाएं<b> घटक</b> टैब, और क्लिक करें<b> गुण प्रबंधित करें</b>.</li>\n<li> से<b> गुण प्रबंधित करें</b> विंडो, चुनें<b> कस्टम</b> टैब, और जोड़ें आइकन पर क्लिक करें<img src=\"https://i.ibb.co/m0gc2rs/add-icon.png\" alt=\" आइकन जोड़ें\" width=\"13\"\n         height=\"13\">.\n <li> निम्नलिखित गुणों के मूल्यों को संशोधित करें:</br>\n<ul><li> संपत्ति का नाम:<b> न्यूनतम चार लंबाई</b></li>\n<li> प्रदर्शन नाम:<b> न्यूनतम वर्ण लंबाई</b></li>\n<li> संपत्ति का प्रकार:<b> पूर्णांक</b></li>\n<li> डिफ़ॉल्ट मान:<b>3</b></li>\n<li> समूह:<b> सामान्य</b></li>\n<li> पढ़ें / लिखें:<b> लिखें</b></li></ul></li> \n<li> क्लिक करें<b> लागू करें</b>. </li>\n</ol>"
    },
    "navigationBar": {
      "left": {
        "text": " पिछला"
      },
      "right": {
        "text": " अगला"
      }
    }
  },
  "Card.VoltMX.CreateEmailIdCompV9.done": {
    "content": {
      "title": " बधाई",
      "body": " आपने सफलतापूर्वक:<ul><li><b> एक ईमेल आईडी घटक बनाया गया</b></li>\n<li><b> हमसे संपर्क करें फ़ॉर्म में घटक डाला</b></li>\n<li><b> परिवर्तित घटक गुण और देखें कि यह प्रपत्र में कैसा दिखाई देता है</b></li><br/>\n\n<p> वोल्ट एमएक्स आईरिस के साथ आप क्या कर सकते हैं, इसके बारे में अधिक जानने के लिए, यहां जाएं<a href='#'onClick='javascript:openURL(\"https://support.hcltechsw.com/\")'> बेस कैंप</a>.</p>"
    },
    "navigationBar": {
      "left": {
        "text": " पिछला"
      },
      "right": {
        "text": " हो गया"
      }
    }
  },
  "Card.VoltMX.CreateEmailIdCompV9.explore": {
    "content": {
      "title": " ऐप का अन्वेषण करें",
      "body": "<p> अब आप अपने ऐप पर देख सकेंगे<strong> मोबाइल</strong> डिवाइस।</p>\n<ol>\n<li> प्लेसहोल्डर के साथ टेक्स्टबॉक्स में अपना उपयोगकर्ता नाम और वैध ईमेल पता दर्ज करें:<strong> ईमेल आईडी</strong>.</li>\n<li> क्लिक करें<strong> सबमिट करें</strong>.</li>\n<li> अब प्लेसहोल्डर के साथ टेक्स्टबॉक्स में एक अमान्य ईमेल पता दर्ज करें:<strong> ईमेल आईडी</strong>.<br/> संदेश<strong> अमान्य ईमेल आईडी</strong> प्रकट होता है।</li>\n</ol>"
    },
    "navigationBar": {
      "left": {
        "text": " पिछला"
      },
      "right": {
        "text": " अगला"
      }
    }
  },
  "Card.VoltMX.CreateEmailIdCompV9.Insert": {
    "content": {
      "title": " संपर्क फ़ॉर्म में घटक डालें",
      "body": "<ol>\n<li> आइरिस के ऊपरी-बाएँ कोने से, में<strong> परियोजना</strong> एक्सप्लोरर, विस्तृत करें<strong> मोबाइल</strong> &gt;<strong> प्रपत्र</strong> और चुनें<strong> संपर्क करें</strong> फॉर्म।</li>\n<li> पर जाएँ<strong> टेम्पलेट्स</strong> एक्सप्लोरर और विस्तार<strong> अवयव</strong> &gt;<strong> userEntry.emailफ़ील्ड</strong>.</li>\n<li> पर राइट-क्लिक करें<strong> userEntry.emailफ़ील्ड</strong> घटक और चयन करें<strong> इसमें डालें</strong>.</li>\n</ol>\n<p> घटक अब इसमें जोड़ा गया है<strong> संपर्क करें</strong> फॉर्म।</p>"
    },
    "navigationBar": {
      "left": {
        "text": " पिछला"
      },
      "right": {
        "text": " अगला"
      }
    }
  },
  "Card.VoltMX.CreateEmailIdCompV9.Intro": {
    "content": {
      "title": " घटकों का परिचय",
      "body": "<b> चलिए शुरू करते हैं!</b><br/><br/> इस निर्देशित दौरे में, आप<br/>\n<ul><li> एक बनाएँ<b> ईमेल आईडी</b> घटक</li><li> घटक को इसमें जोड़ें<b> हमसे संपर्क करें</b> फॉर्म</li>\n<li> घटक गुणों को संशोधित करें और देखें कि परिवर्तन कैसे दिखाई देते हैं<b> हमसे संपर्क करें</b> फॉर्म</li></ul><br/>\n<b> जब आप तैयार हों, तो स्टार्ट पर क्लिक करें!</b>"
    },
    "navigationBar": {
      "left": {
        "text": " पिछला"
      },
      "right": {
        "text": " प्रारंभ"
      }
    }
  },
  "Card.VoltMX.CreateEmailIdCompV9.link2": {
    "content": {
      "title": " iPhone के लिए टेक्स्टबॉक्स विजेट में क्रिया जोड़ें",
      "body": "<ol>\n<li> आइरिस के ऊपरी-दाएँ कोने से, में<strong> गुण</strong> पैनल, क्लिक करें<strong> क्रिया</strong>। के अंतर्गत<strong> आईफोन</strong> , क्लिक करें<strong> संपादित करें</strong> के लिए<strong> अंत संपादन पर</strong> घटना।<br /> The<strong> एक्शन एडिटर</strong> विंडो प्रकट होती है।</li>\n<li> से<strong> एक्शन एडिटर</strong> बायां मेनू, नीचे<strong> समारोह:</strong> , चुनें<strong> फ़ंक्शन को आमंत्रित करें</strong>.</li>\n<li> के दाएँ फलक से<strong> एक्शन एडिटर</strong> , के तहत<strong> समारोह का नाम</strong> , का चयन करें<strong> onTextEdit</strong> फ़ंक्शन।</li>\n<li> क्लिक करें<strong> सहेजें</strong>.</li>\n</ol>"
    },
    "navigationBar": {
      "left": {
        "text": " पिछला"
      },
      "right": {
        "text": " अगला"
      }
    }
  },
  "Card.VoltMX.CreateEmailIdCompV9.linkCodetoWidgets": {
    "content": {
      "title": " टेक्स्टबॉक्स विजेट में क्रिया जोड़ें",
      "body": "<ol>\n<li> आइरिस के ऊपरी-बाएँ कोने से, में<strong> टेम्पलेट्स</strong> एक्सप्लोरर, विस्तृत करें<strong> अवयव</strong> &gt;<strong> userEntry.emailफ़ील्ड</strong> &gt;<strong> ईमेलफ़ील्ड</strong> और चुनें<strong> txtEmailID</strong> टेक्स्टबॉक्स।</li>\n<li> आइरिस के ऊपरी-दाएँ कोने से, में<strong> गुण</strong> पैनल, क्लिक करें<strong> क्रिया</strong> , फिर क्लिक करें<strong> संपादित करें</strong> के लिए<strong> ऑन हो गया</strong> घटना।<br /> The<strong> एक्शन एडिटर</strong> विंडो प्रकट होती है।</li>\n<li> से<strong> एक्शन एडिटर</strong> बायां मेनू, नीचे<strong> समारोह:</strong> , चुनें<strong> फ़ंक्शन को आमंत्रित करें</strong>.</li>\n<li> के दाएँ फलक से<strong> एक्शन एडिटर</strong> , के तहत<strong> समारोह का नाम</strong> , का चयन करें<strong> onTextEdit</strong> फ़ंक्शन।</li>\n<li> क्लिक करें<strong> सहेजें</strong>.</li>\n</ol>"
    },
    "navigationBar": {
      "left": {
        "text": " पिछला"
      },
      "right": {
        "text": " अगला"
      }
    }
  },
  "Card.VoltMX.CreateEmailIdCompV9.modifyComp": {
    "content": {
      "title": " घटक में प्लेसहोल्डर जोड़ें",
      "body": "<ol>\n<li> आइरिस के ऊपरी-बाएँ कोने से, में<strong> टेम्पलेट्स</strong> एक्सप्लोरर, विस्तृत करें<strong> अवयव</strong> और घटक का चयन करें<strong> userEntry.emailफ़ील्ड</strong>.</li>\n<li> आइरिस के ऊपरी-दाएँ कोने से, में<strong> गुण</strong> पैनल, क्लिक करें<strong> घटक</strong> टैब।</li>\n<li> प्लेसहोल्डर मान को संशोधित करें<strong> ईमेल आईडी</strong>.</li>\n</ol>\n<p> आप देखेंगे कि प्लेसहोल्डर मान अब संशोधित किया गया है<strong> संपर्क करें</strong> फॉर्म भी।</p>"
    },
    "navigationBar": {
      "left": {
        "text": " पिछला"
      },
      "right": {
        "text": " अगला"
      }
    }
  },
  "Card.VoltMX.CreateEmailIdCompV9.NewProject1": {
    "content": {
      "title": " एक नया प्रोजेक्ट बनाएं",
      "body": "<ol>\n<li> नेविगेट करें<strong> परियोजना</strong> &gt;<strong> नई परियोजना</strong> एक नया प्रोजेक्ट बनाने के लिए।</li>\n<li> में<strong> आप अभी क्या शुरू करना चाहते हैं?</strong> विंडो, चुनें<strong> मूल ऐप</strong>.</li>\n<li> क्लिक करें<strong> अगला</strong>.<br/> The<b> आपने एक नेटिव ऐप से शुरुआत की</b> विंडो खुलती है।</li>\n</ol>"
    },
    "navigationBar": {
      "left": {
        "text": " पिछला"
      },
      "right": {
        "text": " अगला"
      }
    }
  },
  "Card.VoltMX.CreateEmailIdCompV9.NewProject2": {
    "content": {
      "title": " एक नया प्रोजेक्ट बनाएं",
      "body": "<ol>\n<li> अंडर<strong> परियोजना का नाम</strong> , दर्ज करें<strong> CreateComponent</strong>.</li>\n<li> क्लिक करें<strong> बनाएँ</strong>.<br /> एक फ्लेक्स फॉर्म के साथ एक नया एप्लिकेशन बनाया गया है।<br /> आवेदन में खुलता है<strong> स्टोरीबोर्ड</strong> देखें।</li>\n</ol>"
    },
    "navigationBar": {
      "left": {
        "text": " पिछला"
      },
      "right": {
        "text": " अगला"
      }
    }
  },
  "Card.VoltMX.CreateEmailIdCompV9.passThroughEvent": {
    "content": {
      "title": " घटकों के लिए घटनाओं के माध्यम से पास जोड़ें",
      "body": "<ol>\n<li> आइरिस के ऊपरी-बाएँ कोने से, में<strong> टेम्पलेट्स</strong> एक्सप्लोरर, विस्तृत करें<strong> अवयव</strong> &gt;<strong> userEntry.emailफ़ील्ड</strong> और चुनें<strong> txtEmailID</strong> टेक्स्टबॉक्स।</li>\n<li> आइरिस के ऊपरी-दाएँ कोने से, में<strong> गुण</strong> पैनल, क्लिक करें<strong> क्रिया</strong>.</li>\n<li> पर राइट-क्लिक करें<strong> onTouchEnd</strong> ईवेंट, और चुनें<strong> घटक में ईवेंट जोड़ें</strong>.</li>\n</ol>"
    },
    "navigationBar": {
      "left": {
        "text": " पिछला"
      },
      "right": {
        "text": " अगला"
      }
    }
  },
  "Card.VoltMX.CreateEmailIdCompV9.PassThruProp": {
    "content": {
      "title": " कंपोनेंट में पास थ्रू प्रॉपर्टीज जोड़ें",
      "body": "<ol>\n<li> आइरिस के ऊपरी-बाएँ कोने से, में<b> टेम्पलेट्स</b> एक्सप्लोरर, विस्तृत करें<b> अवयव</b> > <b> userEntry.emailफ़ील्ड</b> और चुनें<b> txtEmailID</b> टेक्स्ट बॉक्स।</li> \n<li> आइरिस के ऊपरी-दाएँ कोने से, में<b> गुण</b> पैनल, क्लिक करें<b> टेक्स्ट बॉक्स</b>. </li>\n<li> के तहत<b> सामान्य</b> अनुभाग, निम्नलिखित गुणों पर राइट-क्लिक करें और चुनें<b> घटक में संपत्ति जोड़ें</b>.\n<ul><li> <b> अधिकतम वर्ण</b></li>\n<li><b> प्लेसहोल्डर</b></li></ul></li>\n</ol>"
    },
    "navigationBar": {
      "left": {
        "text": " पिछला"
      },
      "right": {
        "text": " अगला"
      }
    }
  },
  "Card.VoltMX.CreateEmailIdCompV9.preview": {
    "content": {
      "title": " ऐप देखें",
      "body": "<ol>\n<li> अपना कनेक्ट करें<b> मोबाइल</b> USB केबल का उपयोग करके आपके कंप्यूटर पर डिवाइस।<br/> Android के लिए<b> मोबाइल</b> डिवाइस, सुनिश्चित करें कि यूएसबी का उपयोग है<b> फ़ाइलें स्थानांतरित करें</b>.<br/> आईओएस के लिए<b> मोबाइल</b> डिवाइस, सुनिश्चित करें कि ए<b> विश्वास</b> आपके डिवाइस और आपके कंप्यूटर के बीच स्थापित किया गया है।<li> लॉन्च करें<b> वोल्ट एमएक्स ऐप</b> अपने पर<b> मोबाइल</b> डिवाइस।</li>\n<li> चुनें<b> यूएसबी</b> टैब।</li>\n<li> सफल कनेक्शन पर, आपके कंप्यूटर पर आईरिस एक सफलता संकेत दिखाता है।</li>\n<li> ऐप का नाम दर्ज करें<b> CreateComponent</b> और क्लिक करें<b> लॉन्च</b>.</li>\n</ol>"
    },
    "navigationBar": {
      "left": {
        "text": " पिछला"
      },
      "right": {
        "text": " अगला"
      }
    }
  },
  "Card.VoltMX.CreateEmailIdCompV9.rename": {
    "content": {
      "title": " UI बनाएं",
      "body": "<ol>\n<li> में<strong> स्टोरीबोर्ड</strong> देखें, नए फॉर्म के ऊपर, क्लिक करें<strong> फॉर्म1</strong>.</li>\n<li> फॉर्म का नाम बदलें<strong> संपर्क करें</strong>.</li>\n<li> प्रपत्र में विजेट जोड़ने के लिए, प्रपत्र को खोलने के लिए प्रपत्र पर डबल-क्लिक करें<strong> डिज़ाइन</strong> देखें।</li>\n<li> आइरिस के निचले-बाएँ कोने से, पर जाएँ<strong> डिफ़ॉल्ट लाइब्रेरी</strong> और सर्च आइकन पर क्लिक करें<img src=\"https://i.ibb.co/gmMPVjC/search-Icon.png\" alt=\" खोज आइकन\" width=\"13\" height=\"13\" />। सर्च बार में एंटर करें<strong> लेबल</strong>.</li>\n<li> परिणामों में से, चुनें<strong> लेबल</strong> विजेट को ड्रैग और ड्रॉप करें<strong> संपर्क करें</strong> कैनवास पर प्रपत्र।</li>\n</ol>"
    },
    "navigationBar": {
      "left": {
        "text": " पिछला"
      },
      "right": {
        "text": " अगला"
      }
    }
  }
}