{
  "Tour.CreateEmailIdComponentV9": {
    "description": "旅遊描述"
  },
  "Hike.VoltMX.CreateEmailIdCompV9": {
    "description": "徒步說明"
  },
  "Card.VoltMX.CreateEmailIdCompV9.addActionBtn": {
    "content": {
      "title": "向聯繫人中的按鈕添加操作",
      "body": "<ol>\n<li>從虹膜的左上角，在<b>項目</b>資源管理器，展開<b>手機</b> > <b>表格</b> > <b>聯繫方式</b>並選擇<b>提交</b>按鈕。</li>\n<li>從 Iris 的右上角，在<b>屬性</b>面板，點擊<b>行動</b>.</li>\n<li>對於<b>點擊</b>事件，點擊<b>編輯</b>.<br/><b>動作編輯器</b>窗口出現。</li>\n</ol>"
    },
    "navigationBar": {
      "left": {
        "text": "上一個"
      },
      "right": {
        "text": "下一個"
      }
    }
  },
  "Card.VoltMX.CreateEmailIdCompV9.addAlert": {
    "content": {
      "title": "添加警報",
      "body": "<ol>\n<li>來自<strong>動作編輯器</strong>左側菜單，下<strong>客戶端</strong>，選擇<strong>顯示警報</strong>.</li>\n<li>在右側窗格中輸入以下詳細信息：<br />\n<ul>\n<li>警報類型：<strong>信息</strong></li>\n<li>警報標題：<strong> 您的郵箱已添加！</strong></li>\n<li>是標籤：<strong>好的</strong></li>\n<li>警報消息：<strong> 郵箱已驗證並添加</strong>.</li>\n</ul>\n</li>\n<li>點擊<strong>保存</strong>.</li>\n</ol>"
    },
    "navigationBar": {
      "left": {
        "text": "上一個"
      },
      "right": {
        "text": "下一個"
      }
    }
  },
  "Card.VoltMX.CreateEmailIdCompV9.addCustom": {
    "content": {
      "title": "向組件添加自定義事件",
      "body": "<ol>\n<li>從虹膜的左上角，在<b>模板</b>資源管理器，展開<b>組件</b>然後選擇<b>userEntry.emailField</b>. </li>\n<li>從 Iris 的右上角，在<b>屬性</b>面板，點擊<b>行動</b> ，然後，單擊<b>管理事件</b>.</li>\n<li>來自<b>管理事件</b>窗口，選擇<b>自定義</b> 選項卡，然後單擊添加圖標<img src=\"https://i.ibb.co/m0gc2rs/add-icon.png\" alt=\"添加圖標\" width=\"13\"\n         height=\"13\">. </li>\n<li>下<b>引發的事件</b>，輸入<b>onValidationSuccess</b>.</li>\n<li>點擊添加圖標<img src=\"https://i.ibb.co/m0gc2rs/add-icon.png\" alt=\"添加圖標\" width=\"13\"\n         height=\"13\">再次。在下面<b>引發的事件</b>，輸入<b>onValidationFailed</b>. </li>\n<li>點擊<b>申請</b>.</li>\n</ol>"
    },
    "navigationBar": {
      "left": {
        "text": "上一個"
      },
      "right": {
        "text": "下一個"
      }
    }
  },
  "Card.VoltMX.CreateEmailIdCompV9.build": {
    "content": {
      "title": "構建應用程序",
      "body": "<ol>\n<li>從主菜單，轉到<b>構建</b>並選擇<b>實時預覽設置</b>.</li>\n<li>在<b>實時預覽設置</b>窗下<b>本地</b> , 選擇操作系統旁邊的複選框<b>手機</b>您要在其上查看應用程序的設備。<br/>例如：<b>iOS</b>和<b>安卓</b><br/>確保您已取消選中所有其他平台和頻道的複選框。<li>點擊<b>保存並運行</b>.<br/> Iris 可能需要一些時間才能顯示<b>實時預覽已準備就緒</b>窗口。"
    },
    "navigationBar": {
      "left": {
        "text": "上一個"
      },
      "right": {
        "text": "下一個"
      }
    }
  },
  "Card.VoltMX.CreateEmailIdCompV9.code": {
    "content": {
      "title": "輸入代碼",
      "body": "<ol>\n<li>從<a href='#'onClick='javascript:openURL(\"https://github.com/HCL-TECH-SOFTWARE/volt-mx-tutorials/raw/master/public/samples/createComponent.zip\")'>這裡</a>.</li>\n<li>從虹膜的左上角，在<strong>模板</strong>資源管理器下<strong>模塊</strong>，打開<strong>emailFieldController.js</strong>文件。</li>\n<li>打開並解壓縮下載的 zip 文件並從中復制代碼。</li><li>替換現有代碼<strong>emailFieldController.js</strong>帶有復制代碼的文件。</li>\n<li>從主菜單，轉到<strong>項目</strong> ，然後選擇<strong>保存</strong>.</li>\n</ol>"
    },
    "navigationBar": {
      "left": {
        "text": "上一個"
      },
      "right": {
        "text": "下一個"
      }
    }
  },
  "Card.VoltMX.CreateEmailIdCompV9.ComponentUI1": {
    "content": {
      "title": "創建一個組件",
      "body": "<ol>\n<li>從 Iris 的左上角，轉到<b>模板</b>資源管理器。</li>\n<li>右鍵單擊<b>組件</b>然後選擇<b>新</b> > <b>有合同</b>. </li>\n<li>輸入以下詳細信息：<br/>\n<ul><li>命名空間：<b>userEntry</b></li><li>姓名：<b>emailField</b></li></ul></li>\n<li>點擊<b>好的</b>. </li>\n<li>一個<b>emailField</b>默認情況下創建彈性容器。來自<b>模板</b>資源管理器，展開<b>組件</b> > <b>userEntry.emailField</b>並選擇<b>emailField</b>彈性容器。</li>\n<li>來自<b>屬性</b>面板，點擊<b>看</b>.</li><li> 在<b>彈性</b> 部分，修改以下屬性的值：<br/>\n<ul><li>頂部：<b>190 Dp</b></li>\n<li>身高：<b>30%</b></li>\n<li>寬度：<b>100%</b></li></ul></li>\n</ol>"
    },
    "navigationBar": {
      "left": {
        "text": "上一個"
      },
      "right": {
        "text": "下一個"
      }
    }
  },
  "Card.VoltMX.CreateEmailIdCompV9.ComponentUI2": {
    "content": {
      "title": "添加文本框小部件",
      "body": "<ol>\n<li>從 Iris 的左下角，轉到<b>默認庫</b>然後點擊搜索圖標<img src=\"https://i.ibb.co/gmMPVjC/search-Icon.png\" alt=\"搜索圖標\" width=\"14\"\nheight=\"14\"></li><li>在搜索欄中，清除任何以前的文本並輸入<b>文本框</b>. </li>\n<li>從結果中，選擇<b>文本框</b> ，將小部件拖放到<b>emailField</b>畫布中的彈性容器。</li>\n<li>右鍵單擊新文本框小部件並重命名文本框<b>txtEmailID</b>.</li>\n</ol>"
    },
    "navigationBar": {
      "left": {
        "text": "上一個"
      },
      "right": {
        "text": "下一個"
      }
    }
  },
  "Card.VoltMX.CreateEmailIdCompV9.COmponentUI3": {
    "content": {
      "title": "設計文本框小部件",
      "body": "<ol><li>從 Iris 的右上角，在<b>屬性</b>面板，點擊<b>看</b>.</li>\n<li> 在<b>彈性</b> 部分，修改以下屬性的值：<ul><li>頂部：<b>30%</b></li>\n<li>寬度：<b>300 Dp</b></li>\n<li>身高：<b>40 Dp</b></li>\n<li>中心X：<b>50%</b></li></ul></li></ol>"
    },
    "navigationBar": {
      "left": {
        "text": "上一個"
      },
      "right": {
        "text": "下一個"
      }
    }
  },
  "Card.VoltMX.CreateEmailIdCompV9.componentUI4": {
    "content": {
      "title": "添加標籤小部件",
      "body": "<ol>\n<li>來自<strong>模板</strong>資源管理器，導航到<strong>組件</strong>&gt;<strong>userEntry.emailField</strong>並選擇<strong>emailField</strong>.</li>\n<li>從 Iris 的左下角，轉到<strong>默認庫</strong>然後點擊搜索圖標<img src=\"https://i.ibb.co/gmMPVjC/search-Icon.png\" alt=\"搜索圖標\" width=\"13\" height=\"13\" />.</li>\n<li>在搜索欄中，清除任何以前的文本並輸入<strong>標籤</strong>.</li>\n<li>從結果中，選擇<strong>標籤</strong> ，將小部件拖放到<strong>emailField</strong>畫布中的彈性容器。</li>\n<li>來自<strong>項目</strong>資源管理器，右鍵單擊新標籤小部件並重命名標籤<strong>底部標籤</strong>.</li>\n</ol>"
    },
    "navigationBar": {
      "left": {
        "text": "上一個"
      },
      "right": {
        "text": "下一個"
      }
    }
  },
  "Card.VoltMX.CreateEmailIdCompV9.componentUI5": {
    "content": {
      "title": "設計標籤小部件",
      "body": "<ol><li>從 Iris 的右上角，在<b>屬性</b>面板，點擊<b>看</b>. </li><li> 在<b>一般</b>部分，用於<b>可見</b>屬性，選擇<b>關閉</b>.</li>\n<li> 在<b>外觀</b> 部分，修改以下屬性的值：<br/>\n<ul><li>文本：<b>電子郵件ID無效</b></li></ul></li>\n<li> 在<b>彈性</b> 部分，修改以下屬性的值：<ul><li>左：<b>10%</b></li>\n<li>頂部：<b>54%</b></li></ul></li>\n\n</ol>"
    },
    "navigationBar": {
      "left": {
        "text": "上一個"
      },
      "right": {
        "text": "下一個"
      }
    }
  },
  "Card.VoltMX.CreateEmailIdCompV9.createCont1": {
    "content": {
      "title": "設計標籤小部件",
      "body": "<ol>\n<li>來自<strong>屬性</strong>面板，點擊<strong>看</strong>.</li>\n<li> 在<strong>外觀</strong> 部分，修改以下屬性的值：<ul>\n<li>對於<strong>內容對齊</strong>屬性，選擇<strong>中心</strong>和<strong>中</strong></li>\n<li>對於<strong>文本</strong> 屬性，在文本框中輸入<strong> 聯繫我們</strong></li>\n</ul>\n</li>\n<li> 在<strong>彈性</strong> 部分，修改以下屬性的值：<br />\n<ul>\n<li>左：<strong>0 Dp</strong></li>\n<li>頂部：<strong>0 Dp</strong></li>\n<li>寬度：<strong>100%</strong></li>\n</ul>\n</li>\n</ol>"
    },
    "navigationBar": {
      "left": {
        "text": "上一個"
      },
      "right": {
        "text": "下一個"
      }
    }
  },
  "Card.VoltMX.CreateEmailIdCompV9.createCont2": {
    "content": {
      "title": "設計標籤小部件",
      "body": "<ol><li>在<b>屬性</b>面板，點擊<b>皮膚</b>.</li>\n<li> 在<b>背景</b> 部分，修改以下屬性的值：<br/>\n<ul><li>對於<b>類型</b>屬性，選擇<b>單色</b></li>\n<li>對於<b>顏色</b> 屬性，點擊旁邊的方塊修改<b>#</b>值<b>51b4ed</b></li>\n<li>對於<b>不透明度</b> 屬性，在文本框中輸入<b>100</b></li></ul></li>\n</ol>"
    },
    "navigationBar": {
      "left": {
        "text": "上一個"
      },
      "right": {
        "text": "下一個"
      }
    }
  },
  "Card.VoltMX.CreateEmailIdCompV9.createCont3": {
    "content": {
      "title": "添加文本框小部件",
      "body": "<ol>\n<li>從 Iris 的左下角，轉到<b>默認庫</b>然後點擊搜索圖標<img src=\"https://i.ibb.co/gmMPVjC/search-Icon.png\" alt=\"搜索圖標\" width=\"13\"\nheight=\"13\"> \n . </li><li>在搜索欄中，清除任何以前的文本並輸入<b>文本框</b>.</li>\n<li>從結果中，選擇<b>文本框</b>. </li><li>將小部件拖放到<b>聯繫方式</b>在畫布中形成。</li> \n<li>來自<b>項目</b>資源管理器，右鍵單擊新的文本框小部件並重命名<b>txtName</b>.</li>\n</ol>"
    },
    "navigationBar": {
      "left": {
        "text": "上一個"
      },
      "right": {
        "text": "下一個"
      }
    }
  },
  "Card.VoltMX.CreateEmailIdCompV9.createCont4": {
    "content": {
      "title": "設計文本框小部件",
      "body": "<ol>\n<li>從 Iris 的右上角，在<b>屬性</b>面板，點擊<b>看</b>.</li> \n <li> 在<b>彈性</b> 部分，修改以下屬性的值：<br/>\n<ul><li>頂部：<b>20%</b></li>\n<li>寬度：<b>300 Dp</b></li>\n<li>中心X：<b>50%</b></li></ul></li>\n</ol>"
    },
    "navigationBar": {
      "left": {
        "text": "上一個"
      },
      "right": {
        "text": "下一個"
      }
    }
  },
  "Card.VoltMX.CreateEmailIdCompV9.createCont5": {
    "content": {
      "title": "添加按鈕小部件",
      "body": "<ol>\n<li>從 Iris 的左下角，轉到<b>默認庫</b> ，並從搜索欄中清除上一個。</li>\n<li>拖放<b>按鈕</b>小部件到<b>聯繫方式</b>在畫布中形成。</li>\n<li>來自<b>項目</b>資源管理器，右鍵單擊新按鈕小部件，並重命名按鈕<b>提交</b>.</li>\n</ol>"
    },
    "navigationBar": {
      "left": {
        "text": "上一個"
      },
      "right": {
        "text": "下一個"
      }
    }
  },
  "Card.VoltMX.CreateEmailIdCompV9.createCont6": {
    "content": {
      "title": "設計按鈕小部件",
      "body": "<ol>\n<li>從 Iris 的右上角，在<strong>屬性</strong>面板，點擊<strong>看</strong>.</li>\n<li> 在<strong>外觀</strong> 部分，修改以下屬性的值：<ul>\n<li>文本：<strong>提交</strong></li>\n</ul>\n</li>\n<li> 在<strong>彈性</strong> 部分，修改以下屬性的值：<br />\n<ul>\n<li>頂部：<strong>60%</strong></li>\n<li>寬度：<strong>300 Dp</strong></li>\n<li>中心X：<strong>50%</strong></li>\n</ul>\n</li>\n</ol>"
    },
    "navigationBar": {
      "left": {
        "text": "上一個"
      },
      "right": {
        "text": "下一個"
      }
    }
  },
  "Card.VoltMX.CreateEmailIdCompV9.customProp": {
    "content": {
      "title": "向組件添加自定義屬性",
      "body": "<ol>\n<li>從虹膜的左上角，在<b>模板</b>資源管理器，展開<b>組件</b>並選擇<b>userEntry.emailField</b>組件。</li>\n<li>從 Iris 的右上角，在<b>屬性</b>面板，轉到<b>組件</b>選項卡，然後單擊<b>管理屬性</b>.</li>\n<li>來自<b>管理屬性</b>窗口，選擇<b>自定義</b> 選項卡，然後單擊添加圖標<img src=\"https://i.ibb.co/m0gc2rs/add-icon.png\" alt=\"添加圖標\" width=\"13\"\n         height=\"13\">.\n <li>修改以下屬性的值：</br>\n<ul><li>屬性名稱：<b>minCharlength</b></li>\n<li>顯示名稱：<b>最小字符長度</b></li>\n<li>屬性類型：<b>整數</b></li>\n<li>默認值：<b>3</b></li>\n<li>組：<b>一般</b></li>\n<li>讀/寫：<b>寫</b></li></ul></li> \n<li>點擊<b>申請</b>. </li>\n</ol>"
    },
    "navigationBar": {
      "left": {
        "text": "上一個"
      },
      "right": {
        "text": "下一個"
      }
    }
  },
  "Card.VoltMX.CreateEmailIdCompV9.done": {
    "content": {
      "title": " 恭喜",
      "body": "您已成功：<ul><li><b>創建了一個 emailID 組件</b></li>\n<li><b>將組件插入“聯繫我們”表單中</b></li>\n<li><b>更改組件屬性並查看它在表單中的顯示方式</b></li><br/>\n\n<p>要了解有關 Volt MX Iris 的更多信息，請訪問<a href='#'onClick='javascript:openURL(\"https://support.hcltechsw.com/\")'>大本營</a>.</p>"
    },
    "navigationBar": {
      "left": {
        "text": "上一個"
      },
      "right": {
        "text": "完成"
      }
    }
  },
  "Card.VoltMX.CreateEmailIdCompV9.explore": {
    "content": {
      "title": "探索應用",
      "body": "<p>您現在可以在您的<strong>手機</strong>設備。</p>\n<ol>\n<li>在帶有佔位符的文本框中輸入您的用戶名和有效的電子郵件地址：<strong>電子郵件ID</strong>.</li>\n<li>點擊<strong>提交</strong>.</li>\n<li>現在在帶有佔位符的文本框中輸入無效的電子郵件地址：<strong>電子郵件ID</strong>.<br/>消息<strong>電子郵件ID無效</strong>出現。</li>\n</ol>"
    },
    "navigationBar": {
      "left": {
        "text": "上一個"
      },
      "right": {
        "text": "下一個"
      }
    }
  },
  "Card.VoltMX.CreateEmailIdCompV9.Insert": {
    "content": {
      "title": "將組件插入聯繫表格",
      "body": "<ol>\n<li>從虹膜的左上角，在<strong>項目</strong>資源管理器，展開<strong>手機</strong>&gt;<strong>表格</strong>並選擇<strong>聯繫方式</strong>表格。</li>\n<li>轉到<strong>模板</strong>資源管理器並展開<strong>組件</strong>&gt;<strong>userEntry.emailField</strong>.</li>\n<li>右鍵單擊<strong>userEntry.emailField</strong>組件並選擇<strong>插入</strong>.</li>\n</ol>\n<p>該組件現已添加到<strong>聯繫方式</strong>表格。</p>"
    },
    "navigationBar": {
      "left": {
        "text": "上一個"
      },
      "right": {
        "text": "下一個"
      }
    }
  },
  "Card.VoltMX.CreateEmailIdCompV9.Intro": {
    "content": {
      "title": "組件介紹",
      "body": "<b>讓我們開始吧！</b><br/><br/> 在這個導覽遊中，您將<br/>\n<ul><li>創建一個<b>電子郵件ID</b>組件</li><li>將組件添加到<b> 聯繫我們</b>表格</li>\n<li> 修改組件屬性，看看變化在<b> 聯繫我們</b>表格</li></ul><br/>\n<b>準備好後，單擊開始！</b>"
    },
    "navigationBar": {
      "left": {
        "text": "上一個"
      },
      "right": {
        "text": "開始"
      }
    }
  },
  "Card.VoltMX.CreateEmailIdCompV9.link2": {
    "content": {
      "title": "為 iPhone 的 TextBox 小部件添加操作",
      "body": "<ol>\n<li>從 Iris 的右上角，在<strong>屬性</strong>面板，點擊<strong>行動</strong>。在下面<strong> iPhone</strong>，點擊<strong>編輯</strong>對於<strong>onEndEditing</strong>事件。<br /><strong>動作編輯器</strong>窗口出現。</li>\n<li>來自<strong>動作編輯器</strong>左側菜單，下<strong>功能</strong>，選擇<strong>調用函數</strong>.</li>\n<li>從右側窗格<strong>動作編輯器</strong>，下<strong>函數名稱</strong>，選擇<strong>onTextEdit</strong>函數。</li>\n<li>點擊<strong>保存</strong>.</li>\n</ol>"
    },
    "navigationBar": {
      "left": {
        "text": "上一個"
      },
      "right": {
        "text": "下一個"
      }
    }
  },
  "Card.VoltMX.CreateEmailIdCompV9.linkCodetoWidgets": {
    "content": {
      "title": "向文本框小部件添加操作",
      "body": "<ol>\n<li>從虹膜的左上角，在<strong>模板</strong>資源管理器，展開<strong>組件</strong>&gt;<strong>userEntry.emailField</strong>&gt;<strong>emailField</strong>並選擇<strong>txtEmailID</strong>文本框。</li>\n<li>從 Iris 的右上角，在<strong>屬性</strong>面板，點擊<strong>行動</strong> ，然後點擊<strong>編輯</strong>對於<strong>完成</strong>事件。<br /><strong>動作編輯器</strong>窗口出現。</li>\n<li>來自<strong>動作編輯器</strong>左菜單，下<strong>功能</strong>，選擇<strong>調用函數</strong>.</li>\n<li>從右側窗格<strong>動作編輯器</strong>，下<strong>函數名稱</strong>，選擇<strong>onTextEdit</strong>函數。</li>\n<li>點擊<strong>保存</strong>.</li>\n</ol>"
    },
    "navigationBar": {
      "left": {
        "text": "上一個"
      },
      "right": {
        "text": "下一個"
      }
    }
  },
  "Card.VoltMX.CreateEmailIdCompV9.modifyComp": {
    "content": {
      "title": "向組件添加佔位符",
      "body": "<ol>\n<li>從虹膜的左上角，在<strong>模板</strong>資源管理器，展開<strong>組件</strong>並選擇組件<strong>userEntry.emailField</strong>.</li>\n<li>從 Iris 的右上角，在<strong>屬性</strong>面板，單擊<strong>組件</strong>選項卡。</li>\n<li>將佔位符值修改為<strong>電子郵件ID</strong>.</li>\n</ol>\n<p>您會注意到佔位符值現在在<strong>聯繫方式</strong>也有表格。</p>"
    },
    "navigationBar": {
      "left": {
        "text": "上一個"
      },
      "right": {
        "text": "下一個"
      }
    }
  },
  "Card.VoltMX.CreateEmailIdCompV9.NewProject1": {
    "content": {
      "title": "創建一個新項目",
      "body": "<ol>\n<li>導航到<strong>項目</strong>&gt;<strong>新項目</strong>創建一個新項目。</li>\n<li>在<strong> 你現在想從什麼開始？</strong>窗口，選擇<strong>本機應用程序</strong>.</li>\n<li>點擊<strong>下一個</strong>.<br/><b>您從本機應用程序開始</b>窗口打開。</li>\n</ol>"
    },
    "navigationBar": {
      "left": {
        "text": "上一個"
      },
      "right": {
        "text": "下一個"
      }
    }
  },
  "Card.VoltMX.CreateEmailIdCompV9.NewProject2": {
    "content": {
      "title": "創建一個新項目",
      "body": "<ol>\n<li>下<strong>項目名稱</strong>，輸入<strong>創建組件</strong>.</li>\n<li>點擊<strong>創建</strong>.<br />使用一個 flex 表單創建了一個新應用程序。<br />應用程序在<strong>故事板</strong>查看。</li>\n</ol>"
    },
    "navigationBar": {
      "left": {
        "text": "上一個"
      },
      "right": {
        "text": "下一個"
      }
    }
  },
  "Card.VoltMX.CreateEmailIdCompV9.passThroughEvent": {
    "content": {
      "title": "向組件添加傳遞事件",
      "body": "<ol>\n<li>從虹膜的左上角，在<strong>模板</strong>資源管理器，展開<strong>組件</strong>&gt;<strong>userEntry.emailField</strong>並選擇<strong>txtEmailID</strong>文本框。</li>\n<li>從 Iris 的右上角，在<strong>屬性</strong>面板，點擊<strong>行動</strong>.</li>\n<li>右鍵單擊<strong>onTouchEnd</strong>事件，然後選擇<strong>向組件添加事件</strong>.</li>\n</ol>"
    },
    "navigationBar": {
      "left": {
        "text": "上一個"
      },
      "right": {
        "text": "下一個"
      }
    }
  },
  "Card.VoltMX.CreateEmailIdCompV9.PassThruProp": {
    "content": {
      "title": "向組件添加傳遞屬性",
      "body": "<ol>\n<li>從虹膜的左上角，在<b>模板</b>資源管理器，展開<b>組件</b> > <b>userEntry.emailField</b>並選擇<b>txtEmailID</b>文本框。</li> \n<li>從 Iris 的右上角，在<b>屬性</b>面板，點擊<b>文本框</b>. </li>\n<li> 在<b>一般</b> 部分，右鍵單擊以下屬性並選擇<b>向組件添加屬性</b>.\n<ul><li> <b>最大字符數</b></li>\n<li><b>佔位符</b></li></ul></li>\n</ol>"
    },
    "navigationBar": {
      "left": {
        "text": "上一個"
      },
      "right": {
        "text": "下一個"
      }
    }
  },
  "Card.VoltMX.CreateEmailIdCompV9.preview": {
    "content": {
      "title": "查看應用",
      "body": "<ol>\n<li>連接您的<b>手機</b>使用 USB 電纜將設備連接到您的計算機。<br/>Android<b>手機</b>設備，確保使用USB<b>傳輸文件</b>.<br/>適用於iOS<b>手機</b>設備，確保一個<b>信任</b>已在您的設備和計算機之間建立。<li>啟動<b>Volt MX 應用程序</b>在你的<b>手機</b>設備。</li>\n<li>選擇<b>USB</b>選項卡。</li>\n<li> 連接成功後，電腦上的 Iris 會顯示成功提示。</li>\n<li>輸入應用名稱<b>創建組件</b>然後點擊<b>啟動</b>.</li>\n</ol>"
    },
    "navigationBar": {
      "left": {
        "text": "上一個"
      },
      "right": {
        "text": "下一個"
      }
    }
  },
  "Card.VoltMX.CreateEmailIdCompV9.rename": {
    "content": {
      "title": "創建用戶界面",
      "body": "<ol>\n<li>在<strong>故事板</strong>查看，在新表單上方，單擊<strong>Form1</strong>.</li>\n<li>重命名表單<strong>聯繫方式</strong>.</li>\n<li>要向表單添加小部件，請雙擊表單以在<strong>設計</strong>查看。</li>\n<li>從 Iris 的左下角，轉到<strong>默認庫</strong>然後點擊搜索圖標<img src=\"https://i.ibb.co/gmMPVjC/search-Icon.png\" alt=\"搜索圖標\" width=\"13\" height=\"13\" />。在搜索欄中，輸入<strong>標籤</strong>.</li>\n<li>從結果中，選擇<strong>標籤</strong> ，將小部件拖放到<strong>聯繫方式</strong>畫布上的表格。</li>\n</ol>"
    },
    "navigationBar": {
      "left": {
        "text": "上一個"
      },
      "right": {
        "text": "下一個"
      }
    }
  }
}