{
    "kuid": "d2e217te-b8a6-41rb-92ub-648e8bnb",
    "id": "VoltMX.EditPayeeMobile_v9.detMapping0",
    "content": {
        "title": "Mapping in Details Screen",
        "body": "<ol><li>From the <b>Action Editor</b> canvas, select the <b>Callback</b> node. </li>\n<li>From the left menu of the&nbsp;<strong>Action Editor</strong>, under the&nbsp;<strong>Condition&nbsp;</strong>section, select&nbsp;<strong>Else If</strong>.</li>\n<li>From the right pane, select the following values from the drop-down:\n<ul>\n<li>Widget Property:&nbsp;<strong>Navigated From</strong></li>\n<li>Selected Source:&nbsp;<strong>frmEditRecipient &gt; btnSquared &gt; onClick</strong></li>\n</ul>\n</li>\n</ol>"
    },
    "pointer": {
        "direction": "left",
        "element": {
            "module": "actioneditor",
            "itemType": "ae-action-type",
            "info": {
                "actionType": "Else If"
            }
        },
        "type": "default"
    },
    "navigationType": "manual",
    "navigationBar": {
        "left": {
            "text": "Previous",
            "enable": true,
            "hide": false
        },
        "right": {
            "text": "Next",
            "enable": true,
            "hide": false
        }
    },
    "navigationCondition": "",
    "position": "BOTTOM_LEFT",
    "meta": {
        "Creator": "Rashmi Menon",
        "CreatedOn": "Mon, 23 Mar 2020 11:33:26 GMT"
    },
    "context": []
}