{
    "kuid": "5046e7ta-bfac-41r0-88u5-8fdc19n5",
    "id": "VoltMX.AddCreateMob_v9.conf2",
    "content": {
        "title": "Adding a Snippet",
        "body": "<ol>\n<li>From the left menu of the <strong>Action Editor</strong>, under the <strong>Function</strong> section, select <strong>Add Snippet</strong>.</li>\n<li>In the right pane, provide the following code:<br /><span style=\"background-color: #999999;\"><strong>self.view.forceLayout();</strong></span></li>\n<li>From the <strong>Action Editor</strong> canvas, under <strong>INVOKE SERVICE</strong> node, select <strong>CALLBACK</strong>.</li>\n</ol>"
    },
    "pointer": {
        "direction": "left",
        "element": {
            "module": "actioneditor",
            "itemType": "ae-action-type",
            "info": {
                "actionType": "Add Snippet"
            }
        },
        "type": "default"
    },
    "navigationType": "manual",
    "navigationBar": {
        "left": {
            "text": "Previous",
            "enable": true,
            "hide": false
        },
        "right": {
            "text": "Next",
            "enable": true,
            "hide": false
        }
    },
    "navigationCondition": "",
    "position": "BOTTOM_LEFT",
    "meta": {
        "Creator": "Rashmi Menon",
        "CreatedOn": "Wed, 26 Feb 2020 05:30:36 GMT"
    },
    "context": []
}