{
  "Tour.ShareAndPreviewAppMobileV9": {
    "description": "旅遊描述"
  },
  "Hike.VoltMX.ShareAndPreviewAppMobileV9": {
    "description": "徒步說明"
  },
  "Card.VoltMX.ShareAndPreviewAppMobileV9.doneHike": {
    "content": {
      "title": " 恭喜",
      "body": "<p>你已經成功：</p>\n<ul>\n<li><strong>將應用發佈到雲端並創建應用查看器代碼</strong></li>\n<li><strong>使用應用查看器代碼在 Volt MX 應用上預覽應用</strong></li>\n</ul>\n<p>你可以<strong>分享</strong>Volt MX App Viewer 代碼與利益相關者一起進行進一步審查和協作。</p>"
    },
    "navigationBar": {
      "left": {
        "text": "上一個"
      },
      "right": {
        "text": "下一個"
      }
    }
  },
  "Card.VoltMX.ShareAndPreviewAppV9.done": {
    "content": {
      "title": " 恭喜",
      "body": "<p>你已經成功：</p>\n<ul>\n<li><strong>創建了一個帶有表單的應用程序並為每個表單添加了 UI 元素</strong></li>\n<li><strong>在表單之間添加導航</strong></li>\n<li><strong>向應用程序添加了身份驗證</strong></li>\n<li><strong>為您的應用程序創建和集成數據服務</strong></li>\n<li><b>為您的應用添加了 CRUD 功能</b></li></ol><br/>\n\n<p>要了解有關 Volt MX Iris 的更多信息，請訪問<a href='#'onClick='javascript:openURL(\"https://support.hcltechsw.com/\")'>大本營</a>.</p>"
    },
    "navigationBar": {
      "left": {
        "text": "上一個"
      },
      "right": {
        "text": "完成"
      }
    }
  },
  "Card.VoltMX.ShareAndPreviewAppV9.explore": {
    "content": {
      "title": "探索應用",
      "body": "<p>您現在可以在您的手機上查看該應用程序<strong>手機</strong>設備。</p>\n<ol>\n<li>在您的應用中輸入以下登錄憑據：<ul>\n<li>用戶名：<b>john.doe@woodburn.com</b></li>\n<li>密碼：&nbsp;<strong>VoltMX@123</strong></li>\n</ul>\n</li>\n<li>點擊<strong>登錄</strong>.&nbsp;<br /><strong>賬戶列表</strong>出現。</li>\n<li>點擊<strong>收件人</strong>.&nbsp;<br /><strong>收件人列表</strong>出現。</li>\n<li>點擊添加<strong> (+)</strong> ，將收件人添加到您的帳戶。</li>\n<li>從列表中選擇收件人以查看其詳細信息。<br />在詳細信息頁面，您可以編輯或刪除收件人。</li>\n<li>退出&nbsp;<strong>移動應用</strong> ，從左向右滑動兩根手指或搖動您的移動設備並單擊&nbsp;<strong>退出應用</strong>.</li>\n</ol>"
    },
    "navigationBar": {
      "left": {
        "text": "上一個"
      },
      "right": {
        "text": "下一個"
      }
    }
  },
  "Card.VoltMX.ShareAndPreviewAppV9.Intro": {
    "content": {
      "title": "在 Volt MX 應用程序中預覽",
      "body": "<p><strong>讓我們開始吧！</strong></p><br/>\n<p>在這次遠足中，您將學習如何在移動設備上預覽收件人應用程序。</p><br/>\n<p>在開始之前，請完成以下遠足：</p>\n<ol><b>\n<li><a class=\"tour-link\" tour=\"7408efte-e2aa-4cr8-a9ub-d7ba36n8\"> 進口 &amp;啟動本機應用程序</a></li>\n<li><a class=\"tour-link\" tour=\"a617eft5-7ca8-4ard-8eu8-94cdean5\">從集合創建用戶界面</a></li>\n<li><a class=\"tour-link\" tour=\"15d8c7t4-cda7-40rb-afu7-345cfcnc\">向應用程序添加身份驗證</a></li>\n<li><a class=\"tour-link\" tour=\"a7a762t5-3eac-44r5-8bu2-89b781n1\">為原生應用創建服務</a> </li>\n<li><a class=\"tour-link\" tour=\"fab6d8ta-91ac-4frc-8fud-14a9f7na\">將應用程序 UI 連接到本機應用程序中的數據</a></li>\n<li><a class=\"tour-link\" tour=\"9837bat6-6daf-4cr7-a3u9-8aea36n0\">創建收件人詳細信息和刪除功能</a></li><li><a class=\"tour-link\" tour=\"da2bbctf-3ba6-49rf-b2u9-b842dand\">添加創建收件人</a> </li>\n<li><a class=\"tour-link\" tour=\"af52eatb-e7a4-46r0-90u8-cfd0c4n6\">將編輯收件人添加到您的應用程序</a></li></b>\n</ol><br/>\n<p>確保您打開在之前的徒步旅行中創建的相同項目。</p>\n<p>要打開一個關閉的項目，從主菜單，導航到<strong>項目</strong>&gt;<strong>打開</strong>&gt;<strong>HCL 參考架構</strong>&gt;<b>RecipientsMobApp</b>.</p><br/>\n<p><strong>準備好後，單擊開始！</strong></p>"
    },
    "navigationBar": {
      "left": {
        "text": "上一個"
      },
      "right": {
        "text": "開始"
      }
    }
  },
  "Card.VoltMX.ShareAndPreviewAppV9.launch": {
    "content": {
      "title": "啟動應用程序",
      "body": "<ol>\n<li>來自<strong>實時預覽已準備就緒</strong>窗口，您有兩個選項可以查看應用程序：<ul>\n<li><strong>應用查看器代碼</strong></li>\n<li><strong>掃描二維碼</strong></li>\n</ul></li>\n\n<li>啟動<strong>Volt MX 應用程序</strong> 在你的<strong>手機</strong>設備。</li>\n<li>選擇<strong>雲</strong>選項卡。</li>\n<li>在<strong>5 位應用查看器代碼</strong>輸入框，輸入<strong>應用查看器代碼</strong>來自鳶尾花。</li>\n<li>或者，從<strong>Volt MX 應用程序</strong>在您的移動設備上，轉到<strong>雲</strong>選項卡並單擊<strong>掃描二維碼</strong>.</li>\n</ol>\n<p>允許相機訪問<strong>Volt MX 應用程序</strong>. <br />掃描<strong>二維碼</strong>顯示在 Iris 上以查看應用程序。</p>"
    },
    "navigationBar": {
      "left": {
        "text": "上一個"
      },
      "right": {
        "text": "下一個"
      }
    }
  },
  "Card.VoltMX.ShareAndPreviewAppV9.publish": {
    "content": {
      "title": "發布實時預覽",
      "body": "<ol>\n<li>從主菜單中，選擇<strong>構建</strong>.</li>\n<li>點擊<strong>發布實時預覽</strong>.<br /><strong>發布實時預覽</strong>窗口出現。</li>\n</ol>"
    },
    "navigationBar": {
      "left": {
        "text": "上一個"
      },
      "right": {
        "text": "下一個"
      }
    }
  },
  "Card.VoltMX.ShareAndPreviewAppV9.publish2": {
    "content": {
      "title": "發布應用",
      "body": "<ol>\n<li>來自<strong>發布實時預覽</strong>窗下<strong>手機</strong> ，選中操作系統旁邊的複選框<b>手機</b>您要在其上查看應用程序的設備。<br />例如：<strong>iOS</strong>和<strong>安卓</strong>.<br />確保您已取消選中所有其他平台和頻道的複選框。</li>\n<li>點擊<strong>發布</strong>.<br />應用發布後，<strong>實時預覽已準備就緒</strong>窗口出現。</li>\n</ol>"
    },
    "navigationBar": {
      "left": {
        "text": "上一個"
      },
      "right": {
        "text": "下一個"
      }
    }
  }
}