<?xml version="1.0"?>
<Hike kuid="ee19d2ta-06a0-40rf-aau5-4249edn1" id="kony.CreateEmailIdCompV9" title="kony.CreateEmailIdCompV9">
    <Description> Description of hike</Description>
    <Meta>
        <Creator>Rashmi Menon</Creator>
        <Createdon>Tue, 26 Nov 2019 05:39:20 GMT</Createdon>
    </Meta>
    <Hikecard id="kony.CreateEmailIdCompV9.Intro"/>
    <Hikecard id="kony.CreateEmailIdCompV9.NewProject1"/>
    <Hikecard id="kony.CreateEmailIdCompV9.NewProject2"/>
    <Hikecard id="kony.CreateEmailIdCompV9.rename"/>
    <Hikecard id="kony.CreateEmailIdCompV9.createCont1"/>
    <Hikecard id="kony.CreateEmailIdCompV9.createCont2"/>
    <Hikecard id="kony.CreateEmailIdCompV9.createCont3"/>
    <Hikecard id="kony.CreateEmailIdCompV9.createCont4"/>
    <Hikecard id="kony.CreateEmailIdCompV9.createCont5"/>
    <Hikecard id="kony.CreateEmailIdCompV9.createCont6"/>
    <Hikecard id="kony.CreateEmailIdCompV9.ComponentUI1"/>
    <Hikecard id="kony.CreateEmailIdCompV9.ComponentUI2"/>
    <Hikecard id="kony.CreateEmailIdCompV9.COmponentUI3"/>
    <Hikecard id="kony.CreateEmailIdCompV9.componentUI4"/>
    <Hikecard id="kony.CreateEmailIdCompV9.componentUI5"/>
    <Hikecard id="kony.CreateEmailIdCompV9.Insert"/>
    <Hikecard id="kony.CreateEmailIdCompV9.PassThruProp"/>
    <Hikecard id="kony.CreateEmailIdCompV9.customProp"/>
    <Hikecard id="kony.CreateEmailIdCompV9.passThroughEvent"/>
    <Hikecard id="kony.CreateEmailIdCompV9.addCustom"/>
    <Hikecard id="kony.CreateEmailIdCompV9.code"/>
    <Hikecard id="kony.CreateEmailIdCompV9.linkCodetoWidgets"/>
    <Hikecard id="kony.CreateEmailIdCompV9.link2"/>
    <Hikecard id="kony.CreateEmailIdCompV9.addActionBtn"/>
    <Hikecard id="kony.CreateEmailIdCompV9.addAlert"/>
    <Hikecard id="kony.CreateEmailIdCompV9.modifyComp"/>
    <Hikecard id="kony.CreateEmailIdCompV9.build"/>
    <Hikecard id="kony.CreateEmailIdCompV9.preview"/>
    <Hikecard id="kony.CreateEmailIdCompV9.explore"/>
    <Hikecard id="kony.CreateEmailIdCompV9.done"/>
</Hike>