{
    "kuid": "f778a8t7-c5a7-47r7-b8ub-de01f9n9",
    "id": "kony.FlexPropertiesV9.AddButton",
    "content": {
        "title": "Add Button to the Form",
        "body": "<ol>\n<li>From the <strong>Default Library</strong> tab on the bottom left of your canvas, search for the <strong>Button </strong>widget.</li>\n<li>Drag and drop the <strong>Button </strong>widget onto the <strong>frmFlex</strong> form on the canvas.</li>\n<li>Select the newly added <strong>Button </strong>widget from the <strong>Project</strong> explorer on the top left of your canvas.</li>\n<li>Right-click on the <strong>Button</strong> widget and rename <strong>btnLayout</strong>.</li>\n</ol>"
    },
    "pointer": {
        "direction": "left",
        "element": {
            "module": "konylibrary",
            "path": "default-body\\widgets\\default\\Button"
        },
        "type": "default"
    },
    "navigationType": "manual",
    "navigationBar": {
        "left": {
            "text": "Previous",
            "enable": true,
            "hide": false
        },
        "right": {
            "text": "Next",
            "enable": true,
            "hide": false
        }
    },
    "navigationCondition": "",
    "position": "BOTTOM_RIGHT",
    "meta": {
        "Creator": "Rashmi Menon",
        "CreatedOn": "Mon, 25 Nov 2019 08:41:14 GMT"
    },
    "context": []
}