{"Tour.FlexPropertiesV9":{"description":" Description of Tour"},"Hikes.kony.FlexPropertiesV9":{"description":" Description of hike"},"Cards.kony.FlexPropertiesV9.AddButton":{"content":{"title":"Add Button to the Form","body":"<ol>\n<li>From the <strong>Default Library</strong> tab on the bottom left of your canvas, search for the <strong>Button </strong>widget.</li>\n<li>Drag and drop the <strong>Button </strong>widget onto the <strong>frmFlex</strong> form on the canvas.</li>\n<li>Select the newly added <strong>Button </strong>widget from the <strong>Project</strong> explorer on the top left of your canvas.</li>\n<li>Right-click on the <strong>Button</strong> widget and rename <strong>btnLayout</strong>.</li>\n</ol>"},"navigationBar":{"left":{"text":"Previous"},"right":{"text":"Next"}}},"Cards.kony.FlexPropertiesV9.AppViewDone":{"content":{"title":"View the App","body":"<ol>\n<li>On your <b>Quantum App</b>, click <b>Launch</b>.<br />\nIf you are prompted to provide the application name, enter <b>FlexTutorial</b> and click <b>Launch</b>.</li><li>To <b>Exit</b> the preview, swipe two fingers from left to right or shake your mobile.</li>\n</ol>"},"navigationBar":{"left":{"text":"Previous"},"right":{"text":"Next"}}},"Cards.kony.FlexPropertiesV9.AppViewer":{"content":{"title":"Quantum App","body":"<ol>\n<li>Connect your <b>mobile</b> to your computer using a USB cable.<br />\nFor Android devices, make sure you use USB to <b>Transfer Files</b>.</li>\n<li>Launch the <b>Quantum App</b> on your <b>mobile</b>.</li>\n<li>Select the <b>USB</b> tab.</li>\n<li>On successful connection, <b>Visualizer</b> on your computer shows a success prompt.<br />\nAt the same time, the USB icon turns green on your <b>Quantum App</b>.</li>\n</ol>"},"navigationBar":{"left":{"text":"Previous"},"right":{"text":"Next"}}},"Cards.kony.FlexPropertiesV9.CenteringXY":{"content":{"title":"Aligning Widgets Across the X and Y Axis","body":"<ol>\n<li>From the <strong>Properties</strong> panel, exand <strong>Look</strong> &gt; <strong>Flex </strong>on the top right of your canvas.</li>\n<li>Set:\n<ul>\n<li><strong>Center X</strong> to <strong>50%</strong></li>\n<li><strong>Center Y</strong> to <strong>50%</strong></li>\n</ul>\nNotice that the widget has moved to the center of the form on the canvas.</li>\n</ol>"},"navigationBar":{"left":{"text":"Previous"},"right":{"text":"Next"}}},"Cards.kony.FlexPropertiesV9.ChBottom":{"content":{"title":"Layout Bottom Properties","body":"<ol>\n<li>From the <strong>Properties </strong>panel, expand <strong>Look </strong> &gt; <strong>Flex</strong> on the top right of your canvas.</li>\n<li>Change the <strong>Bottom</strong> property to <strong>0 DP</strong>.</li>\n<li>Blank out the <strong>Top</strong> property.</li>\n</ol>\n<p>Notice the button is now docked to the bottom of the screen on the canvas.</p>"},"navigationBar":{"left":{"text":"Previous"},"right":{"text":"Next"}}},"Cards.kony.FlexPropertiesV9.ChLeftRight":{"content":{"title":"Change Left and Right Properties","body":"<ol>\n<li>From the <strong>Properties</strong> panel, expand  &gt; <strong>Look</strong> &gt; <strong>Flex</strong> on the top right of your canvas.</li>\n<li>Change the <strong>Left</strong> property to <strong>30 DP</strong>.<br />Notice that the widget moves a little to the left of the canvas.</li>\n<li>Similarly, change the <strong>Right </strong>property to <strong>5 DP. <br /></strong>Blank out the <strong>Left</strong> property.<br />Notice that the widget moves to the right of the canvas.</li>\n</ol>"},"navigationBar":{"left":{"text":"Previous"},"right":{"text":"Next"}}},"Cards.kony.FlexPropertiesV9.ChTop":{"content":{"title":"Layout Top Properties","body":"<ol>\n<li>From the <strong>Project</strong> explorer expand <strong>Mobile</strong> &gt; <strong>Forms</strong> &gt; <strong>frmFlex</strong> and select <strong>btnLayout</strong>.</li>\n<li>Navigate to the <strong>Properties</strong> panel on the top right of your canvas and select the <strong>Look</strong> tab.</li>\n<li>Under the <strong>Flex</strong> section, set the <strong>Top</strong> property to <strong>0 Dp</strong>.</li>\n</ol>\n<p>Notice the button is now docked to the top of the screen on the canvas.</p>"},"navigationBar":{"left":{"text":"Previous"},"right":{"text":"Next"}}},"Cards.kony.FlexPropertiesV9.Done":{"content":{"title":"Congratulations","body":"<p>You have successfully changed the layout of the widgets in a  FlexContainer using its layout properties.</p>"},"navigationBar":{"left":{"text":"Previous"},"right":{"text":"Done"}}},"Cards.kony.FlexPropertiesV9.Intro":{"content":{"title":"Understanding Flex Layout Properties","body":"<p>Flex layout provides multiple properties for managing the layout of your app. <br ><br ></p>\n<p>This hike focuses on layout properties and the rules associated with them. Follow the steps in this hike to understand the layout properties.</p>"},"navigationBar":{"left":{"text":"Previous"},"right":{"text":"Start"}}},"Cards.kony.FlexPropertiesV9.livePreview":{"content":{"title":"Settings for Live Preview","body":"<ol><li>From the main menu, select <b>Build</b>.</li>\n<li>Click <b>Live Preview Settings</b>.</li>"},"navigationBar":{"left":{"text":"Previous"},"right":{"text":"Next"}}},"Cards.kony.FlexPropertiesV9.project":{"content":{"title":"Create a New Project","body":"<ol>\n<li>Navigate to <strong>Project</strong> &gt; <strong>New Project</strong>.</li>\n<li>From the <strong>What do you want to start with now? </strong>window, select <strong>Native App</strong>.</li>\n<li>Click <strong>Next</strong>.<br/>The <b>You started with a Native App</b> window opens. </li>\n</ol>"},"navigationBar":{"left":{"text":"Previous"},"right":{"text":"Next"}}},"Cards.kony.FlexPropertiesV9.project2":{"content":{"title":"Create a New Project","body":"<ol>\n<li>Under <strong>Project Name</strong>, enter <strong>FlexTutorial</strong>.</li>\n<li>Click <strong>Create</strong>.<br />A new application is created with <b>Form1</b> form. <br />The application opens in the <strong>Storyboard </strong>view.</li>\n</ol>"},"navigationBar":{"left":{"text":"Previous"},"right":{"text":"Next"}}},"Cards.kony.FlexPropertiesV9.rename":{"content":{"title":"Rename the Form","body":"<ol>\n<li>In the <strong>Storyboard</strong> view, above the new Form, click <strong>Form1</strong>.</li>\n<li>Rename the form <strong>frmFlex</strong>.</li>\n<li>To add widgets to the form, double-click on the form to move to the <strong>Design </strong>view.</li>\n</ol>"},"navigationBar":{"left":{"text":"Previous"},"right":{"text":"Next"}}},"Cards.kony.FlexPropertiesV9.run":{"content":{"title":"Run the App","body":"<ol><li>From the <b>Live Preview Settings</b> window, under <b>Native</b>, select the checkboxes next to the OS of the mobile/tablet on which you are going to view the app. <br/>For example: <b>iOS </b> and <b>Android</b>.<br/>Make sure you have unselected all the other platforms and channels.</li>\n<li>Click <b>Save & Run</b>.<br/> It may take some time for Visualizer to show the <b>Live Preview is ready</b> window.</ol>"},"navigationBar":{"left":{"text":"Previous"},"right":{"text":"Next"}}},"Cards.kony.FlexPropertiesV9.Zindex":{"content":{"title":"Using Z Index to Move a Widget to the Background","body":"<ol>\n<li>From the <strong>Default Library</strong> tab on the bottom left of your canvas, drag and drop the following:\n<ul>\n<li><strong>Logo</strong> widget onto the <strong>frmFlex</strong> form on the canvas.</li>\n<li><strong>Search1</strong> widget onto the <strong>frmFlex</strong> form on the canvas.</li>\n</ul>\n</li>\n<li>To bring the <strong>Logo</strong> widget above the <strong>Search1</strong> widget,\n<ul>\n<li>Select <strong>headerContainer02</strong> from the <strong>Project</strong> explorer on the top left of your canvas.</li>\n<li>From the <strong>Properties</strong> panel, expand <strong>Look</strong> &gt; <strong>Flex</strong> on the top right of your canvas. Set the <strong>Z Index</strong> property to <strong>2</strong>.</li>\n</ul>\n</li>\n</ol>"},"navigationBar":{"left":{"text":"Previous"},"right":{"text":"Next"}}}}