{
    "kuid": "1f466ft1-daa5-4dr5-88u8-3760dfnf",
    "id": "Kony.CreateServicesV9.configureAccountService",
    "content": {
        "title": "Configure the Account Service",
        "body": "<ol>\n<li>From the top-left corner of the window, click the service name.</li>\n<li>In the&nbsp;<strong>Name </strong>box, type&nbsp;<strong>AccountStorage</strong>.</li>\n<li>Under&nbsp;<strong>Sample Data</strong>, drag the <strong>Accounts.zip </strong>file from the extracted files.</li>\n<li>Click <strong>Save</strong>.</li>\n<li>Close the <strong>Edit Object Service </strong>window.<br /> It may take some time for Visualizer to add the service to the <strong>Project Services </strong>section.</li>\n</ol>"
    },
    "pointer": {
        "direction": "left",
        "element": "",
        "type": "none"
    },
    "navigationType": "manual",
    "navigationBar": {
        "left": {
            "text": "Previous",
            "enable": true,
            "hide": false
        },
        "right": {
            "text": "Next",
            "enable": true,
            "hide": false
        }
    },
    "navigationCondition": "",
    "position": "BOTTOM_RIGHT",
    "meta": {
        "Creator": "Sparsh Srivastava",
        "CreatedOn": "Wed, 18 Dec 2019 09:05:42 GMT"
    },
    "context": []
}