{
    "kuid": "cb12a5t0-b2a2-4cr5-a7ue-8b7d01n7",
    "id": "Kony.PubishAppEnterpriseStoreV9.publish2",
    "content": {
        "title": "Publish the App",
        "body": "<ol>\n<li>For the <strong>Post Build Action</strong>, from the drop-down list, select <strong>Publish to my App Store</strong>.</li>\n<li>Under <strong>Mobile</strong>, select the checkbox for <strong>Android</strong>.<br /> Ensure that you have unselected the checkboxes for all the other platforms and channels.</li>\n<li>For the <strong>Build Mode</strong>, from the drop-down list, select <strong>Debug</strong>.</li>\n<li>Click <strong>Build</strong>.<strong><br /> </strong>It may take some time for Visualizer to build the app.<br /> After the app is published, the <strong>Your App is ready</strong> window appears.</li>\n</ol>"
    },
    "pointer": {
        "direction": "left",
        "element": {
            "module": "ui-library",
            "instanceId": "buildandpublishnative_footer_donebutton"
        },
        "type": "default"
    },
    "navigationType": "manual",
    "navigationBar": {
        "left": {
            "text": "Previous",
            "enable": true,
            "hide": false
        },
        "right": {
            "text": "Next",
            "enable": true,
            "hide": false
        }
    },
    "navigationCondition": "",
    "position": "BOTTOM_RIGHT",
    "meta": {
        "Creator": "Prem Garudadri",
        "CreatedOn": "Wed, 18 Dec 2019 10:01:43 GMT"
    },
    "context": []
}