{
    "kuid": "0f49e1tf-26a0-47r9-9eu5-1c571en9",
    "id": "kony.createUIMobV9.addUIAccount",
    "content": {
        "title": "UI for Account Form",
        "body": "<ol>\n<li>From the left of the Visualizer canvas, navigate to the <strong>Default Library</strong>.</li>\n<li>Click the search icon.</li>\n<li>In the search bar that appears, enter <strong>Account</strong>.</li>\n<li>From the results, under  <strong>RecipientsMobile</strong>, select <strong>AccountList</strong>.</li>\n<li>Drag the <strong>AccountList </strong>collection onto the <strong>frmAccount</strong> form on the canvas.</li>\n</ol>"
    },
    "pointer": {
        "direction": "left",
        "element": {
            "module": "konylibrary"
        },
        "type": "default"
    },
    "navigationType": "manual",
    "navigationBar": {
        "left": {
            "text": "Previous",
            "enable": true,
            "hide": false
        },
        "right": {
            "text": "Next",
            "enable": true,
            "hide": false
        }
    },
    "navigationCondition": "",
    "position": "BOTTOM_RIGHT",
    "meta": {
        "Creator": "Rashmi Menon",
        "CreatedOn": "Wed, 18 Dec 2019 06:55:55 GMT"
    },
    "context": []
}