{
  "Tour.ResponsiveWebBreakpointsV9": {
    "description": "旅遊描述"
  },
  "Hike.VoltMX.ResponsiveBreakV9": {
    "description": "徒步說明"
  },
  "Card.VoltMX.ResponsiveBreakV9.breakpointforking": {
    "content": {
      "title": "斷點分叉",
      "body": "<ol>\n<li>從 Iris 畫布菜單中，切換<strong>斷點分叉</strong>開關<strong>開</strong>.<br />斷點在虹膜畫布比例上顯示為倒紅色三角形。<br />確保虹膜畫布菜單上的比例設置為<strong>100%</strong>.</li>\n<li>選擇畫布比例上的每個斷點以查看表單如何響應。</li>\n</ol>"
    },
    "navigationBar": {
      "left": {
        "text": "上一個"
      },
      "right": {
        "text": "下一個"
      }
    }
  },
  "Card.VoltMX.ResponsiveBreakV9.breakpointforking1": {
    "content": {
      "title": "斷點分叉",
      "body": "<ol>\n<li>從 Iris 畫布菜單中，切換<strong>斷點分叉</strong>開關<strong>開</strong>.<br />斷點在虹膜畫布比例上顯示為倒紅色三角形。<br />確保虹膜畫布菜單上的比例設置為<strong>100%</strong>.</li>\n<li>選擇畫布比例上的每個斷點以查看表單如何響應。</li>\n</ol>"
    },
    "navigationBar": {
      "left": {
        "text": "上一個"
      },
      "right": {
        "text": "下一個"
      }
    }
  },
  "Card.VoltMX.ResponsiveBreakV9.done": {
    "content": {
      "title": " 恭喜",
      "body": "<p>你已經成功：</p>\n<ul>\n<li><strong>向登錄屏幕添加了響應斷點</strong></li>\n<li><strong>在您的計算機上查看應用程序</strong></li>\n</ul><br/>\n<p>要了解有關 Volt MX Iris 的更多信息，請訪問<a href='#'onClick='javascript:openURL(\"https://support.hcltechsw.com/\")'>大本營</a>.</p>"
    },
    "navigationBar": {
      "left": {
        "text": "上一個"
      },
      "right": {
        "text": "完成"
      }
    }
  },
  "Card.VoltMX.ResponsiveBreakV9.edioptNickName": {
    "content": {
      "title": "優化暱稱佈局",
      "body": "<ol>\n<li>來自<strong>項目</strong>資源管理器，展開<strong>frmEditRecipient</strong>&gt;<strong>flxEditRecipient</strong>&gt;<strong>flxEntryFields</strong> ，然後選擇<strong>flxNickName</strong>.</li>\n<li>來自<strong>屬性</strong>面板，導航到<strong>看</strong>標籤。</li>\n<li> 在<strong>彈性</strong> 部分，修改以下值：<br />\n<ul>\n<li>寬度：<strong>240 Dp</strong></li>\n<li>頂部：<strong>24 Dp</strong></li>\n</ul>\n</li>\n</ol>"
    },
    "navigationBar": {
      "left": {
        "text": "上一個"
      },
      "right": {
        "text": "下一個"
      }
    }
  },
  "Card.VoltMX.ResponsiveBreakV9.editoptLay": {
    "content": {
      "title": "優化名稱佈局",
      "body": "<ol>\n<li>從畫布比例，單擊<strong>640</strong>用於優化第三個斷點的佈局。</li>\n<li>來自<strong>項目</strong>資源管理器，展開<strong>frmEditRecipient</strong>&gt;<strong>flxEditRecipient</strong>&gt;<strong>flxEntryFields</strong> ，然後選擇<strong>flxNames</strong>.</li>\n<li>來自<strong>屬性</strong>面板，導航到<strong>看</strong>標籤。</li>\n<li> 在<strong>彈性</strong> 部分，修改以下值：<ul>\n<li>寬度：<strong>240 Dp</strong></li>\n<li>身高：<strong>156 Dp</strong></li>\n</ul>\n</li>\n</ol>"
    },
    "navigationBar": {
      "left": {
        "text": "上一個"
      },
      "right": {
        "text": "下一個"
      }
    }
  },
  "Card.VoltMX.ResponsiveBreakV9.editoptLay1": {
    "content": {
      "title": "優化名稱佈局",
      "body": "<ol>\n<li>來自<strong>屬性</strong>面板，導航到<strong>FlexContainer</strong>選項卡。</li>\n<li> 在<strong>一般</strong>部分，用於<strong>佈局類型</strong>，選擇<strong>流垂直</strong>來自下拉列表。</li>\n</ol>"
    },
    "navigationBar": {
      "left": {
        "text": "上一個"
      },
      "right": {
        "text": "下一個"
      }
    }
  },
  "Card.VoltMX.ResponsiveBreakV9.editoptLayout1": {
    "content": {
      "title": "優化名字的佈局",
      "body": "<ol>\n<li>來自<strong>項目</strong>資源管理器，展開<strong>frmEditRecipient</strong>&gt;<strong>flxEditRecipient</strong>&gt;<strong>flxEntryFields</strong>&gt;<strong>flxNames</strong> ，然後選擇<strong>flxFirstName</strong>.</li>\n<li>來自<strong>屬性</strong>面板，導航到<strong>看</strong>標籤。</li>\n<li> 在<strong>彈性</strong> 部分，修改以下值：<br />\n<ul>\n<li>身高：<strong>66 Dp</strong></li>\n</ul>\n</li>\n</ol>"
    },
    "navigationBar": {
      "left": {
        "text": "上一個"
      },
      "right": {
        "text": "下一個"
      }
    }
  },
  "Card.VoltMX.ResponsiveBreakV9.editoptLayout2": {
    "content": {
      "title": "優化姓氏佈局",
      "body": "<ol>\n<li>來自<strong>項目</strong>資源管理器，展開<strong>frmEditRecipient</strong>&gt;<strong>flxEditRecipient</strong>&gt;<strong>flxEntryFields&nbsp;</strong>&gt;<strong>flxNames</strong> ，然後選擇<strong>flxLastName</strong>.</li>\n<li>來自<strong>屬性</strong>面板，導航到<strong>看</strong>標籤。</li>\n<li> 在<strong>彈性</strong> 部分，修改以下值：<br />\n<ul>\n<li>左：<b>0 Dp</b></li>\n<li>頂部：<b>24 Dp</b></li>\n<li>身高：<b>66 Dp</b></li>\n</ul>\n</li>\n</ol>"
    },
    "navigationBar": {
      "left": {
        "text": "上一個"
      },
      "right": {
        "text": "下一個"
      }
    }
  },
  "Card.VoltMX.ResponsiveBreakV9.editoptLayPh": {
    "content": {
      "title": "優化電話號碼佈局",
      "body": "<ol>\n<li>來自<strong>項目</strong>資源管理器，展開<strong>frmEditRecipient</strong>&gt;<strong>flxEditRecipient</strong>&gt;<strong>flxEntryFields</strong> ，然後選擇<strong>flxPhoneNumber</strong>.</li>\n<li>來自<strong>屬性</strong>面板，導航到<strong>看</strong>標籤。</li>\n<li> 在<strong>彈性</strong> 部分，修改以下值：<br />\n<ul>\n<li>寬度：<strong>240 Dp</strong></li>\n</ul>\n</li>\n</ol>"
    },
    "navigationBar": {
      "left": {
        "text": "上一個"
      },
      "right": {
        "text": "下一個"
      }
    }
  },
  "Card.VoltMX.ResponsiveBreakV9.editPayeefrm": {
    "content": {
      "title": "為編輯收件人屏幕添加斷點",
      "body": "<ol>\n<li>來自<strong>項目</strong>資源管理器，展開<strong>響應式網頁/桌面</strong>&gt;<strong>表格</strong> ，然後選擇<strong>frmEditRecipient</strong>.</li>\n</ol>"
    },
    "navigationBar": {
      "left": {
        "text": "上一個"
      },
      "right": {
        "text": "下一個"
      }
    }
  },
  "Card.VoltMX.ResponsiveBreakV9.Intro": {
    "content": {
      "title": "響應式網頁斷點",
      "body": "<p><strong>讓我們開始吧！</strong></p>\n<p>在這次徒步旅行中，您將學習如何：</p>\n<ul>\n<li>為表單創建收件人和編輯收件人屏幕添加三個斷點。</li>\n<li>看看如何<strong>實時預覽</strong>實時響應斷點。</li>\n</ul>\n<p>在開始之前，請完成以下遠足：</p>\n<ol><b>\n<li><a class=\"tour-link\" tour=\"705a94tb-faa0-47r7-a1ud-31b3dbnf\">啟動你的響應式網絡應用</a></li><li><a class=\"tour-link\" tour=\"220f01t3-bda6-40r0-92uf-56631bnb\">從集合創建用戶界面</a></li><li><a class=\"tour-link\" tour=\"5e1da5td-37a0-44r6-beu6-374c3cn1\">向應用程序添加身份驗證</a></li>\n<li><a class=\"tour-link\" tour=\"a851b9t8-75a9-4ara-88ud-946004n9\">為 Web 應用程序創建服務</a></li>\n<li><a class=\"tour-link\" tour=\"ca148ftd-07a9-4ard-98ud-6163d4nc\">將應用程序 UI 連接到 Web 應用程序中的數據</a></li><li><a class=\"tour-link\" tour=\"082af3t0-74a2-4ere-a6u3-749d59n5\">創建收件人詳細信息和刪除功能</a></li>\n<li><a class=\"tour-link\" tour=\"547395tb-d8ae-4fr9-b1ub-5033a6nb\">添加創建收件人</a></li><li><a class=\"tour-link\" tour=\"c108beta-87ac-46re-87u3-92e61cnf\">添加編輯收件人功能</a></li></b>\n</ol>\n<p>確保您打開在之前的徒步旅行中創建的相同項目。</p>\n<p>要打開一個關閉的項目，從主菜單，導航到<strong>項目</strong>&gt;<strong>打開</strong>&gt;<strong>HCL 參考架構</strong>&gt;<strong>RecipientsWebApp</strong>.</p>\n<p><strong>準備好後，單擊開始！</strong></p>"
    },
    "navigationBar": {
      "left": {
        "text": "上一個"
      },
      "right": {
        "text": "開始"
      }
    }
  },
  "Card.VoltMX.ResponsiveBreakV9.loginForm": {
    "content": {
      "title": "為添加收件人屏幕添加斷點",
      "body": "<ol>\n<li>來自<strong>項目</strong>資源管理器，展開<strong>響應式網絡/桌面</strong>&gt;<strong>表格</strong>並選擇<strong>frmAddRecipient</strong>.</li>\n</ol>"
    },
    "navigationBar": {
      "left": {
        "text": "上一個"
      },
      "right": {
        "text": "下一個"
      }
    }
  },
  "Card.VoltMX.ResponsiveBreakV9.optimizeLayout": {
    "content": {
      "title": "優化名稱佈局",
      "body": "<ol>\n<li>從畫布比例，單擊<strong>640</strong>用於優化第三個斷點的佈局。</li>\n<li>來自<strong>項目</strong>資源管理器，展開<strong>frmAddRecipient</strong>&gt;<strong>flxAddRecipient</strong>&gt;<strong>flxEntryFields</strong> ，然後選擇<strong>flxNames</strong>.</li>\n<li>來自<strong>屬性</strong>面板，導航到<strong>看</strong>標籤。</li>\n<li> 在<strong>彈性</strong> 部分，修改以下值：<ul>\n<li>寬度：<strong>240 Dp</strong></li>\n<li>身高：<strong>156 Dp</strong></li>\n</ul>\n</li>\n</ol>"
    },
    "navigationBar": {
      "left": {
        "text": "上一個"
      },
      "right": {
        "text": "下一個"
      }
    }
  },
  "Card.VoltMX.ResponsiveBreakV9.optimizeLayout1": {
    "content": {
      "title": "優化名稱佈局",
      "body": "<ol>\n<li>來自<strong>屬性</strong>面板，導航到<strong>FlexContainer</strong>選項卡。</li>\n<li> 在<strong>一般</strong>部分，用於<strong>佈局類型</strong>，選擇<strong>流垂直</strong>來自下拉列表。</li>\n</ol>"
    },
    "navigationBar": {
      "left": {
        "text": "上一個"
      },
      "right": {
        "text": "下一個"
      }
    }
  },
  "Card.VoltMX.ResponsiveBreakV9.optLayLastName": {
    "content": {
      "title": "優化姓氏佈局",
      "body": "<ol>\n<li>來自<strong>項目</strong>資源管理器，展開<strong>frmAddRecipient</strong>&gt;<strong>flxAddRecipient</strong>&gt;<strong>flxEntryFields&nbsp;</strong>&gt;<strong>flxNames</strong> ，然後選擇<strong>flxLastName</strong>.</li>\n<li>來自<strong>屬性</strong>面板，導航到<strong>看</strong>標籤。</li>\n<li> 在<strong>彈性</strong> 部分，修改以下值：<br />\n<ul>\n<li>左：<b>0 Dp</b></li>\n<li>頂部：<b>24 Dp</b></li>\n<li>身高：<b>66 Dp</b></li>\n</ul>\n</li>\n</ol>"
    },
    "navigationBar": {
      "left": {
        "text": "上一個"
      },
      "right": {
        "text": "下一個"
      }
    }
  },
  "Card.VoltMX.ResponsiveBreakV9.optLayNickName": {
    "content": {
      "title": "優化暱稱佈局",
      "body": "<ol>\n<li>來自<strong>項目</strong>資源管理器，展開<strong>frmAddRecipient</strong>&gt;<strong>flxAddRecipient</strong>&gt;<strong>flxEntryFields</strong> ，然後選擇<strong>flxNickName</strong>.</li>\n<li>來自<strong>屬性</strong>面板，導航到<strong>看</strong>標籤。</li>\n<li> 在<strong>彈性</strong> 部分，修改以下值：<br />\n<ul>\n<li>寬度：<strong>240 Dp</strong></li>\n<li>頂部：<strong>24 Dp</strong></li>\n</ul>\n</li>\n</ol>"
    },
    "navigationBar": {
      "left": {
        "text": "上一個"
      },
      "right": {
        "text": "下一個"
      }
    }
  },
  "Card.VoltMX.ResponsiveBreakV9.optLayoutFirstName": {
    "content": {
      "title": "優化名字的佈局",
      "body": "<ol>\n<li>來自<strong>項目</strong>資源管理器，展開<strong>frmAddRecipient</strong>&gt;<strong>flxAddRecipient</strong>&gt;<strong>flxEntryFields</strong>&gt;<strong>flxNames</strong> ，然後選擇<strong>flxFirstName</strong>.</li>\n<li>來自<strong>屬性</strong>面板，導航到<strong>看</strong>標籤。</li>\n<li> 在<strong>彈性</strong> 部分，修改以下值：<br />\n<ul>\n<li>身高：<strong>66 Dp</strong></li>\n</ul>\n</li>\n</ol>"
    },
    "navigationBar": {
      "left": {
        "text": "上一個"
      },
      "right": {
        "text": "下一個"
      }
    }
  },
  "Card.VoltMX.ResponsiveBreakV9.optLayPhone": {
    "content": {
      "title": "優化電話號碼佈局",
      "body": "<ol>\n<li>來自<strong>項目</strong>資源管理器，展開<strong>frmAddRecipient</strong>&gt;<strong>flxAddRecipient</strong>&gt;<strong>flxEntryFields</strong> ，然後選擇<strong>flxPhoneNumber</strong>.</li>\n<li>來自<strong>屬性</strong>面板，導航到<strong>看</strong>標籤。</li>\n<li> 在<strong>彈性</strong> 部分，修改以下值：<br />\n<ul>\n<li>寬度：<strong>240 Dp</strong></li>\n</ul>\n</li>\n</ol>"
    },
    "navigationBar": {
      "left": {
        "text": "上一個"
      },
      "right": {
        "text": "下一個"
      }
    }
  },
  "Card.VoltMX.ResponsiveBreakV9.run": {
    "content": {
      "title": "運行應用程序",
      "body": "<ol>\n<li>從左側導航欄中，單擊<strong>運行</strong>.<br /> Iris 顯示需要一些時間<strong>實時預覽已準備就緒</strong>窗口。<br />虹膜預覽窗口啟動您的應用程序。</li>\n<li>在您的應用中輸入以下登錄憑據。<ul>\n<li>用戶名：<strong>john.doe@woodburn.com</strong></li>\n<li>密碼：<strong>VoltMX@123</strong></li>\n</ul>\n</li>\n<li>點擊<strong>登錄</strong>.<br />出現帳戶列表。</li>\n<li>點擊<strong>收件人</strong>選項卡。<br />出現收件人列表。</li>\n</ol>"
    },
    "navigationBar": {
      "left": {
        "text": "上一個"
      },
      "right": {
        "text": "下一個"
      }
    }
  },
  "Card.VoltMX.ResponsiveBreakV9.view": {
    "content": {
      "title": "查看屏幕的響應性",
      "body": "<ol>\n<li>點擊添加<strong> (+)</strong> 添加收件人的圖標。<br />拖動並調整表單畫布的大小以查看表單佈局的變化。<br />或者，從頂部<strong>虹膜預覽</strong>窗口，使用尺寸說明符更改尺寸並查看佈局的變化。</li>\n<li>從列表中選擇收件人以查看其詳細信息。</li>\n<li>從詳細信息頁面，單擊<strong>刪除</strong>刪除收件人的按鈕。</li>\n<li>從詳細信息頁面，單擊<strong>編輯</strong>用於編輯收件人詳細信息的按鈕。<br />拖動並調整表單畫布的大小以查看表單佈局的變化。<br />或者，從頂部<strong>虹膜預覽</strong>窗口，使用尺寸說明符更改尺寸並查看佈局的變化。</li>\n<li>單擊屏幕頂部的註銷按鈕以導航到登錄屏幕。</li>\n</ol>"
    },
    "navigationBar": {
      "left": {
        "text": "上一個"
      },
      "right": {
        "text": "下一個"
      }
    }
  }
}