{
    "kuid": "65aa2at9-92a6-4fre-80ue-e5af64ne",
    "id": "kony.IntroductionToInternationalV9.setKey1",
    "content": {
        "title": "Set i18n Key Username",
        "body": "<p>Now, let us set the <strong>i18n key</strong> values to the texts in <strong>frmUserLogin</strong>.</p>\n<ol>\n<li>Select the textbox with the text <strong>Username </strong>on the canvas.</li>\n<li>From the <strong>Properties </strong>panel, navigate to the <strong>Text Box </strong>tab.</li>\n<li>Under the <strong>General </strong>section, for the property <strong>Placeholder i18n Key</strong>, select <strong>Username </strong>from the drop-down list.</li>\n</ol>"
    },
    "pointer": {
        "direction": "top",
        "element": {
            "module": "propertieswindow",
            "itemType": "pw-tab",
            "info": {
                "tabName": "Text Box"
            }
        },
        "type": "default"
    },
    "navigationType": "manual",
    "navigationBar": {
        "left": {
            "text": "Previous",
            "enable": true,
            "hide": false
        },
        "right": {
            "text": "Next",
            "enable": true,
            "hide": false
        }
    },
    "navigationCondition": "",
    "position": "BOTTOM_RIGHT",
    "meta": {
        "Creator": "Rashmi Menon",
        "CreatedOn": "Thu, 05 Dec 2019 05:59:56 GMT"
    },
    "context": []
}