{
    "kuid": "ae716ctb-1ea4-44r6-86ud-16bf61na",
    "id": "VoltMX.ConnectAppServWebV9.mapping4",
    "content": {
        "title": "Map the Service Data",
        "body": "<ol>\n<li>From the <strong>Action Editor</strong> canvas, under <strong>Invoke Service</strong>, select <strong>Callback</strong>.</li>\n<li>From the left menu of the <strong>Action Editor</strong>, under the <strong>Mapping</strong> section, select <strong>Add Mapping</strong>.<br /> The <strong>Mapping Editor</strong> window appears.</li>\n<li>From the left pane of the <strong>Mapping Editor</strong>, expand <strong>Services</strong> &gt; <strong>Service- RecipientStorage$Recipients$get</strong>, and select <strong>records{collection}</strong>.</li>\n<li>From the right pane of the <strong>Mapping Editor</strong>, expand <strong>Forms </strong>&gt; <strong>frmRecipients</strong> &gt; <strong>Segment-segPayeeList </strong>&gt; <strong>masterdatamap</strong>, and select <strong>rowData{collection}</strong>.</li><li>Expand both <strong>records{collection}</strong> and <strong>rowData{collection}</strong>.</li>\n</ol>"
    },
    "pointer": {
        "direction": "left",
        "element": "",
        "type": "none"
    },
    "navigationType": "manual",
    "navigationBar": {
        "left": {
            "text": "Previous",
            "enable": true,
            "hide": false
        },
        "right": {
            "text": "Next",
            "enable": true,
            "hide": false
        }
    },
    "navigationCondition": "",
    "position": "BOTTOM_LEFT",
    "meta": {
        "Creator": "Prem Garudadri",
        "CreatedOn": "Thu, 19 Dec 2019 06:00:16 GMT"
    },
    "context": []
}