{
  "Tour.UserRepositoryAuthenticationV9": {
    "description": "旅遊描述"
  },
  "Hike.VoltMX.UserRepositoryAuthV9": {
    "description": "徒步說明"
  },
  "Card.VoltMX.UserRepositoryAuthV9.addNavtoHome": {
    "content": {
      "title": "從登錄屏幕添加導航",
      "body": "<ol>\n<li>在<strong>設計視圖</strong> , 導航到<strong>調用服務名稱：employeeUserStore$login</strong> ，然後選擇<strong>成功</strong>.</li>\n<li>來自<strong>動作編輯器</strong>左側菜單，在<strong>一般</strong>部分，選擇<strong>導航到表單</strong>.</li>\n<li>選擇<strong>frmHome</strong>來自右側窗格。</li>\n<li>導航到<strong>調用服務名稱：employeeUserStore$login</strong>&gt;<strong>成功</strong> ，然後選擇<strong>顯示警報</strong>.</li>\n<li>右鍵刪除<strong>顯示警報</strong>.</li>\n<li>點擊<strong>保存</strong>.</li>\n</ol>"
    },
    "navigationBar": {
      "left": {
        "text": "上一個"
      },
      "right": {
        "text": "下一個"
      }
    }
  },
  "Card.VoltMX.UserRepositoryAuthV9.addNavtoLogin": {
    "content": {
      "title": "從主屏幕添加導航",
      "body": "<ol>\n<li>導航到&nbsp;<strong>項目</strong>資源管理器&gt;&nbsp;<strong>響應式網絡/桌面</strong>&gt;&nbsp;<strong>表格</strong>並選擇<strong>frmHome</strong>.</li>\n<li>右鍵單擊<strong>註銷</strong>畫布上的按鈕並選擇<strong>動作：onClick</strong>.<br /><strong>動作編輯器</strong>窗口出現。</li>\n<li>從右上角<strong>動作編輯器</strong>窗口，選擇<strong>設計視圖</strong>.</li>\n</ol>"
    },
    "navigationBar": {
      "left": {
        "text": "上一個"
      },
      "right": {
        "text": "下一個"
      }
    }
  },
  "Card.VoltMX.UserRepositoryAuthV9.addNavtoLogin1": {
    "content": {
      "title": "從主屏幕添加導航",
      "body": "<ol>\n<li>在<strong>設計視圖</strong> , 導航到<strong>調用服務名稱：employeeUserStore$logout</strong> ，然後選擇<strong>成功</strong>.</li>\n<li>來自<strong>動作編輯器</strong>左側菜單，在<strong>一般</strong>部分，選擇<strong>導航到表單</strong>.</li>\n<li>選擇<strong>frmLogin</strong>來自右側窗格。</li>\n<li>導航到<strong>調用服務名稱：employeeUserStore$logout</strong>&gt;<strong>成功</strong> ，然後選擇<strong>顯示警報</strong>.</li>\n<li>右鍵刪除<strong>顯示警報</strong>.</li>\n<li>點擊<strong>保存</strong>.</li>\n</ol>"
    },
    "navigationBar": {
      "left": {
        "text": "上一個"
      },
      "right": {
        "text": "下一個"
      }
    }
  },
  "Card.VoltMX.UserRepositoryAuthV9.addUI": {
    "content": {
      "title": "將用戶界面添加到主頁",
      "body": "<ol>\n<li>導航到<strong>默認庫</strong>畫布左下角的選項卡並蒐索<strong>標籤</strong>小部件。</li>\n<li>拖放<strong>標籤</strong>小部件到<strong>frmHome</strong>在畫布上形成。</li>\n<li>導航到<strong>屬性</strong>面板並選擇<strong>看</strong>選項卡。</li>\n<li>下<strong>外觀</strong>，修改值<strong>文本</strong>: <strong>歡迎來到主屏幕</strong></li>\n<li>下<strong>彈性</strong> ，修改以下屬性的值：<ul>\n<li>左：<strong>35%</strong></li>\n<li>頂部：<strong>10%</strong></li>\n</ul>\n</li>\n</ol>"
    },
    "navigationBar": {
      "left": {
        "text": "上一個"
      },
      "right": {
        "text": "下一個"
      }
    }
  },
  "Card.VoltMX.UserRepositoryAuthV9.addUser": {
    "content": {
      "title": "將用戶添加到存儲庫",
      "body": "<ol>\n<li>點擊<strong>添加用戶</strong>.<br /><strong>添加用戶</strong>窗口出現。</li>\n<li>填寫以下字段：<ul>\n<li><strong>電子郵件/用戶名</strong></li>\n<li><strong>名字</strong></li>\n<li><strong>姓氏</strong></li>\n<li><strong>電話</strong></li>\n<li><strong>密碼</strong></li>\n<li><strong>重新輸入密碼</strong></li>\n<li>來自<strong>添加/選擇組</strong> ，確保複選框<strong>成員</strong>從下拉列表中選擇。</li>\n</ul>\n</li>\n<li>點擊<strong>添加用戶</strong>.</li>\n</ol>\n<p>一個用戶被添加到存儲庫。<br />注意<strong>用戶名</strong>和<strong>密碼</strong>測試憑證。</p>"
    },
    "navigationBar": {
      "left": {
        "text": "上一個"
      },
      "right": {
        "text": "下一個"
      }
    }
  },
  "Card.VoltMX.UserRepositoryAuthV9.HomeForm": {
    "content": {
      "title": "創建一個新表單",
      "body": "<ol>\n<li>來自<strong>項目</strong>畫布左上角的資源管理器，導航到<strong>響應式網絡/桌面</strong>&gt;<strong>表格</strong>.</li>\n<li>右鍵單擊<strong>表格</strong> ，然後選擇<strong>新表格</strong>.</li>\n<li>右擊<strong>Form1</strong> ，並重命名表單<strong>frmHome</strong>.</li>\n</ol>"
    },
    "navigationBar": {
      "left": {
        "text": "上一個"
      },
      "right": {
        "text": "下一個"
      }
    }
  },
  "Card.VoltMX.UserRepositoryAuthV9.Intro": {
    "content": {
      "title": "用戶存儲庫簡介",
      "body": "在這次徒步旅行中，我們將：<br/>\n<ul>\n<li>添加<b>Volt MX 用戶存儲庫</b>作為應用程序的身份驗證源</li>\n<li>使用<b>Volt MX 用戶存儲庫</b>在您的應用中授權用戶</li></ul>"
    },
    "navigationBar": {
      "left": {
        "text": "上一個"
      },
      "right": {
        "text": "開始"
      }
    }
  },
  "Card.VoltMX.UserRepositoryAuthV9.last": {
    "content": {
      "title": " 恭喜",
      "body": "您已成功：<ul><b>\n<li>使用 Volt MX 用戶存儲庫作為身份驗證源創建了一個應用程序</li>\n<li>將用戶添加到存儲庫</li>\n<li>使用來自 Volt MX 用戶存儲庫的登錄憑據訪問應用程序</li></b></ul> 有關更多詳細信息<b>Volt MX 用戶存儲庫</b>訪問 Volt MX 文檔<br>\n<a href='#' onClick='javascript:openURL(\"https://opensource.hcltechsw.com/volt-mx-docs/docs/documentation/Foundry/voltmx_foundry_release_notes/Content/V9_New_Features.html#identity\")'>Volt MX 用戶存儲庫</a>"
    },
    "navigationBar": {
      "left": {
        "text": "上一個"
      },
      "right": {
        "text": "完成"
      }
    }
  },
  "Card.VoltMX.UserRepositoryAuthV9.loginUI": {
    "content": {
      "title": "創建登錄用戶界面",
      "body": "<ol>\n<li>展開<strong>項目服務</strong>&gt;<strong>身份</strong>&gt;<strong>employeeUserStore</strong>並選擇<strong>登錄</strong>操作。</li>\n<li>刪除<strong>登錄</strong>操作<strong>frmLogin</strong>在畫布上形成。</li>\n<li>導航到<strong>項目</strong>資源管理器><strong>響應式網絡/桌面</strong>&gt;<strong>frmLogin</strong>在畫布的左上角並選擇<strong>flexlogin</strong>.</li>\n<li>導航到<strong>屬性</strong>&gt;<strong>看</strong>在畫布的右上角。</li>\n<li>設置<strong>寬度</strong>到<strong>40%</strong>和<strong>中心X</strong>到<strong>50%</strong>.</li>\n</ol>\n<ol>在表單上創建登錄屏幕。</ol>"
    },
    "navigationBar": {
      "left": {
        "text": "上一個"
      },
      "right": {
        "text": "下一個"
      }
    }
  },
  "Card.VoltMX.UserRepositoryAuthV9.mapLogout": {
    "content": {
      "title": " 將註銷映射到主頁",
      "body": "<ol>\n<li>導航到<strong>數據&amp;服務</strong>畫布右上角的面板。</li>\n<li>展開<strong>項目服務</strong>&gt;<strong>身份</strong>&gt;<strong>employeeUserStore</strong>.</li>\n<li>拖放<strong>註銷</strong>操作<strong>frmHome</strong>在畫布上形成。</li>\n<li>導航到<strong>項目</strong>資源管理器><strong>響應式網絡/桌面</strong>&gt;<strong>frmHome</strong>並選擇<strong>flexlogout</strong>.</li>\n<li>來自<strong>屬性</strong>畫布右上角的面板，選擇<strong>看</strong>.</li>\n<li>下<strong>彈性</strong>，修改以下屬性的值<ul>\n<li>頂部：<strong>40%</strong></li>\n<li>寬度：<strong>40%</strong></li>\n<li>CenterX：<strong>50%</strong></li>\n</ul>\n</li>\n</ol>"
    },
    "navigationBar": {
      "left": {
        "text": "上一個"
      },
      "right": {
        "text": "下一個"
      }
    }
  },
  "Card.VoltMX.UserRepositoryAuthV9.navigationToHome1": {
    "content": {
      "title": "從登錄屏幕添加導航",
      "body": "<ol>\n<li>導航到&nbsp;<strong>項目</strong>資源管理器&gt;&nbsp;<strong>響應式網絡/桌面</strong>&gt;&nbsp;<strong>表格</strong>並選擇<strong>frmLogin</strong>.</li>\n<li>右鍵單擊<strong>登錄</strong>畫布上的按鈕並選擇<strong>動作：onClick</strong>.<br /><strong>動作編輯器</strong>窗口出現。</li>\n<li>從右上角<strong>動作編輯器</strong>窗口，選擇<strong>設計視圖</strong>.</li>\n</ol>"
    },
    "navigationBar": {
      "left": {
        "text": "上一個"
      },
      "right": {
        "text": "下一個"
      }
    }
  },
  "Card.VoltMX.UserRepositoryAuthV9.NewProject1": {
    "content": {
      "title": "創建一個新項目",
      "body": "<ol>\n<li>導航到<strong>項目</strong>&gt;<strong>新項目</strong>.</li>\n<li>來自<strong> 你現在想從什麼開始？</strong>窗口，選擇<strong>網絡應用</strong>.</li>\n<li>點擊<strong>下一個</strong>.<br /><strong>您想首先開始構建哪種設備尺寸？</strong>窗口出現。</li>\n<li>選擇<strong>桌面</strong>.</li>\n<li>點擊<strong>下一個</strong>.<br /><strong>您從一個 Web 應用程序開始。選擇的設備大小是桌面。</strong>窗口出現。</li>\n</ol>"
    },
    "navigationBar": {
      "left": {
        "text": "上一個"
      },
      "right": {
        "text": "下一個"
      }
    }
  },
  "Card.VoltMX.UserRepositoryAuthV9.NewProject2": {
    "content": {
      "title": "創建一個新項目",
      "body": "<ol>\n<li>下<strong>項目名稱</strong>，輸入<strong>用戶存儲庫</strong>.</li>\n<li>點擊<strong>創建</strong>.<br />使用一個 flex 表單創建了一個新應用程序。<br />應用程序在<strong>故事板</strong>查看。</li>\n</ol>"
    },
    "navigationBar": {
      "left": {
        "text": "上一個"
      },
      "right": {
        "text": "下一個"
      }
    }
  },
  "Card.VoltMX.UserRepositoryAuthV9.NewUserRep": {
    "content": {
      "title": "創建一個新的用戶存儲庫",
      "body": "<ol>\n<li>來自<strong>數據&amp;服務</strong>畫布右上角的面板，展開<strong>項目服務</strong>.</li>\n<li>點擊<strong>配置新</strong>獲取預打包服務列表。</li>\n<li> 在<strong>驗證</strong>類別，選擇<strong>用戶存儲庫</strong>.<br /><strong>配置身份服務</strong>窗口出現。</li>\n<li>輸入服務名稱<strong>employeeUserStore</strong>.</li>\n<li>點擊<strong>保存</strong>.</li>\n</ol>"
    },
    "navigationBar": {
      "left": {
        "text": "上一個"
      },
      "right": {
        "text": "下一個"
      }
    }
  },
  "Card.VoltMX.UserRepositoryAuthV9.rename": {
    "content": {
      "title": "重命名表單",
      "body": "<ol>\n<li>在<strong>故事板</strong>查看，在新表單上方，單擊<strong>Form1</strong>.</li>\n<li>重命名表單<strong>frmLogin</strong>.</li>\n<li> 雙擊表單在<strong>設計</strong>查看。</li>\n</ol>"
    },
    "navigationBar": {
      "left": {
        "text": "上一個"
      },
      "right": {
        "text": "下一個"
      }
    }
  },
  "Card.VoltMX.UserRepositoryAuthV9.run": {
    "content": {
      "title": "運行應用程序",
      "body": "<ol>\n<li>來自<strong>實時預覽設置</strong>窗口，選擇複選框<strong>響應式網站</strong>.<br />確保您已取消選擇所有其他平台和頻道。</li>\n<li>點擊<strong>保存&amp;跑步</strong>.<br /> Iris 可能需要一些時間才能顯示<strong>實時預覽已準備就緒</strong>窗口。</li>\n</ol>"
    },
    "navigationBar": {
      "left": {
        "text": "上一個"
      },
      "right": {
        "text": "下一個"
      }
    }
  },
  "Card.VoltMX.UserRepositoryAuthV9.settings": {
    "content": {
      "title": "實時預覽設置",
      "body": "<ol><li>從主菜單中，選擇<b>構建</b>.</li>\n<li>點擊<b>實時預覽設置。</b></li>"
    },
    "navigationBar": {
      "left": {
        "text": "上一個"
      },
      "right": {
        "text": "下一個"
      }
    }
  },
  "Card.VoltMX.UserRepositoryAuthV9.testLogin": {
    "content": {
      "title": "測試登錄憑據",
      "body": "<ol>\n<li>在<b>配置身份服務</b>窗口，點擊<b>測試登錄</b>.</li>\n<li>輸入<b>用戶ID</b>（電子郵件）和<b>密碼</b>你已經創建了。</li>\n<li>點擊<b>登錄</b>.</li><br>關閉<b>配置身份服務</b>將服務添加到您的應用程序的窗口。"
    },
    "navigationBar": {
      "left": {
        "text": "上一個"
      },
      "right": {
        "text": "下一個"
      }
    }
  },
  "Card.VoltMX.UserRepositoryAuthV9.view": {
    "content": {
      "title": "查看應用",
      "body": "<ol>\n<li>在<strong>登錄</strong>您的應用程序頁面，輸入您在 Volt MX 用戶存儲庫中創建的用戶憑據。</li>\n<li>點擊<strong>登錄</strong>.<br />您將被定向到主頁。</li>\n<li>點擊<strong>註銷</strong>. <br />您將被重定向到登錄頁面。</li>\n</ol>"
    },
    "navigationBar": {
      "left": {
        "text": "上一個"
      },
      "right": {
        "text": "下一個"
      }
    }
  }
}