{
  "Tour.UserRepositoryAuthenticationV9": {
    "description": " यात्रा का विवरण"
  },
  "Hike.VoltMX.UserRepositoryAuthV9": {
    "description": " वृद्धि का विवरण"
  },
  "Card.VoltMX.UserRepositoryAuthV9.addNavtoHome": {
    "content": {
      "title": " लॉगिन स्क्रीन से नेविगेशन जोड़ें",
      "body": "<ol>\n<li> में<strong> डिज़ाइन दृश्य</strong> नेविगेट करें<strong> सेवा का नाम आमंत्रित करें: कर्मचारी उपयोगकर्ता स्टोर $ लॉगिन</strong> , और चुनें<strong> सफलता</strong>.</li>\n<li> से<strong> एक्शन एडिटर</strong> बाएँ मेनू, के अंतर्गत<strong> सामान्य</strong> अनुभाग, चुनें<strong> फॉर्म पर नेविगेट करें</strong>.</li>\n<li> चुनें<strong> frmहोम</strong> दाएँ फलक से।</li>\n<li> नेविगेट करें<strong> सेवा का नाम आमंत्रित करें: कर्मचारी उपयोगकर्ता स्टोर $ लॉगिन</strong> &gt;<strong> सफलता</strong> , और चुनें<strong> अलर्ट दिखाएं</strong>.</li>\n<li> राइट-क्लिक करें और हटाएं<strong> अलर्ट दिखाएं</strong>.</li>\n<li> क्लिक करें<strong> सहेजें</strong>.</li>\n</ol>"
    },
    "navigationBar": {
      "left": {
        "text": " पिछला"
      },
      "right": {
        "text": " अगला"
      }
    }
  },
  "Card.VoltMX.UserRepositoryAuthV9.addNavtoLogin": {
    "content": {
      "title": " होम स्क्रीन से नेविगेशन जोड़ें",
      "body": "<ol>\n<li> पर नेविगेट करें&nbsp;the&nbsp;<strong> परियोजना</strong> एक्सप्लोरर &gt;&nbsp;<strong> उत्तरदायी वेब / डेस्कटॉप</strong> &gt;&nbsp;<strong> प्रपत्र</strong> और चुनें<strong> frmहोम</strong>.</li>\n<li> पर राइट-क्लिक करें<strong> लॉगआउट</strong> अपने कैनवास पर बटन और चुनें<strong> क्रिया: ऑनक्लिक</strong>.<br /> The<strong> एक्शन एडिटर</strong> विंडो प्रकट होती है।</li>\n<li> अपने ऊपरी दाएं कोने से<strong> एक्शन एडिटर</strong> विंडो, चुनें<strong> डिज़ाइन दृश्य</strong>.</li>\n</ol>"
    },
    "navigationBar": {
      "left": {
        "text": " पिछला"
      },
      "right": {
        "text": " अगला"
      }
    }
  },
  "Card.VoltMX.UserRepositoryAuthV9.addNavtoLogin1": {
    "content": {
      "title": " होम स्क्रीन से नेविगेशन जोड़ें",
      "body": "<ol>\n<li> में<strong> डिज़ाइन दृश्य</strong> नेविगेट करें<strong> सेवा का नाम आमंत्रित करें: कर्मचारी उपयोगकर्ता स्टोर $ लॉगआउट</strong> , और चुनें<strong> सफलता</strong>.</li>\n<li> से<strong> एक्शन एडिटर</strong> बाएँ मेनू, के अंतर्गत<strong> सामान्य</strong> अनुभाग, चुनें<strong> फॉर्म पर नेविगेट करें</strong>.</li>\n<li> चुनें<strong> frmLogin</strong> दाएँ फलक से।</li>\n<li> नेविगेट करें<strong> सेवा का नाम आमंत्रित करें: कर्मचारी उपयोगकर्ता स्टोर $ लॉगआउट</strong> &gt;<strong> सफलता</strong> , और चुनें<strong> अलर्ट दिखाएं</strong>.</li>\n<li> राइट-क्लिक करें और हटाएं<strong> अलर्ट दिखाएं</strong>.</li>\n<li> क्लिक करें<strong> सहेजें</strong>.</li>\n</ol>"
    },
    "navigationBar": {
      "left": {
        "text": " पिछला"
      },
      "right": {
        "text": " अगला"
      }
    }
  },
  "Card.VoltMX.UserRepositoryAuthV9.addUI": {
    "content": {
      "title": " होम में UI जोड़ें",
      "body": "<ol>\n<li> पर नेविगेट करें<strong> डिफ़ॉल्ट लाइब्रेरी</strong> अपने कैनवास के नीचे बाईं ओर टैब करें और खोजें<strong> लेबल</strong> विजेट।</li>\n<li> खींचें और छोड़ें<strong> लेबल</strong> पर विजेट<strong> frmहोम</strong> अपने कैनवास पर फॉर्म।</li>\n<li> पर नेविगेट करें<strong> गुण</strong> पैनल और चुनें<strong> देखो</strong> टैब।</li>\n<li> अंडर<strong> सूरत:</strong> , के मान को संशोधित करें<strong> टेक्स्ट</strong>: <strong> होम स्क्रीन में आपका स्वागत है</strong></li>\n<li> अंडर<strong> फ्लेक्स</strong> , निम्नलिखित गुणों के मानों को संशोधित करें:<ul>\n<li> बायां:<strong> 35%</strong></li>\n<li> शीर्ष:<strong> 10%</strong></li>\n</ul>\n</li>\n</ol>"
    },
    "navigationBar": {
      "left": {
        "text": " पिछला"
      },
      "right": {
        "text": " अगला"
      }
    }
  },
  "Card.VoltMX.UserRepositoryAuthV9.addUser": {
    "content": {
      "title": " उपयोगकर्ता को रिपॉजिटरी में जोड़ें",
      "body": "<ol>\n<li> क्लिक करें<strong> उपयोगकर्ता जोड़ें</strong>.<br /> The<strong> उपयोगकर्ता जोड़ें</strong> विंडो प्रकट होती है।</li>\n<li> निम्नलिखित फ़ील्ड भरें:<ul>\n<li><strong> ईमेल/उपयोगकर्ता नाम</strong></li>\n<li><strong> पहला नाम</strong></li>\n<li><strong> अंतिम नाम</strong></li>\n<li><strong> फोन</strong></li>\n<li><strong> पासवर्ड</strong></li>\n<li><strong> पासवर्ड दोबारा दर्ज करें</strong></li>\n<li> From<strong> समूह जोड़ें/चुनें</strong> के लिए चेकबॉक्स सुनिश्चित करें<strong> सदस्य</strong> ड्रॉप-डाउन से चुना गया है।</li>\n</ul>\n</li>\n<li> क्लिक करें<strong> उपयोगकर्ता जोड़ें</strong>.</li>\n</ol>\n<p> एक उपयोगकर्ता को रिपॉजिटरी में जोड़ा जाता है।<br /> नोट करें<strong> उपयोगकर्ता नाम</strong> और<strong> पासवर्ड</strong> परीक्षण के लिए साख।</p>"
    },
    "navigationBar": {
      "left": {
        "text": " पिछला"
      },
      "right": {
        "text": " अगला"
      }
    }
  },
  "Card.VoltMX.UserRepositoryAuthV9.HomeForm": {
    "content": {
      "title": " एक नया फॉर्म बनाएं",
      "body": "<ol>\n<li> से<strong> परियोजना</strong> अपने कैनवास के ऊपर बाईं ओर एक्सप्लोरर, नेविगेट करें<strong> उत्तरदायी वेब / डेस्कटॉप</strong> &gt;<strong> प्रपत्र</strong>.</li>\n<li> पर राइट-क्लिक करें<strong> प्रपत्र</strong> , और चुनें<strong> नया फॉर्म</strong>.</li>\n<li> राइट-क्लिक करें<strong> फॉर्म1</strong> , और प्रपत्र का नाम बदलें<strong> frmहोम</strong>.</li>\n</ol>"
    },
    "navigationBar": {
      "left": {
        "text": " पिछला"
      },
      "right": {
        "text": " अगला"
      }
    }
  },
  "Card.VoltMX.UserRepositoryAuthV9.Intro": {
    "content": {
      "title": " उपयोगकर्ता भंडार का परिचय",
      "body": " इस वृद्धि में, हम करेंगे:<br/>\n<ul>\n<li> जोड़ें<b> वोल्ट एमएक्स उपयोगकर्ता रिपोजिटरी</b> आपके ऐप के प्रमाणीकरण स्रोत के रूप में</li>\n<li> उपयोग करें<b> वोल्ट एमएक्स उपयोगकर्ता रिपोजिटरी</b> उपयोगकर्ताओं को अधिकृत करने के लिए आपके ऐप में</li></ul>"
    },
    "navigationBar": {
      "left": {
        "text": " पिछला"
      },
      "right": {
        "text": " प्रारंभ"
      }
    }
  },
  "Card.VoltMX.UserRepositoryAuthV9.last": {
    "content": {
      "title": " बधाई",
      "body": " आपने सफलतापूर्वक:<ul><b>\n<li> एक प्रमाणीकरण स्रोत के रूप में वोल्ट एमएक्स उपयोगकर्ता रिपोजिटरी के साथ एक ऐप बनाया गया</li>\n<li> उपयोगकर्ताओं को रिपॉजिटरी में जोड़ा गया</li>\n<li> वोल्ट एमएक्स उपयोगकर्ता रिपोजिटरी से लॉगिन क्रेडेंशियल का उपयोग करके ऐप को एक्सेस किया गया</li></b></ul> पर अधिक जानकारी के लिए<b> वोल्ट एमएक्स उपयोगकर्ता रिपोजिटरी</b> वोल्ट एमएक्स दस्तावेज़ पर जाएँ<br>\n<a href='#' onClick='javascript:openURL(\"https://opensource.hcltechsw.com/volt-mx-docs/docs/documentation/Foundry/voltmx_foundry_release_notes/Content/V9_New_Features.html#identity\")'> वोल्ट एमएक्स उपयोगकर्ता रिपोजिटरी</a>"
    },
    "navigationBar": {
      "left": {
        "text": " पिछला"
      },
      "right": {
        "text": " हो गया"
      }
    }
  },
  "Card.VoltMX.UserRepositoryAuthV9.loginUI": {
    "content": {
      "title": " लॉगिन के लिए UI बनाएं",
      "body": "<ol>\n<li> विस्तृत करें<strong> परियोजना सेवाएं</strong> &gt;<strong> पहचान</strong> &gt;<strong> कर्मचारी उपयोगकर्ता स्टोर</strong> और चुनें<strong> लॉगिन</strong> ऑपरेशन।</li>\n<li> ड्रॉप करें<strong> लॉगिन</strong> पर ऑपरेशन<strong> frmLogin</strong> अपने कैनवास पर फॉर्म।</li>\n<li> पर नेविगेट करें<strong> परियोजना</strong> एक्सप्लोरर &gt;<strong> उत्तरदायी वेब/डेस्कटॉप</strong> &gt;<strong> frmLogin</strong> अपने कैनवास के ऊपर बाईं ओर और चुनें<strong> flexlogin</strong>.</li>\n<li> नेविगेट करें<strong> गुण</strong> &gt;<strong> देखो</strong> आपके कैनवास के शीर्ष दाईं ओर।</li>\n<li> सेट<strong> चौड़ाई:</strong> to<strong> 40%</strong> और<strong> केंद्र X</strong> to<strong> 50%</strong>.</li>\n</ol>\n<ol> फॉर्म पर लॉगिन स्क्रीन बन जाती है।</ol>"
    },
    "navigationBar": {
      "left": {
        "text": " पिछला"
      },
      "right": {
        "text": " अगला"
      }
    }
  },
  "Card.VoltMX.UserRepositoryAuthV9.mapLogout": {
    "content": {
      "title": " मैप लॉगआउट टू होम",
      "body": "<ol>\n<li> पर नेविगेट करें<strong> डेटा &amp; सेवाएं</strong> आपके कैनवास के शीर्ष दाईं ओर पैनल।</li>\n<li> विस्तृत करें<strong> परियोजना सेवाएं</strong> &gt;<strong> पहचान</strong> &gt;<strong> कर्मचारी उपयोगकर्ता स्टोर</strong>.</li>\n<li> खींचें और छोड़ें<strong> लॉगआउट</strong> पर ऑपरेशन<strong> frmहोम</strong> अपने कैनवास पर फॉर्म।</li>\n<li> पर नेविगेट करें<strong> परियोजना</strong> एक्सप्लोरर &gt;<strong> उत्तरदायी वेब / डेस्कटॉप</strong> &gt;<strong> frmहोम</strong> और चुनें<strong> फ्लेक्सलॉगआउट</strong>.</li>\n<li> से<strong> गुण</strong> अपने कैनवास के शीर्ष दाईं ओर पैनल, चुनें<strong> देखो</strong>.</li>\n<li> अंडर<strong> फ्लेक्स</strong> , निम्नलिखित गुणों के मानों को संशोधित करें<ul>\n<li> शीर्ष:<strong> 40%</strong></li>\n<li> चौड़ाई:<strong> 40%</strong></li>\n<li> केंद्रX:<strong> 50%</strong></li>\n</ul>\n</li>\n</ol>"
    },
    "navigationBar": {
      "left": {
        "text": " पिछला"
      },
      "right": {
        "text": " अगला"
      }
    }
  },
  "Card.VoltMX.UserRepositoryAuthV9.navigationToHome1": {
    "content": {
      "title": " लॉगिन स्क्रीन से नेविगेशन जोड़ें",
      "body": "<ol>\n<li> पर नेविगेट करें&nbsp;the&nbsp;<strong> परियोजना</strong> एक्सप्लोरर &gt;&nbsp;<strong> उत्तरदायी वेब / डेस्कटॉप</strong> &gt;&nbsp;<strong> प्रपत्र</strong> और चुनें<strong> frmLogin</strong>.</li>\n<li> राइट-क्लिक करें<strong> लॉगिन</strong> अपने कैनवास पर बटन और चुनें<strong> क्रिया: ऑनक्लिक</strong>.<br /> The<strong> एक्शन एडिटर</strong> विंडो प्रकट होती है।</li>\n<li> अपने ऊपरी दाएं कोने से<strong> एक्शन एडिटर</strong> विंडो, चुनें<strong> डिज़ाइन दृश्य</strong>.</li>\n</ol>"
    },
    "navigationBar": {
      "left": {
        "text": " पिछला"
      },
      "right": {
        "text": " अगला"
      }
    }
  },
  "Card.VoltMX.UserRepositoryAuthV9.NewProject1": {
    "content": {
      "title": " एक नया प्रोजेक्ट बनाएं",
      "body": "<ol>\n<li> नेविगेट करें<strong> परियोजना</strong> &gt;<strong> नई परियोजना</strong>.</li>\n<li> से<strong> आप अभी क्या शुरू करना चाहते हैं?</strong> विंडो, चुनें<strong> वेब ऐप</strong>.</li>\n<li> क्लिक करें<strong> अगला</strong>.<br /> The<strong> आप सबसे पहले किस डिवाइस का आकार बनाना शुरू करना चाहते हैं?</strong> विंडो प्रकट होती है।</li>\n<li> चुनें<strong> डेस्कटॉप</strong>.</li>\n<li> क्लिक करें<strong> अगला</strong>.<br /> The<strong> आपने वेब ऐप के साथ शुरुआत की। चयनित डिवाइस का आकार डेस्कटॉप है।</strong> विंडो प्रकट होती है।</li>\n</ol>"
    },
    "navigationBar": {
      "left": {
        "text": " पिछला"
      },
      "right": {
        "text": " अगला"
      }
    }
  },
  "Card.VoltMX.UserRepositoryAuthV9.NewProject2": {
    "content": {
      "title": " एक नया प्रोजेक्ट बनाएं",
      "body": "<ol>\n<li> अंडर<strong> परियोजना का नाम</strong> , दर्ज करें<strong> उपयोगकर्ता रिपोजिटरी</strong>.</li>\n<li> क्लिक करें<strong> बनाएँ</strong>.<br /> एक फ्लेक्स फॉर्म के साथ एक नया एप्लिकेशन बनाया गया है।<br /> आवेदन में खुलता है<strong> स्टोरीबोर्ड</strong> देखें।</li>\n</ol>"
    },
    "navigationBar": {
      "left": {
        "text": " पिछला"
      },
      "right": {
        "text": " अगला"
      }
    }
  },
  "Card.VoltMX.UserRepositoryAuthV9.NewUserRep": {
    "content": {
      "title": " एक नया उपयोगकर्ता भंडार बनाएं",
      "body": "<ol>\n<li> से<strong> डेटा &amp; सेवाएं</strong> आपके कैनवास के शीर्ष दाईं ओर पैनल, विस्तृत करें<strong> परियोजना सेवाएं</strong>.</li>\n<li> क्लिक करें<strong> नया कॉन्फ़िगर करें</strong> पहले से पैक की गई सेवाओं की सूची प्राप्त करने के लिए।</li>\n<li> के तहत<strong> प्रमाणित करें</strong> श्रेणी, चुनें<strong> उपयोगकर्ता भंडार</strong>.<br /> The<strong> पहचान सेवा कॉन्फ़िगर करें</strong> विंडो प्रकट होती है।</li>\n<li> सेवा का नाम दर्ज करें<strong> कर्मचारी उपयोगकर्ता स्टोर</strong>.</li>\n<li> क्लिक करें<strong> सहेजें</strong>.</li>\n</ol>"
    },
    "navigationBar": {
      "left": {
        "text": " पिछला"
      },
      "right": {
        "text": " अगला"
      }
    }
  },
  "Card.VoltMX.UserRepositoryAuthV9.rename": {
    "content": {
      "title": " फॉर्म का नाम बदलें",
      "body": "<ol>\n<li> में<strong> स्टोरीबोर्ड</strong> देखें, नए फॉर्म के ऊपर, क्लिक करें<strong> फॉर्म1</strong>.</li>\n<li> फॉर्म का नाम बदलें<strong> frmLogin</strong>.</li>\n<li> फॉर्म को खोलने के लिए फॉर्म पर डबल-क्लिक करें।<strong> डिज़ाइन</strong> देखें।</li>\n</ol>"
    },
    "navigationBar": {
      "left": {
        "text": " पिछला"
      },
      "right": {
        "text": " अगला"
      }
    }
  },
  "Card.VoltMX.UserRepositoryAuthV9.run": {
    "content": {
      "title": " ऐप चलाएँ",
      "body": "<ol>\n<li> से<strong> लाइव पूर्वावलोकन सेटिंग्स</strong> विंडो, के लिए चेकबॉक्स चुनें<strong> उत्तरदायी वेब</strong>.<br /> सुनिश्चित करें कि आपने अन्य सभी प्लेटफॉर्म और चैनलों को अचयनित किया है।</li>\n<li> क्लिक करें<strong> सहेजें और amp; Daud</strong>.<br /> आइरिस को दिखाने में कुछ समय लग सकता है<strong> लाइव पूर्वावलोकन तैयार है</strong> window.</li>\n</ol>"
    },
    "navigationBar": {
      "left": {
        "text": " पिछला"
      },
      "right": {
        "text": " अगला"
      }
    }
  },
  "Card.VoltMX.UserRepositoryAuthV9.settings": {
    "content": {
      "title": " लाइव पूर्वावलोकन के लिए सेटिंग्स",
      "body": "<ol><li> मुख्य मेनू से, चुनें<b> बिल्ड</b>.</li>\n<li> क्लिक करें<b> लाइव पूर्वावलोकन सेटिंग्स।</b></li>"
    },
    "navigationBar": {
      "left": {
        "text": " पिछला"
      },
      "right": {
        "text": " अगला"
      }
    }
  },
  "Card.VoltMX.UserRepositoryAuthV9.testLogin": {
    "content": {
      "title": " लॉगिन क्रेडेंशियल का परीक्षण करें",
      "body": "<ol>\n<li> पर<b> पहचान सेवा कॉन्फ़िगर करें</b> विंडो, क्लिक करें<b> परीक्षण लॉगिन</b>.</li>\n<li> दर्ज करें<b> यूजर आईडी</b> (ईमेल) और<b> पासवर्ड</b> आपने बनाया है।</li>\n<li> क्लिक करें<b> साइन इन करें</b>.</li><br> बंद करें<b> पहचान सेवा कॉन्फ़िगर करें</b> आपके एप्लिकेशन में सेवा जोड़ने के लिए विंडो।"
    },
    "navigationBar": {
      "left": {
        "text": " पिछला"
      },
      "right": {
        "text": " अगला"
      }
    }
  },
  "Card.VoltMX.UserRepositoryAuthV9.view": {
    "content": {
      "title": " ऐप देखें",
      "body": "<ol>\n<li> पर<strong> लॉगिन</strong> अपने ऐप के पेज पर, वोल्ट एमएक्स उपयोगकर्ता रिपोजिटरी में आपके द्वारा बनाए गए उपयोगकर्ता क्रेडेंशियल दर्ज करें।</li>\n<li> क्लिक करें<strong> लॉगिन</strong>.<br /> आपको होम पेज पर निर्देशित किया जाएगा।</li>\n<li> क्लिक करें<strong> लॉगआउट</strong>. <br /> आपको लॉग इन पेज पर रीडायरेक्ट कर दिया जाएगा।</li>\n</ol>"
    },
    "navigationBar": {
      "left": {
        "text": " पिछला"
      },
      "right": {
        "text": " अगला"
      }
    }
  }
}