{
  "Tour.PubishAppEnterpriseStoreV9": {
    "description": "旅游描述"
  },
  "Hike.VoltMX.PubishAppEnterpriseStoreV9": {
    "description": "徒步说明"
  },
  "Card.VoltMX.PubishAppEnterpriseStoreV9.done": {
    "content": {
      "title": " 恭喜",
      "body": "<p>你已经成功：</p>\n<ul><b>\n<li><strong>构建应用程序并将其发布到企业应用程序商店</strong></li>\n<li><strong>在移动设备上预览应用</strong></li></b>\n</ul><br/>\n<p>要了解有关 Volt MX Iris 的更多信息，请访问<a href='#'onClick='javascript:openURL(\"https://support.hcltechsw.com/\")'>大本营</a>.</p>"
    },
    "navigationBar": {
      "left": {
        "text": "上一个"
      },
      "right": {
        "text": "完成"
      }
    }
  },
  "Card.VoltMX.PubishAppEnterpriseStoreV9.explore": {
    "content": {
      "title": "探索应用",
      "body": "<ol>\n<li>安装应用程序后，打开应用程序。<br/>来自<b>Volt MX JavaScript 调试器配置</b>窗口，选择<b>取消</b>.</li><li>在您的应用中输入以下登录凭据。<ul>\n<li>用户名：<b>john.doe@woodburn.com</b></li>\n<li>密码：<b>VoltMX@123</b></li>\n</ul>\n</li>\n<li>点击<strong>登录</strong>.<br /><b>账户列表</b>出现。</li>\n<li>点击<strong>收件人</strong>.&nbsp;<br /><strong>收件人列表</strong>出现。</li>\n<li>点击添加<strong> (+)</strong> ，将收件人添加到您的帐户。</li>\n<li>从列表中选择收件人以查看其详细信息。<br />在详细信息页面，您可以编辑或删除收件人。</li>\n</ol>"
    },
    "navigationBar": {
      "left": {
        "text": "上一个"
      },
      "right": {
        "text": "下一个"
      }
    }
  },
  "Card.VoltMX.PubishAppEnterpriseStoreV9.Intro": {
    "content": {
      "title": "将应用程序发布到企业商店",
      "body": "<p><strong>让我们开始吧！</strong></p><br/>\n<p>在这次远足中，您将学习如何将应用发布到<strong>企业应用商店</strong>安卓。</p><br/>\n<p>在开始之前，完成远足：</p>\n<ol><b>\n<li><a class=\"tour-link\" tour=\"7408efte-e2aa-4cr8-a9ub-d7ba36n8\"> 进口 &amp;启动本机应用程序</a></li>\n</b></ol><br/>\n<p>确保您打开在上一次徒步旅行中创建的相同项目。</p>\n<p>要打开一个关闭的项目，从主菜单，导航到<strong>项目</strong>&gt;<strong>打开</strong>&gt;<strong>HCL 参考架构</strong>&gt;<b> RecipientsMobile</b>.</p><br/>\n<p><strong>准备好后，单击开始！</strong></p>"
    },
    "navigationBar": {
      "left": {
        "text": "上一个"
      },
      "right": {
        "text": "开始"
      }
    }
  },
  "Card.VoltMX.PubishAppEnterpriseStoreV9.iOS": {
    "content": {
      "title": "iOS 中的企业商店",
      "body": "<p>要在发布模式下构建和发布应用程序，您必须满足以下特定于平台的先决条件：</p>\n<ul>\n<li>如果您为<strong>iOS</strong>在Release模式下，您必须提供Mobile Provision、.P12证书、P12密码和开发方法。要提供这些详细信息，请导航至<strong>项目设置</strong>&gt;<strong>本地</strong>&gt;<strong>iPhone/iPad</strong>。有关 iOS 配置的更多详细信息，请单击<a href='#'onClick='javascript:openURL(\"https://support.hcltechsw.com/csm?id=kb_article&sysparm_article=KB0083760\")'>这里</a>.</li>\n<li>如果你为<strong>安卓</strong>在发布模式下，您必须提供 Android 签名详细信息。为此，请访问<strong>项目设置</strong>&gt;<strong>本地</strong>&gt;<strong>Android手机/平板电脑</strong>。有关 Android 签名详细信息的更多详细信息，请单击<a href='#'onClick='javascript:openURL(\"https://support.hcltechsw.com/csm?id=kb_article&sysparm_article=KB0083782\")'>这里</a>.</li>\n</ul>\n<p><br />有关如何在iOS和Android的Release模式下将应用发布到企业应用商店的信息，请参阅<a href='#'onClick='javascript:openURL(\"https://opensource.hcltechsw.com/volt-mx-docs/docs/documentation/Iris/iris_user_guide/Content/EAS.html\")'>虹膜用户指南</a>.</p>"
    },
    "navigationBar": {
      "left": {
        "text": "上一个"
      },
      "right": {
        "text": "下一个"
      }
    }
  },
  "Card.VoltMX.PubishAppEnterpriseStoreV9.publish": {
    "content": {
      "title": "发布原生Android应用",
      "body": "<ol>\n<li>从主菜单中，选择<strong>构建</strong>.</li>\n<li>点击<strong>构建和发布本机</strong>.<br /><strong>构建和发布本机</strong>窗口出现。</li>\n</ol>"
    },
    "navigationBar": {
      "left": {
        "text": "上一个"
      },
      "right": {
        "text": "下一个"
      }
    }
  },
  "Card.VoltMX.PubishAppEnterpriseStoreV9.publish2": {
    "content": {
      "title": "发布应用",
      "body": "<ol>\n<li>对于<strong>构建后操作</strong> ，从下拉列表中选择<strong>发布到我的应用商店</strong>.</li>\n<li>下<strong>手机</strong> ，选中复选框<strong>安卓</strong>.<br />确保您已取消选中所有其他平台和频道的复选框。</li>\n<li>对于<strong>构建模式</strong> ，从下拉列表中选择<strong>调试</strong>.</li>\n<li>点击<strong>构建</strong>.<strong><br /> </strong>Iris 构建应用程序可能需要一些时间。<br />应用发布后，<strong>您的应用程序已准备就绪</strong>窗口出现。</li>\n</ol>"
    },
    "navigationBar": {
      "left": {
        "text": "上一个"
      },
      "right": {
        "text": "下一个"
      }
    }
  },
  "Card.VoltMX.PubishAppEnterpriseStoreV9.view": {
    "content": {
      "title": "查看应用",
      "body": "<ol>\n<li>来自<strong>您的应用程序已准备就绪</strong>窗口，您有两个选项可以查看<strong>企业应用商店</strong>在您的移动设备上：<ul>\n<li><strong>从您的应用商店启动</strong></li>\n<li><strong>使用设备摄像头扫描二维码</strong></li>\n</ul></li>\n<li>输入下面给出的链接<strong>从您的应用商店启动</strong>或扫描移动设备上的二维码打开企业应用商店。</li>\n<li>点击<strong>获取</strong>在应用程序名称旁边<b> RecipientsMobile</b>.</li>\n<li>移动应用程序的安装文件下载到您的移动设备。<br/>安装此文件以打开和查看应用程序。</li>\n</ol>"
    },
    "navigationBar": {
      "left": {
        "text": "上一个"
      },
      "right": {
        "text": "下一个"
      }
    }
  }
}