{
  "Tour.PubishAppEnterpriseStoreV9": {
    "description": "旅遊描述"
  },
  "Hike.VoltMX.PubishAppEnterpriseStoreV9": {
    "description": "徒步說明"
  },
  "Card.VoltMX.PubishAppEnterpriseStoreV9.done": {
    "content": {
      "title": " 恭喜",
      "body": "<p>你已經成功：</p>\n<ul><b>\n<li><strong>構建應用程序並將其發佈到企業應用程序商店</strong></li>\n<li><strong>在移動設備上預覽應用</strong></li></b>\n</ul><br/>\n<p>要了解有關 Volt MX Iris 的更多信息，請訪問<a href='#'onClick='javascript:openURL(\"https://support.hcltechsw.com/\")'>大本營</a>.</p>"
    },
    "navigationBar": {
      "left": {
        "text": "上一個"
      },
      "right": {
        "text": "完成"
      }
    }
  },
  "Card.VoltMX.PubishAppEnterpriseStoreV9.explore": {
    "content": {
      "title": "探索應用",
      "body": "<ol>\n<li>安裝應用程序後，打開應用程序。<br/>來自<b>Volt MX JavaScript 調試器配置</b>窗口，選擇<b>取消</b>.</li><li>在您的應用中輸入以下登錄憑據。<ul>\n<li>用戶名：<b>john.doe@woodburn.com</b></li>\n<li>密碼：<b>VoltMX@123</b></li>\n</ul>\n</li>\n<li>點擊<strong>登錄</strong>.<br /><b>賬戶列表</b>出現。</li>\n<li>點擊<strong>收件人</strong>.&nbsp;<br /><strong>收件人列表</strong>出現。</li>\n<li>點擊添加<strong> (+)</strong> ，將收件人添加到您的帳戶。</li>\n<li>從列表中選擇收件人以查看其詳細信息。<br />在詳細信息頁面，您可以編輯或刪除收件人。</li>\n</ol>"
    },
    "navigationBar": {
      "left": {
        "text": "上一個"
      },
      "right": {
        "text": "下一個"
      }
    }
  },
  "Card.VoltMX.PubishAppEnterpriseStoreV9.Intro": {
    "content": {
      "title": "將應用程序發佈到企業商店",
      "body": "<p><strong>讓我們開始吧！</strong></p><br/>\n<p>在這次遠足中，您將學習如何將應用發佈到<strong>企業應用商店</strong>安卓。</p><br/>\n<p>在開始之前，完成遠足：</p>\n<ol><b>\n<li><a class=\"tour-link\" tour=\"7408efte-e2aa-4cr8-a9ub-d7ba36n8\"> 進口 &amp;啟動本機應用程序</a></li>\n</b></ol><br/>\n<p>確保您打開在上一次徒步旅行中創建的相同項目。</p>\n<p>要打開一個關閉的項目，從主菜單，導航到<strong>項目</strong>&gt;<strong>打開</strong>&gt;<strong>HCL 參考架構</strong>&gt;<b> RecipientsMobile</b>.</p><br/>\n<p><strong>準備好後，單擊開始！</strong></p>"
    },
    "navigationBar": {
      "left": {
        "text": "上一個"
      },
      "right": {
        "text": "開始"
      }
    }
  },
  "Card.VoltMX.PubishAppEnterpriseStoreV9.iOS": {
    "content": {
      "title": "iOS 中的企業商店",
      "body": "<p>要在發布模式下構建和發布應用程序，您必須滿足以下特定於平台的先決條件：</p>\n<ul>\n<li>如果您為<strong>iOS</strong>在Release模式下，您必須提供Mobile Provision、.P12證書、P12密碼和開發方法。要提供這些詳細信息，請導航至<strong>項目設置</strong>&gt;<strong>本地</strong>&gt;<strong>iPhone/iPad</strong>。有關 iOS 配置的更多詳細信息，請單擊<a href='#'onClick='javascript:openURL(\"https://support.hcltechsw.com/csm?id=kb_article&sysparm_article=KB0083760\")'>這裡</a>.</li>\n<li>如果你為<strong>安卓</strong>在發布模式下，您必須提供 Android 簽名詳細信息。為此，請訪問<strong>項目設置</strong>&gt;<strong>本地</strong>&gt;<strong>Android手機/平板電腦</strong>。有關 Android 簽名詳細信息的更多詳細信息，請單擊<a href='#'onClick='javascript:openURL(\"https://support.hcltechsw.com/csm?id=kb_article&sysparm_article=KB0083782\")'>這裡</a>.</li>\n</ul>\n<p><br />有關如何在iOS和Android的Release模式下將應用發佈到企業應用商店的信息，請參閱<a href='#'onClick='javascript:openURL(\"https://opensource.hcltechsw.com/volt-mx-docs/docs/documentation/Iris/iris_user_guide/Content/EAS.html\")'>虹膜用戶指南</a>.</p>"
    },
    "navigationBar": {
      "left": {
        "text": "上一個"
      },
      "right": {
        "text": "下一個"
      }
    }
  },
  "Card.VoltMX.PubishAppEnterpriseStoreV9.publish": {
    "content": {
      "title": "發布原生Android應用",
      "body": "<ol>\n<li>從主菜單中，選擇<strong>構建</strong>.</li>\n<li>點擊<strong>構建和發布本機</strong>.<br /><strong>構建和發布本機</strong>窗口出現。</li>\n</ol>"
    },
    "navigationBar": {
      "left": {
        "text": "上一個"
      },
      "right": {
        "text": "下一個"
      }
    }
  },
  "Card.VoltMX.PubishAppEnterpriseStoreV9.publish2": {
    "content": {
      "title": "發布應用",
      "body": "<ol>\n<li>對於<strong>構建後操作</strong> ，從下拉列表中選擇<strong>發佈到我的應用商店</strong>.</li>\n<li>下<strong>手機</strong> ，選中復選框<strong>安卓</strong>.<br />確保您已取消選中所有其他平台和頻道的複選框。</li>\n<li>對於<strong>構建模式</strong> ，從下拉列表中選擇<strong>調試</strong>.</li>\n<li>點擊<strong>構建</strong>.<strong><br /> </strong>Iris 構建應用程序可能需要一些時間。<br />應用發布後，<strong>您的應用程序已準備就緒</strong>窗口出現。</li>\n</ol>"
    },
    "navigationBar": {
      "left": {
        "text": "上一個"
      },
      "right": {
        "text": "下一個"
      }
    }
  },
  "Card.VoltMX.PubishAppEnterpriseStoreV9.view": {
    "content": {
      "title": "查看應用",
      "body": "<ol>\n<li>來自<strong>您的應用程序已準備就緒</strong>窗口，您有兩個選項可以查看<strong>企業應用商店</strong>在您的移動設備上：<ul>\n<li><strong>從您的應用商店啟動</strong></li>\n<li><strong>使用設備攝像頭掃描二維碼</strong></li>\n</ul></li>\n<li>輸入下面給出的鏈接<strong>從您的應用商店啟動</strong>或掃描移動設備上的二維碼打開企業應用商店。</li>\n<li>點擊<strong>獲取</strong>在應用程序名稱旁邊<b> RecipientsMobile</b>.</li>\n<li>移動應用程序的安裝文件下載到您的移動設備。<br/>安裝此文件以打開和查看應用程序。</li>\n</ol>"
    },
    "navigationBar": {
      "left": {
        "text": "上一個"
      },
      "right": {
        "text": "下一個"
      }
    }
  }
}