<?xml version="1.0"?>
<Hike kuid="bc6956ta-31a0-41rf-b5ue-ea7246ne" id="kony.ConnectAppUItoDataMob_v9" title="kony.ConnectAppUItoDataMob_v9">
    <Description> Description of hike</Description>
    <Meta>
        <Creator>Rashmi Menon</Creator>
        <CreatedOn>Mon, 23 Mar 2020 07:32:55 GMT</CreatedOn>
    </Meta>
    <Hikecard id="kony.ConnectAppUItoDataMob_v9.intro"/>
    <Hikecard id="kony.ConnectAppUItoDataMob_v9_preshow"/>
    <Hikecard id="kony.ConnectAppUItoDataMob_v9.preShow1"/>
    <Hikecard id="kony.ConnectAppUItoDataMob_v9.mapping"/>
    <Hikecard id="kony.ConnectAppUItoDataMob_v9.mapping1"/>
    <Hikecard id="kony.ConnectAppUItoDataMob_v9.static"/>
    <Hikecard id="kony.ConnectAppUItoDataMob_v9.recipients"/>
    <Hikecard id="kony.ConnectAppUItoDataMob_v9.recipients1"/>
    <Hikecard id="kony.ConnectAppUItoDataMob_v9.service1"/>
    <Hikecard id="kony.ConnectAppUItoDataMob_v9.mappingUI"/>
    <Hikecard id="kony.ConnectAppUItoDataMob_v9.mappingUI1"/>
    <Hikecard id="kony.ConnectAppUItoDataMob_v9.dismiss"/>
    <Hikecard id="kony.ConnectAppUItoDataMob_v9.nav"/>
    <Hikecard id="kony.ConnectAppUItoDataMob_v9.nav1"/>
    <Hikecard id="kony.ConnectAppUItoDataMob_v9.openApp"/>
    <Hikecard id="kony.ConnectAppUItoDataMob_v9.run"/>
    <Hikecard id="kony.ConnectAppUItoDataMob_v9.launch"/>
    <Hikecard id="kony.ConnectAppUItoDataMob_v9.done"/>
</Hike>