{
    "kuid": "e6da41ta-6cac-49rb-96uc-9645bcn1",
    "id": "kony.ConnectAppUItoDataMob_v9.mapping",
    "content": {
        "title": "Add Mapping Action",
        "body": "<ol>\n<li>From the <strong>Action Editor</strong> canvas, under <strong>Invoke Service</strong>, select <strong>Callback</strong>.</li>\n<li>From the left menu of the <strong>Action Editor</strong>, under <strong>Mapping</strong>, select <strong>Add Mapping</strong>.<br />The <strong>Mapping Editor</strong> window appears.</li>\n<li>From the left pane of the <strong>Mapping Editor</strong>, expand <strong>Services</strong> &gt; <strong>Service-AccountStorage$Accounts$get</strong> and select <strong>records{collection}</strong>.</li>\n<li>From the right pane of the <strong>Mapping Editor</strong>, expand <strong>Forms</strong> &gt; <strong>frmAccount</strong> &gt; <strong>Segment-segAccount</strong> &gt; <strong>masterdatamap</strong> and select <strong>rowData{collection}</strong>.</li>\n</ol>"
    },
    "pointer": {
        "direction": "left",
        "element": "",
        "type": "none"
    },
    "navigationType": "manual",
    "navigationBar": {
        "left": {
            "text": "Previous",
            "enable": true,
            "hide": false
        },
        "right": {
            "text": "Next",
            "enable": true,
            "hide": false
        }
    },
    "navigationCondition": "",
    "position": "BOTTOM_RIGHT",
    "meta": {
        "Creator": "Rashmi Menon",
        "CreatedOn": "Mon, 23 Mar 2020 08:05:51 GMT"
    },
    "context": []
}