{
    "kuid": "51552et7-ebab-4br7-a7ub-b1378en9",
    "id": "kony.CreateDetailsNative_v9.deleteFeature21",
    "content": {
        "title": "Adding Delete Feature",
        "body": "<ol>\n<li>From the left menu of the <strong>Action Editor</strong>, under the <strong>Widget</strong> section, select <strong>Set Widget Property</strong>.</li>\n<li>From the right pane, under <strong>Mobile</strong> <strong>Forms</strong> &gt; <strong>frmDetails</strong> &gt; <strong>flexFieldsContainer</strong>, select <strong>flexDeleteSuccessHeader</strong>.</li>\n<li>In the right pane of the mapping editor, provide the following values.\n<ul>\n<li>Property: <strong>Visible</strong></li>\n<li>Value: <strong>True</strong></li>\n</ul>\n</li>\n</ol>"
    },
    "pointer": {
        "direction": "left",
        "element": "",
        "type": "none"
    },
    "navigationType": "manual",
    "navigationBar": {
        "left": {
            "text": "Previous",
            "enable": true,
            "hide": false
        },
        "right": {
            "text": "Next",
            "enable": true,
            "hide": false
        }
    },
    "navigationCondition": "",
    "position": "BOTTOM_RIGHT",
    "meta": {
        "Creator": "Rashmi Menon",
        "CreatedOn": "Mon, 23 Mar 2020 09:51:16 GMT"
    },
    "context": []
}