{
  "Tour.AddCreatePayeeWeb_v9": {
    "description": " यात्रा का विवरण"
  },
  "Hike.VoltMX.AddCreatePayeeWeb_v9": {
    "description": " वृद्धि का विवरण"
  },
  "Card.VoltMX.AddCreatePayeeWeb_v9.confAccount": {
    "content": {
      "title": " खाता स्क्रीन पर नेविगेशन कॉन्फ़िगर करें",
      "body": "<ol>\n<li> से<strong> परियोजना</strong> एक्सप्लोरर, विस्तृत करें<strong> उत्तरदायी वेब/डेस्कटॉप</strong> &gt;<strong> प्रपत्र</strong> &gt;<strong> frmAddRecipient</strong> &gt;<strong> flxAddRecipient</strong> &gt;<strong> flxMenu</strong> , और चुनें<strong> flxखाताटैब</strong>.</li>\n<li> से<strong> गुण</strong> पैनल, पर नेविगेट करें<strong> क्रिया</strong> टैब।</li>\n<li> के लिए<strong> ऑनक्लिक</strong> घटना, क्लिक करें<strong> संपादित करें</strong>.<br /> The<strong> एक्शन एडिटर</strong> विंडो प्रकट होती है।</li>\n</ol>"
    },
    "navigationBar": {
      "left": {
        "text": " पिछला"
      },
      "right": {
        "text": " अगला"
      }
    }
  },
  "Card.VoltMX.AddCreatePayeeWeb_v9.confAccount1": {
    "content": {
      "title": " खाता स्क्रीन पर नेविगेशन कॉन्फ़िगर करें",
      "body": "<ol>\n<li> के बाएं मेनू से<strong> एक्शन एडिटर</strong> , के तहत<strong> सामान्य</strong> अनुभाग, चुनें<strong> फॉर्म पर नेविगेट करें</strong>.</li>\n<li> दाएँ फलक से, चुनें<strong> frmखाता</strong>.</li>\n<li> क्लिक करें<strong> सहेजें</strong>.</li>\n</ol>"
    },
    "navigationBar": {
      "left": {
        "text": " पिछला"
      },
      "right": {
        "text": " अगला"
      }
    }
  },
  "Card.VoltMX.AddCreatePayeeWeb_v9.confCancel": {
    "content": {
      "title": " रद्द करें बटन को कॉन्फ़िगर करें",
      "body": "<ol>\n<li> से<strong> परियोजना</strong> एक्सप्लोरर, विस्तृत करें<strong> उत्तरदायी वेब / डेस्कटॉप</strong> &gt;<strong> प्रपत्र</strong> &gt;<strong> frmAddRecipient</strong> &gt;<strong> flxAddRecipient</strong> &gt;<strong> flxEntryFields</strong> &gt;<strong> flxButtons</strong> , और चुनें<strong> btnरद्द करें</strong>.</li>\n<li> से<strong> गुण</strong> पैनल, पर नेविगेट करें<strong> क्रिया</strong> टैब।</li>\n<li> के लिए<strong> ऑनक्लिक</strong> घटना, क्लिक करें<strong> संपादित करें</strong>.<br /> The<strong> एक्शन एडिटर</strong> विंडो प्रकट होती है।</li>\n</ol>"
    },
    "navigationBar": {
      "left": {
        "text": " पिछला"
      },
      "right": {
        "text": " अगला"
      }
    }
  },
  "Card.VoltMX.AddCreatePayeeWeb_v9.confCancel1": {
    "content": {
      "title": " रद्द करें बटन को कॉन्फ़िगर करें",
      "body": "<ol>\n<li> के बाएं मेनू से<strong> एक्शन एडिटर</strong> , के तहत<strong> सामान्य</strong> अनुभाग, चुनें<strong> फॉर्म पर नेविगेट करें</strong>.</li>\n<li> दाएँ फलक से, चुनें<strong> frmप्राप्तकर्ता</strong>.</li>\n<li> क्लिक करें<strong> सहेजें</strong>.</li>\n</ol>"
    },
    "navigationBar": {
      "left": {
        "text": " पिछला"
      },
      "right": {
        "text": " अगला"
      }
    }
  },
  "Card.VoltMX.AddCreatePayeeWeb_v9.configure11": {
    "content": {
      "title": " प्राप्तकर्ताओं का मानचित्रण",
      "body": "<ul>\n<li> बाएँ फलक से विस्तृत करें<strong> टेक्स्टफिल्ड - tbxLastName</strong> और चुनें<strong> टेक्स्ट {स्ट्रिंग}</strong>.<br /> दाएँ फलक से चयन करें<strong> अंतिम नाम {स्ट्रिंग}</strong>.</li>\n<li> बाएँ फलक से विस्तृत करें<strong> टेक्स्टफिल्ड - tbxNickName</strong> और चुनें<strong> टेक्स्ट {स्ट्रिंग}</strong>.<br /> दाएँ फलक से चयन करें<strong> उपनाम {स्ट्रिंग}</strong>.</li>\n<li> बाएँ फलक से विस्तृत करें<strong> टेक्स्टफिल्ड - tbxPhone</strong> और चुनें<strong> टेक्स्ट {स्ट्रिंग}</strong>.<br /> दाएँ फलक से चयन करें<strong> फ़ोन {स्ट्रिंग}</strong>.</li>\n</ul>"
    },
    "navigationBar": {
      "left": {
        "text": " पिछला"
      },
      "right": {
        "text": " अगला"
      }
    }
  },
  "Card.VoltMX.AddCreatePayeeWeb_v9.configureAdd": {
    "content": {
      "title": " ऐड ऑपरेशन को कॉन्फ़िगर करना",
      "body": "<ol>\n<li> से<strong> परियोजना</strong> एक्सप्लोरर, विस्तृत करें<strong> उत्तरदायी वेब / डेस्कटॉप</strong> &gt;<strong> प्रपत्र</strong> &gt;<strong> frmAddRecipient</strong> &gt;<strong> flxAddRecipient</strong> &gt;<strong> flxEntryFields</strong> &gt;<strong> flxButtons</strong> , और चुनें<strong> btnजोड़ें</strong>.</li>\n<li> से<strong> डेटा &amp; सेवाएं</strong> पैनल, विस्तार करें<strong> परियोजना सेवाएं</strong> &gt;<strong> प्राप्तकर्ता भंडारण</strong> &gt;<strong> प्राप्तकर्ता</strong>.</li>\n<li> चुनें<strong> बनाएँ</strong> ऑपरेशन करें और इसे इस पर छोड़ दें<strong> जोड़ें</strong> कैनवास पर बटन।</li>\n<li> क्रियाओं की सूची से, चुनें<strong> क्रिया: ऑनक्लिक</strong>.<br /> The<strong> एक्शन एडिटर</strong> विंडो प्रकट होती है।<br /> मैपिंग संपादक विंडो के दाएँ फलक पर खुलता है।</li>\n</ol>"
    },
    "navigationBar": {
      "left": {
        "text": " पिछला"
      },
      "right": {
        "text": " अगला"
      }
    }
  },
  "Card.VoltMX.AddCreatePayeeWeb_v9.configureAdd1": {
    "content": {
      "title": " प्राप्तकर्ताओं का मानचित्रण",
      "body": "<ol>\n<li> मैपिंग संपादक के बाएँ फलक से, विस्तृत करें<strong> प्रपत्र</strong> &gt;<strong> frmAddRecipient</strong>.</li>\n<li> मैपिंग संपादक के दाएँ फलक से, विस्तृत करें<strong> सेवाएं</strong> &gt;<strong> RecipientStorage$Recipients$create</strong>.</li>\n<li> निम्न विजेट्स को बाएँ फलक से दाएँ फलक पर सेवा मापदंडों पर मैप करें:<ul>\n<li> बाएँ फलक से विस्तृत करें<strong> टेक्स्टफिल्ड - tbxFirstName</strong> और चुनें<strong> टेक्स्ट {स्ट्रिंग}।<br /></strong> दाएँ फलक से चयन करें<strong> पहला नाम {स्ट्रिंग}</strong>.</li>\n</ul>\n</li>\n</ol>"
    },
    "navigationBar": {
      "left": {
        "text": " पिछला"
      },
      "right": {
        "text": " अगला"
      }
    }
  },
  "Card.VoltMX.AddCreatePayeeWeb_v9.configureAdd2": {
    "content": {
      "title": " सफलता के लिए कार्रवाई",
      "body": "<ol>\n<li> के शीर्ष-दाईं ओर से<strong> एक्शन एडिटर</strong> विंडो, चुनें<strong> डिज़ाइन दृश्य</strong>.</li>\n<li> एक्शन एडिटर कैनवास से, चुनें<strong> यदि प्राप्तकर्ता.opstatus 0 के बराबर है</strong>.</li>\n<li> से<strong> एक्शन एडिटर</strong> बाएँ मेनू, के अंतर्गत<strong> विजेट</strong> अनुभाग, चुनें<strong> विजेट संपत्ति सेट करें</strong>.</li>\n<li> दाएँ फलक से, विस्तृत करें<b> डेस्कटॉप प्रपत्र</b> > <b> frmAddRecipient</b> > <b> flxAddRecipient</b> और चुनें<strong> flexSuccess</strong>.</li>\n<li> अंतिम फलक में निम्नलिखित मानों को संशोधित करें:<ul>\n<li> संपत्ति:<strong> दर्शनीय</strong></li>\n<li> मान:<strong> सच</strong></li>\n</ul></li>\n</ol>"
    },
    "navigationBar": {
      "left": {
        "text": " पिछला"
      },
      "right": {
        "text": " अगला"
      }
    }
  },
  "Card.VoltMX.AddCreatePayeeWeb_v9.configureAdd3": {
    "content": {
      "title": " सफलता चेतावनी कॉन्फ़िगर करें",
      "body": "<ol>\n<li> के बाएं मेनू से<strong> एक्शन एडिटर</strong> , के तहत<strong> समारोह:</strong> अनुभाग, चुनें<strong> स्निपेट जोड़ें</strong>.</li>\n<li> दाएँ फलक में, निम्न कोड टाइप करें:<br /><span style=\"background-color: #999999;\"> self.view.forceLayout();</span></li>\n<li> क्लिक करें<strong> सहेजें</strong>.</li>\n</ol>"
    },
    "navigationBar": {
      "left": {
        "text": " पिछला"
      },
      "right": {
        "text": " अगला"
      }
    }
  },
  "Card.VoltMX.AddCreatePayeeWeb_v9.configureBack": {
    "content": {
      "title": " बैक बटन को कॉन्फ़िगर करना",
      "body": "<ol>\n<li> से<strong> परियोजना</strong> एक्सप्लोरर, विस्तृत करें<strong> उत्तरदायी वेब / डेस्कटॉप</strong> &gt;<strong> प्रपत्र</strong> &gt;<strong> frmAddRecipient</strong> &gt;<strong> flxAddRecipient</strong> &gt;<strong> flxToolbar</strong> , और चुनें<strong> flxBack</strong>.</li>\n<li> से<strong> गुण</strong> पैनल, पर नेविगेट करें<strong> क्रिया</strong> टैब।</li>\n<li> के लिए<strong> ऑनक्लिक</strong> घटना, क्लिक करें<strong> संपादित करें</strong>.<br /> The<strong> एक्शन एडिटर</strong> विंडो प्रकट होती है।</li>\n</ol>"
    },
    "navigationBar": {
      "left": {
        "text": " पिछला"
      },
      "right": {
        "text": " अगला"
      }
    }
  },
  "Card.VoltMX.AddCreatePayeeWeb_v9.ConfigureBack1": {
    "content": {
      "title": " बैक नेविगेशन कॉन्फ़िगर करें",
      "body": "<ol>\n<li> के बाएं मेनू से<strong> एक्शन एडिटर</strong> , के तहत<strong> सामान्य</strong> अनुभाग, चुनें<strong> फॉर्म पर नेविगेट करें</strong>.</li>\n<li> दाएँ फलक से, चुनें<strong> frmप्राप्तकर्ता</strong>.</li>\n<li> क्लिक करें<strong> सहेजें</strong>.</li>\n</ol>"
    },
    "navigationBar": {
      "left": {
        "text": " पिछला"
      },
      "right": {
        "text": " अगला"
      }
    }
  },
  "Card.VoltMX.AddCreatePayeeWeb_v9.confLgout2": {
    "content": {
      "title": " लॉगआउट कॉन्फ़िगर करें",
      "body": "<ol>\n<li> एक्शन एडिटर कैनवास पर, क्लिक करें<strong> सफलता</strong>.</li>\n<li> के बाएं मेनू से<strong> एक्शन एडिटर</strong> , के तहत<strong> सामान्य</strong> अनुभाग, चुनें<strong> फॉर्म पर नेविगेट करें</strong>.</li>\n<li> दाएँ फलक से, चुनें<strong> frmLogin</strong>.</li>\n<li> क्लिक करें<strong> सहेजें</strong>.</li>\n</ol>"
    },
    "navigationBar": {
      "left": {
        "text": " पिछला"
      },
      "right": {
        "text": " अगला"
      }
    }
  },
  "Card.VoltMX.AddCreatePayeeWeb_v9.confLogout": {
    "content": {
      "title": " लॉगआउट कॉन्फ़िगर करें",
      "body": "<ol>\n<li> से<strong> परियोजना</strong> एक्सप्लोरर, विस्तृत करें<strong> frmAddRecipient</strong> &gt;<strong> flxAddRecipient</strong> &gt;<strong> flxHeader</strong> , और चुनें<strong> flxUserLogout</strong>.</li>\n<li> से<strong> गुण</strong> पैनल, पर नेविगेट करें<strong> क्रिया</strong> टैब।</li>\n<li> के लिए<strong> ऑनक्लिक</strong> घटना, क्लिक करें<strong> संपादित करें</strong>.<br /> The<strong> एक्शन एडिटर</strong> विंडो प्रकट होती है।</li><li> के शीर्ष-दाईं ओर से<strong> एक्शन एडिटर</strong> विंडो, चुनें<strong> डिज़ाइन दृश्य</strong>.</li>\n</ol>"
    },
    "navigationBar": {
      "left": {
        "text": " पिछला"
      },
      "right": {
        "text": " अगला"
      }
    }
  },
  "Card.VoltMX.AddCreatePayeeWeb_v9.confLogout1": {
    "content": {
      "title": " लॉगआउट कॉन्फ़िगर करें",
      "body": "<ol>\n<li> के बाएं मेनू से<strong> एक्शन एडिटर</strong> , के तहत<strong> नेटवर्क</strong> अनुभाग, चुनें<strong> सेवा का आह्वान करें</strong>.</li>\n<li> एक्शन एडिटर के दाएँ फलक से, के लिए<strong> सेवा का चयन करें</strong> ड्रॉप डाउन, चुनें<strong> UserAuthentication$logout</strong>.</li>\n</ol>"
    },
    "navigationBar": {
      "left": {
        "text": " पिछला"
      },
      "right": {
        "text": " अगला"
      }
    }
  },
  "Card.VoltMX.AddCreatePayeeWeb_v9.createPayeeForm": {
    "content": {
      "title": " प्राप्तकर्ता जोड़ें स्क्रीन बनाना",
      "body": "<ol>\n<li> से<strong> परियोजना</strong> एक्सप्लोरर, विस्तृत करें<strong> उत्तरदायी वेब / डेस्कटॉप</strong> &gt;<strong> प्रपत्र</strong>.</li>\n<li> राइट-क्लिक करें<strong> प्रपत्र</strong> और चुनें<strong> नया फॉर्म</strong>.</li>\n<li> नए फॉर्म का नाम बदलें<strong> frmAddRecipient</strong>.</li>\n</ol>"
    },
    "navigationBar": {
      "left": {
        "text": " पिछला"
      },
      "right": {
        "text": " अगला"
      }
    }
  },
  "Card.VoltMX.AddCreatePayeeWeb_v9.done": {
    "content": {
      "title": " बधाई",
      "body": "<p> आपने सफलतापूर्वक:</p>\n<ul>\n<li><strong> प्राप्तकर्ता बनाएं स्क्रीन उत्पन्न करें</strong></li>\n<li><strong> प्राप्तकर्ता स्क्रीन बनाने के लिए UI बनाया और अनुकूलित किया गया</strong></li>\n<li><strong> प्राप्तकर्ता बनाएं स्क्रीन में और उससे जोड़ा गया नेविगेशन<br /></strong></li>\n<li><strong> प्राप्तकर्ता स्क्रीन बनाने के लिए लॉगआउट जोड़ा गया</strong></li>\n</ul>\n<p> अपने ऐप में प्राप्तकर्ताओं को संपादित करने के बारे में अधिक जानकारी के लिए, अगली वृद्धि देखें:<a class=\"tour-link\" tour=\"c108beta-87ac-46re-87u3-92e61cnf\"> 8. प्राप्तकर्ता संपादित करें फ़ीचर जोड़ें</a>.</p>"
    },
    "navigationBar": {
      "left": {
        "text": " पिछला"
      },
      "right": {
        "text": " हो गया"
      }
    }
  },
  "Card.VoltMX.AddCreatePayeeWeb_v9.Intro": {
    "content": {
      "title": " वेब ऐप में प्राप्तकर्ता जोड़ना",
      "body": "<p><strong> चलिए शुरू करते हैं!</strong></p>\n<p> इस वृद्धि में, आप सीखेंगे कि कैसे:</p>\n<ul>\n<li> एक फॉर्म जेनरेट करें प्राप्तकर्ता बनाएं</li>\n<li> सेवाओं का उपयोग करके प्राप्तकर्ता प्रपत्र बनाने के लिए UI डिज़ाइन करें</li>\n</ul>\n<p> आरंभ करने से पहले, निम्नलिखित हाइक को पूरा करें:</p>\n<ol><b>\n<li><a class=\"tour-link\" tour=\"5a3913t0-aba2-46rc-adub-832833n2\"> आयात &amp; एक वेब ऐप लॉन्च करें</a></li>\n<li><a class=\"tour-link\" tour=\"220f01t3-bda6-40r0-92uf-56631bnb\"> संग्रह से UI बनाएं</a></li>\n<li><a class=\"tour-link\" tour=\"5e1da5td-37a0-44r6-beu6-374c3cn1\"> ऐप में प्रमाणीकरण जोड़ें</a></li>\n<li><a class=\"tour-link\" tour=\"a851b9t8-75a9-4ara-88ud-946004n9\"> वेब ऐप के लिए सेवाएं बनाना</a></li>\n<li><a class=\"tour-link\" tour=\"ca148ftd-07a9-4ard-98ud-6163d4nc\"> किसी वेब ऐप में ऐप UI को डेटा से कनेक्ट करें</a></li>\n<li><a class=\"tour-link\" tour=\"082af3t0-74a2-4ere-a6u3-749d59n5\"> प्राप्तकर्ता विवरण बनाना और सुविधा हटाना</a></li></b>\n</ol>\n<p> &nbsp;</p>\n<p> सुनिश्चित करें कि आपने वही प्रोजेक्ट खोला है जिसे आपने पिछली हाइक में बनाया था।</p>\n<p> एक बंद परियोजना को खोलने के लिए, मुख्य मेनू से, नेविगेट करें<strong> परियोजना</strong> &gt;<strong> खुला</strong> &gt;<strong> एचसीएल संदर्भ वास्तुकला</strong> &gt;<strong> प्राप्तकर्तावेबएप</strong>.</p>\n<p><strong> जब आप तैयार हों, तो स्टार्ट पर क्लिक करें!</strong></p>"
    },
    "navigationBar": {
      "left": {
        "text": " पिछला"
      },
      "right": {
        "text": " प्रारंभ"
      }
    }
  },
  "Card.VoltMX.AddCreatePayeeWeb_v9.navigate": {
    "content": {
      "title": " प्राप्तकर्ता स्क्रीन से नेविगेट करना",
      "body": "<ol>\n<li> से<strong> परियोजना</strong> एक्सप्लोरर, विस्तृत करें<strong> उत्तरदायी वेब / डेस्कटॉप</strong> &gt;<strong> प्रपत्र</strong> &gt;<strong> frmप्राप्तकर्ता</strong> &gt;<strong> flxRecipientList</strong> &gt;<strong> flxटूलबार,</strong> और चुनें<strong> btnAddPayee</strong>.</li>\n<li> से<strong> गुण</strong> पैनल, पर नेविगेट करें<strong> क्रिया</strong> टैब।</li>\n<li> के लिए<strong> ऑनक्लिक</strong> घटना, क्लिक करें<strong> संपादित करें</strong>.<br /> The<strong> एक्शन एडिटर</strong> विंडो प्रकट होती है।</li>\n</ol>"
    },
    "navigationBar": {
      "left": {
        "text": " पिछला"
      },
      "right": {
        "text": " अगला"
      }
    }
  },
  "Card.VoltMX.AddCreatePayeeWeb_v9.navigate1": {
    "content": {
      "title": " प्राप्तकर्ता स्क्रीन से नेविगेट करना",
      "body": "<ol>\n<li> के बाएँ मेनू से&nbsp;<strong> एक्शन एडिटर</strong> , के तहत<strong> सामान्य</strong> अनुभाग, चुनें<strong> फॉर्म पर नेविगेट करें</strong>.</li>\n<li> दाएँ फलक से, चुनें<strong> frmAddRecipient</strong>.</li>\n<li> क्लिक करें<strong> सहेजें</strong>.</li>\n</ol>"
    },
    "navigationBar": {
      "left": {
        "text": " पिछला"
      },
      "right": {
        "text": " अगला"
      }
    }
  },
  "Card.VoltMX.AddCreatePayeeWeb_v9.run": {
    "content": {
      "title": " ऐप चलाएँ",
      "body": "<ol>\n<li> बाएं नेविगेशन बार से, क्लिक करें<strong> भागो</strong>.<br /> आइरिस को प्रदर्शित होने में कुछ समय लगेगा<strong> लाइव पूर्वावलोकन तैयार है</strong> window.<br /> आइरिस प्रीव्यू विंडो आपका एप्लिकेशन लॉन्च करती है।</li>\n<li> अपने ऐप में निम्नलिखित लॉगिन क्रेडेंशियल दर्ज करें।<ul>\n<li> उपयोगकर्ता नाम:<strong> john.doe@woodburn.com</strong></li>\n<li> पासवर्ड:<strong> वोल्टएमएक्स@123</strong></li>\n</ul>\n</li>\n<li> क्लिक करें<strong> लॉगिन</strong>.<br /> खाता सूची प्रकट होती है।</li>\n<li> क्लिक करें<strong> प्राप्तकर्ता</strong> टैब।<br /> प्राप्तकर्ता सूची प्रकट होती है।</li>\n<li> ऐड पर क्लिक करें<strong> (+)</strong> प्राप्तकर्ता जोड़ने के लिए आइकन।</li>\n<li> प्राप्तकर्ता का विवरण देखने के लिए सूची से उसका चयन करें।<br /> विवरण पृष्ठ से, आप प्राप्तकर्ता को हटा सकते हैं।<br /> आप अगली वृद्धि में प्राप्तकर्ताओं को संपादित करना सीखेंगे।</li>\n<li> लॉगिन स्क्रीन पर नेविगेट करने के लिए स्क्रीन के शीर्ष पर लॉगआउट बटन पर क्लिक करें।</li>\n</ol>"
    },
    "navigationBar": {
      "left": {
        "text": " पिछला"
      },
      "right": {
        "text": " अगला"
      }
    }
  },
  "Card.VoltMX.AddCreatePayeeWeb_v9.successAlert": {
    "content": {
      "title": " सफलता चेतावनी कॉन्फ़िगर करना",
      "body": "<ol>\n<li> से<strong> परियोजना</strong> एक्सप्लोरर, विस्तृत करें<strong> उत्तरदायी वेब/डेस्कटॉप</strong> &gt;<strong> प्रपत्र</strong> &gt;<strong> frmAddRecipient</strong> &gt;<strong> flexSuccess</strong> &gt;<strong> flexSuccessAlert,</strong> और चुनें<strong> बीटीएन हो गया</strong>.</li>\n<li> से<strong> गुण</strong> पैनल, पर नेविगेट करें<strong> क्रिया</strong> टैब।</li>\n<li> के लिए<strong> ऑनक्लिक</strong> घटना, क्लिक करें<strong> संपादित करें</strong>.<br /> The<strong> एक्शन एडिटर</strong> विंडो प्रकट होती है।</li>\n</ol>"
    },
    "navigationBar": {
      "left": {
        "text": " पिछला"
      },
      "right": {
        "text": " अगला"
      }
    }
  },
  "Card.VoltMX.AddCreatePayeeWeb_v9.successAlert1": {
    "content": {
      "title": " सफलता चेतावनी कॉन्फ़िगर करना",
      "body": "<ol>\n<li> के बाएँ मेनू से&nbsp;<strong> एक्शन एडिटर</strong> , के तहत<strong> विजेट</strong> अनुभाग, चुनें<strong> विजेट संपत्ति सेट करें</strong>.</li>\n<li> दाएँ फलक से, विस्तृत करें<b> डेस्कटॉप प्रपत्र</b> > <b> frmAddRecipient</b> > <b> flxAddRecipient</b> और चुनें<strong> flexSuccess</strong>.</li>\n<li> अंतिम फलक में निम्नलिखित मानों को संशोधित करें:<ul>\n<li> संपत्ति:<strong> दर्शनीय</strong></li>\n<li> मान:<strong> गलत</strong></li>\n</ul>\n</li>\n</ol>"
    },
    "navigationBar": {
      "left": {
        "text": " पिछला"
      },
      "right": {
        "text": " अगला"
      }
    }
  },
  "Card.VoltMX.AddCreatePayeeWeb_v9.successAlert2": {
    "content": {
      "title": " सफलता चेतावनी कॉन्फ़िगर करना",
      "body": "<ol>\n<li> के बाएं मेनू से<strong> एक्शन एडिटर</strong> , के तहत<strong> समारोह:</strong> अनुभाग, चुनें<strong> स्निपेट जोड़ें</strong>.</li>\n<li> दाएँ फलक में, निम्न कोड टाइप करें:<br /><span style=\"background-color: #999999;\"> self.view.forceLayout();</span></li>\n<li> के बाएं मेनू से<strong> एक्शन एडिटर</strong> , के तहत<strong> सामान्य</strong> अनुभाग, चुनें<strong> फॉर्म पर नेविगेट करें</strong>.</li>\n<li> दाएँ फलक से, चुनें<strong> frmप्राप्तकर्ता</strong>.</li>\n<li> क्लिक करें<strong> सहेजें</strong>.</li>\n</ol>"
    },
    "navigationBar": {
      "left": {
        "text": " पिछला"
      },
      "right": {
        "text": " अगला"
      }
    }
  },
  "Card.VoltMX.AddCreatePayeeWeb_v9.uiForm": {
    "content": {
      "title": " प्राप्तकर्ता जोड़ने के लिए UI",
      "body": "<ol>\n<li> आइरिस के निचले बाएं पैनल से नेविगेट करें<strong> डिफ़ॉल्ट लाइब्रेरी</strong>.</li>\n<li> के आगे<strong> डिफ़ॉल्ट लाइब्रेरी</strong> , आप के लिए टैब देखेंगे<strong> मेरी लाइब्रेरी</strong> और एक खोज आइकन।<br /> खोज आइकन पर क्लिक करें।</li>\n<li> दिखाई देने वाले खोज बार में, दर्ज करें<strong> AddRecipient</strong>.</li>\n<li> से<strong> प्राप्तकर्तावेब</strong> , चुनें<strong> AddRecipient</strong> और इसे छोड़ दें drop<strong> frmAddRecipient</strong> कैनवास पर।</li>\n<li> पर<strong> विवादों का समाधान</strong> डायलॉग बॉक्स, क्लिक करें<strong> बंद करें</strong>.</li>\n</ol>"
    },
    "navigationBar": {
      "left": {
        "text": " पिछला"
      },
      "right": {
        "text": " अगला"
      }
    }
  }
}