{
  "Tour.AddCreatePayeeWeb_v9": {
    "description": "旅遊描述"
  },
  "Hike.VoltMX.AddCreatePayeeWeb_v9": {
    "description": "徒步說明"
  },
  "Card.VoltMX.AddCreatePayeeWeb_v9.confAccount": {
    "content": {
      "title": "配置導航到帳戶屏幕",
      "body": "<ol>\n<li>來自<strong>項目</strong>資源管理器，展開<strong>響應式網頁/桌面</strong>&gt;<strong>表格</strong>&gt;<strong>frmAddRecipient</strong>&gt;<strong>flxAddRecipient</strong>&gt;<strong>flxMenu</strong> ，然後選擇<strong>flxAccountTab</strong>.</li>\n<li>來自<strong>屬性</strong>面板，導航到<strong>行動</strong>選項卡。</li>\n<li>對於<strong>點擊</strong>事件，點擊<strong>編輯</strong>.<br /><strong>動作編輯器</strong>窗口出現。</li>\n</ol>"
    },
    "navigationBar": {
      "left": {
        "text": "上一個"
      },
      "right": {
        "text": "下一個"
      }
    }
  },
  "Card.VoltMX.AddCreatePayeeWeb_v9.confAccount1": {
    "content": {
      "title": "配置導航到帳戶屏幕",
      "body": "<ol>\n<li>從左側菜單<strong>動作編輯器</strong> , 在<strong>一般</strong>部分，選擇<strong>導航到表單</strong>.</li>\n<li>從右側窗格中，選擇<strong>frmAccount</strong>.</li>\n<li>點擊<strong>保存</strong>.</li>\n</ol>"
    },
    "navigationBar": {
      "left": {
        "text": "上一個"
      },
      "right": {
        "text": "下一個"
      }
    }
  },
  "Card.VoltMX.AddCreatePayeeWeb_v9.confCancel": {
    "content": {
      "title": "配置取消按鈕",
      "body": "<ol>\n<li>來自<strong>項目</strong>資源管理器，展開<strong>響應式網頁/桌面</strong>&gt;<strong>表格</strong>&gt;<strong>frmAddRecipient</strong>&gt;<strong>flxAddRecipient</strong>&gt;<strong>flxEntryFields</strong>&gt;<strong>flxButtons</strong> ，然後選擇<strong>btnCancel</strong>.</li>\n<li>來自<strong>屬性</strong>面板，導航到<strong>行動</strong>標籤。</li>\n<li>對於<strong>點擊</strong>事件，點擊<strong>編輯</strong>.<br /><strong>動作編輯器</strong>窗口出現。</li>\n</ol>"
    },
    "navigationBar": {
      "left": {
        "text": "上一個"
      },
      "right": {
        "text": "下一個"
      }
    }
  },
  "Card.VoltMX.AddCreatePayeeWeb_v9.confCancel1": {
    "content": {
      "title": "配置取消按鈕",
      "body": "<ol>\n<li>從左側菜單<strong>動作編輯器</strong> , 在<strong>一般</strong>部分，選擇<strong>導航到表單</strong>.</li>\n<li>從右側窗格中，選擇<strong>frmRecipients</strong>.</li>\n<li>點擊<strong>保存</strong>.</li>\n</ol>"
    },
    "navigationBar": {
      "left": {
        "text": "上一個"
      },
      "right": {
        "text": "下一個"
      }
    }
  },
  "Card.VoltMX.AddCreatePayeeWeb_v9.configure11": {
    "content": {
      "title": "映射收件人",
      "body": "<ul>\n<li>從左窗格中展開<strong>文本字段-tbxLastName</strong>並選擇<strong>文本{字符串}</strong>.<br />從右側窗格中選擇<strong>姓氏{字符串}</strong>.</li>\n<li>從左窗格中展開<strong>文本字段-tbxNickName</strong>並選擇<strong>文本{字符串}</strong>.<br />從右側窗格中選擇<strong>暱稱{字符串}</strong>.</li>\n<li>從左窗格中展開<strong>文本字段-tbxPhone</strong>並選擇<strong>文本{字符串}</strong>.<br />從右側窗格中選擇<strong>電話{字符串}</strong>.</li>\n</ul>"
    },
    "navigationBar": {
      "left": {
        "text": "上一個"
      },
      "right": {
        "text": "下一個"
      }
    }
  },
  "Card.VoltMX.AddCreatePayeeWeb_v9.configureAdd": {
    "content": {
      "title": "配置添加操作",
      "body": "<ol>\n<li>來自<strong>項目</strong>資源管理器，展開<strong>響應式網頁/桌面</strong>&gt;<strong>表格</strong>&gt;<strong>frmAddRecipient</strong>&gt;<strong>flxAddRecipient</strong>&gt;<strong>flxEntryFields</strong>&gt;<strong>flxButtons</strong> ，然後選擇<strong> btnAdd</strong>.</li>\n<li>來自<strong>數據&amp;服務</strong>面板，展開<strong>項目服務</strong>&gt;<strong>收件人存儲</strong>&gt;<strong>收件人</strong>.</li>\n<li>選擇<strong>創建</strong>操作並將其放到<strong>添加</strong>畫布上的按鈕。</li>\n<li>從操作列表中，選擇<strong>動作：點擊</strong>.<br /><strong>動作編輯器</strong>窗口出現。<br />映射編輯器在窗口的右窗格中打開。</li>\n</ol>"
    },
    "navigationBar": {
      "left": {
        "text": "上一個"
      },
      "right": {
        "text": "下一個"
      }
    }
  },
  "Card.VoltMX.AddCreatePayeeWeb_v9.configureAdd1": {
    "content": {
      "title": "映射收件人",
      "body": "<ol>\n<li>從映射編輯器的左窗格中，展開<strong>表格</strong>&gt;<strong>frmAddRecipient</strong>.</li>\n<li>從映射編輯器的右窗格中，展開<strong>服務</strong>&gt;<strong>RecipientStorage$Recipients$create</strong>.</li>\n<li>將左窗格中的以下小部件映射到右窗格中的服務參數：<ul>\n<li>從左窗格中展開<strong>文本字段-tbxFirstName</strong>並選擇<strong>文本{字符串}。<br /></strong>從右側窗格中選擇<strong>名字{字符串}</strong>.</li>\n</ul>\n</li>\n</ol>"
    },
    "navigationBar": {
      "left": {
        "text": "上一個"
      },
      "right": {
        "text": "下一個"
      }
    }
  },
  "Card.VoltMX.AddCreatePayeeWeb_v9.configureAdd2": {
    "content": {
      "title": "成功的行動",
      "body": "<ol>\n<li>從右上角<strong>動作編輯器</strong>窗口，選擇<strong>設計視圖</strong>.</li>\n<li>從動作編輯器畫布中，選擇<strong>如果 Recipients.opstatus 等於 0</strong>.</li>\n<li>來自<strong>動作編輯器</strong>左側菜單，在<strong>小工具</strong>部分，選擇<strong>設置小部件屬性</strong>.</li>\n<li>從右側窗格中，展開<b>桌面表格</b> > <b>frmAddRecipient</b> > <b>flxAddRecipient</b>然後選擇<strong>flexSuccess</strong>.</li>\n<li>在最後一個窗格中修改以下值：<ul>\n<li>屬性：<strong>可見</strong></li>\n<li>值：<strong>真</strong></li>\n</ul></li>\n</ol>"
    },
    "navigationBar": {
      "left": {
        "text": "上一個"
      },
      "right": {
        "text": "下一個"
      }
    }
  },
  "Card.VoltMX.AddCreatePayeeWeb_v9.configureAdd3": {
    "content": {
      "title": "配置成功警報",
      "body": "<ol>\n<li>從左側菜單<strong>動作編輯器</strong> , 在<strong>功能</strong>部分，選擇<strong>添加代碼段</strong>.</li>\n<li>在右側窗格中，鍵入以下代碼：<br /><span style=\"background-color: #999999;\">self.view.forceLayout（）；</span></li>\n<li>點擊<strong>保存</strong>.</li>\n</ol>"
    },
    "navigationBar": {
      "left": {
        "text": "上一個"
      },
      "right": {
        "text": "下一個"
      }
    }
  },
  "Card.VoltMX.AddCreatePayeeWeb_v9.configureBack": {
    "content": {
      "title": "配置後退按鈕",
      "body": "<ol>\n<li>來自<strong>項目</strong>資源管理器，展開<strong>響應式網頁/桌面</strong>&gt;<strong>表格</strong>&gt;<strong>frmAddRecipient</strong>&gt;<strong>flxAddRecipient</strong>&gt;<strong>flxToolbar</strong> ，然後選擇<strong>flxBack</strong>.</li>\n<li>來自<strong>屬性</strong>面板，導航到<strong>行動</strong>標籤。</li>\n<li>對於<strong>點擊</strong>事件，點擊<strong>編輯</strong>.<br /><strong>動作編輯器</strong>窗口出現。</li>\n</ol>"
    },
    "navigationBar": {
      "left": {
        "text": "上一個"
      },
      "right": {
        "text": "下一個"
      }
    }
  },
  "Card.VoltMX.AddCreatePayeeWeb_v9.ConfigureBack1": {
    "content": {
      "title": "配置後退導航",
      "body": "<ol>\n<li>從左側菜單<strong>動作編輯器</strong> , 在<strong>一般</strong>部分，選擇<strong>導航到表單</strong>.</li>\n<li>從右側窗格中，選擇<strong>frmRecipients</strong>.</li>\n<li>點擊<strong>保存</strong>.</li>\n</ol>"
    },
    "navigationBar": {
      "left": {
        "text": "上一個"
      },
      "right": {
        "text": "下一個"
      }
    }
  },
  "Card.VoltMX.AddCreatePayeeWeb_v9.confLgout2": {
    "content": {
      "title": "配置註銷",
      "body": "<ol>\n<li>在動作編輯器畫布上，單擊<strong>成功</strong>.</li>\n<li>從左側菜單<strong>動作編輯器</strong> , 在<strong>一般</strong>部分，選擇<strong>導航到表單</strong>.</li>\n<li>從右側窗格中，選擇<strong>frmLogin</strong>.</li>\n<li>點擊<strong>保存</strong>.</li>\n</ol>"
    },
    "navigationBar": {
      "left": {
        "text": "上一個"
      },
      "right": {
        "text": "下一個"
      }
    }
  },
  "Card.VoltMX.AddCreatePayeeWeb_v9.confLogout": {
    "content": {
      "title": "配置註銷",
      "body": "<ol>\n<li>來自<strong>項目</strong>資源管理器，展開<strong>frmAddRecipient</strong>&gt;<strong>flxAddRecipient</strong>&gt;<strong>flxHeader</strong> ，然後選擇<strong>flxUserLogout</strong>.</li>\n<li>來自<strong>屬性</strong>面板，導航到<strong>行動</strong>標籤。</li>\n<li>對於<strong>點擊</strong>事件，點擊<strong>編輯</strong>.<br /><strong>動作編輯器</strong>窗口出現。</li><li>從右上角<strong>動作編輯器</strong>窗口，選擇<strong>設計視圖</strong>.</li>\n</ol>"
    },
    "navigationBar": {
      "left": {
        "text": "上一個"
      },
      "right": {
        "text": "下一個"
      }
    }
  },
  "Card.VoltMX.AddCreatePayeeWeb_v9.confLogout1": {
    "content": {
      "title": "配置註銷",
      "body": "<ol>\n<li>從左側菜單<strong>動作編輯器</strong> , 在<strong>網絡</strong>部分，選擇<strong>調用服務</strong>.</li>\n<li>從動作編輯器的右窗格中，對於<strong>選擇服務</strong>下拉，選擇<strong>UserAuthentication$註銷</strong>.</li>\n</ol>"
    },
    "navigationBar": {
      "left": {
        "text": "上一個"
      },
      "right": {
        "text": "下一個"
      }
    }
  },
  "Card.VoltMX.AddCreatePayeeWeb_v9.createPayeeForm": {
    "content": {
      "title": "創建添加收件人屏幕",
      "body": "<ol>\n<li>來自<strong>項目</strong>資源管理器，展開<strong>響應式網頁/桌面</strong>&gt;<strong>表格</strong>.</li>\n<li>右擊<strong>表格</strong>並選擇<strong>新表格</strong>.</li>\n<li>重命名新表格<strong>frmAddRecipient</strong>.</li>\n</ol>"
    },
    "navigationBar": {
      "left": {
        "text": "上一個"
      },
      "right": {
        "text": "下一個"
      }
    }
  },
  "Card.VoltMX.AddCreatePayeeWeb_v9.done": {
    "content": {
      "title": " 恭喜",
      "body": "<p>你已經成功：</p>\n<ul>\n<li><strong>生成創建收件人屏幕</strong></li>\n<li><strong>為創建收件人屏幕創建和自定義用戶界面</strong></li>\n<li><strong>添加了往返於創建收件人屏幕的導航<br /></strong></li>\n<li><strong>添加註銷到創建收件人屏幕</strong></li>\n</ul>\n<p>有關在您的應用程序中編輯收件人的更多信息，請查看下一次加息：<a class=\"tour-link\" tour=\"c108beta-87ac-46re-87u3-92e61cnf\"> 8. 添加編輯收件人功能</a>.</p>"
    },
    "navigationBar": {
      "left": {
        "text": "上一個"
      },
      "right": {
        "text": "完成"
      }
    }
  },
  "Card.VoltMX.AddCreatePayeeWeb_v9.Intro": {
    "content": {
      "title": "將收件人添加到 Web 應用程序",
      "body": "<p><strong>讓我們開始吧！</strong></p>\n<p>在這次徒步旅行中，您將學習如何：</p>\n<ul>\n<li>生成表單創建收件人</li>\n<li>使用服務設計創建收件人表單的 UI</li>\n</ul>\n<p>在開始之前，請完成以下遠足：</p>\n<ol><b>\n<li><a class=\"tour-link\" tour=\"5a3913t0-aba2-46rc-adub-832833n2\"> 進口 &amp;啟動 Web 應用程序</a></li>\n<li><a class=\"tour-link\" tour=\"220f01t3-bda6-40r0-92uf-56631bnb\">從集合創建用戶界面</a></li>\n<li><a class=\"tour-link\" tour=\"5e1da5td-37a0-44r6-beu6-374c3cn1\">向應用程序添加身份驗證</a></li>\n<li><a class=\"tour-link\" tour=\"a851b9t8-75a9-4ara-88ud-946004n9\">為 Web 應用程序創建服務</a></li>\n<li><a class=\"tour-link\" tour=\"ca148ftd-07a9-4ard-98ud-6163d4nc\">將應用程序 UI 連接到 Web 應用程序中的數據</a></li>\n<li><a class=\"tour-link\" tour=\"082af3t0-74a2-4ere-a6u3-749d59n5\">創建收件人詳細信息和刪除功能</a></li></b>\n</ol>\n<p> &nbsp;</p>\n<p>確保您打開在之前的徒步旅行中創建的相同項目。</p>\n<p>要打開一個關閉的項目，從主菜單，導航到<strong>項目</strong>&gt;<strong>打開</strong>&gt;<strong>HCL 參考架構</strong>&gt;<strong>RecipientsWebApp</strong>.</p>\n<p><strong>準備好後，單擊開始！</strong></p>"
    },
    "navigationBar": {
      "left": {
        "text": "上一個"
      },
      "right": {
        "text": "開始"
      }
    }
  },
  "Card.VoltMX.AddCreatePayeeWeb_v9.navigate": {
    "content": {
      "title": "從收件人屏幕導航",
      "body": "<ol>\n<li>來自<strong>項目</strong>資源管理器，展開<strong>響應式網頁/桌面</strong>&gt;<strong>表格</strong>&gt;<strong>frmRecipients</strong>&gt;<strong>flxRecipientList</strong>&gt;<strong>flxToolbar，</strong>然後選擇<strong>btnAddPayee</strong>.</li>\n<li>來自<strong>屬性</strong>面板，導航到<strong>行動</strong>選項卡。</li>\n<li>對於<strong>點擊</strong>事件，點擊<strong>編輯</strong>.<br /><strong>動作編輯器</strong>窗口出現。</li>\n</ol>"
    },
    "navigationBar": {
      "left": {
        "text": "上一個"
      },
      "right": {
        "text": "下一個"
      }
    }
  },
  "Card.VoltMX.AddCreatePayeeWeb_v9.navigate1": {
    "content": {
      "title": "從收件人屏幕導航",
      "body": "<ol>\n<li>從左側菜單<strong>動作編輯器</strong> , 在<strong>一般</strong>部分，選擇<strong>導航到表單</strong>.</li>\n<li>從右側窗格中，選擇<strong>frmAddRecipient</strong>.</li>\n<li>點擊<strong>保存</strong>.</li>\n</ol>"
    },
    "navigationBar": {
      "left": {
        "text": "上一個"
      },
      "right": {
        "text": "下一個"
      }
    }
  },
  "Card.VoltMX.AddCreatePayeeWeb_v9.run": {
    "content": {
      "title": "運行應用程序",
      "body": "<ol>\n<li>從左側導航欄中，單擊<strong>運行</strong>.<br /> Iris 顯示需要一些時間<strong>實時預覽已準備就緒</strong>窗口。<br />虹膜預覽窗口啟動您的應用程序。</li>\n<li>在您的應用中輸入以下登錄憑據。<ul>\n<li>用戶名：<strong>john.doe@woodburn.com</strong></li>\n<li>密碼：<strong>VoltMX@123</strong></li>\n</ul>\n</li>\n<li>點擊<strong>登錄</strong>.<br />出現帳戶列表。</li>\n<li>點擊<strong>收件人</strong>選項卡。<br />出現收件人列表。</li>\n<li>點擊添加<strong> (+)</strong> 添加收件人的圖標。</li>\n<li>從列表中選擇收件人以查看其詳細信息。<br /> 從詳情頁面，您可以刪除收件人。<br />您將學習如何在下次遠足時編輯收件人。</li>\n<li>單擊屏幕頂部的註銷按鈕以導航到登錄屏幕。</li>\n</ol>"
    },
    "navigationBar": {
      "left": {
        "text": "上一個"
      },
      "right": {
        "text": "下一個"
      }
    }
  },
  "Card.VoltMX.AddCreatePayeeWeb_v9.successAlert": {
    "content": {
      "title": "配置成功警報",
      "body": "<ol>\n<li>來自<strong>項目</strong>資源管理器，展開<strong>響應式網頁/桌面</strong>&gt;<strong>表格</strong>&gt;<strong>frmAddRecipient</strong>&gt;<strong>flexSuccess</strong>&gt;<strong>flexSuccessAlert，</strong>然後選擇<strong> btnDone</strong>.</li>\n<li>來自<strong>屬性</strong>面板，導航到<strong>行動</strong>選項卡。</li>\n<li>對於<strong>點擊</strong>事件，點擊<strong>編輯</strong>.<br /><strong>動作編輯器</strong>窗口出現。</li>\n</ol>"
    },
    "navigationBar": {
      "left": {
        "text": "上一個"
      },
      "right": {
        "text": "下一個"
      }
    }
  },
  "Card.VoltMX.AddCreatePayeeWeb_v9.successAlert1": {
    "content": {
      "title": "配置成功警報",
      "body": "<ol>\n<li>從左側菜單<strong>動作編輯器</strong> , 在<strong>小工具</strong>部分，選擇<strong>設置小部件屬性</strong>.</li>\n<li>從右側窗格中，展開<b>桌面表格</b> > <b>frmAddRecipient</b> > <b>flxAddRecipient</b>然後選擇<strong>flexSuccess</strong>.</li>\n<li>在最後一個窗格中修改以下值：<ul>\n<li>屬性：<strong>可見</strong></li>\n<li>值：<strong>假</strong></li>\n</ul>\n</li>\n</ol>"
    },
    "navigationBar": {
      "left": {
        "text": "上一個"
      },
      "right": {
        "text": "下一個"
      }
    }
  },
  "Card.VoltMX.AddCreatePayeeWeb_v9.successAlert2": {
    "content": {
      "title": "配置成功警報",
      "body": "<ol>\n<li>從左側菜單<strong>動作編輯器</strong> , 在<strong>功能</strong>部分，選擇<strong>添加代碼段</strong>.</li>\n<li>在右側窗格中，鍵入以下代碼：<br /><span style=\"background-color: #999999;\">self.view.forceLayout()；</span></li>\n<li>從左側菜單<strong>動作編輯器</strong> , 在<strong>一般</strong>部分，選擇<strong>導航到表單</strong>.</li>\n<li>從右側窗格中，選擇<strong>frmRecipients</strong>.</li>\n<li>點擊<strong>保存</strong>.</li>\n</ol>"
    },
    "navigationBar": {
      "left": {
        "text": "上一個"
      },
      "right": {
        "text": "下一個"
      }
    }
  },
  "Card.VoltMX.AddCreatePayeeWeb_v9.uiForm": {
    "content": {
      "title": "添加收件人的用戶界面",
      "body": "<ol>\n<li>從 Iris 的左下面板，導航到<strong>默認庫</strong>.</li>\n<li> 旁邊<strong>默認庫</strong> ，您將看到選項卡<strong>我的圖書館</strong>和一個搜索圖標。<br />點擊搜索圖標。</li>\n<li>在出現的搜索欄中，輸入<strong>添加收件人</strong>.</li>\n<li>來自<strong> RecipientsWeb</strong>，選擇<strong>添加收件人</strong>並將其放到<strong>frmAddRecipient</strong>在畫布上。</li>\n<li>在<strong>已解決的衝突</strong>對話框，點擊<strong>關閉</strong>.</li>\n</ol>"
    },
    "navigationBar": {
      "left": {
        "text": "上一個"
      },
      "right": {
        "text": "下一個"
      }
    }
  }
}