<?xml version="1.0"?>
<Hike kuid="5b9e4et5-2fa3-4arf-90u4-2c97een6" id="Kony.NewLaunchWebApp" title="Kony.NewLaunchWebApp">
    <Description> Description of hike</Description>
    <Meta>
        <Creator>Prem Garudadri</Creator>
        <Createdon>Wed, 18 Dec 2019 15:59:22 GMT</Createdon>
    </Meta>
    <Hikecard id="Kony.NewLaunchWebApp.Intro"/>
    <Hikecard id="Kony.NewLaunchWebApp.Import"/>
    <Hikecard id="Kony.NewLaunchWebApp.Import1"/>
    <Hikecard id="Kony.NewLaunchWebApp.explore"/>
    <Hikecard id="Kony.NewLaunchWebApp.explore1"/>
    <Hikecard id="Kony.NewLaunchWebApp.adduser"/>
    <Hikecard id="Kony.NewLaunchWebApp.Settings1"/>
    <Hikecard id="Kony.NewLaunchWebApp.publish1"/>
    <Hikecard id="Kony.NewLaunchWebApp.Viewing"/>
    <Hikecard id="Kony.NewLaunchWebApp.done"/>
</Hike>