<?xml version="1.0"?>
<Hike kuid="875ef4te-9da2-45r1-85ue-a0353dnb" id="kony.IntroFlexLayoutV9" title="kony.IntroFlexLayoutV9">
    <Description> Description of hike</Description>
    <Meta>
        <Creator>Rashmi Menon</Creator>
        <Createdon>Mon, 25 Nov 2019 07:06:08 GMT</Createdon>
    </Meta>
    <Hikecard id="kony.IntroFlexLayoutV9.intro"/>
    <Hikecard id="kony.IntroFlexLayoutV9.NewProject1"/>
    <Hikecard id="kony.IntroFlexLayoutV9.NewProject2"/>
    <Hikecard id="kony.IntroFlexLayoutV9.createForm"/>
    <Hikecard id="kony.IntroFlexLayoutV9.AddFlexContainer"/>
    <Hikecard id="kony.IntroFlexLayoutV9.AddHeader"/>
    <Hikecard id="kony.IntroFlexLayoutV9.AddHeader1"/>
    <Hikecard id="kony.IntroFlexLayoutV9.ChFreeFormAttr"/>
    <Hikecard id="kony.IntroFlexLayoutV9.ChVerticalFlow"/>
    <Hikecard id="kony.IntroFlexLayoutV9.ChHorizontalFloe"/>
    <Hikecard id="kony.IntroFlexLayoutV9.AppViewer"/>
    <Hikecard id="kony.IntroFlexLayoutV9.LivePreview"/>
    <Hikecard id="kony.IntroFlexLayoutV9.run"/>
    <Hikecard id="kony.IntroFlexLayoutV9.done"/>
    <Hikecard id="kony.IntroFlexLayoutV9.last"/>
</Hike>