{"Tour.IntroToVoltMXIris":{"description":" Présentation de la nouvelle Volt MX Iris"},"Hike.HCL.IntroVoltMXIris":{"description":" Présentation de la nouvelle Volt MX Iris"},"Card.HCL.IntroIris":{"content":{"title":" Quoi de neuf dans Volt MX Iris ?","body":" Lorem ipsum dolor sit amet, consectetur adipiscing elit, sed do eiusmod tempor incididunt ut labore et dolore magna aliqua. Ut enim ad minim veniam, quis nostrud exercice ullamco laboris nisi ut aliquip ex ea commodo consequat. Duis aute irure dolor in reprehenderit in voluptate velit esse cillum dolore eu fugiat nulla pariatur. Excepteur sint occaecat cupidatat non proident, sunt in culpa qui officia deserunt mollit anim id est laborum."},"navigationBar":{"left":{"text":" Précédent"},"right":{"text":" Suivant"}}},"Card.HCL.IrisVisualChanges":{"content":{"title":" Changements visuels 1","body":" Lorem ipsum dolor sit amet, consectetur adipiscing elit, sed do eiusmod tempor incididunt ut labore et dolore magna aliqua. Ut enim ad minim veniam, quis nostrud exercice ullamco laboris nisi ut aliquip ex ea commodo consequat. Duis aute irure dolor in reprehenderit in voluptate velit esse cillum dolore eu fugiat nulla pariatur. Excepteur sint occaecat cupidatat non proident, sunt in culpa qui officia deserunt mollit anim id est laborum."},"navigationBar":{"left":{"text":" Précédent"},"right":{"text":" Suivant"}}},"Card.HCL.IrisVisualChanges-2":{"content":{"title":" Changements visuels 2","body":" Lorem ipsum dolor sit amet, consectetur adipiscing elit, sed do eiusmod tempor incididunt ut labore et dolore magna aliqua. Ut enim ad minim veniam, quis nostrud exercice ullamco laboris nisi ut aliquip ex ea commodo consequat. Duis aute irure dolor in reprehenderit in voluptate velit esse cillum dolore eu fugiat nulla pariatur. Excepteur sint occaecat cupidatat non proident, sunt in culpa qui officia deserunt mollit anim id est laborum."},"navigationBar":{"left":{"text":" Précédent"},"right":{"text":" Suivant"}}},"Card.HCL.IrisVisualChanges-3":{"content":{"title":" Changements visuels 3","body":" Lorem ipsum dolor sit amet, consectetur adipiscing elit, sed do eiusmod tempor incididunt ut labore et dolore magna aliqua. Ut enim ad minim veniam, quis nostrud exercice ullamco laboris nisi ut aliquip ex ea commodo consequat. Duis aute irure dolor in reprehenderit in voluptate velit esse cillum dolore eu fugiat nulla pariatur. Excepteur sint occaecat cupidatat non proident, sunt in culpa qui officia deserunt mollit anim id est laborum."},"navigationBar":{"left":{"text":" Précédent"},"right":{"text":" Suivant"}}},"Card.HCL.IrisVisualChanges-4":{"content":{"title":" Changements visuels 4","body":" Lorem ipsum dolor sit amet, consectetur adipiscing elit, sed do eiusmod tempor incididunt ut labore et dolore magna aliqua. Ut enim ad minim veniam, quis nostrud exercice ullamco laboris nisi ut aliquip ex ea commodo consequat. Duis aute irure dolor in reprehenderit in voluptate velit esse cillum dolore eu fugiat nulla pariatur. Excepteur sint occaecat cupidatat non proident, sunt in culpa qui officia deserunt mollit anim id est laborum."},"navigationBar":{"left":{"text":" Précédent"},"right":{"text":" Suivant"}}},"Card.HCL.IrisVisualChanges-5":{"content":{"title":" Changements visuels 5","body":" Lorem ipsum dolor sit amet, consectetur adipiscing elit, sed do eiusmod tempor incididunt ut labore et dolore magna aliqua. Ut enim ad minim veniam, quis nostrud exercice ullamco laboris nisi ut aliquip ex ea commodo consequat. Duis aute irure dolor in reprehenderit in voluptate velit esse cillum dolore eu fugiat nulla pariatur. Excepteur sint occaecat cupidatat non proident, sunt in culpa qui officia deserunt mollit anim id est laborum."},"navigationBar":{"left":{"text":" Précédent"},"right":{"text":" Terminé"}}},"Tour.AddCreateMob_v9":{"description":" Description de la visite"},"Hike.kony.AddCreateMob_v9":{"description":" Description de la randonnée"},"Card.kony.AddCreateMob_v9.conf":{"content":{"title":" Configuration de l'interface utilisateur à partir de l'éditeur d'actions","body":"<ol>\n<li> Depuis le menu de gauche du<strong> Éditeur d'actions</strong> , sous le<strong> Widget</strong> section, sélectionnez<strong> Définir la propriété du widget</strong>.</li>\n<li> Depuis le volet de droite, sous<strong> Formulaires mobiles</strong> ><strong> frmAddRecipients</strong> > <b> flexAjouterRecipient</b> > <strong> flexFieldsContainer</strong> ><strong> flexAjouter</strong> ><strong> flexBorderedButton</strong> , puis sélectionnez<strong> btnSquared</strong>.</li>\n<li> Dans le volet de droite, modifiez les valeurs suivantes :<ul>\n<li> Propriété :<strong> Opacité</strong></li>\n<li> Valeur :<strong> 100 %</strong></li>\n</ul>\n</li>\n</ol>"},"navigationBar":{"left":{"text":" Précédent"},"right":{"text":" Suivant"}}},"Card.kony.AddCreateMob_v9.conf2":{"content":{"title":" Ajout d'un extrait","body":"<ol>\n<li> Depuis le menu de gauche du<strong> Éditeur d'actions</strong> , sous le<strong> Fonction</strong> section, sélectionnez<strong> Ajouter un extrait</strong>.</li>\n<li> Dans le volet de droite, fournissez le code suivant :<br /><span style=\"background-color: #999999;\"><strong> self.view.forceLayout();</strong></span></li>\n<li> De la<strong> Éditeur d'actions</strong> toile, sous<strong> INVOQUER LE SERVICE</strong> nœud, sélectionnez<strong> RAPPEL</strong>.</li>\n</ol>"},"navigationBar":{"left":{"text":" Précédent"},"right":{"text":" Suivant"}}},"Card.kony.AddCreateMob_v9.conf3":{"content":{"title":" Alerte d'échec","body":"<ol>\n<li> Depuis le menu de gauche du<strong> Éditeur d'actions,</strong> sous le<strong> État</strong> section, sélectionnez<strong> Sinon</strong>.</li>\n<li> Depuis le menu de gauche de l'éditeur d'actions, sous le<strong> Client</strong> section, sélectionnez<strong> Afficher l'alerte</strong>.</li>\n<li> Dans le volet de droite modifiez les champs suivants<ul>\n<li> Type d'alerte :<strong> Infos</strong></li>\n<li> Message d'alerte : “<strong> Désolé, votre bénéficiaire n'a pas pu être ajouté avec succès. Veuillez réessayer plus tard.</strong> & rdquo;</li>\n</ul>\n</li><li> Cliquez<b> Enregistrer</b>.</li>\n</ol>"},"navigationBar":{"left":{"text":" Précédent"},"right":{"text":" Suivant"}}},"Card.kony.AddCreateMob_v9.createForm":{"content":{"title":" Créer l'écran Ajouter des destinataires","body":"<ol>\n<li> De la<strong> Projet</strong> explorateur, développez<strong> Mobile</strong>.</li>\n<li> clic droit<strong> Formulaires</strong> et sélectionnez<strong> Nouveau formulaire</strong>.</li>\n<li> clic droit sur<strong> Formulaire1</strong> , et renommer<strong> frmAddRecipient</strong>.</li>\n</ol>"},"navigationBar":{"left":{"text":" Précédent"},"right":{"text":" Suivant"}}},"Card.kony.AddCreateMob_v9.done":{"content":{"title":" Félicitations","body":"<p> Vous avez réussi :</p>\n<ul>\n<li><strong> Création de l'écran de création de destinataires</strong></li>\n<li><strong> Création et personnalisation de l'interface utilisateur pour l'écran de création de destinataires</strong></li>\n<li><strong> Ajout de la navigation vers et depuis l'écran Créer des destinataires<br /></strong></li>\n</ul>\n<p> Pour plus d'informations sur la modification des destinataires dans votre application, consultez la prochaine randonnée :<a class=\"tour-link\" tour=\"af52eatb-e7a4-46r0-90u8-cfd0c4n6\"><strong> 8. Ajouter la fonctionnalité Modifier les destinataires</strong></a>.</p>"},"navigationBar":{"left":{"text":" Précédent"},"right":{"text":" Terminé"}}},"Card.kony.AddCreateMob_v9.intro":{"content":{"title":" Ajout Créer un destinataire","body":"<p><strong> Commençons !</strong></p>\n<p> Dans cette randonnée, vous apprendrez à :</p>\n<ul>\n<li> Créer un formulaire de création de bénéficiaire</li>\n<li> Créer l'interface utilisateur pour le formulaire de création de bénéficiaire à l'aide de services</li>\n</ul>\n<p> Avant de vous lancer, terminez la randonnée :</p>\n<ol><b>\n<li><a class=\"tour-link\" tour=\"20cbd4t0-03a1-4er1-9dud-98bee3nb\"> Importer & Lancer une application native</a></li><li><a class=\"tour-link\" tour=\"a617eft5-7ca8-4ard-8eu8-94cdean5\"> Créer une interface utilisateur à partir des collections</a></li><li><a class=\"tour-link\" tour=\"15d8c7t4-cda7-40rb-afu7-345cfcnc\"> Ajouter l'authentification à l'application</a></li>\n<li><a class=\"tour-link\" tour=\"a7a762t5-3eac-44r5-8bu2-89b781n1\"> Création de services pour une application native</a> </li>\n<li><a class=\"tour-link\" tour=\"fab6d8ta-91ac-4frc-8fud-14a9f7na\"> Connecter l'interface utilisateur de l'application aux données dans une application native</a></li><li><a class=\"tour-link\" tour=\"9837bat6-6daf-4cr7-a3u9-8aea36n0\"> Création des détails du destinataire et fonctionnalité de suppression</a></li></b>\n</ol>\n<p> Assurez-vous d'ouvrir le même projet que vous avez créé lors des randonnées précédentes.</p>\n<p> Pour ouvrir un projet fermé, à partir du menu principal, accédez à<strong> Projet</strong> ><strong> Ouvert</strong> ><strong> Architecture de référence Kony</strong> ><strong> DestinatairesMobApp</strong>.</p>\n<p><strong> Lorsque vous êtes prêt, cliquez sur Démarrer !</strong></p>"},"navigationBar":{"left":{"text":" Précédent"},"right":{"text":" Démarrer"}}},"Card.kony.AddCreateMob_v9.nav":{"content":{"title":" Ajout de la navigation pour le bouton Retour","body":"<ol>\n<li> De la<strong> Explorateur de projet</strong> , accédez à<strong> frmAddRecipient</strong> ><strong> flexAjouterRecipient</strong> ><strong> flexHeader,</strong> sélectionnez<strong> en-têteBoutonGauche</strong>.</li>\n<li> De la<strong> Propriétés</strong> panneau, accédez au<strong> Action</strong> onglet.</li>\n<li> Pour le<strong> onClick</strong> événement, cliquez<strong> Modifier</strong>. <br /> Le<strong> Éditeur d'actions</strong> la fenêtre apparaît.</li>\n</ol>"},"navigationBar":{"left":{"text":" Précédent"},"right":{"text":" Suivant"}}},"Card.kony.AddCreateMob_v9.nav1":{"content":{"title":" Ajout de la navigation pour le bouton Retour","body":"<ol>\n<li> De la<strong> Éditeur d'actions</strong> menu de gauche, sous le<strong> Général</strong> section, sélectionnez<strong> Accédez au formulaire</strong>.</li>\n<li> Depuis le volet droit du<strong> Éditeur d'actions</strong> , sélectionnez<strong> frmDestinataires</strong>.</li>\n<li> Cliquez<strong> Enregistrer</strong>.</li>\n</ol>"},"navigationBar":{"left":{"text":" Précédent"},"right":{"text":" Suivant"}}},"Card.kony.AddCreateMob_v9.nav2":{"content":{"title":" Navigation vers l'écran Ajouter des destinataires","body":"<ol>\n<li> De la<strong> Éditeur d'actions</strong> menu de gauche, sous le<strong> Général</strong> section, sélectionnez<strong> Accédez au formulaire</strong>.</li>\n<li> Depuis le volet droit du<strong> Éditeur d'actions</strong> , sélectionnez<strong> frmAddRecipient</strong>.</li>\n<li> Cliquez<strong> Enregistrer</strong>.</li>\n</ol>"},"navigationBar":{"left":{"text":" Précédent"},"right":{"text":" Suivant"}}},"Card.kony.AddCreateMob_v9.navAcc":{"content":{"title":" Navigation vers l'écran Comptes","body":"<ol>\n<li> De la<strong> Projet</strong> explorateur, accédez à<strong> Mobile</strong> ><strong> Formulaires</strong> ><strong> frmAddRecipients</strong> ><strong> flexFooter</strong> et sélectionnez<strong> flxComptes</strong>.</li>\n<li> De la<strong> Propriétés</strong> panneau, accédez au<strong> Action</strong> onglet.</li>\n<li> Sous le<strong> Général</strong> rubrique, pour le<strong> onClick</strong> événement, cliquez<strong> Modifier</strong>.<br /> Le<strong> Éditeur d'actions</strong> la fenêtre apparaît.</li>\n</ol>"},"navigationBar":{"left":{"text":" Précédent"},"right":{"text":" Suivant"}}},"Card.kony.AddCreateMob_v9.navAcc2":{"content":{"title":" Navigation vers l'écran Comptes","body":"<ol>\n<li> De la<strong> Éditeur d'actions</strong> menu de gauche, sous le<strong> Général</strong> section, sélectionnez<strong> Accédez au formulaire</strong>.</li>\n<li> Depuis le volet droit du<strong> Éditeur d'actions</strong> , sélectionnez<strong> compte frm</strong>.</li>\n<li> Cliquez<strong> Enregistrer</strong>.</li>\n</ol>"},"navigationBar":{"left":{"text":" Précédent"},"right":{"text":" Suivant"}}},"Card.kony.AddCreateMob_v9.navAdd":{"content":{"title":" Navigation vers l'écran Ajouter des destinataires","body":"<ol>\n<li> Depuis le <strong> Projet</strong> explorateur, accédez à <strong> Mobile</strong>  > <strong> Formulaires</strong>  > <strong> frmBénéficiaires</strong> ><strong>  flexRecipientList</strong> ><strong> flexHeader</strong> et sélectionnez <strong> headerButtonRight</strong>.</li>\n<li> Depuis le <strong> Propriétés</strong> panneau, accédez au <strong> Action</strong> onglet.</li>\n<li> Sous le <strong> Général</strong> rubrique, pour le <strong> onClick</strong> événement, cliquez <strong> Modifier</strong>.<br /> Le <strong> Éditeur d'actions </strong> la fenêtre apparaît.</li>\n</ol>"},"navigationBar":{"left":{"text":" Précédent"},"right":{"text":" Suivant"}}},"Card.kony.AddCreateMob_v9.navRec":{"content":{"title":" Navigation vers l'écran des destinataires","body":"<ol>\n<li> De la<strong> Projet</strong> explorateur, accédez à<strong> Mobile</strong> ><strong> Formulaires</strong> ><strong> frmAddRecipient</strong> ><strong> flexFooter</strong> et sélectionnez<strong> flexRecipientSelected</strong>.</li>\n<li> De la<strong> Propriétés</strong> panneau, accédez au<strong> Action</strong> onglet.</li>\n<li> Sous le<strong> Général</strong> rubrique, pour le<strong> onClick</strong> événement, cliquez<strong> Modifier</strong>.<br /> Le<strong> Éditeur d'actions</strong> la fenêtre apparaît.</li>\n</ol>"},"navigationBar":{"left":{"text":" Précédent"},"right":{"text":" Suivant"}}},"Card.kony.AddCreateMob_v9.navRec2":{"content":{"title":" Navigation vers l'écran des destinataires","body":"<ol>\n<li> De la<strong> Éditeur d'actions</strong> menu de gauche, sous le<strong> Général</strong> section, sélectionnez<strong> Accédez au formulaire</strong>.</li>\n<li> Depuis le volet droit du<strong> Éditeur d'actions</strong> , sélectionnez<strong> frmDestinataires</strong>.</li>\n<li> Cliquez<strong> Enregistrer</strong>.</li>\n</ol>"},"navigationBar":{"left":{"text":" Précédent"},"right":{"text":" Suivant"}}},"Card.kony.AddCreateMob_v9.openApp":{"content":{"title":" Application Quantique","body":"<ol>\n<li> Connectez votre appareil mobile à votre ordinateur à l'aide d'un câble USB.<br /> Pour un appareil mobile Android, assurez-vous que l'USB est défini comme<strong> Transfert de fichiers</strong>.<br /> Pour un appareil mobile iOS, assurez-vous que<strong> confiance</strong> a été établi entre l'appareil et l'ordinateur.</li>\n<li> Lancez votre<strong> Application Quantique</strong> sur votre mobile.</li>\n<li> Sélectionnez le<strong> USB</strong> onglet.<br/> Sur une connexion réussie,<strong> Visualiseur</strong> sur votre ordinateur affiche une invite de réussite.</li>\n</ol>"},"navigationBar":{"left":{"text":" Précédent"},"right":{"text":" Suivant"}}},"Card.kony.AddCreateMob_v9.run":{"content":{"title":" Exécuter l'application","body":"<ol>\n<li> Depuis la barre de navigation de gauche, cliquez sur<strong> Exécuter</strong>.<br /> Il faudra un certain temps à Visualizer pour afficher le<strong> L'aperçu en direct est prêt</strong> fenêtre.</li>\n<li> Une fois que Visualizer a exécuté l'application, sur votre<strong> Application Quantique</strong> , cliquez sur<strong> Lancement</strong>.</li>\n<li> Vous pouvez voir un<strong> Nom de l'application</strong> zone de texte. S'il y a une zone de texte, entrez<strong> DestinatairesMobApp</strong> , puis cliquez sur<strong> Lancement</strong>.</li>\n</ol>"},"navigationBar":{"left":{"text":" Précédent"},"right":{"text":" Suivant"}}},"Card.kony.AddCreateMob_v9.Service1":{"content":{"title":" Définition de la valeur initiale des textes","body":"<ol>\n<li> De la<strong> Projet</strong> explorateur, accédez à<strong> Mobile</strong> ><strong> Formulaires</strong> et sélectionnez<strong> frmAddRecipient</strong>.</li>\n<li> De la<strong> Propriétés</strong> panneau, accédez au<strong> Action</strong> onglet.</li>\n<li> Sous le<strong> Général</strong> section, pour<strong> surNaviguer</strong> événement, cliquez<strong> Modifier</strong>.<br /> Le<strong> Éditeur d'actions</strong> la fenêtre apparaît.</li><li> Depuis le coin supérieur droit du<strong> Éditeur d'actions</strong> , sélectionnez<strong> Vue Conception</strong>.</li>\n</ol>"},"navigationBar":{"left":{"text":" Précédent"},"right":{"text":" Suivant"}}},"Card.kony.AddCreateMob_v9.service2":{"content":{"title":" Définition de la valeur du prénom","body":"<ol>\n<li> Depuis le menu de gauche du<strong> Éditeur d'actions</strong> , sous le<strong> Widget</strong> section, sélectionnez<strong> Définir la propriété du widget</strong>.</li>\n<li> Depuis le volet droit du<strong> Éditeur d'actions</strong> , allez à<strong> Formulaires mobiles</strong> ><strong> frmAddRecipient</strong>   ><strong> flexAjouterRecipient</strong> ><strong> flexFieldsContainer</strong> ><strong> flexPrénom</strong> , et sélectionnez<strong> tbxPrénom</strong>.</li>\n<li> Dans le volet de droite, modifiez les valeurs suivantes :<ul>\n<li> Propriété :<strong> Texte</strong></li>\n<li> quitter le<strong> Valeur</strong> comme vide</li>\n</ul>\n</li>\n</ol>"},"navigationBar":{"left":{"text":" Précédent"},"right":{"text":" Suivant"}}},"Card.kony.AddCreateMob_v9.service3":{"content":{"title":" Réglage de la valeur du nom de famille","body":"<ol>\n<li> Depuis le menu de gauche du<strong> Éditeur d'actions</strong> , sous le<strong> Widget</strong> section, sélectionnez<strong> Définir la propriété du widget</strong>.</li>\n<li> Depuis le volet droit du<strong> Éditeur d'actions</strong> , allez à<strong> Formulaires mobiles</strong> ><strong> frmAddRecipient</strong> ><strong> flexAjouterRecipient</strong> ><strong> flexFieldsContainer</strong> ><strong> flexNom</strong> , et sélectionnez<strong> tbxNom</strong>.</li>\n<li> Dans le volet de droite, modifiez les valeurs suivantes :<ul>\n<li> Propriété :<strong> Texte</strong></li>\n<li> quitter le<strong> Valeur</strong> comme vide</li>\n</ul>\n</li>\n</ol>"},"navigationBar":{"left":{"text":" Précédent"},"right":{"text":" Suivant"}}},"Card.kony.AddCreateMob_v9.service4":{"content":{"title":" Définition de la valeur du pseudonyme","body":"<ol>\n<li> Depuis le menu de gauche du<strong> Éditeur d'actions</strong> , sous le<strong> Widget</strong> section, sélectionnez<strong> Définir la propriété du widget</strong>.</li>\n<li> Depuis le volet droit du<strong> Éditeur d'actions</strong> , allez à<strong> Formulaires mobiles</strong> ><strong> frmAddRecipient</strong> ><strong> flexAjouterRecipient</strong> ><strong> flexFieldsContainer</strong> ><strong> flexNickName</strong> , et sélectionnez<strong> tbxNickName</strong>.</li>\n<li> Dans le volet de droite, modifiez les valeurs suivantes :<ul>\n<li> Propriété :<strong> Texte</strong></li>\n<li> quitter le<strong> Valeur</strong> comme vide</li>\n</ul>\n</li>\n</ol>"},"navigationBar":{"left":{"text":" Précédent"},"right":{"text":" Suivant"}}},"Card.kony.AddCreateMob_v9.service5":{"content":{"title":" Réglage de la valeur du numéro de téléphone","body":"<ol>\n<li> Depuis le menu de gauche du<strong> Éditeur d'actions</strong> , sous le<strong> Widget</strong> section, sélectionnez<strong> Définir la propriété du widget</strong>.</li>\n<li> Depuis le volet droit du<strong> Éditeur d'actions</strong> , allez à<strong> Formulaires mobiles</strong> ><strong> frmAddRecipient</strong> ><strong> flexAjouterRecipient</strong> ><strong> flexFieldsContainer</strong> ><strong> flexPhone</strong> , et sélectionnez<strong> tbxTéléphone</strong>.</li>\n<li> Dans le volet de droite, modifiez les valeurs suivantes :<ul>\n<li> Propriété :<strong> Texte</strong></li>\n<li> quitter le<strong> Valeur</strong> comme vide</li>\n</ul>\n</li>\n</ol>"},"navigationBar":{"left":{"text":" Précédent"},"right":{"text":" Suivant"}}},"Card.kony.AddCreateMob_v9.service6":{"content":{"title":" Message de réussite","body":"<ol>\n<li> Depuis le menu de gauche du<strong> Éditeur d'actions</strong> , sous le<strong> Widget</strong> section, sélectionnez<strong> Définir la propriété du widget</strong>.</li>\n<li> Depuis le volet droit du<strong> Éditeur d'actions</strong> , allez à<strong> Formulaires mobiles</strong> ><strong> frmAddRecipient</strong> > <strong> flexAjouterRecipient</strong> et sélectionnez<strong> flexSuccessHeader</strong>.</li>\n<li> Dans le volet de droite, modifiez les valeurs suivantes :<ul>\n<li> Propriété :<strong> Visible</strong></li>\n<li> Valeur :<strong> Faux</strong></li>\n</ul>\n</li>\n<li> Cliquez<strong> Enregistrer</strong>.</li>\n</ol>"},"navigationBar":{"left":{"text":" Précédent"},"right":{"text":" Suivant"}}},"Card.kony.AddCreateMob_v9.serviceCall1":{"content":{"title":" Appel de l'opération de création","body":"<ol>\n<li> De la<strong> Projet</strong> explorateur, accédez à<strong> Mobile</strong> ><strong> Formulaires</strong> ><strong> frmAddRecipient</strong> ><strong> flexAjouterRecipient</strong> > <b> flexFieldsContainer</b> > <strong> flexAjouter</strong> ><strong> flexSquaredBorderedButton</strong> , et sélectionnez<strong> btnSquared</strong>.</li>\n<li> De la<strong> Propriétés</strong> panneau, accédez au<strong> Action</strong> onglet.</li>\n<li> Sous le<strong> Général</strong> section, pour<strong> onClick</strong> événement, cliquez<strong> Modifier</strong>.<br /> Le<strong> Éditeur d'actions</strong> la fenêtre apparaît.</li>\n<li> Depuis le coin supérieur droit du<strong> Éditeur d'actions</strong> fenêtre, sélectionnez le<strong> Vue Conception</strong>.</li>\n</ol>"},"navigationBar":{"left":{"text":" Précédent"},"right":{"text":" Suivant"}}},"Card.kony.AddCreateMob_v9.serviceCall2":{"content":{"title":" Appel de l'opération de création","body":"<ol>\n<li> Depuis le menu de gauche du<strong> Éditeur d'actions</strong> , sous le<strong> Réseau</strong> section, sélectionnez<strong> Indicateur de chargement</strong>.</li>\n<li> Depuis le menu de gauche du<strong> Éditeur d'actions</strong> , sous le<strong> RÉSEAU</strong> section, sélectionnez<strong> Appeler le service</strong>.</li>\n<li> Depuis le volet droit du<strong> Éditeur d'actions</strong> , pour<strong> Sélectionnez le service</strong> , dans la liste déroulante, sélectionnez<strong> DestinataireStorage$Recipients</strong>.</li>\n<li> Pour<strong> Sélectionnez la méthode</strong> , dans la liste déroulante, sélectionnez<strong> créer</strong>.</li>\n</ol>"},"navigationBar":{"left":{"text":" Précédent"},"right":{"text":" Suivant"}}},"Card.kony.AddCreateMob_v9.serviceCall3":{"content":{"title":" Mappage des données au service","body":"<ol>\n<li> Dans le volet droit du<strong> Éditeur d'actions</strong> fenêtre, cliquez<strong> Ouvrir l'éditeur de mappage</strong>. <br /> Le<strong> Éditeur de mappage</strong> la fenêtre apparaît.</li>\n<li> Depuis le volet gauche du<strong> Éditeur de mappage</strong> , développer<strong> Formulaires</strong> ><strong> frmAddRecipient</strong>.</li>\n<li> Depuis le volet droit du<strong> Éditeur de mappage</strong> , développer<strong> Services</strong> ><strong> Service - RecipientStorage$Recipients$create</strong>.</li>\n</ol>"},"navigationBar":{"left":{"text":" Précédent"},"right":{"text":" Suivant"}}},"Card.kony.AddCreateMob_v9.serviceCall4":{"content":{"title":" Mappage des données au service","body":"<p> dans l'éditeur de mappage, mappez les éléments suivants du volet gauche vers le volet droit :</p>\n<ul>\n<li> Depuis le volet gauche du<strong> Éditeur de mappage</strong> , développer<strong> Champ de texte – tbxPrénom</strong> , et sélectionnez<strong> texte{chaîne}</strong>.<br /> Depuis le volet droit du<strong> Éditeur de mappage</strong> , sélectionnez<strong> Prénom {chaîne}</strong>.</li>\n<li> Depuis le volet gauche du<strong> Éditeur de mappage</strong> , développer<strong> Champ de texte – tbxNom</strong> , et sélectionnez<strong> texte{chaîne}</strong>.<br /> Depuis le volet droit du<strong> Éditeur de mappage</strong> , sélectionnez<strong> Nom {chaîne}</strong>.</li>\n<li> Depuis le volet gauche du<strong> Éditeur de mappage</strong> , développer<strong> Champ de texte – tbxNickName</strong> , et sélectionnez<strong> texte{chaîne}</strong>.<br /> Depuis le volet droit du<strong> Éditeur de mappage</strong> , sélectionnez<strong> Surnom {chaîne}</strong>.</li>\n<li> Depuis le volet gauche du<strong> Éditeur de mappage</strong> , développer<strong> Champ de texte – tbxTéléphone</strong> , et sélectionnez<strong> texte{chaîne}</strong>.<br /> Depuis le volet droit du<strong> Éditeur de mappage</strong> , sélectionnez<strong> Téléphone {chaîne}</strong>.</li>\n</ul>"},"navigationBar":{"left":{"text":" Précédent"},"right":{"text":" Suivant"}}},"Card.kony.AddCreateMob_v9.serviceCall5":{"content":{"title":" Appel de l'opération de création","body":"<ol>\n<li> De la<strong> Éditeur d'actions</strong> toile, sous le<strong> Appeler le service</strong> nœud, sélectionnez<strong> Rappel</strong>.</li>\n<li> Depuis le menu de gauche du<strong> Éditeur d'actions</strong> , sous le<strong> Réseau</strong> section, sélectionnez<strong> Indicateur de chargement</strong>.</li>\n<li> Dans le volet droit du<strong> Éditeur d'actions</strong> , définissez l'indicateur de chargement sur<strong> Ignorer</strong>.</li>\n</ol>"},"navigationBar":{"left":{"text":" Précédent"},"right":{"text":" Suivant"}}},"Card.kony.AddCreateMob_v9.settingData":{"content":{"title":" Paramétrage des données","body":"<ol>\n<li> Depuis le menu de gauche du<strong> Éditeur d'actions,</strong> sous le<strong> ÉTAT</strong> section, sélectionnez<b> Si</b>.</li>\n<li> Depuis le volet droit de l'éditeur d'actions, sous<strong> Ajouter une condition</strong> modifiez les valeurs suivantes :<br />\n<ul>\n<li> Premier champ –<strong> Valeur</strong></li>\n<li> Deuxième champ – <strong> Destinataires.opstatus</strong></li>\n<li> Troisième champ –<strong> Égale</strong></li>\n<li> Quatrième champ –<strong> Valeur</strong></li>\n<li> Cinquième champ -<strong>0</strong></li>\n</ul>\n</li>\n</ol>"},"navigationBar":{"left":{"text":" Précédent"},"right":{"text":" Suivant"}}},"Card.kony.AddCreateMob_v9.settingData2":{"content":{"title":" Message de réussite","body":"<ol>\n<li> Depuis le menu de gauche de l'éditeur d'actions, sous le<strong> Widget</strong> section, sélectionnez <strong> Définir la propriété du widget</strong>.</li>\n<li> Depuis le volet de droite, sous <strong> Formulaires mobiles</strong>  > <strong> frmAddRecipient </strong> ><strong> flexFieldsContainer</strong> et sélectionnez <strong> flexAddSuccessHeader</strong>.</li>\n<li> Dans le volet de droite, modifiez les valeurs suivantes :<ul>\n<li> Propriété : <strong> Visible</strong></li>\n<li> Valeur : <strong> Vrai</strong></li>\n</ul>\n</li>\n</ol>"},"navigationBar":{"left":{"text":" Précédent"},"right":{"text":" Suivant"}}},"Card.kony.AddCreateMob_v9.settingData3":{"content":{"title":" Réglage de l'opacité du bouton","body":"<ol>\n<li> Depuis le menu de gauche de l'éditeur d'actions, sous le<strong> Widget</strong> section, sélectionnez<strong> Définir la propriété du widget</strong>.</li>\n<li> Depuis le volet de droite, sous<strong> Mobile</strong> ><strong> Formulaires</strong> ><strong> frmAddRecipient</strong> ><strong> flexAjouterRecipient</strong> > <b> flexFieldsContainer</b> ><strong> flexAjouter</strong> ><strong> flexBorderedButton</strong> , sélectionnez<strong> btnSquared</strong>.</li>\n<li> Dans le volet de droite, modifiez les valeurs suivantes :<ul>\n<li> Propriété :<strong> Opacité</strong></li>\n<li> Valeur :<strong> 60 %</strong></li>\n</ul>\n</li>\n</ol>"},"navigationBar":{"left":{"text":" Précédent"},"right":{"text":" Suivant"}}},"Card.kony.AddCreateMob_v9.settingData4":{"content":{"title":" Délai de réglage","body":"<ol>\n<li> Depuis le menu de gauche de l'éditeur d'actions, sous<strong> FONCTION</strong> sélectionnez<strong> Ajouter un extrait</strong>.</li>\n<li> Dans le volet droit du<strong> Éditeur d'actions</strong> , tapez le code suivant :<br /><span style=\"background-color: #999999;\"><strong> self.view.forceLayout();</strong></span></li>\n<li> Depuis le menu de gauche du<strong> Éditeur d'actions</strong> , sous le<strong> GÉNÉRAL</strong> rubrique,  sélectionner<strong> Définir le délai d'attente</strong>.</li>\n<li> Fournissez la valeur suivante :<ul>\n<li> Délai :<strong>2</strong></li>\n</ul>\n</li>\n</ol>"},"navigationBar":{"left":{"text":" Précédent"},"right":{"text":" Suivant"}}},"Card.kony.AddCreateMob_v9.settingSuccess":{"content":{"title":" Message de réussite","body":"<ol>\n<li> Depuis le menu de gauche du<strong> Éditeur d'actions</strong> , sous le<strong> Widget</strong> section, sélectionnez<strong> Définir la propriété du widget.</strong></li>\n<li> Depuis le volet de droite, sous<strong> Mobile</strong> ><strong> Formulaires</strong> ><strong> frmAddRecipient</strong> > <strong> flexAjouterRecipient</strong> , sélectionnez<strong> flexAddSuccessHeader</strong>.</li>\n<li> Dans le volet de droite, modifiez les valeurs suivantes :<ul>\n<li> Propriété :<strong> Visible</strong></li>\n<li> Valeur :<strong> Faux</strong></li>\n</ul>\n</li>\n</ol>"},"navigationBar":{"left":{"text":" Précédent"},"right":{"text":" Suivant"}}},"Card.kony.AddCreateMob_v9.uiAddRecipients":{"content":{"title":" interface utilisateur pour l'ajout de destinataires","body":"<ol>\n<li> Dans le coin inférieur gauche de Visualizer, accédez au<strong> Bibliothèque par défaut</strong>.</li>\n<li> à côté de la bibliothèque par défaut, vous verrez le<strong> Mes bibliothèques</strong> onglet et icône de recherche.<br /> Cliquez sur l'icône de recherche.</li>\n<li> Dans la barre de recherche qui apparaît, saisissez<strong> Ajouter un destinataire</strong>.</li>\n<li> A partir des résultats, sous<strong> DestinatairesMobile</strong> , sélectionnez<strong> Ajouter un destinataire</strong>.</li>\n<li> Faites glisser le<strong> Ajouter un destinataire</strong> collecte sur le<strong> frmAddRecipient</strong> sur la toile.</li>\n</ol>"},"navigationBar":{"left":{"text":" Précédent"},"right":{"text":" Suivant"}}},"Card.kony.AddCreateMob_v9.view":{"content":{"title":" Voir l'application","body":"<ol>\n<li> Saisissez les identifiants de connexion suivants dans votre application.<ul>\n<li> Nom d'utilisateur :<strong> john.doe@temenos.com</strong></li>\n<li> Mot de passe :<strong> Temenos@123</strong></li>\n</ul>\n</li>\n<li> Cliquez<strong>Login</strong>.<br /> Le<strong> Liste des comptes</strong> apparaît.</li>\n<li> Cliquez<strong> Destinataires</strong>.<br /> Le<strong> Liste des destinataires</strong> apparaît.</li>\n<li> Cliquez sur l'ajout<strong> (+)</strong> icône pour ajouter un destinataire.</li>\n<li> Sélectionnez un destinataire dans la liste pour afficher ses détails.<br /> Depuis la page de détails, vous pouvez supprimer le destinataire.<br /> Nous ajouterons la fonctionnalité de modification des destinataires lors de la prochaine randonnée.</li>\n<li> Pour quitter l'application sur votre<strong> mobile</strong> appareil, faites glisser deux doigts de gauche à droite ou secouez votre appareil mobile et cliquez<strong> Quitter l'application</strong>.</li>\n</ol>"},"navigationBar":{"left":{"text":" Précédent"},"right":{"text":" Suivant"}}},"Tour.AddLoginServiceMob_v9":{"description":" Description de la visite"},"Hike.kony.addLoginServiceV9":{"description":" Description de la randonnée"},"Card.kony.addLoginServiceV9.addActions":{"content":{"title":" Configurer les Actions","body":"<ol>\n<li> De la<strong> Éditeur d'actions</strong> toile, sous<strong> Appeler le service : UserAuthentication$login</strong> , sélectionnez<strong> Succès</strong>.</li>\n<li> Depuis le menu de gauche du<strong> Éditeur d'actions</strong> , sous<strong> Général</strong> , sélectionnez<strong> Accédez au formulaire</strong>.</li>\n<li> Depuis le volet droit du<strong> Éditeur d'actions</strong> , sélectionnez le formulaire<strong> compte frm</strong>.</li>\n<li> Cliquez<strong> Enregistrer</strong>.</li>\n</ol>"},"navigationBar":{"left":{"text":" Précédent"},"right":{"text":" Suivant"}}},"Card.kony.addLoginServiceV9.addMapping":{"content":{"title":" mapper l'opération de connexion","body":"<ol><li> En haut à droite du<b> Éditeur d'actions</b> fenêtre, sélectionnez le<strong> Vue Conception</strong>.</li>\n<li> dans le canevas de l'éditeur d'actions, sélectionnez <strong> Appeler le service : UserAuthentication$login</strong>.</li>\n<li> Depuis le volet droit du<strong> Éditeur d'actions</strong> , cliquez sur<strong> Ouvrir l'éditeur de mappage</strong>.<br /> Le<strong> Éditeur de mappage</strong> la fenêtre apparaît dans le volet droit du canevas.</li>\n<li> Depuis le volet gauche du <strong> Éditeur de mappage</strong> , développez <strong> Formulaires</strong> > <strong> frmConnexion</strong>.</li>\n<li> Depuis le volet droit du <strong> Éditeur de mappage</strong> , développez <strong> Services</strong> > <strong> Service – Authentification utilisateur$login</strong>.</li>\n</ol>"},"navigationBar":{"left":{"text":" Précédent"},"right":{"text":" Suivant"}}},"Card.kony.addLoginServiceV9.addService":{"content":{"title":" Ajouter un service au bouton de connexion","body":"<ol>\n<li> De la<strong> Projet</strong> explorateur, développez<strong> Mobile</strong> ><strong> Formulaires</strong> et sélectionnez<strong> frmConnexion</strong>.</li>\n<li> De la<strong> Données et amp; Prestations de service</strong> panneau, développez<strong> Services de projet</strong> ><strong> Authentification de l'utilisateur</strong>  et sélectionnez le<strong> connexion</strong> opération.</li>\n<li> Glissez-déposez le<strong> lo</strong><strong> gin</strong> opération sur le<strong>Login</strong> bouton sur le canevas.<br /> Visualizer peut prendre un certain temps pour ajouter le service à votre application.</li>\n<li> Dans la liste des actions, sélectionnez<strong> Action : onClick</strong>.<br /> Le<strong> Éditeur d'actions</strong>  la fenêtre apparaît.</li>\n</ol>"},"navigationBar":{"left":{"text":" Précédent"},"right":{"text":" Suivant"}}},"Card.kony.addLoginServiceV9.addUser":{"content":{"title":" Ajouter un utilisateur pour l'authentification","body":"<ol>\n<li> Cliquez <strong> Ajouter un utilisateur</strong>.<br /> Le<strong> Ajouter un utilisateur </strong> la fenêtre apparaît.</li>\n<li> Saisissez les valeurs suivantes dans les champs respectifs :<ul>\n<li> E-mail/Nom d'utilisateur :<strong> john.doe@temenos.com</strong></li>\n<li> Prénom :<strong> Jean</strong></li>\n<li> Nom :<strong> Biche</strong></li>\n<li> Mot de passe :<strong> Temenos@123</strong></li>\n<li> Entrez à nouveau le mot de passe :<strong> Temenos@123</strong></li>\n<li> De <strong> Ajouter/Sélectionner un groupe</strong> , assurez-vous que la case à cocher pour <strong> Membres</strong> est sélectionné dans la liste déroulante.</li>\n</ul></li>\n<li> Cliquez <strong> Ajouter un utilisateur</strong>.</li>\n</ol>\n<p> Un utilisateur est ajouté au référentiel.<br /> Notez les identifiants de connexion pour les tests.</p>"},"navigationBar":{"left":{"text":" Précédent"},"right":{"text":" Suivant"}}},"Card.Kony.addLoginServiceV9.ConfigureLogout":{"content":{"title":" Configurer les paramètres de déconnexion","body":"<ol>\n<li> Depuis le coin supérieur droit de votre <strong> Éditeur d'actions</strong> fenêtre, sélectionnez <strong> Vue Conception</strong>.</li>\n<li> Depuis le menu de gauche du <strong> Éditeur d'actions</strong> , sous <strong> Réseau</strong> , sélectionnez <strong> Appeler le service</strong>.</li>\n<li> Dans le volet droit du <strong> Éditeur d'actions</strong> , du<strong> Sélectionnez le service</strong> liste déroulante, sélectionnez<strong> UserAuthentication$logout</strong>.</li>\n</ol>"},"navigationBar":{"left":{"text":" Précédent"},"right":{"text":" Suivant"}}},"Card.Kony.addLoginServiceV9.ConfigureLogout1":{"content":{"title":" Configurer les paramètres de déconnexion","body":"<ol>\n<li> Depuis le canevas de l'éditeur d'actions, sous<strong> Appeler le service : UserAuthentication$logout</strong> , cliquez<strong> Succès</strong>.</li>\n<li> Depuis le menu de gauche du <strong> Éditeur d'actions</strong> , sous <strong> Général</strong> , sélectionnez <strong>  Accéder au formulaire</strong>.</li>\n<li> Dans le volet droit du <strong> Éditeur d'actions</strong> , sélectionnez<strong> frmConnexion</strong>.</li>\n<li> Cliquez <strong> Enregistrer</strong>.</li>\n</ol>"},"navigationBar":{"left":{"text":" Précédent"},"right":{"text":" Suivant"}}},"Card.kony.addLoginServiceV9.createService":{"content":{"title":" Créer un service d'identité","body":"<ol>\n<li> De la<strong> Données et amp; Prestations de service</strong><strong>  </strong> panneau en haut à droite de votre toile, agrandissez <strong> Services de projet</strong>.</li>\n<li> Cliquez <strong> Configurer Nouveau</strong> pour obtenir une liste des services pré-packagés.</li>\n<li> Sous le <strong> Authentifier</strong> catégorie, sélectionnez <strong> Référentiel utilisateur</strong>.<br /> Le<strong> Configurer le service d'identité</strong>  la fenêtre apparaît.</li>\n<li> Saisissez le nom du service<strong> Authentification de l'utilisateur</strong>.</li>\n<li> Cliquez <strong> Enregistrer</strong>.</li>\n</ol>"},"navigationBar":{"left":{"text":" Précédent"},"right":{"text":" Suivant"}}},"Card.kony.addLoginServiceV9.deleteActions":{"content":{"title":" Supprimer les actions indésirables","body":"<ol>\n<li> De la<strong> Éditeur d'actions</strong> toile, aller à<strong> Accédez au formulaire frmAccount</strong> . Faites un clic droit et sélectionnez<strong> Supprimer</strong> pour cette action.</li>\n<li> De la<strong> Éditeur d'actions</strong> toile, accédez à<strong> Appeler le service : UserAuthentication$login</strong> ><strong> Succès</strong> ><strong> Afficher l'alerte</strong> . Cliquez avec le bouton droit et sélectionnez<strong> Supprimer</strong> pour cette action.</li>\n</ol>"},"navigationBar":{"left":{"text":" Précédent"},"right":{"text":" Suivant"}}},"Card.kony.addLoginServiceV9.done":{"content":{"title":" Félicitations","body":"<p> Vous avez réussi :</p>\n<ul>\n<li><strong> Création d'un service d'identité</strong></li>\n<li><strong> Intégré au formulaire de connexion</strong></li>\n</ul>\n<p><br /> Pour ajouter la fonctionnalité permettant de créer des services pour les données Back-end, consultez la prochaine randonnée :<a class=\"tour-link\" tour=\"a7a762t5-3eac-44r5-8bu2-89b781n1\"><strong> 4. Création de services pour les données Back-end Mobile</strong></a>.</p>"},"navigationBar":{"left":{"text":" Précédent"},"right":{"text":" Terminé"}}},"Card.kony.addLoginServiceV9.Intro":{"content":{"title":" Ajouter l'authentification à l'application","body":"<p><strong> Commençons !</strong><br /> Dans cette randonnée, nous allons :</p>\n<ul>\n<li> Apprenez à configurer un service d'identité</li>\n<li> mapper le service d'identité aux éléments d'interface utilisateur d'une application</li>\n</ul>\n<p> Avant de vous lancer, effectuez ces randonnées :</p>\n<ol><b>\n<li><a class=\"tour-link\" tour=\"20cbd4t0-03a1-4er1-9dud-98bee3nb\"> Importer & Lancer une application native</a></li><li><a class=\"tour-link\" tour=\"a617eft5-7ca8-4ard-8eu8-94cdean5\"> Créer une interface utilisateur à partir des collections</a></li></b>\n</ol>\n<p> Assurez-vous d'ouvrir le même projet que vous avez créé lors des randonnées précédentes.<br /> Pour ouvrir un projet fermé, à partir du menu principal, accédez à<strong> Projet</strong> ><strong> Ouvert</strong> ><strong> Architecture de référence Kony</strong> ><strong> DestinatairesMobApp</strong>.<br /> <br /> <strong> Lorsque vous êtes prêt, cliquez sur Démarrer !</strong></p>"},"navigationBar":{"left":{"text":" Précédent"},"right":{"text":" Démarrer"}}},"Card.kony.addLoginServiceV9.launch":{"content":{"title":" Lancer l'application","body":"<ol>\n<li> Depuis la barre de navigation de gauche, cliquez sur<strong> Exécuter</strong>.<br /> Visualizer peut prendre un certain temps pour afficher le<strong> L'aperçu en direct est prêt</strong> fenêtre.</li>\n<li> Une fois que Visualizer a exécuté l'application, sur votre<strong> Application Quantique</strong> , cliquez sur<strong> Lancement</strong>.</li>\n<li> Vous pouvez voir un<strong> Nom de l'application</strong> zone de texte. S'il y a une zone de texte, entrez<strong> DestinatairesMobApp</strong> puis cliquez sur<strong> Lancement</strong>.</li>\n</ol>"},"navigationBar":{"left":{"text":" Précédent"},"right":{"text":" Suivant"}}},"Card.kony.addLoginServiceV9.launch1":{"content":{"title":" Exécuter l'application","body":"<p> Lors de la randonnée précédente, vous pouviez accéder au formulaire de compte sans aucune information d'identification. Maintenant, l'application demandera les identifiants de connexion.</p>\n<ol>\n<li> Saisissez les identifiants de connexion suivants dans votre application :<ul>\n<li> Nom d'utilisateur :<strong> john.doe@temenos.com</strong></li>\n<li> Mot de passe :<strong> Temenos@123</strong></li>\n</ul></li>\n<li> Cliquez<strong>Login</strong>.<br /> Le<strong> Liste des comptes</strong> apparaît.</li>\n<li> Cliquez <strong> Déconnexion</strong> . <br /> Le <strong> Formulaire de connexion</strong> apparaît.</li>\n<li> À<strong> Quitter</strong> l'appli sur votre<strong> mobile</strong> appareil, faites glisser deux doigts de gauche à droite ou secouez votre<strong> mobile</strong> appareil et clic<strong> Quitter l'application</strong>.</li>\n</ol>"},"navigationBar":{"left":{"text":" Précédent"},"right":{"text":" Suivant"}}},"Card.kony.addLoginServiceV9.Logout":{"content":{"title":" mapper les paramètres de déconnexion à l'interface utilisateur","body":"<ol>\n<li> Depuis le <strong> Projet </strong> explorer, développer <b> Mobile</b> ><b> Formulaires</b> > <strong> frmCompte</strong> > <b> flexAccountList</b> ><b> tête flexible</b> et sélectionnez<strong> headerButtonRight</strong>.</li>\n<li> De la<strong> Propriétés</strong> panneau, accédez au<strong> Action</strong> onglet.</li>\n<li> Pour le<strong> onClick</strong> événement, cliquez<strong> Modifier</strong>.<br /> Le<strong> Éditeur d'actions</strong> la fenêtre apparaît.</li>\n</ol>"},"navigationBar":{"left":{"text":" Précédent"},"right":{"text":" Suivant"}}},"Card.kony.addLoginServiceV9.mapping":{"content":{"title":" Mapper le nom d'utilisateur et le mot de passe","body":"<p> mappez les éléments suivants du volet gauche vers le volet droit :</p>\n<ul>\n<li> Dans le volet de gauche, développez<strong> Champ de texte – txtNomUtilisateur</strong> et sélectionnez<strong> texte {chaîne}</strong> . Dans le volet de droite, sélectionnez<strong> ID utilisateur {chaîne}</strong></li>\n<li> Dans le volet de gauche, développez<strong> Champ de texte – txtMot de passe</strong> et sélectionnez<strong> texte {chaîne}</strong> . Dans le volet de droite, sélectionnez<strong> mot de passe {chaîne}</strong></li>\n</ul>"},"navigationBar":{"left":{"text":" Précédent"},"right":{"text":" Suivant"}}},"Card.kony.addLoginServiceV9.openApp":{"content":{"title":" Application Quantique","body":"<ol>\n<li> Connectez votre appareil mobile à votre ordinateur à l'aide d'un câble USB.<br /> Pour les appareils mobiles Android, assurez-vous que l'utilisation de l'USB est définie comme<strong> Transfert de fichiers</strong>.<br /> pour les appareils mobiles iOS, assurez-vous que  <strong> confiance</strong> a été établi entre votre appareil et votre ordinateur.</li>\n<li> Lancer le<strong> Application Quantique</strong> sur votre mobile.</li>\n<li> Sélectionnez le<strong> USB</strong> onglet.<br/> Sur une connexion réussie,<strong> Visualiseur</strong> sur votre ordinateur affiche une invite de réussite.</li>\n</ol>"},"navigationBar":{"left":{"text":" Précédent"},"right":{"text":" Suivant"}}},"Card.kony.addLoginServiceV9.TestLogin":{"content":{"title":" Testez le service de votre application","body":"<ol>\n<li> Sur le <strong> Configurer le service d'identité</strong> fenêtre, cliquez <strong> TEST DE CONNEXION</strong>.</li>\n<li> Entrez le <strong> Identifiant utilisateur</strong> (email) et le <strong> Mot de passe</strong> vous avez créé.</li>\n<li> Cliquez <strong> CONNEXION</strong>.</li>\n<li> Fermez le <strong> Configurer le service d'identité</strong>  fenêtre pour ajouter le service à votre application.</li>\n</ol>"},"navigationBar":{"left":{"text":" Précédent"},"right":{"text":" Suivant"}}},"Tour.ConnectAppUItoDataMob_v9":{"description":" Description de la visite"},"Hike.kony.ConnectAppUItoDataMob_v9":{"description":" Description de la randonnée"},"Card.kony.ConnectAppUItoDataMob_v9.dismiss":{"content":{"title":" Ignorer l'indicateur de chargement","body":"<ol>\n<li> Depuis le menu de gauche du<strong> Éditeur d'actions</strong> , sous le<strong> Réseau</strong> section, sélectionnez <strong> Indicateur de chargement</strong>.</li>\n<li> depuis le volet droit de l'éditeur d'actions, pour <strong> Indicateur de chargement</strong> , sélectionnez <strong> Ignorer</strong>.</li>\n<li> Cliquez <strong> Enregistrer</strong>.</li>\n</ol>"},"navigationBar":{"left":{"text":" Précédent"},"right":{"text":" Suivant"}}},"Card.kony.ConnectAppUItoDataMob_v9.done":{"content":{"title":" Félicitations","body":"<p> Vous avez réussi :</p>\n<ul>\n<li><strong> Services intégrés avec les éléments UI du formulaire</strong> </li>\n</ul>\n<p> Pour savoir comment créer les détails du destinataire et ajouter la fonctionnalité pour supprimer un destinataire, consultez la prochaine randonnée :</p><a class=\"tour-link\" tour=\"db7f07t9-c0a5-4erb-89u0-fab1ean8\"><b> 6. Créer les détails du destinataire</b></a> ."},"navigationBar":{"left":{"text":" Précédent"},"right":{"text":" Terminé"}}},"Card.kony.ConnectAppUItoDataMob_v9.intro":{"content":{"title":" Connecter l'interface utilisateur de l'application aux services","body":"<p> Dans cette randonnée, nous allons :</p>\n<ul>\n<li> Connectez les éléments d'interface utilisateur du formulaire Comptes et destinataires avec les services</li>\n</ul>\n<p> Avant de vous lancer, terminez la randonnée :</p>\n<ol><b>\n<li><a class=\"tour-link\" tour=\"20cbd4t0-03a1-4er1-9dud-98bee3nb\"> Importer & Lancer une application native</a></li><li><a class=\"tour-link\" tour=\"a617eft5-7ca8-4ard-8eu8-94cdean5\"> Créer une interface utilisateur à partir des collections</a></li><li><a class=\"tour-link\" tour=\"15d8c7t4-cda7-40rb-afu7-345cfcnc\"> Ajouter l'authentification à l'application</a></li>\n<li><a class=\"tour-link\" tour=\"a7a762t5-3eac-44r5-8bu2-89b781n1\"> Création de services pour une application native</a> </li></b>\n</ol>\n<p> Assurez-vous d'ouvrir le même projet que vous avez créé lors des randonnées précédentes.</p>\n<p> Pour ouvrir un projet fermé, à partir du menu principal, accédez à <strong> Projet</strong>  > <strong> Ouvert</strong>  > <strong> Architecture de référence Kony</strong>  > <strong> DestinatairesMobApp</strong>. </p><br/>\n<p><strong> Lorsque vous êtes prêt, cliquez sur Démarrer !</strong></p>"},"navigationBar":{"left":{"text":" Précédent"},"right":{"text":" Démarrer"}}},"Card.kony.ConnectAppUItoDataMob_v9.launch":{"content":{"title":" Voir l'application","body":"<ol>\n<li> Saisissez les identifiants de connexion suivants dans votre application :<ul>\n<li> Nom d'utilisateur : <strong> john.doe@temenos.com</strong></li>\n<li> Mot de passe : <strong> Temenos@123</strong></li>\n</ul>\n</li>\n<li> Cliquez <strong> Connexion </strong> pour visualiser la liste des comptes.</li>\n<li> Cliquez <strong> Destinataires</strong> pour visualiser la liste des destinataires.</li>\n<li> Pour quitter l'application sur votre <strong> mobile</strong> appareil, faites glisser deux doigts de gauche à droite ou secouez votre <strong> mobile</strong> appareil et clic <strong> Quitter l'application</strong>.</li>\n</ol>"},"navigationBar":{"left":{"text":" Précédent"},"right":{"text":" Suivant"}}},"Card.kony.ConnectAppUItoDataMob_v9.mapping":{"content":{"title":" Ajouter une action de mappage","body":"<ol>\n<li> De la<strong> Éditeur d'actions</strong> toile, sous<strong> Appeler le service</strong> , sélectionnez<strong> Rappel</strong>.</li>\n<li> Depuis le menu de gauche du<strong> Éditeur d'actions</strong> , sous<strong> Cartographie</strong> , sélectionnez<strong> Ajouter un mappage</strong>.<br /> Le<strong> Éditeur de mappage</strong> la fenêtre apparaît.</li>\n<li> Depuis le volet gauche du<strong> Éditeur de mappage</strong> , développer<strong> Services</strong> ><strong> Service-AccountStorage$Accounts$get</strong> et sélectionnez<strong> enregistrements{collection}</strong>.</li>\n<li> Depuis le volet droit du<strong> Éditeur de mappage</strong> , développer<strong> Formulaires</strong> ><strong> compte frm</strong> ><strong> Segment-segAccount</strong> ><strong> masterdatamap</strong> et sélectionnez<strong> rowData{collection}</strong>.</li>\n</ol>"},"navigationBar":{"left":{"text":" Précédent"},"right":{"text":" Suivant"}}},"Card.kony.ConnectAppUItoDataMob_v9.mapping1":{"content":{"title":" Ajouter un mappage aux éléments de l'interface utilisateur","body":"<ol>\n<li> À partir du volet gauche de l'éditeur de mappage, développez<strong> enregistrements{collection}.</strong><br/> À partir du volet droit de l'éditeur de mappage, développez<strong> rowData{collection}.</strong></li>\n<li> mappez les éléments suivants dans l'éditeur de mappage du volet gauche au volet droit.<ul>\n<li> Dans le volet gauche de l'éditeur de mappage, sélectionnez<strong> Nom du compte{chaîne}</strong>.<br /> dans le volet droit de l'éditeur de mappage, développez<strong> Étiquette-lblAccName</strong> et sélectionnez<strong> texte{chaîne}</strong>.</li>\n<li> Dans le volet gauche de l'éditeur de mappage, sélectionnez<strong> Solde{chaîne}</strong>.<br /> dans le volet droit de l'éditeur de mappage, développez<strong> Étiquette-lblBalance</strong> et sélectionnez<strong> texte{chaîne}</strong>.</li>\n</ul>\n</li>\n</ol>"},"navigationBar":{"left":{"text":" Précédent"},"right":{"text":" Suivant"}}},"Card.kony.ConnectAppUItoDataMob_v9.mappingUI":{"content":{"title":" Mappage des services aux éléments de l'interface utilisateur","body":"<p> mappez les éléments suivants dans l'éditeur de mappage du volet gauche au volet droit.</p>\n<ul>\n<li> Dans le volet gauche de l'éditeur de mappage, sélectionnez<strong> ID de destinataire{numéro}</strong>.<br /> dans le volet droit de l'éditeur de mappage, développez<strong> Label-lblPayeeID</strong> et sélectionnez<strong> texte{chaîne}</strong>.</li>\n<li> Dans le volet gauche de l'éditeur de mappage, sélectionnez<strong> Prénom{chaîne}</strong>.<br /> dans le volet droit de l'éditeur de mappage, développez<strong> Étiquette-lblPrénom</strong> et<strong> sélectionnez le texte{chaîne}</strong>.</li>\n</ul>"},"navigationBar":{"left":{"text":" Précédent"},"right":{"text":" Suivant"}}},"Card.kony.ConnectAppUItoDataMob_v9.mappingUI1":{"content":{"title":" Mappage des services aux éléments de l'interface utilisateur","body":"<ul>\n<li> Dans le volet gauche de l'éditeur de mappage, sélectionnez<strong> Nom{chaîne}</strong>.<br /> dans le volet droit de l'éditeur de mappage, développez<strong> Label-lblLastName</strong> et sélectionnez<strong> texte{chaîne}</strong>.</li>\n<li> Dans le volet gauche de l'éditeur de mappage, sélectionnez<strong> Téléphone{string}</strong>.<br /> dans le volet droit de l'éditeur de mappage, développez<strong> Libellé-lblPhoneNumber</strong> et sélectionnez<strong> texte{chaîne}</strong>.</li>\n</ul>"},"navigationBar":{"left":{"text":" Précédent"},"right":{"text":" Suivant"}}},"Card.kony.ConnectAppUItoDataMob_v9.nav":{"content":{"title":" Navigation à partir de la liste des destinataires","body":"<ol>\n<li> De la<strong> Explorateur de projet</strong> , développer<strong> frmDestinataires</strong> ><strong> flexRecipientList</strong> ><strong> flexHeader,</strong> , et sélectionnez<strong> en-têteBoutonGauche</strong>.</li>\n<li> De la<strong> Propriétés</strong> panneau, accédez au<strong> Action</strong> onglet.</li>\n<li> Pour le<strong> onClick</strong> événement, cliquez<strong> Modifier</strong>. <br /> Le<strong> Éditeur d'actions</strong> la fenêtre apparaît.</li>\n</ol>"},"navigationBar":{"left":{"text":" Précédent"},"right":{"text":" Suivant"}}},"Card.kony.ConnectAppUItoDataMob_v9.nav1":{"content":{"title":" Navigation à partir de l'écran Liste des destinataires","body":"<ol>\n<li> De la<strong> Éditeur d'actions</strong> menu de gauche, sous le<strong> Général</strong> section, sélectionnez<strong> Accédez au formulaire</strong>.</li>\n<li> Dans le volet de droite, sélectionnez<strong> compte frm</strong>.</li>\n<li> Cliquez<strong> Enregistrer</strong>.</li>\n</ol>"},"navigationBar":{"left":{"text":" Précédent"},"right":{"text":" Suivant"}}},"Card.kony.ConnectAppUItoDataMob_v9.openApp":{"content":{"title":" Application Quantique","body":"<ol>\n<li> Connectez votre appareil mobile à votre ordinateur à l'aide d'un câble USB.<br /> Pour les appareils mobiles Android, assurez-vous que l'utilisation de l'USB est définie comme<strong> Transfert de fichiers</strong>.<br /> pour les appareils mobiles iOS, assurez-vous que  <strong> confiance</strong> a été établi entre votre appareil et votre ordinateur.</li>\n<li> Lancer le<strong> Application Quantique</strong> sur votre mobile.</li>\n<li> Sélectionnez le<strong> USB</strong> onglet.<br/> Sur une connexion réussie,<strong> Visualiseur</strong> sur votre ordinateur affiche une invite de réussite.</li>\n</ol>"},"navigationBar":{"left":{"text":" Précédent"},"right":{"text":" Suivant"}}},"Card.kony.ConnectAppUItoDataMob_v9.preShow1":{"content":{"title":" Appeler l'action de service","body":"<ol>\n<li> Depuis le menu de gauche du <strong> Éditeur d'actions</strong> , sous le<strong> Réseau</strong> section, sélectionnez <strong> Indicateur de chargement</strong>.</li>\n<li> Depuis le menu de gauche du <strong> Éditeur d'actions</strong> , sous le<strong> Réseau</strong> section, sélectionnez <strong> Appeler le service</strong>.</li>\n<li> Depuis le volet droit du <strong> Éditeur d'actions</strong> , pour le<strong> Sélectionnez le service</strong> , dans la liste déroulante, sélectionnez <strong> CompteStorage$Comptes</strong>.</li>\n<li> Pour le<strong> Sélectionnez la méthode</strong> , dans la liste déroulante, sélectionnez <strong> obtenir</strong>.</li>\n</ol>"},"navigationBar":{"left":{"text":" Précédent"},"right":{"text":" Suivant"}}},"Card.kony.ConnectAppUItoDataMob_v9.recipients":{"content":{"title":" Formulaire d'ajout de service aux destinataires","body":"<ol>\n<li> Depuis le <strong> Projet</strong> explorateur, accédez à <strong> Mobile</strong>  > <strong> Formulaires</strong> et sélectionnez <strong> frmDestinataires</strong>.</li>\n<li> Dans le coin supérieur droit de Visualizer, accédez au<strong> Propriétés </strong> panneau et sélectionnez le<strong> Action</strong> onglet.</li>\n<li> Sous le<strong> Général </strong> section, pour le<strong> pré-spectacle</strong> événement, cliquez<strong> Modifier</strong>.<br /> Le<strong> Éditeur d'actions</strong> la fenêtre apparaît.</li><li> Depuis le coin supérieur droit du<b> Éditeur d'actions</b> fenêtre, sélectionnez le<strong> Vue Conception</strong>.</li>\n\n</ol>"},"navigationBar":{"left":{"text":" Précédent"},"right":{"text":" Suivant"}}},"Card.kony.ConnectAppUItoDataMob_v9.recipients1":{"content":{"title":" Appeler l'action de service","body":"<ol>\n<li> Depuis le menu de gauche du <strong> Éditeur d'actions</strong> , sous le<strong> Réseau</strong> section, sélectionnez <strong> Indicateur de chargement</strong>.</li>\n<li> Depuis le menu de gauche du <strong> Éditeur d'actions</strong> , sous le<strong> Réseau</strong> section, sélectionnez <strong> Appeler le service</strong>.</li>\n<li> Depuis le volet droit du <strong> Éditeur d'actions</strong> , pour le<strong> Sélectionnez le service</strong> , dans la liste déroulante, sélectionnez <strong> DestinataireStorage$Recipients</strong>.</li>\n<li> Pour le<strong> Sélectionnez la méthode</strong> , dans la liste déroulante, sélectionnez <strong> obtenir</strong>.</li>\n</ol>"},"navigationBar":{"left":{"text":" Précédent"},"right":{"text":" Suivant"}}},"Card.kony.ConnectAppUItoDataMob_v9.run":{"content":{"title":" Exécuter l'application","body":"<ol>\n<li> Dans la barre de navigation de gauche, cliquez sur <strong> Exécuter</strong>.<br /> Visualizer mettra un certain temps à afficher le <strong> L'aperçu en direct est prêt</strong></li>\n<li> Une fois que Visualizer a exécuté l'application, sur votre<strong> Application Quantique</strong> , cliquez <strong> Lancement</strong>.</li>\n<li> Vous pouvez voir un <strong> Nom de l'application </strong> zone de texte. S'il y a une zone de texte, saisissez <strong> DestinatairesMobApp</strong> , puis cliquez sur <strong> Lancement</strong>.</li>\n</ol>"},"navigationBar":{"left":{"text":" Précédent"},"right":{"text":" Suivant"}}},"Card.kony.ConnectAppUItoDataMob_v9.service1":{"content":{"title":" Appeler l'action de service","body":"<ol>\n<li> De la<strong> Éditeur d'actions</strong> toile, sous<strong> Appeler le service</strong> , sélectionnez<strong> Rappel</strong>.</li>\n<li> Depuis le menu de gauche du<strong> Éditeur d'actions</strong> , sous le<strong> Cartographie</strong> section, sélectionnez<strong> Ajouter un mappage</strong>.\n<br/> Le<strong> Éditeur de mappage</strong> la fenêtre apparaît.</li>\n<li> Depuis le volet gauche du<strong> Éditeur de mappage</strong> , développer<strong> Services</strong> ><strong> Service- RecipientStorage$Recipients$get</strong> et sélectionnez<strong> enregistrements{collection}</strong>.</li>\n<li> Depuis le volet droit du<strong> Éditeur de mappage</strong> , développer<strong> Formulaires</strong> ><strong> frmBénéficiaire</strong> ><strong> Segment-destinataires</strong> ><strong> masterdatamap</strong> et sélectionnez<strong> rowData{collection}</strong>.</li>\n<li> Développer<b> enregistrements{collection}</b> dans le volet gauche et<b> rowData{collection}</b> dans le volet de droite.</li>\n</ol>"},"navigationBar":{"left":{"text":" Précédent"},"right":{"text":" Suivant"}}},"Card.kony.ConnectAppUItoDataMob_v9.static":{"content":{"title":" Ajouter une expression statique","body":"<ol>\n<li> Depuis le volet droit du <strong> Éditeur de mappage</strong> , développez <strong> Libellé-lblLine </strong> et faites un clic droit sur <strong> texte{chaîne}</strong> et sélectionnez <strong> Ajouter une expression</strong>.</li>\n<li> Dans la case qui apparaît, ajoutez l'expression suivante :<br /> <span style=\"background-color: #999999;\"><strong> \"\"</strong></span><br /> Cliquez n'importe où en dehors de la boîte pour la fermer.</li>\n<li> Depuis le menu de gauche du <strong> Éditeur d'actions</strong> , sous le<strong> Réseau</strong> section, sélectionnez <strong> Indicateur de chargement</strong>.</li>\n<li> depuis le volet droit de l'éditeur d'actions, pour <strong> Indicateur de chargement</strong> , sélectionnez <strong> Ignorer</strong>.</li>\n<li> Cliquez <strong> Enregistrer</strong>.</li>\n</ol>"},"navigationBar":{"left":{"text":" Précédent"},"right":{"text":" Suivant"}}},"Card.kony.ConnectAppUItoDataMob_v9_preshow":{"content":{"title":" Formulaire d'événement pré-spectacle pour les comptes","body":"<ol>\n<li> De la<strong> Projet</strong> explorateur, accédez à<strong> Mobile</strong> > <strong> Formulaires</strong> et sélectionnez<strong> compte frm</strong>.</li>\n<li> Dans le coin supérieur droit du Visualiseur, accédez au<strong> Propriétés</strong> panneau et sélectionnez le<strong> Action</strong> onglet.</li>\n<li> Sous le<strong> Général</strong> section, pour le<strong> avant-spectacle</strong> événement, cliquez<strong> Modifier</strong>.<br /> Le<strong> Éditeur d'actions</strong> la fenêtre apparaît.</li><li> Depuis le coin supérieur droit du<b> Éditeur d'actions</b> fenêtre, sélectionnez le<strong> Vue Conception</strong>.</li>\n</ol>"},"navigationBar":{"left":{"text":" Précédent"},"right":{"text":" Suivant"}}},"Tour.CreateDetailsNative_v9":{"description":" Description de la visite"},"Hike.kony.CreateDetailsNative_v9":{"description":" Description de la randonnée"},"Card.kony.CreateDetailsNative_v9.deleteFeature":{"content":{"title":" Ajout de la fonction de suppression","body":"<ol>\n<li> De la<strong> Projet</strong> explorateur, développez<strong> Mobile</strong> ><strong> Formulaires</strong> et sélectionnez<strong> frmDétails</strong>.</li>\n<li> De la<strong> Données et amp; Prestations de service</strong> panneau, développez<strong> Services de projet</strong> ><strong> Stockage du destinataire</strong> ><strong> Destinataires</strong> et sélectionnez le<b> supprimer</b> opération.</li>\n<li> Abandonnez le<strong> supprimer</strong> opération sur la toile.<br /> Cela crée le<strong> Supprimer</strong> bouton.</li>\n</ol>"},"navigationBar":{"left":{"text":" Précédent"},"right":{"text":" Suivant"}}},"Card.kony.CreateDetailsNative_v9.deleteFeature1":{"content":{"title":" Ajout de la fonction de suppression","body":"<ol>\n<li> De la<strong> Explorateur de projets</strong> , développer<strong> Mobile</strong> ><strong> Formulaires</strong> ><strong> frmDétails</strong> ><strong> flexFieldsContainer</strong> et sélectionnez<strong> btnSquared</strong>.</li>\n<li> À partir de<strong> Propriétés</strong> panneau, accédez au<strong> Action</strong> onglet.</li>\n<li> Pour le<strong> onClick</strong> événement, cliquez<strong> Modifier</strong>.<br /> Le<strong> Éditeur d'actions</strong> la fenêtre apparaît.</li>\n</ol>"},"navigationBar":{"left":{"text":" Précédent"},"right":{"text":" Suivant"}}},"Card.kony.CreateDetailsNative_v9.deleteFeature11":{"content":{"title":" Ajout de la fonction de suppression","body":"<ol>\n<li> Depuis le coin supérieur droit du<strong> Éditeur d'actions</strong> fenêtre, sélectionnez<strong> Vue Conception</strong>.</li>\n<li> De la<strong> Éditeur d'actions</strong> toile, sélectionnez<strong> Appeler le service</strong> (nom :<strong> RecipientStorage$Recipients$delete</strong> ).</li>\n<li> Dans le volet droit de l'éditeur d'actions, sélectionnez<strong> Ouvrir l'éditeur de mappage</strong>. <br /> La fenêtre de l'éditeur de mappage apparaît.</li>\n</ol>"},"navigationBar":{"left":{"text":" Précédent"},"right":{"text":" Suivant"}}},"Card.kony.CreateDetailsNative_v9.deleteFeature2":{"content":{"title":" Ajout de la fonction de suppression","body":"<ol>\n<li> Dans le volet gauche de l'éditeur de mappage, développez<strong> Formulaires</strong> ><strong> frmDétails</strong> ><strong> Libellé - lblRecipientIDValue</strong> , et sélectionnez<strong> texte {chaîne}</strong>.</li>\n<li> Depuis le volet droit de l'éditeur de mappage, développez<strong> Services</strong> ><strong> RecipientStorage$Recipients$delete</strong> , et sélectionnez<strong> ID destinataire {numéro}</strong>.</li>\n<li> De la<strong> Éditeur d'actions</strong> toile, sélectionnez le<strong> SI</strong> état.</li>\n</ol>"},"navigationBar":{"left":{"text":" Précédent"},"right":{"text":" Suivant"}}},"Card.kony.CreateDetailsNative_v9.deleteFeature21":{"content":{"title":" Ajout de la fonction de suppression","body":"<ol>\n<li> Depuis le menu de gauche du<strong> Éditeur d'actions</strong> , sous le<strong> Widget</strong> section, sélectionnez<strong> Définir la propriété du widget</strong>.</li>\n<li> Depuis le volet de droite, sous<strong> Mobile</strong> <strong> Formulaires</strong> ><strong> frmDétails</strong> ><strong> flexFieldsContainer</strong> , sélectionnez<strong> flexDeleteSuccessHeader</strong>.</li>\n<li> Dans le volet droit de l'éditeur de mappage, fournissez les valeurs suivantes.<ul>\n<li> Propriété :<strong> Visible</strong></li>\n<li> Valeur :<strong> Vrai</strong></li>\n</ul>\n</li>\n</ol>"},"navigationBar":{"left":{"text":" Précédent"},"right":{"text":" Suivant"}}},"Card.kony.CreateDetailsNative_v9.deleteFeature3":{"content":{"title":" Ajout de la fonction de suppression","body":"<ol>\n<li> Depuis le menu de gauche du<strong> Éditeur d'actions</strong> , sous le<strong> Widget</strong> section, sélectionnez<strong> Définir la propriété du widget</strong>.</li>\n<li> Depuis le volet de droite, sous<strong> Formulaires mobiles</strong> ><strong> frmDétails</strong> ><strong> flexFieldsContainer</strong> , et sélectionnez<strong> btnSquared</strong>.</li>\n<li> Dans le volet droit de l'éditeur de mappage, fournissez les valeurs suivantes.<ul>\n<li> Propriété :<strong> Opacité</strong></li>\n<li> Valeur :<strong> 60 %</strong></li>\n</ul>\n</li>\n</ol>"},"navigationBar":{"left":{"text":" Précédent"},"right":{"text":" Suivant"}}},"Card.kony.CreateDetailsNative_v9.deleteFeature4":{"content":{"title":" Ajout de la fonction de suppression","body":"<ol>\n<li> Depuis le menu de gauche de l'éditeur d'actions, sous<strong> Fonction</strong> , sélectionnez<strong> Ajouter un extrait</strong>.</li>\n<li> Dans le volet droit de l'éditeur d'actions, fournissez le code suivant :<br /><span style=\"background-color: #999999;\"><strong> self.view.forceLayout();</strong></span></li>\n<li> Depuis le menu de gauche de l'éditeur d'actions, sous<strong> Général,</strong> sélectionnez<strong> Définir le délai d'attente</strong>.</li>\n<li> Dans le volet droit de l'éditeur de mappage, fournissez les valeurs suivantes :<ul>\n<li> Délai :<strong>2</strong></li>\n</ul>\n</li>\n</ol>"},"navigationBar":{"left":{"text":" Précédent"},"right":{"text":" Suivant"}}},"Card.kony.CreateDetailsNative_v9.deleteFeature5":{"content":{"title":" Ajout de la fonction de suppression","body":"<ol>\n<li> Depuis le menu de gauche du<strong> Éditeur d'actions</strong> , sous le<strong> Widget</strong> section, sélectionnez<strong> Définir la propriété du widget</strong>.</li>\n<li> Depuis le volet de droite, sous<strong> Mobile</strong> <strong> Formulaires</strong> ><strong> frmDétails</strong> ><strong> flexFieldsContainer</strong> , sélectionnez<strong> flexDeleteSuccessHeader</strong>.</li>\n<li> Dans le volet droit de l'éditeur de mappage, fournissez les valeurs suivantes.<ul>\n<li> Propriété :<strong> Visible</strong></li>\n<li> Valeur :<strong> Faux</strong></li>\n</ul>\n</li>\n</ol>"},"navigationBar":{"left":{"text":" Précédent"},"right":{"text":" Suivant"}}},"Card.kony.CreateDetailsNative_v9.deleteFeature6":{"content":{"title":" Ajout de la fonction de suppression","body":"<ol>\n<li> Depuis le menu de gauche du<strong> Éditeur d'actions</strong> , sous le<strong> Widget</strong> section, sélectionnez<strong> Définir la propriété du widget</strong>.</li>\n<li> Depuis le volet de droite, sous<strong> Formulaires mobiles</strong> ><strong> frmDétails</strong> ><strong> frmFieldsContainer</strong> , et sélectionnez<strong> btnSquared</strong>.</li>\n<li> Dans le volet droit de l'éditeur de mappage, fournissez les valeurs suivantes.<ul>\n<li> Propriété :<strong> Opacité</strong></li>\n<li> Valeur :<strong> 100%</strong></li>\n</ul>\n</li>\n</ol>"},"navigationBar":{"left":{"text":" Précédent"},"right":{"text":" Suivant"}}},"Card.kony.CreateDetailsNative_v9.deletFeature7":{"content":{"title":" Ajout de la fonction de suppression","body":"<ol>\n<li> Depuis le menu de gauche du<strong> Éditeur d'actions</strong> , sous<strong> Fonction</strong> , sélectionnez <strong> Ajouter un extrait</strong>.</li>\n<li> Dans le volet droit de l'éditeur d'actions, fournissez le code suivant :<br /><span style=\"background-color: #999999;\"><strong> self.view.forceLayout();</strong></span></li>\n<li> Depuis le menu de gauche de l'éditeur d'actions, sous<strong> Général</strong> , sélectionnez<strong> Accédez au formulaire</strong>.</li>\n<li> Dans le volet droit de l'éditeur d'actions, sélectionnez<strong> frmDétails</strong>.</li>\n<li> Cliquez<strong> Enregistrer</strong>.</li>\n</ol>"},"navigationBar":{"left":{"text":" Précédent"},"right":{"text":" Suivant"}}},"Card.kony.CreateDetailsNative_v9.done":{"content":{"title":" Félicitations","body":"<p> Vous avez réussi :</p>\n<ul>\n<li><strong> Création de l'écran de détail du destinataire</strong></li>\n<li><strong> Mappé l'interface utilisateur détaillée du destinataire aux services<br /></strong></li>\n<li><strong> Implémentation de la navigation vers tous les autres formulaires de l'application</strong></li>\n<li><strong> Déconnexion implémentée dans le formulaire des détails du destinataire<br /></strong></li>\n</ul>\n<p> Pour plus d'informations sur la création de destinataires, consultez la prochaine randonnée :<a class=\"tour-link\" tour=\"da2bbctf-3ba6-49rf-b2u9-b842dand\"><strong> 7. Ajouter des destinataires</strong></a>.</p>"},"navigationBar":{"left":{"text":" Précédent"},"right":{"text":" Terminé"}}},"Card.kony.CreateDetailsNative_v9.finalChanges":{"content":{"title":" Supprimer les FlexContainers supplémentaires","body":"<ol>\n<li> De la<strong> Projet</strong> <strong> Explorateur</strong> , développer<strong> Mobile</strong> ><strong> Formulaires</strong> ><b> frmDétails</b> > <strong> flexFieldsContainer</strong> , et sélectionnez<strong> flexFieldsContainer1</strong>.</li>\n<li> clic droit et supprimer<strong> flexFieldsContainer1</strong>.</li>\n</ol>"},"navigationBar":{"left":{"text":" Précédent"},"right":{"text":" Suivant"}}},"Card.kony.CreateDetailsNative_v9.finalChanges1":{"content":{"title":" Personnalisation de l'interface utilisateur","body":"<ol>\n<li> De la<strong> Projet</strong> <strong> Explorateur</strong> , développer<strong> Mobile</strong> ><strong> Formulaires</strong> ><b> frmDétails</b> >\n <strong> flexFieldsContainer</strong> ><strong> flexFooter1</strong> ><strong> flexSquaredBorderedButton</strong> , et sélectionnez<strong> btnSquared.</strong></li>\n<li> clic droit et coupe<strong> btnSquared</strong>.</li>\n<li> De la<strong> Projet</strong> <strong> Explorateur</strong> , développer<strong> Mobile</strong> ><strong> Formulaires</strong> ><b> frmDétails</b> > <strong> flexFieldsContainer</strong> et sélectionnez<b> Coller</b>.</li>\n</ol>"},"navigationBar":{"left":{"text":" Précédent"},"right":{"text":" Suivant"}}},"Card.kony.CreateDetailsNative_v9.finalChanges2":{"content":{"title":" Personnalisation de l'interface utilisateur","body":"<ol>\n<li> De la<strong> Projet</strong> <strong> Explorateur</strong> , développer<strong> Mobile</strong> ><strong> Formulaires</strong> ><b> frmDétails</b> > <strong> flexFieldsContainer</strong> , et sélectionnez<strong> flexFooter1</strong>.</li>\n<li> clic droit et supprimer<strong> flexFooter1</strong>.</li>\n<li> Depuis l'explorateur de projet, développez<strong> Mobile</strong> ><strong> Formulaires</strong> ><b> frmDétails</b> > <strong> flexFieldsContainer</strong> et sélectionnez<strong> btnSquared</strong>.</li>\n<li> De la<strong> Propriétés</strong> panneau, accédez au<strong> Regardez</strong> onglet.</li>\n<li> Sous le<strong> Flex</strong> section, fournissez les valeurs suivantes :<ul>\n<li> Haut :<strong> 30 %</strong></li>\n<li> Largeur :<strong> 89%</strong></li>\n<li> Hauteur :<strong> 7%</strong></li>\n<li> Centre X :<strong> 50 %</strong></li>\n<li> Centre Y :<strong> Par défaut</strong></li>\n</ul>\n</li>\n</ol>"},"navigationBar":{"left":{"text":" Précédent"},"right":{"text":" Suivant"}}},"Card.kony.CreateDetailsNative_v9.footer":{"content":{"title":" Configurer le pied de page de l'écran Détails","body":"<ol>\n<li> De la<strong> Projet</strong> explorateur, développez<strong> Mobile</strong> > <strong> Formulaires</strong> , et sélectionnez<strong> frmDétails</strong>.</li>\n<li> En bas à gauche de votre toile, accédez à<strong> Bibliothèque par défaut</strong>.</li>\n<li> A côté du<strong> Bibliothèque par défaut</strong> , vous verrez le<strong> Mes bibliothèques</strong> onglet et icône de recherche.<br /> Cliquez sur l'icône de recherche.</li>\n<li> Dans la barre de recherche qui apparaît, saisissez<strong> Pied de page</strong>.</li>\n</ol>"},"navigationBar":{"left":{"text":" Précédent"},"right":{"text":" Suivant"}}},"Card.kony.CreateDetailsNative_v9.footer1":{"content":{"title":" Configurer le pied de page de l'écran Détails","body":"<ol>\n<li> A partir des résultats, sous<strong> DestinatairesMobile</strong> , clic droit<strong> DétailsPied de page</strong> et sélectionnez<strong> Insérer dans</strong>.</li>\n<li> Le<b> DétailsFooter</b> est ajouté au<b> frmDétails</b> formulaire.</li>\n<li> Cliquez<strong> Fermer</strong> sur le<strong> Résoudre les conflits</strong> fenêtre.</li>\n</ol>"},"navigationBar":{"left":{"text":" Précédent"},"right":{"text":" Suivant"}}},"Card.kony.CreateDetailsNative_v9.header":{"content":{"title":" Configurer l'en-tête de l'écran Détails","body":"<ol>\n<li> De la<strong> Projet</strong> explorateur, développez<strong> Mobile</strong> > <strong> Formulaires</strong> , et sélectionnez<strong> frmDétails</strong>.</li>\n<li> En bas à gauche de votre toile, accédez à<strong> Bibliothèque par défaut</strong>.</li>\n<li> A côté du<strong> Bibliothèque par défaut</strong> , vous verrez le<strong> Mes bibliothèques</strong> onglet et icône de recherche.<br /> Cliquez sur l'icône de recherche.</li>\n<li> Dans la barre de recherche qui apparaît, saisissez<strong> En-tête</strong>.</li>\n</ol>"},"navigationBar":{"left":{"text":" Précédent"},"right":{"text":" Suivant"}}},"Card.kony.CreateDetailsNative_v9.header1":{"content":{"title":" Configurer l'en-tête de l'écran Détails","body":"<ol>\n<li> A partir des résultats, sous le<strong> DestinatairesMobile</strong> collecte, clic droit<strong> DétailsEn-tête</strong> et sélectionnez<strong> Insérer dans</strong>.</li>\n<li> Le<b> DétailsEn-tête</b> est ajouté au<b> frmDétails</b> formulaire.</li>\n<li> Cliquez<strong> Fermer</strong> sur le<strong> Résoudre les conflits</strong> fenêtre.</li>\n</ol>"},"navigationBar":{"left":{"text":" Précédent"},"right":{"text":" Suivant"}}},"Card.kony.CreateDetailsNative_v9.Intro":{"content":{"title":" Créer l'écran de détail du destinataire","body":"<p><strong> Commençons !</strong></p>\n<p> Dans cette randonnée, vous apprendrez à :</p>\n<ul>\n<li> Créer un formulaire de détails du destinataire</li>\n<li> Créer l'interface utilisateur pour le formulaire de détails de création de destinataire à l'aide de services</li>\n<li> Ajout de la fonctionnalité de suppression des destinataires</li>\n</ul>\n<p> Avant de vous lancer, effectuez les randonnées suivantes :</p>\n<ol><b>\n<li><a class=\"tour-link\" tour=\"20cbd4t0-03a1-4er1-9dud-98bee3nb\"> Importer & Lancer une application native</a></li><li><a class=\"tour-link\" tour=\"a617eft5-7ca8-4ard-8eu8-94cdean5\"> Créer une interface utilisateur à partir des collections</a></li><li><a class=\"tour-link\" tour=\"15d8c7t4-cda7-40rb-afu7-345cfcnc\"> Ajouter l'authentification à l'application</a></li>\n<li><a class=\"tour-link\" tour=\"a7a762t5-3eac-44r5-8bu2-89b781n1\"> Création de services pour une application native</a> </li>\n<li><a class=\"tour-link\" tour=\"fab6d8ta-91ac-4frc-8fud-14a9f7na\"> Connecter l'interface utilisateur de l'application aux données dans une application native</a></li></b>\n</ol><br/>\n<p> Assurez-vous d'ouvrir le même projet que vous avez créé lors des randonnées précédentes.</p>\n<p> Pour ouvrir un projet fermé, à partir du menu principal, accédez à<strong> Projet</strong> ><strong> Ouvert</strong> ><strong> Architecture de référence Kony</strong> ><strong> DestinatairesMobApp</strong>.</p><br/>\n<p><strong> Lorsque vous êtes prêt, cliquez sur Démarrer !</strong></p>"},"navigationBar":{"left":{"text":" Précédent"},"right":{"text":" Démarrer"}}},"Card.kony.CreateDetailsNative_v9.mapping":{"content":{"title":" Mise à jour de l'éditeur de mappage","body":"<ol>\n<li> De la<b> Projet</b> Explorateur, sélectionnez<strong> frmDétails</strong>.</li>\n<li> De la<strong> Propriétés</strong> panneau, accédez au<strong> Action</strong> onglet.</li>\n<li> Pour le<strong> onMapping</strong> événement, cliquez<strong> Modifier</strong>.<br /> Le<b> Éditeur d'actions</b> la fenêtre apparaît.</li>\n</ol>"},"navigationBar":{"left":{"text":" Précédent"},"right":{"text":" Suivant"}}},"Card.kony.CreateDetailsNative_v9.mapping1":{"content":{"title":" Mise à jour de l'éditeur de mappage","body":"<ol>\n<li> Depuis le coin supérieur droit du<strong> Éditeur d'actions</strong> fenêtre, sélectionnez<strong> Vue Conception</strong>.</li>\n<li> Sélectionnez<strong> Nom du service d'appel : RecipientStorage$Recipients$get</strong>.</li>\n<li> Dans le volet de droite, sélectionnez<strong> Requête de filtre de mise à jour. <br /></strong> Le<strong> Éditeur de mappage</strong> la fenêtre apparaît.</li>\n<li> Depuis le volet droit du<strong> Éditeur de mappage</strong> , développer<strong> Services</strong> ><strong> Service – DestinataireStorage$Recipients$get</strong>.</li>\n<li> Faites un clic droit et sélectionnez<strong> Délier</strong> pour les champs suivants :<ul>\n<li><strong> Prénom {chaîne}</strong></li>\n<li><strong> Nom {chaîne}</strong></li>\n<li><strong> Surnom {chaîne}</strong></li>\n<li><strong> Téléphone {chaîne}</strong></li>\n</ul></li>\n<li> Cliquez<strong> Enregistrer</strong>.</li>\n</ol>"},"navigationBar":{"left":{"text":" Précédent"},"right":{"text":" Suivant"}}},"Card.kony.CreateDetailsNative_v9.nav":{"content":{"title":" Ajouter une navigation à l'écran des destinataires","body":"<ol>\n<li> De la<strong> Projet</strong> explorateur, accédez à<strong> Mobile</strong> ><strong> Formulaires</strong> ><strong> frmDétails</strong> ><strong> flexFooter</strong> et sélectionnez<strong> flxRecipientSelected</strong>.</li>\n<li> De la<strong> Propriétés</strong> panneau, accédez au<strong> Action</strong> onglet.</li>\n<li> Pour le<strong> onClick</strong> événement, cliquez<strong> Modifier</strong>. <br /> Le<strong> Éditeur d'actions</strong> la fenêtre apparaît.</li>\n</ol>"},"navigationBar":{"left":{"text":" Précédent"},"right":{"text":" Suivant"}}},"Card.kony.CreateDetailsNative_v9.nav1":{"content":{"title":" Ajouter une navigation à l'écran des destinataires","body":"<ol>\n<li> De la<strong> Éditeur d'actions</strong> menu de gauche, sous le<strong> Général</strong> section, sélectionnez<strong> Accédez au formulaire</strong>.</li>\n<li> Dans le volet droit du<strong> Éditeur d'actions</strong> , sélectionnez<strong> frmDestinataires</strong>.</li>\n<li> Cliquez<strong> Enregistrer</strong>.</li>\n</ol>"},"navigationBar":{"left":{"text":" Précédent"},"right":{"text":" Suivant"}}},"Card.kony.CreateDetailsNative_v9.nav2":{"content":{"title":" Navigation vers l'écran Comptes","body":"<ol>\n<li> De la<strong> Explorateur de projet</strong> , accédez à<strong> Mobile</strong> ><strong> Formulaires</strong> ><strong> frmDétails</strong> ><strong> flexFooter</strong> et sélectionnez<strong> flxComptes</strong>.</li>\n<li> De la<strong> Propriétés</strong> panneau, accédez au<strong> Action</strong> onglet.</li>\n<li> Pour le<strong> onClick</strong> événement, cliquez<strong> Modifier</strong>. <br /> Le<strong> Éditeur d'actions</strong> la fenêtre apparaît.</li>\n</ol>"},"navigationBar":{"left":{"text":" Précédent"},"right":{"text":" Suivant"}}},"Card.kony.CreateDetailsNative_v9.nav3":{"content":{"title":" Ajouter la navigation à l'écran des comptes","body":"<ol>\n<li> De la<strong> Éditeur d'actions</strong> menu de gauche, sous le<strong> Général</strong> section, sélectionnez<strong> Accédez au formulaire</strong>.</li>\n<li> Dans le volet droit du<strong> Éditeur d'actions</strong> , sélectionnez<strong> compte frm</strong>.</li>\n<li> Cliquez<strong> Enregistrer</strong>.</li>\n</ol>"},"navigationBar":{"left":{"text":" Précédent"},"right":{"text":" Suivant"}}},"Card.kony.CreateDetailsNative_v9.nav4":{"content":{"title":" Ajouter une navigation pour le bouton Retour","body":"<ol>\n<li> De la<strong> Explorateur de projet</strong> , accédez à<strong> frmDétails</strong> ><strong> flexHeader,</strong> sélectionnez<strong> en-têteBoutonGauche</strong>.</li>\n<li> De la<strong> Propriétés</strong> panneau, accédez au<strong> Action</strong> onglet.</li>\n<li> Pour le<strong> onClick</strong> événement, cliquez<strong> Modifier</strong>. <br /> Le<strong> Éditeur d'actions</strong> la fenêtre apparaît.</li>\n</ol>"},"navigationBar":{"left":{"text":" Précédent"},"right":{"text":" Suivant"}}},"Card.kony.CreateDetailsNative_v9.nav5":{"content":{"title":" Ajouter une navigation pour le bouton Retour","body":"<ol>\n<li> De la<strong> Éditeur d'actions</strong> menu de gauche, sous le<strong> Général</strong> section, sélectionnez<strong> Accédez au formulaire</strong>.</li>\n<li> Depuis le volet droit du<strong> Éditeur d'actions</strong> , sélectionnez<strong> frmDestinataires</strong>.</li>\n<li> Cliquez<strong> Enregistrer</strong>.</li>\n</ol>"},"navigationBar":{"left":{"text":" Précédent"},"right":{"text":" Suivant"}}},"Card.kony.CreateDetailsNative_v9.successheader":{"content":{"title":" Ajouter un en-tête de réussite","body":"<ol>\n<li> De la<strong> Projet</strong> explorateur, développez<strong> Mobile</strong> > <strong> Formulaires</strong> , et sélectionnez<strong> frmDétails</strong>.</li>\n<li> En bas à gauche de votre toile, accédez à<strong> Bibliothèque par défaut</strong>.</li>\n<li> A côté du<strong> Bibliothèque par défaut</strong> , vous verrez le<strong> Mes bibliothèques</strong> onglet et icône de recherche.<br /> Cliquez sur l'icône de recherche.</li>\n<li> Dans la barre de recherche qui apparaît, saisissez<strong> En-tête</strong>.</li>\n</ol>"},"navigationBar":{"left":{"text":" Précédent"},"right":{"text":" Suivant"}}},"Card.kony.CreateDetailsNative_v9.successheader1":{"content":{"title":" Ajouter un en-tête de réussite","body":"<ol>\n<li> A partir des résultats, sous le<strong> DestinatairesMobile</strong> collecte, clic droit<strong> Supprimer l'en-tête de réussite</strong> et sélectionnez<strong> Insérer dans</strong>.</li>\n<li> Le<b> Supprimer l'en-tête de réussite</b> est ajouté au<b> frmDétails</b> formulaire.</li>\n<li> Cliquez<strong> Fermer</strong> sur le<strong> Résoudre les conflits</strong> fenêtre.</li>\n</ol>"},"navigationBar":{"left":{"text":" Précédent"},"right":{"text":" Suivant"}}},"Card.kony.CreateDetailsNative_v9.UIchange1":{"content":{"title":" Interface utilisateur de l'écran des détails des destinataires","body":"<ol>\n<li> De la<strong> Données et amp; Prestations de service</strong>panel, expand <strong> Services de projet</strong> ><strong> Stockage du destinataire</strong> ><strong> Destinataires</strong>.</li>\n<li> Sélectionnez le<strong> obtenir</strong> opération et déposez-le sur le canevas.<br /> Le<strong> Que voudriez-vous générer ?</strong> la fenêtre apparaît.</li>\n</ol>"},"navigationBar":{"left":{"text":" Précédent"},"right":{"text":" Suivant"}}},"Card.kony.CreateDetailsNative_v9.UIchange2":{"content":{"title":" Interface utilisateur de l'écran des détails des destinataires","body":"<ol>\n<li> De la<strong> Que voudriez-vous générer ?</strong> fenêtre, sélectionnez<strong> Détails utilisant la réponse</strong>.</li>\n<li> Cliquez<strong> OK</strong>.<br /> Une nouvelle fenêtre apparaît, vous demandant si vous souhaitez générer la navigation depuis<strong> frmDestinataires</strong>.</li>\n<li> Cliquez<strong> Oui</strong>.<br /> Visualizer peut prendre un certain temps pour charger les paramètres et générer l'interface utilisateur.<br /> L'interface utilisateur pour<strong> frmDétails</strong> l'écran est créé.</li>\n</ol>"},"navigationBar":{"left":{"text":" Précédent"},"right":{"text":" Suivant"}}},"Card.kony.CreateDetailsNative_v9.UIchange3":{"content":{"title":" Suppression de l'en-tête par défaut","body":"<ol>\n<li> De la<strong> Projet</strong> explorateur, accédez à<strong> Mobile</strong> > <strong> Formulaires</strong> > <strong> frmDétails</strong>.</li>\n<li> clic droit et supprimer<strong> tête flexible</strong>.</li>\n</ol>"},"navigationBar":{"left":{"text":" Précédent"},"right":{"text":" Suivant"}}},"Card.kony.CreateDetailsNative_v9.UIchange4":{"content":{"title":" Personnalisation de l'interface utilisateur","body":"<ol><li> De la<strong> Projet</strong> explorateur, accédez à<strong> Mobile</strong> ><strong> Formulaires</strong> ><strong> frmDétails</strong> et sélectionnez<b> flexFieldsContainer</b>.</li>\n<li> De la<b> Propriétés</b> panneau, accédez au<b> Regardez</b> tab.</li><li> Sous le<strong> Forme dynamique</strong> section, pour<strong> Champs</strong> , cliquez sur<strong> Personnaliser</strong>.<br /> Le<strong> Configurer les détails</strong> la fenêtre apparaît<strong>.</strong></li>\n<li> Dans le<strong> Configurer les détails</strong> fenêtre, pour le<strong> Champs</strong> , fournissez les éléments suivants<strong> Afficher les noms</strong>:\n<ul>\n<li><strong> Prénom</strong> champ :<strong> Prénom</strong></li>\n<li><strong> Nom</strong> champ :<strong> Dernier</strong><strong> Nom</strong></li>\n<li><strong> Pseudo</strong> champ :<strong> Surnom</strong></li>\n<li><strong> Téléphone</strong> champ :<strong> Numéro de téléphone</strong></li>\n</ul>\n</li>\n<li> Cliquez<strong> Régénérer</strong>.</li>\n</ol>"},"navigationBar":{"left":{"text":" Précédent"},"right":{"text":" Suivant"}}},"Card.kony.CreateDetailsNative_v9.UIchange5":{"content":{"title":" Interface utilisateur de l'écran des détails des destinataires","body":"<ol>\n<li> De la<strong> Projet</strong> explorateur, développez<strong> Mobile</strong> > <strong> Formulaires</strong> ><strong> frmDétails</strong> ><strong> flexFieldsContainer</strong> , et sélectionnez<strong> flexRecipientID</strong>.</li>\n<li> De la<strong> Propriétés</strong> panneau, accédez au<strong> Regardez</strong> onglet.</li>\n<li> Sous le<strong> Général</strong> section, pour le<strong> Visible</strong> champ, sélectionnez<strong> Désactivé</strong>.</li>\n</ol>"},"navigationBar":{"left":{"text":" Précédent"},"right":{"text":" Suivant"}}},"Card.kony.CreateDetailsNat_v9.createDetailsSc":{"content":{"title":" Créer l'écran des détails du destinataire","body":"<ol>\n<li> De la<strong> Projet</strong> explorateur, développez<strong> Mobile</strong>.</li>\n<li> clic droit<strong> Formulaires</strong> , et sélectionnez<strong> Nouveau formulaire</strong>.</li>\n<li> Renommer le nouveau formulaire<strong> frmDétails</strong>.</li>\n</ol>"},"navigationBar":{"left":{"text":" Précédent"},"right":{"text":" Suivant"}}},"Card.kony.CreateDetailsScreen_v9.appViewer":{"content":{"title":" Application Quantique","body":"<ol>\n<li> Connectez votre appareil mobile à votre ordinateur à l'aide d'un câble USB.<br /> Pour un appareil mobile Android, assurez-vous que l'USB est défini comme<strong> Transfert de fichiers</strong>.<br /> Pour un appareil mobile iOS, assurez-vous que<strong> confiance</strong> a été établi entre l'appareil et l'ordinateur.</li>\n<li> Lancez votre<strong> Application Quantique</strong> sur votre mobile.</li>\n<li> Sélectionnez le<strong> USB</strong> onglet.<br/> Sur une connexion réussie,<strong> Visualiseur</strong> sur votre ordinateur affiche une invite de réussite.</li>\n</ol>"},"navigationBar":{"left":{"text":" Précédent"},"right":{"text":" Suivant"}}},"Card.kony.CreateDetailsScreen_v9.run":{"content":{"title":" Exécuter l'application","body":"<ol>\n<li> Depuis la barre de navigation de gauche, cliquez sur<strong> Exécuter</strong>.<br /> Il faudra un certain temps à Visualizer pour afficher le<strong> L'aperçu en direct est prêt</strong> fenêtre.</li>\n<li> Une fois que Visualizer a exécuté l'application, sur votre<strong> Application Quantique</strong> , cliquez sur<strong> Lancement</strong>.</li>\n<li> Vous pouvez voir un<strong> Nom de l'application</strong> zone de texte. S'il y a une zone de texte, entrez<strong> DestinatairesMobApp</strong> , puis cliquez sur<strong> Lancement</strong>.</li>\n</ol>"},"navigationBar":{"left":{"text":" Précédent"},"right":{"text":" Suivant"}}},"Card.kony.CreateDetailsScreen_v9.view":{"content":{"title":" Voir l'application","body":"<ol>\n<li> Saisissez les identifiants de connexion suivants dans votre application.<ul>\n<li> Nom d'utilisateur :<strong> john.doe@temenos.com</strong></li>\n<li> Mot de passe :<strong> Temenos@123</strong></li>\n</ul>\n</li>\n<li> Cliquez<strong>Login</strong>.<br /> Le<strong> Liste des comptes</strong> apparaît.</li>\n<li> Cliquez<strong> Destinataires</strong>.<br /> Le<strong> Liste des destinataires</strong> apparaît.</li>\n<li> Sélectionnez un destinataire dans la liste pour afficher ses détails.<br /> Depuis la page de détails, vous pouvez supprimer le destinataire.<br/> Vous apprendrez à créer et éditer des destinataires lors des prochaines randonnées.</li>\n<li> Pour quitter l'application sur votre<strong> mobile</strong> appareil, faites glisser deux doigts de gauche à droite ou secouez votre appareil mobile et cliquez<strong> Quitter l'application</strong>.</li>\n</ol>"},"navigationBar":{"left":{"text":" Précédent"},"right":{"text":" Suivant"}}}}