{
  "Tour.InternationalizationwithLayout92": {
    "description": "旅游描述"
  },
  "Hike.VoltMX.InternationalWithLayoutV9": {
    "description": "徒步说明"
  },
  "Card.VoltMX.InternationalWithLayoutV9.configureA": {
    "content": {
      "title": "配置阿拉伯语区域设置",
      "body": "<ol>\n<li>在<strong> 搜索</strong>字段，输入：<strong>ar_AE</strong>.<br /><strong>阿拉伯语</strong>语言环境<strong>阿联酋</strong>.</li>\n<li>选择<b>ar_AE</b>.</li>\n<li>下<b>镜像默认布局</b>选中所有复选框。这些是为了<strong>Flex 位置属性，内容对齐</strong>和<strong>流水平对齐。<br /> </strong>这意味着当设备的语言更改为<strong>阿拉伯语（阿拉伯联合酋长国）</strong>.</li>\n<li>点击<strong>好的</strong>返回<strong>配置国际化</strong>窗口。<strong><br /> </strong>可以看到在这个窗口中添加了三列：<strong>密钥</strong>, <strong> en_US</strong>, <strong>ar_AE</strong>.</li>\n</ol>"
    },
    "navigationBar": {
      "left": {
        "text": "上一个"
      },
      "right": {
        "text": "下一个"
      }
    }
  },
  "Card.VoltMX.InternationalWithLayoutV9.configureE": {
    "content": {
      "title": "配置英语区域设置",
      "body": "<ol>\n<li>在<strong> 搜索</strong>字段，输入：<strong><br /> </strong><strong>英语语言环境</strong>对于<strong>美国</strong>出现<strong>. </strong></li>\n<li>选择语言环境<strong> en_US</strong>.</li>\n<li>下<b>镜像默认布局</b>选中前两个复选框。这些是为了<strong>Flex 位置属性</strong>和<strong>流水平对齐。</strong></li>\n</ol>"
    },
    "navigationBar": {
      "left": {
        "text": "上一个"
      },
      "right": {
        "text": "下一个"
      }
    }
  },
  "Card.VoltMX.InternationalWithLayoutV9.connect": {
    "content": {
      "title": "连接您的移动设备",
      "body": "<ol>\n<li>连接您的<strong>手机</strong>使用 USB 电缆将设备连接到您的计算机。<br />对于Android移动设备，确保USB的使用设置为<strong>转移</strong> <strong>文件</strong>.</li>\n<li>确保设备语言设置为<strong>英语（美国）</strong>.</li>\n</ol>"
    },
    "navigationBar": {
      "left": {
        "text": "上一个"
      },
      "right": {
        "text": "下一个"
      }
    }
  },
  "Card.VoltMX.InternationalWithLayoutV9.default": {
    "content": {
      "title": "设置默认语言环境",
      "body": "<ol>\n<li>在<strong>项目设置</strong>窗口，在<strong>国际化（i18n）</strong>部分，用于<strong>默认语言环境</strong> ，从下拉列表中选择<strong>阿拉伯语（阿拉伯联合酋长国）</strong>.</li>\n<li>点击<strong>完成</strong>.</li>\n</ol>"
    },
    "navigationBar": {
      "left": {
        "text": "上一个"
      },
      "right": {
        "text": "下一个"
      }
    }
  },
  "Card.VoltMX.InternationalWithLayoutV9.done": {
    "content": {
      "title": " 恭喜",
      "body": "<p><strong>你</strong> <strong>已经成功</strong>:</p>\n<ul>\n<li>配置了两个语言环境</li>\n<li>为表单中使用的不同文本提供键值对</li>\n<li>为表单中的小部件提供 RTL 支持，同时保留某些小部件的位置和内容对齐</li>\n<li>为表单中的小部件配置 i18n 键</li>\n<li>查看移动设备语言改变时widget和内容的位置差异。</li>\n</ul>\n<p>有关国际化的更多信息，请单击<a href='#'onClick='javascript:openURL(\"https://opensource.hcltechsw.com/volt-mx-docs/docs/tutorials/internalizationAndLocalization.html\")'>这里</a>.</p>"
    },
    "navigationBar": {
      "left": {
        "text": "上一个"
      },
      "right": {
        "text": "完成"
      }
    }
  },
  "Card.VoltMX.InternationalWithLayoutV9.enable": {
    "content": {
      "title": "启用国际化",
      "body": "<ol>\n<li>从左侧导航菜单中，选择<strong>设置</strong>.<br /><strong>项目设置</strong>窗口出现。</li>\n</ol>"
    },
    "navigationBar": {
      "left": {
        "text": "上一个"
      },
      "right": {
        "text": "下一个"
      }
    }
  },
  "Card.VoltMX.InternationalWithLayoutV9.enable1": {
    "content": {
      "title": "启用国际化",
      "body": "<ol>\n<li>来自<strong>项目设置</strong>窗口，导航到<strong>申请</strong>标签，</li>\n<li>下<strong>国际化（i18n）：</strong>部分<strong>, </strong>选择<strong>启用</strong>.<br />出现两个新字段。</li>\n<li>选择<strong>启用i18n布局配置</strong>.</li>\n<li>点击<strong>配置</strong>.<br /><strong>配置国际化</strong>窗口出现。</li>\n</ol>"
    },
    "navigationBar": {
      "left": {
        "text": "上一个"
      },
      "right": {
        "text": "下一个"
      }
    }
  },
  "Card.VoltMX.InternationalWithLayoutV9.enable2": {
    "content": {
      "title": "配置语言环境",
      "body": "<ol>\n<li>在<strong>配置国际化</strong>窗口，点击<strong>配置语言环境</strong>.<br /><strong>配置语言环境</strong>默认情况下打开预定义选项卡的窗口出现。</li>\n</ol>"
    },
    "navigationBar": {
      "left": {
        "text": "上一个"
      },
      "right": {
        "text": "下一个"
      }
    }
  },
  "Card.VoltMX.InternationalWithLayoutV9.import1": {
    "content": {
      "title": "导入市场应用",
      "body": "<ol>\n<li>从 Iris 的主菜单，导航到<strong>锻造</strong>&gt;<strong>浏览</strong>.<br /><strong>Volt MX Forge</strong>窗口出现</li>\n<li>在搜索栏上，输入，<strong> RecipientsMobile</strong>.</li>\n<li>在出现的列表中，选择<strong> RecipientsMobile</strong>.<br />详细信息<strong> RecipientsMobile</strong>出现。</li>\n<li>点击<strong>导入到工作区</strong>.<br />Iris 导入应用程序可能需要一些时间。</li>\n<li>应用导入后，<strong>虹膜</strong>对话框出现。<br />点击<strong>好的</strong>.</li>\n</ol>"
    },
    "navigationBar": {
      "left": {
        "text": "上一个"
      },
      "right": {
        "text": "下一个"
      }
    }
  },
  "Card.VoltMX.InternationalWithLayoutV9.import2": {
    "content": {
      "title": "导入示例应用",
      "body": "<ol>\n<li>从 Iris 的主菜单，导航到<strong>项目</strong>&gt;<strong>打开</strong>&gt;<strong>HCL 参考架构</strong> ，然后选择<strong> RecipientsMobile</strong>.<br />应用程序在<strong>故事板</strong>查看。<strong><br /></strong></li>\n<li>双击<strong>frmUserLogin</strong> form 在<strong>设计</strong>查看。</li>\n</ol>"
    },
    "navigationBar": {
      "left": {
        "text": "上一个"
      },
      "right": {
        "text": "下一个"
      }
    }
  },
  "Card.VoltMX.InternationalWithLayoutV9.intro": {
    "content": {
      "title": "布局国际化",
      "body": "<p><strong>国际化（i18n）</strong>帮助您根据设备的区域设置显示应用程序的内容。</p>\n<p>要将 i18n 合并到您的应用程序中，您必须定义各种字段的键值对，例如占位符和文本。在这里，键是字段，值是键在所需语言中的翻译。</p>\n<p>在这次徒步旅行中，您将：</p>\n<ul>\n<li>为应用程序配置特定于阿拉伯语和英语的区域设置</li>\n<li>为应用程序中显示的英语和阿拉伯语的各种文本添加键值对</li>\n<li>为应用程序中的各种小部件配置对阿拉伯语语言环境的RTL支持</li>\n</ul>\n<p><strong>准备好后，单击开始！</strong></p>"
    },
    "navigationBar": {
      "left": {
        "text": "上一个"
      },
      "right": {
        "text": "开始"
      }
    }
  },
  "Card.VoltMX.InternationalWithLayoutV9.keyLogin": {
    "content": {
      "title": "用于登录的键值对",
      "body": "<ol>\n<li>点击<strong>+</strong>.</li>\n<li> 列下<strong>密钥</strong>，输入：<strong>登录</strong></li>\n<li> 列下<strong> en_US</strong>，输入：<strong>登录</strong></li>\n<li> 列下<strong>ar_AE</strong>，输入：<strong> ØªØ³Ø¬ÙŠÙ„ Ø§Ù„Ø¯Ø®ÙˆÙ„</strong> <span hk-tooltip='登录阿拉伯语翻译'><img src=\"https://i.ibb.co/Dfkmg6k/Button-Info-icon.png\" alt=\"按钮信息图标\" width=\"10\" height=\"10\" /></span></li>\n<li>点击<strong>完成</strong>返回<strong>项目设置</strong>窗口。</li>\n</ol>"
    },
    "navigationBar": {
      "left": {
        "text": "上一个"
      },
      "right": {
        "text": "下一个"
      }
    }
  },
  "Card.VoltMX.InternationalWithLayoutV9.keyPWD": {
    "content": {
      "title": "密码的键值对",
      "body": "<ol>\n<li>点击<strong>+</strong>.</li>\n<li> 列下<strong>密钥</strong>，输入：<strong>密码</strong></li>\n<li> 列下<strong> en_US</strong>，输入：<strong>密码</strong></li>\n<li> 列下<strong>ar_AE</strong>，输入：<b> ÙƒÙ„Ù…Ù‡ Ø§Ù„Ø³Ø±</b> <span hk-tooltip='密码阿拉伯语翻译'><img src=\"https://i.ibb.co/Dfkmg6k/Button-Info-icon.png\" alt=\"按钮信息图标\" width=\"10\" height=\"10\" /></span></li>\n</ol>"
    },
    "navigationBar": {
      "left": {
        "text": "上一个"
      },
      "right": {
        "text": "下一个"
      }
    }
  },
  "Card.VoltMX.InternationalWithLayoutV9.keyUN": {
    "content": {
      "title": "用户名的键值对",
      "body": "<p>让我们为各种显示文本提供一些键值对<strong>frmUserLogin</strong>.</p>\n<ol>\n<li>点击<strong>+</strong>.</li>\n<li> 列下<strong>密钥</strong>，输入：<strong>用户名</strong></li>\n<li> 列下<strong> en_US</strong>，输入：<strong>用户名</strong></li>\n<li> 列下<strong>ar_AE</strong>，输入：<strong> Ø§Ø³Ù... Ø§Ù„Ù...Ø³ØªØ®Ø¯Ù...</strong> <span hk-tooltip='用户名的阿拉伯语翻译'><img src=\"https://i.ibb.co/Dfkmg6k/Button-Info-icon.png\" alt=\"按钮信息图标\" width=\"10\" height=\"10\" /></span></li>\n</ol>"
    },
    "navigationBar": {
      "left": {
        "text": "上一个"
      },
      "right": {
        "text": "下一个"
      }
    }
  },
  "Card.VoltMX.InternationalWithLayoutV9.publish1": {
    "content": {
      "title": "发布应用",
      "body": "<ol>\n<li>从主菜单，导航到<strong>构建</strong>.</li>\n<li>点击<strong>构建和发布本机</strong>.<br /><strong>构建和发布本机</strong>窗口出现。</li>\n</ol>"
    },
    "navigationBar": {
      "left": {
        "text": "上一个"
      },
      "right": {
        "text": "下一个"
      }
    }
  },
  "Card.VoltMX.InternationalWithLayoutV9.publish2": {
    "content": {
      "title": "发布应用",
      "body": "<ol>\n<li>来自<strong>构建后操作</strong>下拉菜单，选择<strong>在我的设备上运行</strong>.</li>\n<li>来自<strong>配置的设备</strong>部分，下<strong>手机</strong> , 选择你的<strong>手机</strong></li>\n<li>来自<strong>构建模式</strong>下拉菜单，选择<strong>调试</strong>.</li>\n<li>点击<strong>构建</strong>.<br />Iris 构建和启动应用程序可能需要几分钟时间。</li>\n</ol>"
    },
    "navigationBar": {
      "left": {
        "text": "上一个"
      },
      "right": {
        "text": "下一个"
      }
    }
  },
  "Card.VoltMX.InternationalWithLayoutV9.setLogin": {
    "content": {
      "title": "设置i18n密钥登录",
      "body": "<ol>\n<li>选择<strong>登录</strong>画布上的按钮。</li>\n<li>来自<strong>属性</strong>面板，导航到<strong>看</strong>选项卡。</li>\n<li> 在<strong>外观</strong> 部分，用于属性<strong>文本i18n键</strong>，选择<strong>登录</strong>来自下拉列表。</li>\n</ol>\n<p> 您已成功为里面的文本配置 i18n 密钥<strong>frmUserLogin</strong>.</p>"
    },
    "navigationBar": {
      "left": {
        "text": "上一个"
      },
      "right": {
        "text": "下一个"
      }
    }
  },
  "Card.VoltMX.InternationalWithLayoutV9.setPWD": {
    "content": {
      "title": "设置i18n密钥密码",
      "body": "<ol>\n<li> 选择带有文本的文本框<strong>密码</strong>在画布上。</li>\n<li>来自<strong>属性</strong>面板，导航到<strong>文本框</strong>选项卡。</li>\n<li> 在<strong>一般</strong> 部分，用于属性<strong>占位符i18n键</strong>，选择<strong>密码</strong>来自下拉列表。</li>\n</ol>"
    },
    "navigationBar": {
      "left": {
        "text": "上一个"
      },
      "right": {
        "text": "下一个"
      }
    }
  },
  "Card.VoltMX.InternationalWithLayoutV9.setUN": {
    "content": {
      "title": "设置i18n密钥用户名",
      "body": "<p>现在，让我们设置<strong>i18n 密钥</strong> 中文本的值<strong>frmUserLogin</strong>.</p>\n<ol>\n<li> 选择带有文本的文本框<strong>用户名</strong>在画布上。</li>\n<li>来自<strong>属性</strong>面板，导航到<strong>文本框</strong>选项卡。</li>\n<li> 在<strong>一般</strong> 部分，用于属性<strong>占位符i18n键</strong>，选择<strong>用户名</strong>来自下拉列表。</li>\n</ol>"
    },
    "navigationBar": {
      "left": {
        "text": "上一个"
      },
      "right": {
        "text": "下一个"
      }
    }
  },
  "Card.VoltMX.InternationalWithLayoutV9.view": {
    "content": {
      "title": "启动应用程序",
      "body": "<ol>\n<li>在你的<strong>手机</strong>设备，成功启动后，<strong>Volt MX JavaScript 调试器配置</strong>窗口出现。<br />点击<strong>取消</strong>.</li>\n<li>登录表单出现在默认的语言环境布局中。</li>\n<li>终止应用程序。</li>\n<li>将设备的语言更改为<strong>阿拉伯语（阿拉伯联合酋长国）</strong>。有关如何在 Android 中执行此操作的更多信息，请参阅链接<a href='#'onClick='javascript:openURL(\"https://m.wikihow.com/Change-the-Language-to-Arabic-on-Android\")'>这里</a>.</li>\n<li>打开应用程序<strong> RecipientsMobile</strong><br />登录表单现在显示为阿拉伯值，并且布局也已更改为左侧。</li>\n</ol>"
    },
    "navigationBar": {
      "left": {
        "text": "上一个"
      },
      "right": {
        "text": "下一个"
      }
    }
  }
}