{"Tour.IntroToVoltMXIris":{"description":"新Volt MX Iris介紹"},"Hike.HCL.IntroVoltMXIris":{"description":"新Volt MX Iris介紹"},"Card.HCL.IntroIris":{"content":{"title":"Volt MX Iris 有什麼新功能？","body":" 這對他來說是痛苦的，他會被認為是有幫助的，但是他會承受巨大的痛苦。因為我到了最小的時候，誰是我們的軍隊，除了他們中的任何一個能幫忙之外，什麼都不幹。就像頭痛，或者頭痛，或者心臟病發作，或者心臟病發作。他們若不被殺，就不被丟棄；他們錯在離棄他們工作的人身上，就必喪命。"},"navigationBar":{"left":{"text":"上一個"},"right":{"text":"下一個"}}},"Card.HCL.IrisVisualChanges":{"content":{"title":"視覺變化1","body":" 這對他來說是痛苦的，他會被認為是有幫助的，但是他會承受巨大的痛苦。因為我到了最小的時候，誰是我們的軍隊，除了他們中的任何一個能幫忙之外，什麼都不幹。就像頭痛，或者頭痛，或者心臟病發作，或者心臟病發作。他們若不被殺，就不被丟棄；他們錯在離棄他們工作的人身上，就必喪命。"},"navigationBar":{"left":{"text":"上一個"},"right":{"text":"下一個"}}},"Card.HCL.IrisVisualChanges-2":{"content":{"title":"視覺變化2","body":" 這對他來說是痛苦的，他會被認為是有幫助的，但是他會承受巨大的痛苦。因為我到了最小的時候，誰是我們的軍隊，除了他們中的任何一個能幫忙之外，什麼都不幹。就像頭痛，或者頭痛，或者心臟病發作，或者心臟病發作。他們若不被殺，就不被丟棄；他們錯在離棄他們工作的人身上，就必喪命。"},"navigationBar":{"left":{"text":"上一個"},"right":{"text":"下一個"}}},"Card.HCL.IrisVisualChanges-3":{"content":{"title":"視覺變化3","body":" 這對他來說是痛苦的，他會被認為是有幫助的，但是他會承受巨大的痛苦。因為我到了最小的時候，誰是我們的軍隊，除了他們中的任何一個能幫忙之外，什麼都不幹。就像頭痛，或者頭痛，或者心臟病發作，或者心臟病發作。他們若不被殺，就不被丟棄；他們錯在離棄他們工作的人身上，就必喪命。"},"navigationBar":{"left":{"text":"上一個"},"right":{"text":"下一個"}}},"Card.HCL.IrisVisualChanges-4":{"content":{"title":"視覺變化4","body":" 這對他來說是痛苦的，他會被認為是有幫助的，但是他會承受巨大的痛苦。因為我到了最小的時候，誰是我們的軍隊，除了他們中的任何一個能幫忙之外，什麼都不幹。就像頭痛，或者頭痛，或者心臟病發作，或者心臟病發作。他們若不被殺，就不被丟棄；他們錯在離棄他們工作的人身上，就必喪命。"},"navigationBar":{"left":{"text":"上一個"},"right":{"text":"下一個"}}},"Card.HCL.IrisVisualChanges-5":{"content":{"title":"視覺變化5","body":" 這對他來說是痛苦的，他會被認為是有幫助的，但是他會承受巨大的痛苦。因為我到了最小的時候，誰是我們的軍隊，除了他們中的任何一個能幫忙之外，什麼都不幹。就像頭痛，或者頭痛，或者心臟病發作，或者心臟病發作。他們若不被殺，就不被丟棄；他們錯在離棄他們工作的人身上，就必喪命。"},"navigationBar":{"left":{"text":"上一個"},"right":{"text":"完成"}}},"Tour.AddCreateMob_v9":{"description":"旅遊描述"},"Hike.kony.AddCreateMob_v9":{"description":"徒步說明"},"Card.kony.AddCreateMob_v9.conf":{"content":{"title":"從動作編輯器配置用戶界面","body":"<ol>\n<li>從左側菜單<strong>動作編輯器</strong> , 在<strong>小工具</strong>部分，選擇<strong>設置小部件屬性</strong>.</li>\n<li>從右窗格中，在<strong>移動表單</strong>><strong>frmAddRecipients</strong> > <b>flexAddRecipient</b> > <strong>flexFieldsContainer</strong>><strong>flexAdd</strong>><strong>flexBorderedButton</strong> ，然後選擇<strong>btnSquared</strong>.</li>\n<li>在右側窗格中，修改以下值：<ul>\n<li>屬性：<strong>不透明度</strong></li>\n<li>值：<strong>100%</strong></li>\n</ul>\n</li>\n</ol>"},"navigationBar":{"left":{"text":"上一個"},"right":{"text":"下一個"}}},"Card.kony.AddCreateMob_v9.conf2":{"content":{"title":"添加代碼段","body":"<ol>\n<li>從左側菜單<strong>動作編輯器</strong> , 在<strong>功能</strong>部分，選擇<strong>添加代碼段</strong>.</li>\n<li>在右側窗格中，提供以下代碼：<br /><span style=\"background-color: #999999;\"><strong>self.view.forceLayout()；</strong></span></li>\n<li>來自<strong>動作編輯器</strong>畫布下<strong>調用服務</strong>節點，選擇<strong>回調</strong>.</li>\n</ol>"},"navigationBar":{"left":{"text":"上一個"},"right":{"text":"下一個"}}},"Card.kony.AddCreateMob_v9.conf3":{"content":{"title":"故障警報","body":"<ol>\n<li>從左側菜單<strong>動作編輯器，</strong> 在<strong>條件</strong>部分，選擇<strong>其他</strong>.</li>\n<li>從動作編輯器的左側菜單中，在<strong>客戶端</strong>部分，選擇<strong>顯示警報</strong>.</li>\n<li>在右側窗格中修改以下字段<ul>\n<li>警報類型：<strong>信息</strong></li>\n<li>警報消息：“<strong> 抱歉，無法成功添加您的收款人。請稍後再試。</strong>”</li>\n</ul>\n</li><li>點擊<b>保存</b>.</li>\n</ol>"},"navigationBar":{"left":{"text":"上一個"},"right":{"text":"下一個"}}},"Card.kony.AddCreateMob_v9.createForm":{"content":{"title":"創建添加收件人屏幕","body":"<ol>\n<li>來自<strong>項目</strong>資源管理器，展開<strong>手機</strong>.</li>\n<li>右擊<strong>表格</strong>並選擇<strong>新表格</strong>.</li>\n<li>右鍵單擊<strong>Form1</strong> 和重命名<strong>frmAddRecipient</strong>.</li>\n</ol>"},"navigationBar":{"left":{"text":"上一個"},"right":{"text":"下一個"}}},"Card.kony.AddCreateMob_v9.done":{"content":{"title":" 恭喜","body":"<p>你已經成功：</p>\n<ul>\n<li><strong>創建創建收件人屏幕</strong></li>\n<li><strong>為創建收件人屏幕創建和自定義用戶界面</strong></li>\n<li><strong>添加了往返於創建收件人屏幕的導航<br /></strong></li>\n</ul>\n<p>有關在您的應用程序中編輯收件人的更多信息，請查看下一次加息：<a class=\"tour-link\" tour=\"af52eatb-e7a4-46r0-90u8-cfd0c4n6\"><strong> 8. 添加編輯收件人功能</strong></a>.</p>"},"navigationBar":{"left":{"text":"上一個"},"right":{"text":"完成"}}},"Card.kony.AddCreateMob_v9.intro":{"content":{"title":"添加創建收件人","body":"<p><strong>讓我們開始吧！</strong></p>\n<p>在這次徒步旅行中，您將學習如何：</p>\n<ul>\n<li>創建創建收款人表單</li>\n<li>使用服務為創建收款人表單創建用戶界面</li>\n</ul>\n<p>在開始之前，完成遠足：</p>\n<ol><b>\n<li><a class=\"tour-link\" tour=\"20cbd4t0-03a1-4er1-9dud-98bee3nb\"> 進口 & 啟動本機應用程序</a></li><li><a class=\"tour-link\" tour=\"a617eft5-7ca8-4ard-8eu8-94cdean5\">從集合創建用戶界面</a></li><li><a class=\"tour-link\" tour=\"15d8c7t4-cda7-40rb-afu7-345cfcnc\">向應用程序添加身份驗證</a></li>\n<li><a class=\"tour-link\" tour=\"a7a762t5-3eac-44r5-8bu2-89b781n1\">為原生應用創建服務</a> </li>\n<li><a class=\"tour-link\" tour=\"fab6d8ta-91ac-4frc-8fud-14a9f7na\">將應用程序 UI 連接到本機應用程序中的數據</a></li><li><a class=\"tour-link\" tour=\"9837bat6-6daf-4cr7-a3u9-8aea36n0\">創建收件人詳細信息和刪除功能</a></li></b>\n</ol>\n<p>確保您打開在之前的徒步旅行中創建的相同項目。</p>\n<p>要打開一個關閉的項目，從主菜單，導航到<strong>項目</strong>><strong>打開</strong>><strong>科尼參考架構</strong>><strong>RecipientsMobApp</strong>.</p>\n<p><strong>準備好後，單擊開始！</strong></p>"},"navigationBar":{"left":{"text":"上一個"},"right":{"text":"開始"}}},"Card.kony.AddCreateMob_v9.nav":{"content":{"title":"為後退按鈕添加導航","body":"<ol>\n<li>來自<strong>項目瀏覽器</strong> , 導航到<strong>frmAddRecipient</strong>><strong>flexAddRecipient</strong>><strong>flexHeader，</strong>選擇<strong>headerButtonLeft</strong>.</li>\n<li>來自<strong>屬性</strong>面板，導航到<strong>行動</strong>標籤。</li>\n<li>對於<strong>點擊</strong>事件，點擊<strong>編輯</strong>. <br /><strong>動作編輯器</strong>窗口出現。</li>\n</ol>"},"navigationBar":{"left":{"text":"上一個"},"right":{"text":"下一個"}}},"Card.kony.AddCreateMob_v9.nav1":{"content":{"title":"為後退按鈕添加導航","body":"<ol>\n<li>來自<strong>動作編輯器</strong>左側菜單，在<strong>一般</strong>部分，選擇<strong>導航到表單</strong>.</li>\n<li>從右側窗格<strong>動作編輯器</strong>，選擇<strong>frmRecipients</strong>.</li>\n<li>點擊<strong>保存</strong>.</li>\n</ol>"},"navigationBar":{"left":{"text":"上一個"},"right":{"text":"下一個"}}},"Card.kony.AddCreateMob_v9.nav2":{"content":{"title":"導航到添加收件人屏幕","body":"<ol>\n<li>來自<strong>動作編輯器</strong>左側菜單，在<strong>一般</strong>部分，選擇<strong>導航到表單</strong>.</li>\n<li>從右側窗格<strong>動作編輯器</strong>，選擇<strong>frmAddRecipient</strong>.</li>\n<li>點擊<strong>保存</strong>.</li>\n</ol>"},"navigationBar":{"left":{"text":"上一個"},"right":{"text":"下一個"}}},"Card.kony.AddCreateMob_v9.navAcc":{"content":{"title":"導航到帳戶屏幕","body":"<ol>\n<li>來自<strong>項目</strong>資源管理器，導航到<strong>手機</strong>><strong>表格</strong>><strong>frmAddRecipients</strong>><strong>flexFooter</strong>然後選擇<strong>flxAccounts</strong>.</li>\n<li>來自<strong>屬性</strong>面板，導航到<strong>行動</strong>標籤。</li>\n<li> 在<strong>一般</strong>部分，用於<strong>點擊</strong>事件，點擊<strong>編輯</strong>.<br /><strong>動作編輯器</strong>窗口出現。</li>\n</ol>"},"navigationBar":{"left":{"text":"上一個"},"right":{"text":"下一個"}}},"Card.kony.AddCreateMob_v9.navAcc2":{"content":{"title":"導航到帳戶屏幕","body":"<ol>\n<li>來自<strong>動作編輯器</strong>左側菜單，在<strong>一般</strong>部分，選擇<strong>導航到表單</strong>.</li>\n<li>從右側窗格<strong>動作編輯器</strong>，選擇<strong>frmAccount</strong>.</li>\n<li>點擊<strong>保存</strong>.</li>\n</ol>"},"navigationBar":{"left":{"text":"上一個"},"right":{"text":"下一個"}}},"Card.kony.AddCreateMob_v9.navAdd":{"content":{"title":"導航到添加收件人屏幕","body":"<ol>\n<li>來自 <strong>項目</strong>資源管理器，導航到 <strong>手機</strong> > <strong>表格</strong> > <strong>frmRecipients</strong>><strong>  flexRecipientList</strong>><strong>flexHeader</strong> ，然後選擇 <strong>headerButtonRight</strong>.</li>\n<li>來自 <strong>屬性</strong>面板，導航到 <strong>行動</strong>選項卡。</li>\n<li>根據 <strong>一般</strong>部分，用於 <strong>點擊</strong>事件，點擊<strong>編輯</strong>.<br /><strong>動作編輯器</strong>窗口出現。</li>\n</ol>"},"navigationBar":{"left":{"text":"上一個"},"right":{"text":"下一個"}}},"Card.kony.AddCreateMob_v9.navRec":{"content":{"title":"導航到收件人屏幕","body":"<ol>\n<li>來自<strong>項目</strong>資源管理器，導航到<strong>手機</strong>><strong>表格</strong>><strong>frmAddRecipient</strong>><strong>flexFooter</strong>然後選擇<strong> flexRecipientSelected</strong>.</li>\n<li>來自<strong>屬性</strong>面板，導航到<strong>行動</strong>標籤。</li>\n<li> 在<strong>一般</strong>部分，用於<strong>點擊</strong>事件，點擊<strong>編輯</strong>.<br /><strong>動作編輯器</strong>窗口出現。</li>\n</ol>"},"navigationBar":{"left":{"text":"上一個"},"right":{"text":"下一個"}}},"Card.kony.AddCreateMob_v9.navRec2":{"content":{"title":"導航到收件人屏幕","body":"<ol>\n<li>來自<strong>動作編輯器</strong>左側菜單，在<strong>一般</strong>部分，選擇<strong>導航到表單</strong>.</li>\n<li>從右側窗格<strong>動作編輯器</strong>，選擇<strong>frmRecipients</strong>.</li>\n<li>點擊<strong>保存</strong>.</li>\n</ol>"},"navigationBar":{"left":{"text":"上一個"},"right":{"text":"下一個"}}},"Card.kony.AddCreateMob_v9.openApp":{"content":{"title":"量子應用","body":"<ol>\n<li>使用 USB 數據線將您的移動設備連接到您的計算機。<br /> 對於Android移動設備，確保USB設置為<strong>傳輸文件</strong>.<br />對於 iOS 移動設備，請確保<strong>信任</strong> 已在設備和計算機之間建立。</li>\n<li>啟動你的<strong>量子應用</strong>在您的移動設備上。</li>\n<li>選擇<strong>USB</strong>選項卡。<br/>連接成功後，<strong>展示台</strong>在您的計算機上顯示成功提示。</li>\n</ol>"},"navigationBar":{"left":{"text":"上一個"},"right":{"text":"下一個"}}},"Card.kony.AddCreateMob_v9.run":{"content":{"title":"運行應用程序","body":"<ol>\n<li>從左側導航欄中，單擊<strong>運行</strong>.<br /> Visualizer 需要一些時間來顯示<strong>實時預覽已準備就緒</strong>窗口。</li>\n<li>Visualizer 運行應用程序後，在您的<strong>量子應用</strong>，點擊<strong>啟動</strong>.</li>\n<li>您可能會看到<strong>應用程序名稱</strong>文本框。如果有文本框，輸入<strong>RecipientsMobApp</strong> ，然後單擊<strong>啟動</strong>.</li>\n</ol>"},"navigationBar":{"left":{"text":"上一個"},"right":{"text":"下一個"}}},"Card.kony.AddCreateMob_v9.Service1":{"content":{"title":"設置文本的初始值","body":"<ol>\n<li>來自<strong>項目</strong>資源管理器，導航到<strong>手機</strong>><strong>表格</strong>並選擇<strong>frmAddRecipient</strong>.</li>\n<li>來自<strong>屬性</strong>面板，導航到<strong>行動</strong>標籤。</li>\n<li> 在<strong>一般</strong>部分，用於<strong>onNavigate</strong>事件，點擊<strong>編輯</strong>.<br /><strong>動作編輯器</strong>窗口出現。</li><li>從右上角<strong>動作編輯器</strong>，選擇<strong>設計視圖</strong>.</li>\n</ol>"},"navigationBar":{"left":{"text":"上一個"},"right":{"text":"下一個"}}},"Card.kony.AddCreateMob_v9.service2":{"content":{"title":"設置名字的值","body":"<ol>\n<li>從左側菜單<strong>動作編輯器</strong> , 在<strong>小工具</strong>部分，選擇<strong>設置小部件屬性</strong>.</li>\n<li>從右側窗格<strong>動作編輯器</strong>，去<strong>移動表單</strong>><strong>frmAddRecipient</strong> ><strong>flexAddRecipient</strong>><strong>flexFieldsContainer</strong>><strong>flexFirstName</strong> ，然後選擇<strong>tbxFirstName</strong>.</li>\n<li>在右側窗格中，修改以下值：<ul>\n<li>屬性：<strong>文本</strong></li>\n<li>離開<strong>值</strong>作為空白</li>\n</ul>\n</li>\n</ol>"},"navigationBar":{"left":{"text":"上一個"},"right":{"text":"下一個"}}},"Card.kony.AddCreateMob_v9.service3":{"content":{"title":"設置姓氏的值","body":"<ol>\n<li>從左側菜單<strong>動作編輯器</strong> , 在<strong>小工具</strong>部分，選擇<strong>設置小部件屬性</strong>.</li>\n<li>從右側窗格<strong>動作編輯器</strong>，去<strong>移動表單</strong>><strong>frmAddRecipient</strong>><strong>flexAddRecipient</strong>><strong>flexFieldsContainer</strong>><strong>flexLastName</strong> ，然後選擇<strong>tbxLastName</strong>.</li>\n<li>在右側窗格中，修改以下值：<ul>\n<li>屬性：<strong>文本</strong></li>\n<li>離開<strong>值</strong>作為空白</li>\n</ul>\n</li>\n</ol>"},"navigationBar":{"left":{"text":"上一個"},"right":{"text":"下一個"}}},"Card.kony.AddCreateMob_v9.service4":{"content":{"title":"設置暱稱的值","body":"<ol>\n<li>從左側菜單<strong>動作編輯器</strong> , 在<strong>小工具</strong>部分，選擇<strong>設置小部件屬性</strong>.</li>\n<li>從右側窗格<strong>動作編輯器</strong>，去<strong>移動表單</strong>><strong>frmAddRecipient</strong>><strong>flexAddRecipient</strong>><strong>flexFieldsContainer</strong>><strong>flexNickName</strong> ，然後選擇<strong>tbxNickName</strong>.</li>\n<li>在右側窗格中，修改以下值：<ul>\n<li>屬性：<strong>文本</strong></li>\n<li>離開<strong>值</strong>作為空白</li>\n</ul>\n</li>\n</ol>"},"navigationBar":{"left":{"text":"上一個"},"right":{"text":"下一個"}}},"Card.kony.AddCreateMob_v9.service5":{"content":{"title":"設置電話號碼的值","body":"<ol>\n<li>從左側菜單<strong>動作編輯器</strong> , 在<strong>小工具</strong>部分，選擇<strong>設置小部件屬性</strong>.</li>\n<li>從右側窗格<strong>動作編輯器</strong>，去<strong>移動表單</strong>><strong>frmAddRecipient</strong>><strong>flexAddRecipient</strong>><strong>flexFieldsContainer</strong>><strong>flexPhone</strong> ，然後選擇<strong>tbxPhone</strong>.</li>\n<li>在右側窗格中，修改以下值：<ul>\n<li>屬性：<strong>文本</strong></li>\n<li>離開<strong>值</strong>作為空白</li>\n</ul>\n</li>\n</ol>"},"navigationBar":{"left":{"text":"上一個"},"right":{"text":"下一個"}}},"Card.kony.AddCreateMob_v9.service6":{"content":{"title":"成功消息","body":"<ol>\n<li>從左側菜單<strong>動作編輯器</strong> , 在<strong>小工具</strong>部分，選擇<strong>設置小部件屬性</strong>.</li>\n<li>從右側窗格<strong>動作編輯器</strong>，去<strong>移動表單</strong>><strong>frmAddRecipient</strong> > <strong>flexAddRecipient</strong>並選擇<strong>flexSuccessHeader</strong>.</li>\n<li>在右側窗格中，修改以下值：<ul>\n<li>屬性：<strong>可見</strong></li>\n<li>值：<strong>假</strong></li>\n</ul>\n</li>\n<li>點擊<strong>保存</strong>.</li>\n</ol>"},"navigationBar":{"left":{"text":"上一個"},"right":{"text":"下一個"}}},"Card.kony.AddCreateMob_v9.serviceCall1":{"content":{"title":"調用創建操作","body":"<ol>\n<li>來自<strong>項目</strong>資源管理器，導航到<strong>手機</strong>><strong>表格</strong>><strong>frmAddRecipient</strong>><strong>flexAddRecipient</strong> > <b>flexFieldsContainer</b> > <strong>flexAdd</strong>><strong>flexSquaredBorderedButton</strong> ，然後選擇<strong>btnSquared</strong>.</li>\n<li>來自<strong>屬性</strong>面板，導航到<strong>行動</strong>標籤。</li>\n<li> 在<strong>一般</strong>部分，用於<strong>點擊</strong>事件，點擊<strong>編輯</strong>.<br /><strong>動作編輯器</strong>窗口出現。</li>\n<li>從右上角<strong>動作編輯器</strong>窗口，選擇<strong>設計視圖</strong>.</li>\n</ol>"},"navigationBar":{"left":{"text":"上一個"},"right":{"text":"下一個"}}},"Card.kony.AddCreateMob_v9.serviceCall2":{"content":{"title":"調用創建操作","body":"<ol>\n<li>從左側菜單<strong>動作編輯器</strong> , 在<strong>網絡</strong>部分，選擇<strong>加載指示器</strong>.</li>\n<li>從左側菜單<strong>動作編輯器</strong> , 在<strong>網絡</strong>部分，選擇<strong>調用服務</strong>.</li>\n<li>從右側窗格<strong>動作編輯器</strong> , 對於<strong>選擇服務</strong> ，從下拉列表中選擇<strong>RecipientStorage$Recipients</strong>.</li>\n<li>對於<strong>選擇方法</strong> ，從下拉列表中選擇<strong>創建</strong>.</li>\n</ol>"},"navigationBar":{"left":{"text":"上一個"},"right":{"text":"下一個"}}},"Card.kony.AddCreateMob_v9.serviceCall3":{"content":{"title":"將數據映射到服務","body":"<ol>\n<li>在右側窗格中<strong>動作編輯器</strong>窗口，點擊<strong>打開映射編輯器</strong>. <br /><strong>映射編輯器</strong>窗口出現。</li>\n<li>從左側窗格<strong>映射編輯器</strong>，展開<strong>表格</strong>><strong>frmAddRecipient</strong>.</li>\n<li>從右側窗格<strong>映射編輯器</strong>，展開<strong>服務</strong>><strong>服務 - RecipientStorage$Recipients$create</strong>.</li>\n</ol>"},"navigationBar":{"left":{"text":"上一個"},"right":{"text":"下一個"}}},"Card.kony.AddCreateMob_v9.serviceCall4":{"content":{"title":"將數據映射到服務","body":"<p>在映射編輯器中，將以下元素從左窗格映射到右窗格：</p>\n<ul>\n<li>從左側窗格<strong>映射編輯器</strong>，展開<strong>TextField – tbx名字</strong> ，然後選擇<strong>文本{字符串}</strong>.<br />從右側窗格<strong>映射編輯器</strong>，選擇<strong>名字{字符串}</strong>.</li>\n<li>從左側窗格<strong>映射編輯器</strong>，展開<strong>TextField – tbxLastName</strong> ，然後選擇<strong>文本{字符串}</strong>.<br />從右側窗格<strong>映射編輯器</strong>，選擇<strong>姓氏{字符串}</strong>.</li>\n<li>從左側窗格<strong>映射編輯器</strong>，展開<strong>TextField – tbx暱稱</strong> ，然後選擇<strong>文本{字符串}</strong>.<br />從右側窗格<strong>映射編輯器</strong>，選擇<strong>暱稱{字符串}</strong>.</li>\n<li>從左側窗格<strong>映射編輯器</strong>，展開<strong>TextField – 手機</strong> ，然後選擇<strong>文本{字符串}</strong>.<br />從右側窗格<strong>映射編輯器</strong>，選擇<strong>電話{字符串}</strong>.</li>\n</ul>"},"navigationBar":{"left":{"text":"上一個"},"right":{"text":"下一個"}}},"Card.kony.AddCreateMob_v9.serviceCall5":{"content":{"title":"調用創建操作","body":"<ol>\n<li>來自<strong>動作編輯器</strong>畫布下<strong>調用服務</strong>節點，選擇<strong>回調</strong>.</li>\n<li>從左側菜單<strong>動作編輯器</strong> , 在<strong>網絡</strong>部分，選擇<strong>加載指示器</strong>.</li>\n<li>在右側窗格中<strong>動作編輯器</strong> ，將加載指示器設置為<strong>解僱</strong>.</li>\n</ol>"},"navigationBar":{"left":{"text":"上一個"},"right":{"text":"下一個"}}},"Card.kony.AddCreateMob_v9.settingData":{"content":{"title":"設置數據","body":"<ol>\n<li>從左側菜單<strong>動作編輯器，</strong> 在<strong>條件</strong>部分，選擇<b>如果</b>.</li>\n<li>從動作編輯器的右窗格中，在<strong>添加條件</strong>修改以下值：<br />\n<ul>\n<li>第一個字段<strong>值</strong></li>\n<li>第二場– <strong>Recipients.opstatus</strong></li>\n<li>第三場<strong>等於</strong></li>\n<li>第四場–<strong>值</strong></li>\n<li>第五場 -<strong>0</strong></li>\n</ul>\n</li>\n</ol>"},"navigationBar":{"left":{"text":"上一個"},"right":{"text":"下一個"}}},"Card.kony.AddCreateMob_v9.settingData2":{"content":{"title":"成功消息","body":"<ol>\n<li>從動作編輯器的左側菜單中，在<strong>小工具</strong>部分，選擇 <strong>設置小部件屬性</strong>.</li>\n<li>從右窗格中，在 <strong>移動表單</strong> > <strong>frmAddRecipient </strong>><strong>flexFieldsContainer</strong> ，然後選擇 <strong>flexAddSuccessHeader</strong>.</li>\n<li>在右側窗格中，修改以下值：<ul>\n<li>屬性： <strong>可見</strong></li>\n<li>值： <strong>真</strong></li>\n</ul>\n</li>\n</ol>"},"navigationBar":{"left":{"text":"上一個"},"right":{"text":"下一個"}}},"Card.kony.AddCreateMob_v9.settingData3":{"content":{"title":"設置按鈕不透明度","body":"<ol>\n<li>從動作編輯器的左側菜單中，在<strong>小工具</strong>部分，選擇<strong>設置小部件屬性</strong>.</li>\n<li>從右窗格中，在<strong>手機</strong>><strong>表格</strong>><strong>frmAddRecipient</strong>><strong>flexAddRecipient</strong> > <b>flexFieldsContainer</b>><strong>flexAdd</strong>><strong>flexBorderedButton</strong>，選擇<strong>btnSquared</strong>.</li>\n<li>在右側窗格中，修改以下值：<ul>\n<li>屬性：<strong>不透明度</strong></li>\n<li>值：<strong>60%</strong></li>\n</ul>\n</li>\n</ol>"},"navigationBar":{"left":{"text":"上一個"},"right":{"text":"下一個"}}},"Card.kony.AddCreateMob_v9.settingData4":{"content":{"title":"設置延遲","body":"<ol>\n<li>從動作編輯器的左側菜單中，在<strong>功能</strong>選擇<strong>添加代碼段</strong>.</li>\n<li>在右側窗格中<strong>動作編輯器</strong> ，輸入以下代碼：<br /><span style=\"background-color: #999999;\"><strong>self.view.forceLayout()；</strong></span></li>\n<li>從左側菜單<strong>動作編輯器</strong> , 在<strong> 一般</strong>部分， 選擇<strong>設置超時</strong>.</li>\n<li>提供以下值：<ul>\n<li>延遲：<strong>2</strong></li>\n</ul>\n</li>\n</ol>"},"navigationBar":{"left":{"text":"上一個"},"right":{"text":"下一個"}}},"Card.kony.AddCreateMob_v9.settingSuccess":{"content":{"title":"成功消息","body":"<ol>\n<li>從左側菜單<strong>動作編輯器</strong> , 在<strong>小工具</strong>部分，選擇<strong>設置小部件屬性。</strong></li>\n<li>從右窗格中，在<strong>手機</strong>><strong>表格</strong>><strong>frmAddRecipient</strong> > <strong>flexAddRecipient</strong>，選擇<strong>flexAddSuccessHeader</strong>.</li>\n<li>在右側窗格中，修改以下值：<ul>\n<li>屬性：<strong>可見</strong></li>\n<li>值：<strong>假</strong></li>\n</ul>\n</li>\n</ol>"},"navigationBar":{"left":{"text":"上一個"},"right":{"text":"下一個"}}},"Card.kony.AddCreateMob_v9.uiAddRecipients":{"content":{"title":"添加收件人的用戶界面","body":"<ol>\n<li>從 Visualizer 的左下角，導航到<strong>默認庫</strong>.</li>\n<li>在默認庫旁邊，您將看到<strong>我的圖書館</strong>選項卡和搜索圖標。<br />點擊搜索圖標。</li>\n<li>在出現的搜索欄中，輸入<strong>添加收件人</strong>.</li>\n<li>從結果來看，在<strong> RecipientsMobile</strong>，選擇<strong>添加收件人</strong>.</li>\n<li>拖動<strong>添加收件人</strong>收集到<strong>frmAddRecipient</strong>在畫布上。</li>\n</ol>"},"navigationBar":{"left":{"text":"上一個"},"right":{"text":"下一個"}}},"Card.kony.AddCreateMob_v9.view":{"content":{"title":"查看應用","body":"<ol>\n<li>在您的應用中輸入以下登錄憑據。<ul>\n<li>用戶名：<strong>john.doe@temenos.com</strong></li>\n<li>密碼：<strong>Temenos@123</strong></li>\n</ul>\n</li>\n<li>點擊<strong>登錄</strong>.<br /><strong>賬戶列表</strong>出現。</li>\n<li>點擊<strong>收件人</strong>.<br /><strong>收件人列表</strong>出現。</li>\n<li>點擊添加<strong> (+)</strong> 添加收件人的圖標。</li>\n<li>從列表中選擇收件人以查看其詳細信息。<br /> 從詳情頁面，您可以刪除收件人。<br />我們將在下一次加息中添加收件人的編輯功能。</li>\n<li>退出應用程序<strong>手機</strong>設備，從左向右滑動兩根手指或搖動您的移動設備並單擊<strong>退出應用</strong>.</li>\n</ol>"},"navigationBar":{"left":{"text":"上一個"},"right":{"text":"下一個"}}},"Tour.AddLoginServiceMob_v9":{"description":"旅遊描述"},"Hike.kony.addLoginServiceV9":{"description":"徒步說明"},"Card.kony.addLoginServiceV9.addActions":{"content":{"title":"配置操作","body":"<ol>\n<li>來自<strong>動作編輯器</strong>畫布下<strong>調用服務：UserAuthentication$login</strong>，選擇<strong>成功</strong>.</li>\n<li>從左側菜單<strong>動作編輯器</strong>，下<strong>一般</strong>，選擇<strong>導航到表單</strong>.</li>\n<li>從右側窗格<strong>動作編輯器</strong>，選擇表格<strong>frmAccount</strong>.</li>\n<li>點擊<strong>保存</strong>.</li>\n</ol>"},"navigationBar":{"left":{"text":"上一個"},"right":{"text":"下一個"}}},"Card.kony.addLoginServiceV9.addMapping":{"content":{"title":"映射登錄操作","body":"<ol><li>從右上角<b>動作編輯器</b>窗口，選擇<strong>設計視圖</strong>.</li>\n<li>在動作編輯器畫布中，選擇 <strong>調用服務：UserAuthentication$login</strong>.</li>\n<li>從右側窗格<strong>動作編輯器</strong>，點擊<strong>打開映射編輯器</strong>.<br /><strong>映射編輯器</strong>窗口出現在畫布的右窗格中。</li>\n<li>從左側窗格中<strong>映射編輯器</strong>，展開<strong>表格</strong>> <strong>frmLogin</strong>.</li>\n<li>從右側窗格中<strong>映射編輯器</strong>，展開<strong>服務</strong>> <strong>服務 用戶身份驗證$登錄</strong>.</li>\n</ol>"},"navigationBar":{"left":{"text":"上一個"},"right":{"text":"下一個"}}},"Card.kony.addLoginServiceV9.addService":{"content":{"title":"向登錄按鈕添加服務","body":"<ol>\n<li>來自<strong>項目</strong>資源管理器，展開<strong>手機</strong>><strong>表格</strong>並選擇<strong>frmLogin</strong>.</li>\n<li>來自<strong>數據& 服務</strong>面板，展開<strong>項目服務</strong>><strong>用戶身份驗證</strong> 並選擇<strong>登錄</strong>操作。</li>\n<li>拖放<strong> lo</strong><strong>杜松子酒</strong>對<strong>登錄</strong>畫布上的按鈕。<br />Visualizer 將服務添加到您的應用程序可能需要一些時間。</li>\n<li>從操作列表中，選擇<strong>動作：onClick</strong>.<br /><strong>動作編輯器</strong> 窗口出現。</li>\n</ol>"},"navigationBar":{"left":{"text":"上一個"},"right":{"text":"下一個"}}},"Card.kony.addLoginServiceV9.addUser":{"content":{"title":"添加用戶進行身份驗證","body":"<ol>\n<li>點擊<strong>添加用戶</strong>.<br /><strong>添加用戶</strong>窗口出現。</li>\n<li>在相應字段中輸入以下值：<ul>\n<li>Email/Username:<strong>john.doe@temenos.com</strong></li>\n<li>名字：<strong>約翰</strong></li>\n<li>姓氏：<strong> 美國能源部</strong></li>\n<li>密碼：<strong>Temenos@123</strong></li>\n<li>重新輸入密碼：<strong>Temenos@123</strong></li>\n<li>來自 <strong>添加/選擇組</strong> 確保勾選 <strong>成員</strong>從下拉列表中選擇。</li>\n</ul></li>\n<li>點擊<strong>添加用戶</strong>.</li>\n</ol>\n<p>一個用戶被添加到存儲庫中。<br />注意用於測試的登錄憑據。</p>"},"navigationBar":{"left":{"text":"上一個"},"right":{"text":"下一個"}}},"Card.Kony.addLoginServiceV9.ConfigureLogout":{"content":{"title":"配置註銷參數","body":"<ol>\n<li>從右上角<strong>動作編輯器</strong>窗口，選擇 <strong>設計視圖</strong>.</li>\n<li>從左側菜單中<strong>動作編輯器</strong>, under&nbsp;<strong>網絡</strong>，選擇 <strong>調用服務</strong>.</li>\n<li>在右側窗格中<strong>動作編輯器</strong>，來自<strong>選擇服務</strong>下拉，選擇<strong>UserAuthentication$註銷</strong>.</li>\n</ol>"},"navigationBar":{"left":{"text":"上一個"},"right":{"text":"下一個"}}},"Card.Kony.addLoginServiceV9.ConfigureLogout1":{"content":{"title":"配置註銷參數","body":"<ol>\n<li>從動作編輯器畫布，在<strong>調用服務：UserAuthentication$logout</strong>, 點擊<strong>成功</strong>.</li>\n<li>從左側菜單中<strong>動作編輯器</strong>, under&nbsp;<strong>一般</strong>，選擇 <strong> 導航到表單</strong>.</li>\n<li>在右側窗格中<strong>動作編輯器</strong>，選擇<strong>frmLogin</strong>.</li>\n<li>點擊<strong>保存</strong>.</li>\n</ol>"},"navigationBar":{"left":{"text":"上一個"},"right":{"text":"下一個"}}},"Card.kony.addLoginServiceV9.createService":{"content":{"title":"創建身份服務","body":"<ol>\n<li>來自<strong>數據& 服務</strong><strong>  </strong>畫布右上角的面板，展開 <strong>項目服務</strong>.</li>\n<li>點擊<strong>配置新</strong>獲取預先打包的服務列表。</li>\n<li>根據 <strong>驗證</strong>類別，選擇 <strong>用戶存儲庫</strong>.<br /><strong>配置身份服務</strong> 窗口出現。</li>\n<li>輸入服務名稱<strong>用戶身份驗證</strong>.</li>\n<li>點擊<strong>保存</strong>.</li>\n</ol>"},"navigationBar":{"left":{"text":"上一個"},"right":{"text":"下一個"}}},"Card.kony.addLoginServiceV9.deleteActions":{"content":{"title":"刪除不需要的操作","body":"<ol>\n<li>來自<strong>動作編輯器</strong>畫布，轉到<strong>導航到表單 frmAccount</strong>。右鍵單擊並選擇<strong>刪除</strong>對於此操作。</li>\n<li>來自<strong>動作編輯器</strong>畫布，導航到<strong>調用服務：UserAuthentication$login</strong>><strong>成功</strong>><strong>顯示警報</strong>. 右鍵單擊並選擇<strong>刪除</strong>對於此操作。</li>\n</ol>"},"navigationBar":{"left":{"text":"上一個"},"right":{"text":"下一個"}}},"Card.kony.addLoginServiceV9.done":{"content":{"title":" 恭喜","body":"<p>您已成功：</p>\n<ul>\n<li><strong>創建身份服務</strong></li>\n<li><strong>將其與登錄表單集成</strong></li>\n</ul>\n<p><br />要添加為後端數據創建服務的功能，請查看下一次加息：<a class=\"tour-link\" tour=\"a7a762t5-3eac-44r5-8bu2-89b781n1\"><strong> 4. 為後端數據移動創建服務</strong></a>.</p>"},"navigationBar":{"left":{"text":"上一個"},"right":{"text":"完成"}}},"Card.kony.addLoginServiceV9.Intro":{"content":{"title":"向應用程序添加身份驗證","body":"<p><strong>讓我們開始吧！</strong><br />在這次徒步旅行中，我們將：</p>\n<ul>\n<li>學習配置身份服務</li>\n<li>將身份服務映射到應用程序的 UI 元素</li>\n</ul>\n<p>在開始之前，完成這些遠足：</p>\n<ol><b>\n<li><a class=\"tour-link\" tour=\"20cbd4t0-03a1-4er1-9dud-98bee3nb\"> 進口 & 啟動本機應用程序</a></li><li><a class=\"tour-link\" tour=\"a617eft5-7ca8-4ard-8eu8-94cdean5\">從集合創建用戶界面</a></li></b>\n</ol>\n<p>確保您打開在之前的徒步旅行中創建的相同項目。<br />要打開一個關閉的項目，從主菜單，導航到<strong>項目</strong>><strong>打開</strong>><strong>科尼參考架構</strong>><strong>RecipientsMobApp</strong>.<br /> <br /> <strong>準備好後，單擊開始！</strong></p>"},"navigationBar":{"left":{"text":"上一個"},"right":{"text":"開始"}}},"Card.kony.addLoginServiceV9.launch":{"content":{"title":"啟動應用程序","body":"<ol>\n<li>從左側導航欄中，單擊<strong>運行</strong>.<br /> Visualizer 可能需要一些時間來顯示<strong>實時預覽已準備就緒</strong>窗口。</li>\n<li>Visualizer 運行應用程序後，在您的<strong>量子應用</strong>，點擊<strong>啟動</strong>.</li>\n<li>您可能會看到<strong>應用程序名稱</strong>文本框。如果有文本框，輸入<strong>RecipientsMobApp</strong>然後點擊<strong>啟動</strong>.</li>\n</ol>"},"navigationBar":{"left":{"text":"上一個"},"right":{"text":"下一個"}}},"Card.kony.addLoginServiceV9.launch1":{"content":{"title":"運行應用程序","body":"<p>在之前的徒步旅行中，您無需任何憑據即可訪問帳戶表單。現在該應用程序將要求提供登錄憑據。</p>\n<ol>\n<li>在您的應用中輸入以下登錄憑據：<ul>\n<li>用戶名：<strong>john.doe@temenos.com</strong></li>\n<li>密碼：<strong>Temenos@123</strong></li>\n</ul></li>\n<li>點擊<strong>登錄</strong>.<br /><strong>賬戶列表</strong>出現。</li>\n<li>點擊<strong>註銷</strong>. <br /><strong>登錄表單</strong>出現。</li>\n<li>到<strong>退出</strong>您的應用程序<strong>手機</strong>設備，從左向右滑動兩個手指或搖動你的<strong>手機</strong>設備並點擊<strong>退出應用</strong>.</li>\n</ol>"},"navigationBar":{"left":{"text":"上一個"},"right":{"text":"下一個"}}},"Card.kony.addLoginServiceV9.Logout":{"content":{"title":"將註銷參數映射到 UI","body":"<ol>\n<li>來自 <strong>項目 </strong>資源管理器，展開 <b>手機</b>><b>表格</b> > <strong>frmAccount</strong> > <b>flexAccountList</b>><b>flexHeader</b>並選擇<strong>headerButtonRight</strong>.</li>\n<li>來自<strong>屬性</strong>面板，導航到<strong>行動</strong>標籤。</li>\n<li>對於<strong>點擊</strong>事件，點擊<strong>編輯</strong>.<br /><strong>動作編輯器</strong>窗口出現。</li>\n</ol>"},"navigationBar":{"left":{"text":"上一個"},"right":{"text":"下一個"}}},"Card.kony.addLoginServiceV9.mapping":{"content":{"title":"映射用戶名和密碼","body":"<p>將以下元素從左窗格映射到右窗格：</p>\n<ul>\n<li>從左窗格中，展開<strong>TextField – 用戶名</strong>並選擇<strong>文本{字符串}</strong>. From the right pane, select <strong> 用戶 ID {string}</strong></li>\n<li>從左窗格中，展開<strong>TextField – txt密碼</strong>並選擇<strong>文本{字符串}</strong>. From the right pane, select <strong>密碼{字符串}</strong></li>\n</ul>"},"navigationBar":{"left":{"text":"上一個"},"right":{"text":"下一個"}}},"Card.kony.addLoginServiceV9.openApp":{"content":{"title":"量子應用","body":"<ol>\n<li>使用 USB 數據線將您的移動設備連接到您的計算機。<br /> 對於Android移動設備，確保USB的使用設置為<strong>傳輸文件</strong>.<br />對於 iOS 移動設備，確保  <strong>信任</strong>已在您的設備和計算機之間建立。</li>\n<li>啟動<strong>量子應用</strong>在您的移動設備上。</li>\n<li>選擇<strong>USB</strong>選項卡。<br/>連接成功後，<strong>展示台</strong>在您的計算機上顯示成功提示。</li>\n</ol>"},"navigationBar":{"left":{"text":"上一個"},"right":{"text":"下一個"}}},"Card.kony.addLoginServiceV9.TestLogin":{"content":{"title":"測試您的應用程序的服務","body":"<ol>\n<li>在 <strong>配置身份服務</strong>窗口，點擊 <strong>測試登錄</strong>.</li>\n<li>輸入 <strong>用戶ID</strong>（電子郵件）和 <strong>密碼</strong>你已經創建了。</li>\n<li>點擊<strong>登錄</strong>.</li>\n<li>關閉 <strong>配置身份服務</strong>  將服務添加到您的應用程序的窗口。</li>\n</ol>"},"navigationBar":{"left":{"text":"上一個"},"right":{"text":"下一個"}}}}