{
  "Tour.DynamicForm": {
    "description": " यात्रा का विवरण"
  },
  "Hike.VoltMX.DynamicForm": {
    "description": " वृद्धि का विवरण"
  },
  "Card.VoltMX.DynamicForm.customize": {
    "content": {
      "title": " फ़ील्ड कस्टमाइज़ करें",
      "body": "<ol>\r\n<li> के अंत तक नीचे स्क्रॉल करें<strong> देखो</strong> टैब।</li>\r\n<li> के तहत<strong> गतिशील रूप</strong> अनुभाग, के लिए<strong> फ़ील्ड कस्टमाइज़ करें,</strong> क्लिक करें<strong> संपादित करें</strong>.<br /> The<strong> सूची को अनुकूलित करें</strong> &nbsp;विंडो दिखाई देती है।</li>\r\n</ol>"
    },
    "navigationBar": {
      "left": {
        "text": " पिछला"
      },
      "right": {
        "text": " अगला"
      }
    }
  },
  "Card.VoltMX.DynamicForm.look": {
    "content": {
      "title": " डेटा मॉडल ऑब्जेक्ट को अनुकूलित करें",
      "body": "<p> ऑब्जेक्ट मॉडल के फ़ील्ड को गतिशील रूप से कॉन्फ़िगर करने के लिए, इन चरणों का पालन करें:</p>\n<p><strong> नोट:</strong> आरंभ करने से पहले, फॉर्म पर अनुरोध/प्रतिक्रिया पैरामीटर के मूल कंटेनर का चयन करना सुनिश्चित करें।</p>\n<ol>\n<li> पर नेविगेट करें<strong> गुण</strong> पैनल और चुनें<strong> देखो</strong> टैब।</li>\n</ol>"
    },
    "navigationBar": {
      "left": {
        "text": " पिछला"
      },
      "right": {
        "text": " अगला"
      }
    }
  },
  "Card.VoltMX.DynamicForm.regenerate": {
    "content": {
      "title": " फ़ील्ड को पुन: उत्पन्न करें",
      "body": "<p> The<b> सूची को अनुकूलित करें</b> विंडो में वे फ़ील्ड हैं जो प्रपत्र में उपलब्ध हैं।<br/> आप एक नया फ़ील्ड जोड़ सकते हैं, किसी मौजूदा फ़ील्ड को कस्टमाइज़ कर सकते हैं, फ़ील्ड को हटा सकते हैं और फ़ील्ड के क्रम को पुनर्व्यवस्थित कर सकते हैं।</p>\n<p> आवश्यक परिवर्तन करने के बाद, क्लिक करें<strong> पुन: उत्पन्न करें</strong>.</p><br/>\n<p> आप देख सकते हैं कि फ़ील्ड में परिवर्तन सहेजे गए हैं, और कैनवास में अपडेट किए गए हैं।</p><br/><p> डेटा मॉडल ऑब्जेक्ट को अनुकूलित करने के बारे में अधिक जानकारी के लिए, क्लिक करें<a href='#'onClick='javascript:openURL(\"https://opensource.hcltechsw.com/volt-mx-docs/docs/documentation/Iris/iris_user_guide/Content/VoltMXDefaultPerspective.html#data--services-panel\")'> यहाँ</a>.</p>"
    },
    "navigationBar": {
      "left": {
        "text": " पिछला"
      },
      "right": {
        "text": " हो गया"
      }
    }
  }
}