{
  "Tour.DynamicForm": {
    "description": "旅遊描述"
  },
  "Hike.VoltMX.DynamicForm": {
    "description": "徒步說明"
  },
  "Card.VoltMX.DynamicForm.customize": {
    "content": {
      "title": "自定義字段",
      "body": "<ol>\r\n<li>向下滾動到末尾<strong>看</strong>選項卡。</li>\r\n<li> 在<strong>動態表格</strong>部分，用於<strong>自定義字段，</strong>點擊<strong>編輯</strong>.<br /><strong>自定義列表</strong> &nbsp;窗口出現。</li>\r\n</ol>"
    },
    "navigationBar": {
      "left": {
        "text": "上一個"
      },
      "right": {
        "text": "下一個"
      }
    }
  },
  "Card.VoltMX.DynamicForm.look": {
    "content": {
      "title": "自定義數據模型對象",
      "body": "<p>要動態配置對像模型的字段，請按照下列步驟操作：</p>\n<p><strong>注意：</strong>在開始之前，請確保在表單上選擇請求/響應參數的父容器。</p>\n<ol>\n<li>導航到<strong>屬性</strong>面板並選擇<strong>看</strong>選項卡。</li>\n</ol>"
    },
    "navigationBar": {
      "left": {
        "text": "上一個"
      },
      "right": {
        "text": "下一個"
      }
    }
  },
  "Card.VoltMX.DynamicForm.regenerate": {
    "content": {
      "title": "重新生成字段",
      "body": "<p><b>自定義列表</b>窗口包含表單中可用的字段。<br/>您可以添加新字段、自定義現有字段、刪除字段和重新排列字段順序。</p>\n<p>進行所需的更改後，單擊<strong>再生</strong>.</p><br/>\n<p>您可以查看對字段的更改已保存並在畫布中更新。</p><br/><p>有關自定義數據模型對象的更多信息，請單擊<a href='#'onClick='javascript:openURL(\"https://opensource.hcltechsw.com/volt-mx-docs/docs/documentation/Iris/iris_user_guide/Content/VoltMXDefaultPerspective.html#data--services-panel\")'>這裡</a>.</p>"
    },
    "navigationBar": {
      "left": {
        "text": "上一個"
      },
      "right": {
        "text": "完成"
      }
    }
  }
}