{
  "Tour.DynamicForm": {
    "description": "旅游描述"
  },
  "Hike.VoltMX.DynamicForm": {
    "description": "徒步说明"
  },
  "Card.VoltMX.DynamicForm.customize": {
    "content": {
      "title": "自定义字段",
      "body": "<ol>\r\n<li>向下滚动到末尾<strong>看</strong>选项卡。</li>\r\n<li> 在<strong>动态表格</strong>部分，用于<strong>自定义字段，</strong>点击<strong>编辑</strong>.<br /><strong>自定义列表</strong> &nbsp;窗口出现。</li>\r\n</ol>"
    },
    "navigationBar": {
      "left": {
        "text": "上一个"
      },
      "right": {
        "text": "下一个"
      }
    }
  },
  "Card.VoltMX.DynamicForm.look": {
    "content": {
      "title": "自定义数据模型对象",
      "body": "<p>要动态配置对象模型的字段，请按照下列步骤操作：</p>\n<p><strong>注意：</strong>在开始之前，请确保在表单上选择请求/响应参数的父容器。</p>\n<ol>\n<li>导航到<strong>属性</strong>面板并选择<strong>看</strong>选项卡。</li>\n</ol>"
    },
    "navigationBar": {
      "left": {
        "text": "上一个"
      },
      "right": {
        "text": "下一个"
      }
    }
  },
  "Card.VoltMX.DynamicForm.regenerate": {
    "content": {
      "title": "重新生成字段",
      "body": "<p><b>自定义列表</b>窗口包含表单中可用的字段。<br/>您可以添加新字段、自定义现有字段、删除字段和重新排列字段顺序。</p>\n<p>进行所需的更改后，单击<strong>再生</strong>.</p><br/>\n<p>您可以查看对字段的更改已保存并在画布中更新。</p><br/><p>有关自定义数据模型对象的更多信息，请单击<a href='#'onClick='javascript:openURL(\"https://opensource.hcltechsw.com/volt-mx-docs/docs/documentation/Iris/iris_user_guide/Content/VoltMXDefaultPerspective.html#data--services-panel\")'>这里</a>.</p>"
    },
    "navigationBar": {
      "left": {
        "text": "上一个"
      },
      "right": {
        "text": "完成"
      }
    }
  }
}