{
  "Tour.DynamicForm": {
    "description": " Description of Tour"
  },
  "Hike.VoltMX.DynamicForm": {
    "description": " Description of hike"
  },
  "Card.VoltMX.DynamicForm.customize": {
    "content": {
      "title": "Customize Fields",
      "body": "<ol>\r\n<li>Scroll down to the end of the <strong>Look</strong> tab.</li>\r\n<li>Under the <strong>Dynamic Form </strong>section, for<strong> Customize Fields,</strong> click<strong> Edit</strong>.<br />The<strong> Customize List</strong>&nbsp;window appears.</li>\r\n</ol>"
    },
    "navigationBar": {
      "left": {
        "text": "Previous"
      },
      "right": {
        "text": "Next"
      }
    }
  },
  "Card.VoltMX.DynamicForm.look": {
    "content": {
      "title": "Customize Data Model Object",
      "body": "<p>To dynamically configure the fields of the object model, follow these steps:</p>\n<p><strong>Note:</strong>Before you get started, ensure to select the parent container of the request/response parameter on the form.</p>\n<ol>\n<li>Navigate to the <strong>Properties </strong>panel and select the <strong> Look</strong> tab.</li>\n</ol>"
    },
    "navigationBar": {
      "left": {
        "text": "Previous"
      },
      "right": {
        "text": "Next"
      }
    }
  },
  "Card.VoltMX.DynamicForm.regenerate": {
    "content": {
      "title": "Regenerate the Fields",
      "body": "<p>The <b>Customize List</b> window contains the fields that are available in the form. <br/>You can add a new field, customize an existing field, remove a field, and rearrange the order of the fields.</p>\n<p>Once you make the required changes, click <strong>Regenerate</strong>.</p><br/>\n<p>You can view that the changes to the fields are saved, and updated in the canvas.</p><br/><p>For more information on Customizing the Data Model Objects, click  <a href='#'onClick='javascript:openURL(\"https://opensource.hcltechsw.com/volt-mx-docs/docs/documentation/Iris/iris_user_guide/Content/VoltMXDefaultPerspective.html#data--services-panel\")'>here</a>.</p>"
    },
    "navigationBar": {
      "left": {
        "text": "Previous"
      },
      "right": {
        "text": "Done"
      }
    }
  }
}