{
  "Tour.LaunchYourFirstMobileAppv92": {
    "description": " यात्रा का विवरण"
  },
  "Hike.VoltMX.LaunchYourFirstMobileAppV9": {
    "description": ""
  },
  "Card.VoltMX.LaunchYourFirstMobileAppV9.addUser": {
    "content": {
      "title": " नमूना उपयोगकर्ता जोड़ें",
      "body": "<ol>\n<li> से<strong> डेटा &amp; सेवाएं</strong><strong> &nbsp;</strong> आपके कैनवास के शीर्ष दाईं ओर पैनल, विस्तृत करें&nbsp;<strong> परियोजना सेवाएं</strong>.</li>\n<li> पर राइट-क्लिक करें<strong> उपयोगकर्ता प्रमाणीकरण</strong> और चुनें<strong> संपादित करें</strong>।<strong> पहचान सेवा संपादित करें</strong> विंडो प्रकट होती है।</li>\n<li> क्लिक करें<strong> उपयोगकर्ता आयात करें</strong>।<strong> उपयोगकर्ता आयात करें</strong> विंडो प्रकट होती है।</li>\n<li> क्लिक करें<strong> फ़ाइल चुनें</strong>। विंडो एक्सप्लोरर प्रकट होता है।</li>\n<li> के स्थान पर नेविगेट करें<strong> ExportUsers.csv</strong> फ़ाइल, फ़ाइल का चयन करें और क्लिक करें<strong> खुला</strong>.</li>\n<li> क्लिक करें<strong> आयात:</strong>.</li>\n<li> बंद करें<strong> पहचान सेवा संपादित करें</strong> window.</li>\n</ol>"
    },
    "navigationBar": {
      "left": {
        "text": " पिछला"
      },
      "right": {
        "text": " अगला"
      }
    }
  },
  "Card.VoltMX.NewLaunchMobApp.appViewer": {
    "content": {
      "title": " वोल्ट एमएक्स ऐप",
      "body": "<ol>\n<li> अपना कनेक्ट करें<strong> मोबाइल</strong> USB केबल का उपयोग करके आपके कंप्यूटर पर डिवाइस।<br /> Android मोबाइल उपकरणों के लिए, सुनिश्चित करें कि USB का उपयोगकर्ता इस प्रकार सेट है<strong> फ़ाइलें स्थानांतरित करें</strong>.<br /> आईओएस मोबाइल उपकरणों के लिए, सुनिश्चित करें कि<strong> विश्वास</strong> आपके डिवाइस और आपके कंप्यूटर के बीच स्थापित किया गया है।</li>\n<li> लॉन्च करें<strong> वोल्ट एमएक्स ऐप</strong> अपने पर<strong> मोबाइल</strong> डिवाइस।</li>\n<li> चुनें<strong> यूएसबी</strong> टैब।<br /> एक सफल कनेक्शन पर,<strong> आइरिस</strong> आपके कंप्यूटर पर एक सफलता संकेत दिखाता है।</li>\n<li> मुख्य मेनू से, चुनें<strong> बिल्ड</strong>.</li>\n<li> क्लिक करें<strong> लाइव पूर्वावलोकन सेटिंग्स</strong>.</li>\n</ol>"
    },
    "navigationBar": {
      "left": {
        "text": " पिछला"
      },
      "right": {
        "text": " अगला"
      }
    }
  },
  "Card.VoltMX.NewLaunchMobApp.done": {
    "content": {
      "title": " बधाई",
      "body": "<p> आपने सफलतापूर्वक:</p>\n<ul>\n<li><strong> एक मोबाइल ऐप आयात किया गया</strong></li>\n<li><strong> वोल्ट एमएक्स ऐप का उपयोग करके मोबाइल डिवाइस पर ऐप लॉन्च किया</strong></li>\n</ul>\n<p> इस ऐप को अपने दम पर बनाने का तरीका जानने के लिए, अगली हाइक देखें:<a class=\"tour-link\" tour=\"a617eft5-7ca8-4ard-8eu8-94cdean5\"><strong> 2. संग्रह से UI बनाएं</strong></a></p>"
    },
    "navigationBar": {
      "left": {
        "text": " पिछला"
      },
      "right": {
        "text": " हो गया"
      }
    }
  },
  "Card.VoltMX.NewLaunchMobApp.explore": {
    "content": {
      "title": " ऐप का अन्वेषण करें",
      "body": "<p> एक बार आवेदन आयात होने के बाद, आप आवेदन में विभिन्न रूपों का पता लगा सकते हैं।</p>\n<p> आप प्रपत्रों को दो अलग-अलग दृश्यों में देख सकते हैं:<strong> स्टोरीबोर्ड</strong> देखें और<strong> डिज़ाइन</strong> देखें।</p>\n<p> &nbsp;</p>\n<p> आवेदन में खुलता है<strong> स्टोरीबोर्ड</strong> देखें। आप स्टोरीबोर्ड दृश्य में ऐप के अंदर विभिन्न रूपों और रूपों के बीच कनेक्शन देख सकते हैं।</p>\n<br/>\n<p> देखने के लिए<strong> गुण</strong> फॉर्म में प्रत्येक विजेट के फॉर्म को खोलने के लिए किसी भी फॉर्म पर डबल क्लिक करें।<strong> डिज़ाइन दृश्य</strong>। आप select का भी चयन कर सकते हैं<strong> डिज़ाइन&nbsp;</strong> टैब डिज़ाइन दृश्य पर नेविगेट करने के लिए।</p>"
    },
    "navigationBar": {
      "left": {
        "text": " पिछला"
      },
      "right": {
        "text": " अगला"
      }
    }
  },
  "Card.VoltMX.NewLaunchMobApp.explore1": {
    "content": {
      "title": " ऐप का अन्वेषण करें",
      "body": "<p> में<strong> डिज़ाइन दृश्य</strong> ऐप के अंदर विभिन्न रूपों को देखने के लिए, नेविगेट करें<strong> परियोजना</strong> एक्सप्लोरर, और विस्तृत करें<strong> मोबाइल</strong> &gt;<strong> प्रपत्र</strong>.</p>\n<p> &nbsp;</p>\n<p> आप ऐप के अंदर छह फॉर्म देख सकते हैं। प्रत्येक प्रपत्र पर क्लिक करें और देखें कि कैनवास क्या प्रदर्शित करता है।</p>"
    },
    "navigationBar": {
      "left": {
        "text": " पिछला"
      },
      "right": {
        "text": " अगला"
      }
    }
  },
  "Card.VoltMX.NewLaunchMobApp.Import": {
    "content": {
      "title": " मूल ऐप आयात करें",
      "body": "<ol>\n<li> आइरिस के मुख्य मेनू से नेविगेट करें<strong> फोर्ज</strong> &gt;<strong> ब्राउज़ करें</strong>.<br /> The<strong> वोल्ट एमएक्स फोर्ज</strong> विंडो प्रकट होती है</li>\n<li> सर्च बार पर एंटर करें<strong> प्राप्तकर्ता मोबाइल</strong>.</li>\n<li> दिखाई देने वाली सूची में, चुनें<strong> प्राप्तकर्ता मोबाइल</strong>.<br /> का विवरण<strong> प्राप्तकर्ता मोबाइल</strong> प्रकट होता है।</li>\n<li> क्लिक करें<strong> कार्यक्षेत्र में आयात करें</strong>.<br /> आइरिस को ऐप आयात करने में कुछ समय लग सकता है।</li>\n</ol>"
    },
    "navigationBar": {
      "left": {
        "text": " पिछला"
      },
      "right": {
        "text": " अगला"
      }
    }
  },
  "Card.VoltMX.NewLaunchMobApp.Import1": {
    "content": {
      "title": " ऐप खोलें",
      "body": "<ol>\n<li> ऐप आयात होने के बाद, एक<strong> आइरिस</strong> संवाद प्रकट होता है।<br /> क्लिक करें<strong> ठीक है</strong>.</li>\n<li> आइरिस के मुख्य मेनू से नेविगेट करें<strong> परियोजना</strong> &gt;<strong> खुला</strong> &gt;<strong> एचसीएल संदर्भ वास्तुकला</strong> , और चुनें<strong> प्राप्तकर्तामोबाइल</strong>.<br /> आवेदन में खुलता है<strong> स्टोरीबोर्ड</strong> देखें।</li>\n</ol>"
    },
    "navigationBar": {
      "left": {
        "text": " पिछला"
      },
      "right": {
        "text": " अगला"
      }
    }
  },
  "Card.VoltMX.NewLaunchMobApp.Intro": {
    "content": {
      "title": " वोल्ट एमएक्स आईरिस में आपका स्वागत है",
      "body": "<p><strong> चलिए शुरू करते हैं!</strong></p>\n<p> इस वृद्धि में, हम करेंगे:</p>\n<ul>\n<li> एक नमूना देशी ऐप आयात करें जो खातों और प्राप्तकर्ताओं की सूची दिखाता है</li>\n<li> मोबाइल डिवाइस पर नमूना ऐप का पूर्वावलोकन करें</li>\n</ul><br/> आरंभ करने से पहले,<ul><li> स्थापित करें<b> वोल्ट एमएक्स ऐप</b> से अपने मोबाइल डिवाइस पर<a href='#'onClick='javascript:openURL(\"https://play.google.com/store/apps/developer?id=HCL+Software\")'> गूगल प्ले स्टोर</a> या<a href='#'onClick='javascript:openURL(\"https://apps.apple.com/us/developer/hcl-america-inc/id392909135\")'> ऐप स्टोर</a>.</li><li> से नमूना csv फ़ाइल डाउनलोड करें और निकालें<a href='#'onClick='javascript:openURL(\"https://github.com/HCL-TECH-SOFTWARE/volt-mx-tutorials/raw/master/public/samples/SampleCSV.zip\")'> यहाँ</a>.<br/> निकाली गई फ़ाइल के स्थान पर ध्यान दें।</li></ul><br/>\n<p><strong> जब आप तैयार हों, तो स्टार्ट पर क्लिक करें!</strong></p>"
    },
    "navigationBar": {
      "left": {
        "text": " पिछला"
      },
      "right": {
        "text": " प्रारंभ"
      }
    }
  },
  "Card.VoltMX.NewLaunchMobApp.launch": {
    "content": {
      "title": " ऐप लॉन्च करें",
      "body": "<p> अपने पर<strong> वोल्ट एमएक्स ऐप</strong> , क्लिक करें<strong> लॉन्च</strong>.<br /> आप एक देख सकते हैं<strong> आवेदन का नाम:</strong> इनपुट बॉक्स। यदि कोई इनपुट बॉक्स है, तो दर्ज करें<strong> प्राप्तकर्तामोबाइल</strong> &nbsp;और फिर क्लिक करें<strong> लॉन्च</strong>.</p>"
    },
    "navigationBar": {
      "left": {
        "text": " पिछला"
      },
      "right": {
        "text": " अगला"
      }
    }
  },
  "Card.VoltMX.NewLaunchMobApp.publish": {
    "content": {
      "title": " ऐप चलाएँ",
      "body": "<ol>\n<li> से<strong> लाइव पूर्वावलोकन सेटिंग्स</strong> विंडो, अंडर<strong> मूल निवासी</strong> ओएस के बगल में स्थित बॉक्स को चेक करें<strong> मोबाइल</strong> डिवाइस जिस पर आप ऐप देखने जा रहे हैं।<br /> उदाहरण के लिए,<strong> आईओएस</strong> और<strong> Android</strong>.<br /> सुनिश्चित करें कि आपने अन्य सभी प्लेटफार्मों और चैनलों के लिए चेकबॉक्स को अचयनित किया है।</li>\n<li> क्लिक करें<strong> सहेजें और amp; Daud</strong>.<br /> आइरिस को ऐप चलाने में कुछ समय लग सकता है।<br /> The<strong> लाइव पूर्वावलोकन तैयार है</strong> विंडो प्रकट होती है।</li>\n</ol>"
    },
    "navigationBar": {
      "left": {
        "text": " पिछला"
      },
      "right": {
        "text": " अगला"
      }
    }
  },
  "Card.VoltMX.NewLaunchMobApp.Viewing": {
    "content": {
      "title": " ऐप देखें",
      "body": "<p> अब आप अपने ऐप पर देख सकेंगे<strong> मोबाइल</strong> डिवाइस।</p>\n<ol>\n<li> अपने ऐप में निम्नलिखित लॉगिन क्रेडेंशियल दर्ज करें:<ul>\n<li> उपयोगकर्ता नाम:<strong> john.doe@woodburn.com</strong></li>\n<li> पासवर्ड:<strong> वोल्टएमएक्स@123</strong></li>\n</ul>\n</li>\n<li> क्लिक करें<strong> लॉगिन</strong>. <br /> The<strong> खातों की सूची</strong> प्रकट होता है।</li>\n<li> क्लिक करें<strong> प्राप्तकर्ता</strong>. <br /> The<strong> प्राप्तकर्ता सूची</strong> &nbsp;प्रकट होता है।</li>\n</ol>\n<p> प्राप्तकर्ता सूची पृष्ठ में, आप निम्न कार्य कर सकते हैं:</p>\n<ul style=\"list-style-type: circle;\">\n<li> जोड़ें पर क्लिक करें<strong> (+)</strong> अपने खाते में प्राप्तकर्ता जोड़ने के लिए।</li>\n<li> प्राप्तकर्ता का विवरण देखने के लिए सूची से&nbsp;चुनें।</li><li> विवरण पृष्ठ से, आप प्राप्तकर्ता को संपादित या हटा सकते हैं।</li>\n</ul>\n<p> से बाहर निकलने के लिए<strong> मोबाइल ऐप</strong> दो अंगुलियों को बाएं से दाएं स्वाइप करें या अपने मोबाइल डिवाइस को हिलाएं और क्लिक करें<strong> ऐप से बाहर निकलें</strong>.</p>"
    },
    "navigationBar": {
      "left": {
        "text": " पिछला"
      },
      "right": {
        "text": " अगला"
      }
    }
  }
}