{
  "Tour.LaunchYourFirstMobileAppv92": {
    "description": "旅遊描述"
  },
  "Hike.VoltMX.LaunchYourFirstMobileAppV9": {
    "description": ""
  },
  "Card.VoltMX.LaunchYourFirstMobileAppV9.addUser": {
    "content": {
      "title": "添加示例用戶",
      "body": "<ol>\n<li>來自<strong>數據&amp;服務</strong><strong> &nbsp;</strong>畫布右上角的面板，展開&nbsp;<strong>項目服務</strong>.</li>\n<li>右鍵單擊<strong>用戶身份驗證</strong>並選擇<strong>編輯</strong>。這<strong>編輯身份服務</strong>窗口出現。</li>\n<li>點擊<strong>導入用戶</strong>。這<strong>導入用戶</strong>窗口出現。</li>\n<li>點擊<strong>選擇文件</strong>。出現窗口資源管理器。</li>\n<li>導航到<strong>exportUsers.csv</strong> 文件，選擇文件並點擊<strong>打開</strong>.</li>\n<li>點擊<strong>進口</strong>.</li>\n<li>關閉<strong>編輯身份服務</strong>窗口。</li>\n</ol>"
    },
    "navigationBar": {
      "left": {
        "text": "上一個"
      },
      "right": {
        "text": "下一個"
      }
    }
  },
  "Card.VoltMX.NewLaunchMobApp.appViewer": {
    "content": {
      "title": "Volt MX 應用程序",
      "body": "<ol>\n<li>連接您的<strong>手機</strong>使用 USB 電纜將設備連接到您的計算機。<br /> 對於Android移動設備，確保USB的用戶設置為<strong>傳輸文件</strong>.<br />對於iOS移動設備，請確保<strong>信任</strong>已在您的設備和計算機之間建立。</li>\n<li>啟動<strong>Volt MX 應用程序</strong>在你的<strong>手機</strong>設備。</li>\n<li>選擇<strong>USB</strong>選項卡。<br />連接成功後，<strong>虹膜</strong>在您的計算機上顯示成功提示。</li>\n<li>從主菜單中，選擇<strong>構建</strong>.</li>\n<li>點擊<strong>實時預覽設置</strong>.</li>\n</ol>"
    },
    "navigationBar": {
      "left": {
        "text": "上一個"
      },
      "right": {
        "text": "下一個"
      }
    }
  },
  "Card.VoltMX.NewLaunchMobApp.done": {
    "content": {
      "title": " 恭喜",
      "body": "<p>您已成功：</p>\n<ul>\n<li><strong>導入移動應用</strong></li>\n<li><strong>使用 Volt MX 應用程序在移動設備上啟動該應用程序</strong></li>\n</ul>\n<p>要了解如何自己創建此應用程序，請查看下一次遠足：<a class=\"tour-link\" tour=\"a617eft5-7ca8-4ard-8eu8-94cdean5\"><strong> 2. 從集合創建 UI</strong></a></p>"
    },
    "navigationBar": {
      "left": {
        "text": "上一個"
      },
      "right": {
        "text": "完成"
      }
    }
  },
  "Card.VoltMX.NewLaunchMobApp.explore": {
    "content": {
      "title": "探索應用",
      "body": "<p>應用程序導入後，您可以探索應用程序中的不同表單。</p>\n<p>您可以在兩種不同的視圖中查看表單：<strong>故事板</strong>查看和<strong>設計</strong>查看。</p>\n<p> &nbsp;</p>\n<p>應用程序在<strong>故事板</strong>查看。您可以在故事板視圖中查看應用程序內的不同表單以及表單之間的連接。</p>\n<br/>\n<p>查看<strong>屬性</strong>在表單中的每個小部件中，雙擊任意表單以打開表單中的表單<strong>設計視圖</strong>。您也可以選擇<strong>設計</strong>導航到設計視圖的選項卡。</p>"
    },
    "navigationBar": {
      "left": {
        "text": "上一個"
      },
      "right": {
        "text": "下一個"
      }
    }
  },
  "Card.VoltMX.NewLaunchMobApp.explore1": {
    "content": {
      "title": "探索應用",
      "body": "<p>在<strong>設計視圖</strong> ，要查看應用程序內的不同表單，請導航到<strong>項目</strong>資源管理器，並展開<strong>手機</strong>&gt;<strong>表格</strong>.</p>\n<p> &nbsp;</p>\n<p>您可以在應用程序中看到六種表格。單擊每個表單並查看畫布顯示的內容。</p>"
    },
    "navigationBar": {
      "left": {
        "text": "上一個"
      },
      "right": {
        "text": "下一個"
      }
    }
  },
  "Card.VoltMX.NewLaunchMobApp.Import": {
    "content": {
      "title": "導入本機應用程序",
      "body": "<ol>\n<li>從 Iris 的主菜單，導航到<strong>鍛造</strong>&gt;<strong>瀏覽</strong>.<br /><strong>Volt MX Forge</strong>窗口出現</li>\n<li>在搜索欄上，輸入，<strong>收件人手機</strong>.</li>\n<li>在出現的列表中，選擇<strong>收件人手機</strong>.<br />詳細信息<strong>收件人手機</strong>出現。</li>\n<li>點擊<strong>導入到工作區</strong>.<br />Iris 導入應用程序可能需要一些時間。</li>\n</ol>"
    },
    "navigationBar": {
      "left": {
        "text": "上一個"
      },
      "right": {
        "text": "下一個"
      }
    }
  },
  "Card.VoltMX.NewLaunchMobApp.Import1": {
    "content": {
      "title": "打開應用",
      "body": "<ol>\n<li>應用導入後，<strong>虹膜</strong>對話框出現。<br />點擊<strong>好的</strong>.</li>\n<li>從 Iris 的主菜單，導航到<strong>項目</strong>&gt;<strong>打開</strong>&gt;<strong>HCL 參考架構</strong> ，然後選擇<strong> RecipientsMobile</strong>.<br />應用程序在<strong>故事板</strong>查看。</li>\n</ol>"
    },
    "navigationBar": {
      "left": {
        "text": "上一個"
      },
      "right": {
        "text": "下一個"
      }
    }
  },
  "Card.VoltMX.NewLaunchMobApp.Intro": {
    "content": {
      "title": "歡迎使用Volt MX Iris",
      "body": "<p><strong>讓我們開始吧！</strong></p>\n<p>在這次徒步旅行中，我們將：</p>\n<ul>\n<li>導入顯示帳戶和收件人列表的示例本機應用程序</li>\n<li>在移動設備上預覽示例應用</li>\n</ul><br/>在開始之前，<ul><li>安裝<b>Volt MX 應用程序</b>在您的移動設備上<a href='#'onClick='javascript:openURL(\"https://play.google.com/store/apps/developer?id=HCL+Software\")'>Google Play商店</a>或<a href='#'onClick='javascript:openURL(\"https://apps.apple.com/us/developer/hcl-america-inc/id392909135\")'>應用商店</a>.</li><li>從<a href='#'onClick='javascript:openURL(\"https://github.com/HCL-TECH-SOFTWARE/volt-mx-tutorials/raw/master/public/samples/SampleCSV.zip\")'>這裡</a>.<br/>注意解壓文件的位置。</li></ul><br/>\n<p><strong>準備好後，單擊開始！</strong></p>"
    },
    "navigationBar": {
      "left": {
        "text": "上一個"
      },
      "right": {
        "text": "開始"
      }
    }
  },
  "Card.VoltMX.NewLaunchMobApp.launch": {
    "content": {
      "title": "啟動應用程序",
      "body": "<p>在你的<strong>Volt MX 應用程序</strong>，點擊<strong>啟動</strong>.<br />您可能會看到<strong>應用程序名稱</strong>輸入框。如果有輸入框，輸入<strong> RecipientsMobile</strong> &nbsp;然後點擊<strong>啟動</strong>.</p>"
    },
    "navigationBar": {
      "left": {
        "text": "上一個"
      },
      "right": {
        "text": "下一個"
      }
    }
  },
  "Card.VoltMX.NewLaunchMobApp.publish": {
    "content": {
      "title": "運行應用程序",
      "body": "<ol>\n<li>來自<strong>實時預覽設置</strong>窗下<strong>本地</strong> ，選中操作系統旁邊的框<strong>手機</strong>您要在其上查看應用程序的設備。<br />例如，<strong>iOS</strong>和<strong>安卓</strong>.<br />確保您已取消選中所有其他平台和頻道的複選框。</li>\n<li>點擊<strong>保存&amp;跑步</strong>.<br />Iris 運行應用程序可能需要一些時間。<br /><strong>實時預覽已準備就緒</strong>窗口出現。</li>\n</ol>"
    },
    "navigationBar": {
      "left": {
        "text": "上一個"
      },
      "right": {
        "text": "下一個"
      }
    }
  },
  "Card.VoltMX.NewLaunchMobApp.Viewing": {
    "content": {
      "title": "查看應用程序",
      "body": "<p>您現在可以在您的<strong>手機</strong>設備。</p>\n<ol>\n<li>在您的應用中輸入以下登錄憑據：<ul>\n<li>用戶名：<strong>john.doe@woodburn.com</strong></li>\n<li>密碼：<strong>VoltMX@123</strong></li>\n</ul>\n</li>\n<li>點擊<strong>登錄</strong>. <br /><strong>賬戶列表</strong>出現。</li>\n<li>點擊<strong>收件人</strong>. <br /><strong>收件人列表</strong>&nbsp;出現。</li>\n</ol>\n<p>在收件人列表頁面中，您可以執行以下操作：</p>\n<ul style=\"list-style-type: circle;\">\n<li>點擊添加<strong> (+)</strong> ，將收件人添加到您的帳戶。</li>\n<li>從列表中選擇收件人以查看其詳細信息。</li><li>在詳細信息頁面，您可以編輯或刪除收件人。</li>\n</ul>\n<p>退出<strong>移動應用</strong> ，從左向右滑動兩根手指或搖動您的移動設備並單擊<strong>退出應用</strong>.</p>"
    },
    "navigationBar": {
      "left": {
        "text": "上一個"
      },
      "right": {
        "text": "下一個"
      }
    }
  }
}