{
  "Tour.LaunchYourFirstMobileAppv92": {
    "description": "旅游描述"
  },
  "Hike.VoltMX.LaunchYourFirstMobileAppV9": {
    "description": ""
  },
  "Card.VoltMX.LaunchYourFirstMobileAppV9.addUser": {
    "content": {
      "title": "添加示例用户",
      "body": "<ol>\n<li>来自<strong>数据&amp;服务</strong><strong> &nbsp;</strong>画布右上角的面板，展开&nbsp;<strong>项目服务</strong>.</li>\n<li>右键单击<strong>用户身份验证</strong>并选择<strong>编辑</strong>。这<strong>编辑身份服务</strong>窗口出现。</li>\n<li>点击<strong>导入用户</strong>。这<strong>导入用户</strong>窗口出现。</li>\n<li>点击<strong>选择文件</strong>。出现窗口资源管理器。</li>\n<li>导航到<strong>exportUsers.csv</strong> 文件，选择文件并点击<strong>打开</strong>.</li>\n<li>点击<strong>进口</strong>.</li>\n<li>关闭<strong>编辑身份服务</strong>窗口。</li>\n</ol>"
    },
    "navigationBar": {
      "left": {
        "text": "上一个"
      },
      "right": {
        "text": "下一个"
      }
    }
  },
  "Card.VoltMX.NewLaunchMobApp.appViewer": {
    "content": {
      "title": "Volt MX 应用程序",
      "body": "<ol>\n<li>连接您的<strong>手机</strong>使用 USB 电缆将设备连接到您的计算机。<br /> 对于Android移动设备，确保USB的用户设置为<strong>传输文件</strong>.<br />对于iOS移动设备，请确保<strong>信任</strong>已在您的设备和计算机之间建立。</li>\n<li>启动<strong>Volt MX 应用程序</strong>在你的<strong>手机</strong>设备。</li>\n<li>选择<strong>USB</strong>选项卡。<br />连接成功后，<strong>虹膜</strong>在您的计算机上显示成功提示。</li>\n<li>从主菜单中，选择<strong>构建</strong>.</li>\n<li>点击<strong>实时预览设置</strong>.</li>\n</ol>"
    },
    "navigationBar": {
      "left": {
        "text": "上一个"
      },
      "right": {
        "text": "下一个"
      }
    }
  },
  "Card.VoltMX.NewLaunchMobApp.done": {
    "content": {
      "title": " 恭喜",
      "body": "<p>您已成功：</p>\n<ul>\n<li><strong>导入移动应用</strong></li>\n<li><strong>使用 Volt MX 应用程序在移动设备上启动该应用程序</strong></li>\n</ul>\n<p>要了解如何自己创建此应用程序，请查看下一次远足：<a class=\"tour-link\" tour=\"a617eft5-7ca8-4ard-8eu8-94cdean5\"><strong> 2. 从集合创建 UI</strong></a></p>"
    },
    "navigationBar": {
      "left": {
        "text": "上一个"
      },
      "right": {
        "text": "完成"
      }
    }
  },
  "Card.VoltMX.NewLaunchMobApp.explore": {
    "content": {
      "title": "探索应用",
      "body": "<p>应用程序导入后，您可以探索应用程序中的不同表单。</p>\n<p>您可以在两种不同的视图中查看表单：<strong>故事板</strong>查看和<strong>设计</strong>查看。</p>\n<p> &nbsp;</p>\n<p>应用程序在<strong>故事板</strong>查看。您可以在故事板视图中查看应用程序内的不同表单以及表单之间的连接。</p>\n<br/>\n<p>查看<strong>属性</strong>在表单中的每个小部件中，双击任意表单以打开表单中的表单<strong>设计视图</strong>。您也可以选择<strong>设计</strong>导航到设计视图的选项卡。</p>"
    },
    "navigationBar": {
      "left": {
        "text": "上一个"
      },
      "right": {
        "text": "下一个"
      }
    }
  },
  "Card.VoltMX.NewLaunchMobApp.explore1": {
    "content": {
      "title": "探索应用",
      "body": "<p>在<strong>设计视图</strong> ，要查看应用程序内的不同表单，请导航到<strong>项目</strong>资源管理器，并展开<strong>手机</strong>&gt;<strong>表格</strong>.</p>\n<p> &nbsp;</p>\n<p>您可以在应用程序中看到六种表格。单击每个表单并查看画布显示的内容。</p>"
    },
    "navigationBar": {
      "left": {
        "text": "上一个"
      },
      "right": {
        "text": "下一个"
      }
    }
  },
  "Card.VoltMX.NewLaunchMobApp.Import": {
    "content": {
      "title": "导入本机应用程序",
      "body": "<ol>\n<li>从 Iris 的主菜单，导航到<strong>锻造</strong>&gt;<strong>浏览</strong>.<br /><strong>Volt MX Forge</strong>窗口出现</li>\n<li>在搜索栏上，输入，<strong>收件人手机</strong>.</li>\n<li>在出现的列表中，选择<strong>收件人手机</strong>.<br />详细信息<strong>收件人手机</strong>出现。</li>\n<li>点击<strong>导入到工作区</strong>.<br />Iris 导入应用程序可能需要一些时间。</li>\n</ol>"
    },
    "navigationBar": {
      "left": {
        "text": "上一个"
      },
      "right": {
        "text": "下一个"
      }
    }
  },
  "Card.VoltMX.NewLaunchMobApp.Import1": {
    "content": {
      "title": "打开应用",
      "body": "<ol>\n<li>应用导入后，<strong>虹膜</strong>对话框出现。<br />点击<strong>好的</strong>.</li>\n<li>从 Iris 的主菜单，导航到<strong>项目</strong>&gt;<strong>打开</strong>&gt;<strong>HCL 参考架构</strong> ，然后选择<strong> RecipientsMobile</strong>.<br />应用程序在<strong>故事板</strong>查看。</li>\n</ol>"
    },
    "navigationBar": {
      "left": {
        "text": "上一个"
      },
      "right": {
        "text": "下一个"
      }
    }
  },
  "Card.VoltMX.NewLaunchMobApp.Intro": {
    "content": {
      "title": "欢迎使用Volt MX Iris",
      "body": "<p><strong>让我们开始吧！</strong></p>\n<p>在这次徒步旅行中，我们将：</p>\n<ul>\n<li>导入显示帐户和收件人列表的示例本机应用程序</li>\n<li>在移动设备上预览示例应用</li>\n</ul><br/>在开始之前，<ul><li>安装<b>Volt MX 应用程序</b>在您的移动设备上<a href='#'onClick='javascript:openURL(\"https://play.google.com/store/apps/developer?id=HCL+Software\")'>Google Play商店</a>或<a href='#'onClick='javascript:openURL(\"https://apps.apple.com/us/developer/hcl-america-inc/id392909135\")'>应用商店</a>.</li><li>从<a href='#'onClick='javascript:openURL(\"https://github.com/HCL-TECH-SOFTWARE/volt-mx-tutorials/raw/master/public/samples/SampleCSV.zip\")'>这里</a>.<br/>注意解压文件的位置。</li></ul><br/>\n<p><strong>准备好后，单击开始！</strong></p>"
    },
    "navigationBar": {
      "left": {
        "text": "上一个"
      },
      "right": {
        "text": "开始"
      }
    }
  },
  "Card.VoltMX.NewLaunchMobApp.launch": {
    "content": {
      "title": "启动应用程序",
      "body": "<p>在你的<strong>Volt MX 应用程序</strong>，点击<strong>启动</strong>.<br />您可能会看到<strong>应用程序名称</strong>输入框。如果有输入框，输入<strong> RecipientsMobile</strong> &nbsp;然后点击<strong>启动</strong>.</p>"
    },
    "navigationBar": {
      "left": {
        "text": "上一个"
      },
      "right": {
        "text": "下一个"
      }
    }
  },
  "Card.VoltMX.NewLaunchMobApp.publish": {
    "content": {
      "title": "运行应用程序",
      "body": "<ol>\n<li>来自<strong>实时预览设置</strong>窗下<strong>本地</strong> ，选中操作系统旁边的框<strong>手机</strong>您要在其上查看应用程序的设备。<br />例如，<strong>iOS</strong>和<strong>安卓</strong>.<br />确保您已取消选中所有其他平台和频道的复选框。</li>\n<li>点击<strong>保存&amp;跑步</strong>.<br />Iris 运行应用程序可能需要一些时间。<br /><strong>实时预览已准备就绪</strong>窗口出现。</li>\n</ol>"
    },
    "navigationBar": {
      "left": {
        "text": "上一个"
      },
      "right": {
        "text": "下一个"
      }
    }
  },
  "Card.VoltMX.NewLaunchMobApp.Viewing": {
    "content": {
      "title": "查看应用程序",
      "body": "<p>您现在可以在您的<strong>手机</strong>设备。</p>\n<ol>\n<li>在您的应用中输入以下登录凭据：<ul>\n<li>用户名：<strong>john.doe@woodburn.com</strong></li>\n<li>密码：<strong>VoltMX@123</strong></li>\n</ul>\n</li>\n<li>点击<strong>登录</strong>. <br /><strong>账户列表</strong>出现。</li>\n<li>点击<strong>收件人</strong>. <br /><strong>收件人列表</strong>&nbsp;出现。</li>\n</ol>\n<p>在收件人列表页面中，您可以执行以下操作：</p>\n<ul style=\"list-style-type: circle;\">\n<li>点击添加<strong> (+)</strong> ，将收件人添加到您的帐户。</li>\n<li>从列表中选择收件人以查看其详细信息。</li><li>在详细信息页面，您可以编辑或删除收件人。</li>\n</ul>\n<p>退出<strong>移动应用</strong> ，从左向右滑动两根手指或摇动您的移动设备并单击<strong>退出应用</strong>.</p>"
    },
    "navigationBar": {
      "left": {
        "text": "上一个"
      },
      "right": {
        "text": "下一个"
      }
    }
  }
}