{
    "kuid": "655053t6-f6a9-49r9-92u4-e35a58nf",
    "id": "VoltMX.NFIBarcodeV9.addFramework",
    "content": {
        "title": "Add Framework to your App",
        "body": "<ol>\n<li>From the main menu, navigate to <strong>Edit </strong>&gt; <strong>Manage Native Function API(s)</strong>.<br />The<strong> Native Function Interface:MyBarCodeScanner </strong>window appears.</li>\n<li>Navigate to the <strong>Android </strong>tab and click <strong>Add</strong>.<strong><br /> </strong>The <strong>Add Packages </strong>window appears.</li>\n</ol>"
    },
    "pointer": {
        "direction": "left",
        "element": "",
        "type": "none"
    },
    "navigationType": "manual",
    "navigationBar": {
        "left": {
            "text": "Previous",
            "enable": true,
            "hide": false
        },
        "right": {
            "text": "Next",
            "enable": true,
            "hide": false
        }
    },
    "navigationCondition": "",
    "position": "BOTTOM_RIGHT",
    "meta": {
        "Creator": "Rashmi Menon",
        "CreatedOn": "Thu, 28 Nov 2019 04:34:32 GMT"
    },
    "context": []
}