{
  "Tour.IntroFlexLayoutV9": {
    "description": "旅游描述"
  },
  "Hike.VoltMX.IntroFlexLayoutV9": {
    "description": "徒步说明"
  },
  "Card.VoltMX.IntroFlexLayoutV9.AddFlexContainer": {
    "content": {
      "title": "向 FlexForm 添加标题",
      "body": "<ol>\n<li>来自<strong>默认库</strong>画布左下角的标签，搜索<strong>FlexContainer</strong>小部件。</li>\n<li>拖放<strong>FlexContainer</strong>小部件到<strong>frmFlexLayout</strong>画布上的表格。</li>\n<li> 选择新添加的<strong>FlexContainer</strong>来自<strong>项目</strong>画布左上角的资源管理器。</li>\n<li>右键单击 FlexContainer 并重命名<strong>flxHeader</strong>.</li>\n</ol>"
    },
    "navigationBar": {
      "left": {
        "text": "上一个"
      },
      "right": {
        "text": "下一个"
      }
    }
  },
  "Card.VoltMX.IntroFlexLayoutV9.AddHeader": {
    "content": {
      "title": "将徽标小部件添加到 FlexContainer",
      "body": "<ol>\n<li>来自<strong>默认库</strong>画布左下角的标签，搜索<strong>标志</strong>小部件。</li>\n<li>拖放<strong>标志</strong>小部件到<strong>frmFlexLayout</strong>在画布上形成。</li>\n<li>来自<strong>属性</strong>面板，展开<strong>看</strong>&gt;<strong>弹性</strong>从画布的右上角。改变<strong>宽度</strong>属​​性<strong>50%</strong></li>\n</ol>"
    },
    "navigationBar": {
      "left": {
        "text": "上一个"
      },
      "right": {
        "text": "下一个"
      }
    }
  },
  "Card.VoltMX.IntroFlexLayoutV9.AddHeader1": {
    "content": {
      "title": "将搜索小部件添加到FlexContainer",
      "body": "<ol><li>来自<b>项目</b>资源管理器，展开<b>手机</b> > <b>表格</b> > <b>frmFlexlayout</b> ，然后选择<b>flxHeader</b>.</li>\n<li>来自<strong>默认库</strong>画布左下角的标签，搜索<strong>搜索1</strong>小部件。</li>\n<li>拖放<strong>搜索1</strong>小部件到<strong>frmFlexLayout</strong>在画布上形成。</li>\n<li>来自<strong>属性</strong>面板，展开<strong>看</strong>&gt;<strong>弹性</strong>从画布的右上角。改变<strong>宽度</strong>属​​性<strong>50%</strong></li>\n</ol>"
    },
    "navigationBar": {
      "left": {
        "text": "上一个"
      },
      "right": {
        "text": "下一个"
      }
    }
  },
  "Card.VoltMX.IntroFlexLayoutV9.AppViewer": {
    "content": {
      "title": "Volt MX 应用程序",
      "body": "<ol>\n<li>连接您的<b>手机</b>使用 USB 电缆连接到您的计算机。<br />对于Android设备，请确保您使用USB<b>传输文件</b>.</li>\n<li>启动<b>Volt MX 应用程序</b>在你的<b>手机</b>.</li>\n<li>选择<b>USB</b>选项卡。</li>\n<li>连接成功后，<b>虹膜</b>在您的计算机上显示成功提示。<br />同时，USB 图标在您的<b>Volt MX 应用程序</b>.</li>\n</ol>"
    },
    "navigationBar": {
      "left": {
        "text": "上一个"
      },
      "right": {
        "text": "下一个"
      }
    }
  },
  "Card.VoltMX.IntroFlexLayoutV9.ChFreeFormAttr": {
    "content": {
      "title": "更改自由形式属性",
      "body": "<ol>\n<li>来自<strong>项目</strong>画布左上角的资源管理器，导航到<strong>flxHeader</strong>&gt;<strong>主容器</strong>.</li>\n<li>来自<strong>属性</strong>面板，展开<strong>看</strong>&gt;<strong>Flex</strong>在画布的右上角。</li>\n<li>改变<strong>左</strong>属​​性<strong>60 Dp</strong>.<br /><strong>搜索1</strong>小部件相对于父 FlexContainer 小部件向右移动。</li>\n<li>改变<strong>顶部</strong>值<strong>59 Dp</strong>.<br /><strong>搜索1</strong>小部件相对于父 FlexContainer 小部件向下移动。</li>\n<li>设置<strong>顶部</strong>和<strong>左</strong>属性<strong>0 Dp</strong>.<br /><strong>搜索1</strong>小部件移动到其原始位置。</li>\n</ol>"
    },
    "navigationBar": {
      "left": {
        "text": "上一个"
      },
      "right": {
        "text": "下一个"
      }
    }
  },
  "Card.VoltMX.IntroFlexLayoutV9.ChHorizontalFloe": {
    "content": {
      "title": "将 FlexContainer 更改为水平流",
      "body": "<ol>\n<li>导航到<strong>属性</strong>面板><strong>FlexContainer</strong>标签><strong>一般</strong>画布右上角的部分。</li>\n<li>改变<strong>布局类型</strong>属​​性<strong>水平流</strong>. <br />小部件在画布上并排排列。</li>\n</ol>"
    },
    "navigationBar": {
      "left": {
        "text": "上一个"
      },
      "right": {
        "text": "下一个"
      }
    }
  },
  "Card.VoltMX.IntroFlexLayoutV9.ChVerticalFlow": {
    "content": {
      "title": "将 FlexContainer 更改为垂直流",
      "body": "<ol>\n<li>来自<strong>项目</strong>画布左上角的资源管理器，选择<strong>flxHeader</strong>.</li>\n<li>来自<strong>属性</strong>面板，导航到<strong>FlexContainer</strong>标签><strong>一般</strong>画布右上角的部分。</li>\n<li>改变<strong>布局类型</strong>属​​性<strong>流垂直</strong>.<br />小部件在画布上排列在另一个下方。</li>\n</ol>"
    },
    "navigationBar": {
      "left": {
        "text": "上一个"
      },
      "right": {
        "text": "下一个"
      }
    }
  },
  "Card.VoltMX.IntroFlexLayoutV9.createForm": {
    "content": {
      "title": "重命名表单",
      "body": "<ol>\n<li>在<strong>故事板</strong>查看，在新表单上方，单击<strong>Form1</strong>.</li>\n<li>重命名表单<strong>frmFlexLayout</strong>.</li>\n<li>要向表单添加小部件，双击表单移动到<strong>设计</strong>查看。</li>\n</ol>"
    },
    "navigationBar": {
      "left": {
        "text": "上一个"
      },
      "right": {
        "text": "下一个"
      }
    }
  },
  "Card.VoltMX.IntroFlexLayoutV9.done": {
    "content": {
      "title": "查看应用",
      "body": "<ol>\n<li>在你的<b>Volt MX 应用程序</b>，点击<b>启动</b>.<br />如果提示您提供应用程序名称，请输入<b>FlexLayout</b>然后点击<b>启动</b>.</li><li> 到<b>退出</b>预览，从左向右滑动两根手指或摇动手机。</li>\n</ol>"
    },
    "navigationBar": {
      "left": {
        "text": "上一个"
      },
      "right": {
        "text": "下一个"
      }
    }
  },
  "Card.VoltMX.IntroFlexLayoutV9.intro": {
    "content": {
      "title": "了解FlexLayouts",
      "body": "这次徒步旅行涵盖了<b>FlexContainer</b>小部件。 Volt MX AppPlatform 支持三种 flex 布局：<ul><li>自由形式</li>\n<li>流垂直</li>\n<li>水平流</li><br/ > </ul>这些 Flex 布局可帮助您在 FlexContainer 等容器小部件内排列小部件。<br/>让我们看看如何实现这些布局以及这些布局中的小部件如何排列。"
    },
    "navigationBar": {
      "left": {
        "text": "上一个"
      },
      "right": {
        "text": "开始"
      }
    }
  },
  "Card.VoltMX.IntroFlexLayoutV9.last": {
    "content": {
      "title": " 恭喜",
      "body": "<p>您已成功：</p>\n<ul>\n<li><strong>创建了一个带有 FlexContainer 和两个子小部件的应用程序</strong></li>\n<li><strong>学习了如何在应用程序中修改 flex 布局</strong></li>\n<li><strong> 了解子部件的布局如何随着父 FlexContainer 的布局而变化</strong></li>\n<li><strong>在 Volt MX App 中启动了该应用程序。</strong></li>\n</ul>"
    },
    "navigationBar": {
      "left": {
        "text": "上一个"
      },
      "right": {
        "text": "完成"
      }
    }
  },
  "Card.VoltMX.IntroFlexLayoutV9.LivePreview": {
    "content": {
      "title": "实时预览设置",
      "body": "<ol><li>从主菜单中，选择<b>构建</b>.</li>\n<li>点击<b>实时预览设置</b>.</li>"
    },
    "navigationBar": {
      "left": {
        "text": "上一个"
      },
      "right": {
        "text": "下一个"
      }
    }
  },
  "Card.VoltMX.IntroFlexLayoutV9.NewProject1": {
    "content": {
      "title": "创建一个新项目",
      "body": "<ol>\n<li>导航到<strong>项目</strong>&gt;<strong>新项目</strong>.</li>\n<li>来自<strong> 你现在想从什么开始？</strong>窗口，选择<strong>本机应用程序</strong>.</li>\n<li>点击<strong>下一个</strong>.<br/><b>您从本机应用程序开始</b>窗口打开。</li>\n</ol>"
    },
    "navigationBar": {
      "left": {
        "text": "上一个"
      },
      "right": {
        "text": "下一个"
      }
    }
  },
  "Card.VoltMX.IntroFlexLayoutV9.NewProject2": {
    "content": {
      "title": "创建一个新项目",
      "body": "<ol>\n<li>下<strong>项目名称</strong>，输入<strong>FlexLayout</strong>.</li>\n<li>点击<strong>创建</strong>.<br />创建了一个新应用程序<b>Form1</b>表格。<br />应用程序在<strong>故事板</strong>查看。</li>\n</ol>"
    },
    "navigationBar": {
      "left": {
        "text": "上一个"
      },
      "right": {
        "text": "下一个"
      }
    }
  },
  "Card.VoltMX.IntroFlexLayoutV9.run": {
    "content": {
      "title": "运行应用程序",
      "body": "<ol><li>来自<b>实时预览设置</b>窗下<b>本地</b> 选中您要在其上查看应用程序的手机/平板电脑操作系统旁边的复选框。<br/>例如：<b>iOS</b>和<b>安卓</b>.<br/>确保您已取消选择所有其他平台和频道。</li>\n<li>点击<b>保存并运行</b>.<br/> Iris 可能需要一些时间才能显示<b>实时预览已准备就绪</b>窗口。</ol>"
    },
    "navigationBar": {
      "left": {
        "text": "上一个"
      },
      "right": {
        "text": "下一个"
      }
    }
  }
}