{
  "Tour.IntroFlexLayoutV9": {
    "description": "旅遊描述"
  },
  "Hike.VoltMX.IntroFlexLayoutV9": {
    "description": "徒步說明"
  },
  "Card.VoltMX.IntroFlexLayoutV9.AddFlexContainer": {
    "content": {
      "title": "向 FlexForm 添加標題",
      "body": "<ol>\n<li>來自<strong>默認庫</strong>畫布左下角的標籤，搜索<strong>FlexContainer</strong>小部件。</li>\n<li>拖放<strong>FlexContainer</strong>小部件到<strong>frmFlexLayout</strong>畫布上的表格。</li>\n<li> 選擇新添加的<strong>FlexContainer</strong>來自<strong>項目</strong>畫布左上角的資源管理器。</li>\n<li>右鍵單擊 FlexContainer 並重命名<strong>flxHeader</strong>.</li>\n</ol>"
    },
    "navigationBar": {
      "left": {
        "text": "上一個"
      },
      "right": {
        "text": "下一個"
      }
    }
  },
  "Card.VoltMX.IntroFlexLayoutV9.AddHeader": {
    "content": {
      "title": "將徽標小部件添加到 FlexContainer",
      "body": "<ol>\n<li>來自<strong>默認庫</strong>畫布左下角的標籤，搜索<strong>標誌</strong>小部件。</li>\n<li>拖放<strong>標誌</strong>小部件到<strong>frmFlexLayout</strong>在畫布上形成。</li>\n<li>來自<strong>屬性</strong>面板，展開<strong>看</strong>&gt;<strong>彈性</strong>從畫布的右上角。改變<strong>寬度</strong>屬性<strong>50%</strong></li>\n</ol>"
    },
    "navigationBar": {
      "left": {
        "text": "上一個"
      },
      "right": {
        "text": "下一個"
      }
    }
  },
  "Card.VoltMX.IntroFlexLayoutV9.AddHeader1": {
    "content": {
      "title": "將搜索小部件添加到FlexContainer",
      "body": "<ol><li>來自<b>項目</b>資源管理器，展開<b>手機</b> > <b>表格</b> > <b>frmFlexlayout</b> ，然後選擇<b>flxHeader</b>.</li>\n<li>來自<strong>默認庫</strong>畫布左下角的標籤，搜索<strong>搜索1</strong>小部件。</li>\n<li>拖放<strong>搜索1</strong>小部件到<strong>frmFlexLayout</strong>在畫布上形成。</li>\n<li>來自<strong>屬性</strong>面板，展開<strong>看</strong>&gt;<strong>彈性</strong>從畫布的右上角。改變<strong>寬度</strong>屬性<strong>50%</strong></li>\n</ol>"
    },
    "navigationBar": {
      "left": {
        "text": "上一個"
      },
      "right": {
        "text": "下一個"
      }
    }
  },
  "Card.VoltMX.IntroFlexLayoutV9.AppViewer": {
    "content": {
      "title": "Volt MX 應用程序",
      "body": "<ol>\n<li>連接您的<b>手機</b>使用 USB 電纜連接到您的計算機。<br />對於Android設備，請確保您使用USB<b>傳輸文件</b>.</li>\n<li>啟動<b>Volt MX 應用程序</b>在你的<b>手機</b>.</li>\n<li>選擇<b>USB</b>選項卡。</li>\n<li>連接成功後，<b>虹膜</b>在您的計算機上顯示成功提示。<br />同時，USB 圖標在您的<b>Volt MX 應用程序</b>.</li>\n</ol>"
    },
    "navigationBar": {
      "left": {
        "text": "上一個"
      },
      "right": {
        "text": "下一個"
      }
    }
  },
  "Card.VoltMX.IntroFlexLayoutV9.ChFreeFormAttr": {
    "content": {
      "title": "更改自由形式屬性",
      "body": "<ol>\n<li>來自<strong>項目</strong>畫布左上角的資源管理器，導航到<strong>flxHeader</strong>&gt;<strong>主容器</strong>.</li>\n<li>來自<strong>屬性</strong>面板，展開<strong>看</strong>&gt;<strong>Flex</strong>在畫布的右上角。</li>\n<li>改變<strong>左</strong>屬性<strong>60 Dp</strong>.<br /><strong>搜索1</strong>小部件相對於父 FlexContainer 小部件向右移動。</li>\n<li>改變<strong>頂部</strong>值<strong>59 Dp</strong>.<br /><strong>搜索1</strong>小部件相對於父 FlexContainer 小部件向下移動。</li>\n<li>設置<strong>頂部</strong>和<strong>左</strong>屬性<strong>0 Dp</strong>.<br /><strong>搜索1</strong>小部件移動到其原始位置。</li>\n</ol>"
    },
    "navigationBar": {
      "left": {
        "text": "上一個"
      },
      "right": {
        "text": "下一個"
      }
    }
  },
  "Card.VoltMX.IntroFlexLayoutV9.ChHorizontalFloe": {
    "content": {
      "title": "將 FlexContainer 更改為水平流",
      "body": "<ol>\n<li>導航到<strong>屬性</strong>面板><strong>FlexContainer</strong>標籤><strong>一般</strong>畫布右上角的部分。</li>\n<li>改變<strong>佈局類型</strong>屬性<strong>水平流</strong>. <br />小部件在畫布上並排排列。</li>\n</ol>"
    },
    "navigationBar": {
      "left": {
        "text": "上一個"
      },
      "right": {
        "text": "下一個"
      }
    }
  },
  "Card.VoltMX.IntroFlexLayoutV9.ChVerticalFlow": {
    "content": {
      "title": "將 FlexContainer 更改為垂直流",
      "body": "<ol>\n<li>來自<strong>項目</strong>畫布左上角的資源管理器，選擇<strong>flxHeader</strong>.</li>\n<li>來自<strong>屬性</strong>面板，導航到<strong>FlexContainer</strong>標籤><strong>一般</strong>畫布右上角的部分。</li>\n<li>改變<strong>佈局類型</strong>屬性<strong>流垂直</strong>.<br />小部件在畫布上排列在另一個下方。</li>\n</ol>"
    },
    "navigationBar": {
      "left": {
        "text": "上一個"
      },
      "right": {
        "text": "下一個"
      }
    }
  },
  "Card.VoltMX.IntroFlexLayoutV9.createForm": {
    "content": {
      "title": "重命名表單",
      "body": "<ol>\n<li>在<strong>故事板</strong>查看，在新表單上方，單擊<strong>Form1</strong>.</li>\n<li>重命名表單<strong>frmFlexLayout</strong>.</li>\n<li>要向表單添加小部件，雙擊表單移動到<strong>設計</strong>查看。</li>\n</ol>"
    },
    "navigationBar": {
      "left": {
        "text": "上一個"
      },
      "right": {
        "text": "下一個"
      }
    }
  },
  "Card.VoltMX.IntroFlexLayoutV9.done": {
    "content": {
      "title": "查看應用",
      "body": "<ol>\n<li>在你的<b>Volt MX 應用程序</b>，點擊<b>啟動</b>.<br />如果提示您提供應用程序名稱，請輸入<b>FlexLayout</b>然後點擊<b>啟動</b>.</li><li> 到<b>退出</b>預覽，從左向右滑動兩根手指或搖動手機。</li>\n</ol>"
    },
    "navigationBar": {
      "left": {
        "text": "上一個"
      },
      "right": {
        "text": "下一個"
      }
    }
  },
  "Card.VoltMX.IntroFlexLayoutV9.intro": {
    "content": {
      "title": "了解FlexLayouts",
      "body": "這次徒步旅行涵蓋了<b>FlexContainer</b>小部件。 Volt MX AppPlatform 支持三種 flex 佈局：<ul><li>自由形式</li>\n<li>流垂直</li>\n<li>水平流</li><br/ > </ul>這些 Flex 佈局可幫助您在 FlexContainer 等容器小部件內排列小部件。<br/>讓我們看看如何實現這些佈局以及這些佈局中的小部件如何排列。"
    },
    "navigationBar": {
      "left": {
        "text": "上一個"
      },
      "right": {
        "text": "開始"
      }
    }
  },
  "Card.VoltMX.IntroFlexLayoutV9.last": {
    "content": {
      "title": " 恭喜",
      "body": "<p>您已成功：</p>\n<ul>\n<li><strong>創建了一個帶有 FlexContainer 和兩個子小部件的應用程序</strong></li>\n<li><strong>學習瞭如何在應用程序中修改 flex 佈局</strong></li>\n<li><strong> 了解子部件的佈局如何隨著父 FlexContainer 的佈局而變化</strong></li>\n<li><strong>在 Volt MX App 中啟動了該應用程序。</strong></li>\n</ul>"
    },
    "navigationBar": {
      "left": {
        "text": "上一個"
      },
      "right": {
        "text": "完成"
      }
    }
  },
  "Card.VoltMX.IntroFlexLayoutV9.LivePreview": {
    "content": {
      "title": "實時預覽設置",
      "body": "<ol><li>從主菜單中，選擇<b>構建</b>.</li>\n<li>點擊<b>實時預覽設置</b>.</li>"
    },
    "navigationBar": {
      "left": {
        "text": "上一個"
      },
      "right": {
        "text": "下一個"
      }
    }
  },
  "Card.VoltMX.IntroFlexLayoutV9.NewProject1": {
    "content": {
      "title": "創建一個新項目",
      "body": "<ol>\n<li>導航到<strong>項目</strong>&gt;<strong>新項目</strong>.</li>\n<li>來自<strong> 你現在想從什麼開始？</strong>窗口，選擇<strong>本機應用程序</strong>.</li>\n<li>點擊<strong>下一個</strong>.<br/><b>您從本機應用程序開始</b>窗口打開。</li>\n</ol>"
    },
    "navigationBar": {
      "left": {
        "text": "上一個"
      },
      "right": {
        "text": "下一個"
      }
    }
  },
  "Card.VoltMX.IntroFlexLayoutV9.NewProject2": {
    "content": {
      "title": "創建一個新項目",
      "body": "<ol>\n<li>下<strong>項目名稱</strong>，輸入<strong>FlexLayout</strong>.</li>\n<li>點擊<strong>創建</strong>.<br />創建了一個新應用程序<b>Form1</b>表格。<br />應用程序在<strong>故事板</strong>查看。</li>\n</ol>"
    },
    "navigationBar": {
      "left": {
        "text": "上一個"
      },
      "right": {
        "text": "下一個"
      }
    }
  },
  "Card.VoltMX.IntroFlexLayoutV9.run": {
    "content": {
      "title": "運行應用程序",
      "body": "<ol><li>來自<b>實時預覽設置</b>窗下<b>本地</b> 選中您要在其上查看應用程序的手機/平板電腦操作系統旁邊的複選框。<br/>例如：<b>iOS</b>和<b>安卓</b>.<br/>確保您已取消選擇所有其他平台和頻道。</li>\n<li>點擊<b>保存並運行</b>.<br/> Iris 可能需要一些時間才能顯示<b>實時預覽已準備就緒</b>窗口。</ol>"
    },
    "navigationBar": {
      "left": {
        "text": "上一個"
      },
      "right": {
        "text": "下一個"
      }
    }
  }
}