<?xml version="1.0"?>
<Hike kuid="5ca881t5-74a9-43r7-84ub-a27e65n4" id="kony.IntrotoSegmentTempV9" title="kony.IntrotoSegmentTempV9">
    <Description> Description of hike</Description>
    <Meta>
        <Creator>Rashmi Menon</Creator>
        <Createdon>Mon, 25 Nov 2019 11:31:31 GMT</Createdon>
    </Meta>
    <Hikecard id="kony.IntrotoSegmentTempV9.Intro"/>
    <Hikecard id="kony.IntrotoSegmentTempV9.segTemplate"/>
    <Hikecard id="kony.IntrotoSegmentTempV9.segTemplate1"/>
    <Hikecard id="kony.IntrotoSegmentTempV9.uiTemp1"/>
    <Hikecard id="kony.IntrotoSegmentTempV9.uiTemp2"/>
    <Hikecard id="kony.IntrotoSegmentTempV9.addingImg"/>
    <Hikecard id="kony.IntrotoSegmentTempV9.positionImg"/>
    <Hikecard id="kony.IntrotoSegmentTempV9.addingLbl"/>
    <Hikecard id="kony.IntrotoSegmentTempV9.positionLbl"/>
    <Hikecard id="kony.IntrotoSegmentTempV9.snLbl"/>
    <Hikecard id="kony.IntrotoSegmentTempV9.tempEditing"/>
    <Hikecard id="kony.IntrotoSegmentTempV9.segAction"/>
    <Hikecard id="kony.IntrotoSegmentTempV9.segAction1"/>
    <Hikecard id="kony.IntrotoSegmentTempV9.run"/>
    <Hikecard id="kony.IntrotoSegmentTempV9.last"/>
</Hike>