{
    "kuid": "540a66tf-a7a4-4dr5-beuf-e99cebn4",
    "id": "kony.UseStorageServiceV9.createObjService",
    "content": {
        "title": "Create an Object Service",
        "body": "<ol>\n<li>Navigate to the <strong>Data &amp; Services</strong> panel, expand <strong>Project Services</strong> and click <strong>Configure New</strong>.</li>\n<li>Under <strong>Data Integration</strong>, select <strong>Data Storage</strong>.<br />The <strong>Configure Object Service </strong>window appears.</li>\n</ol>"
    },
    "pointer": {
        "direction": "right",
        "element": {
            "module": "datapanel",
            "itemType": "dp_tree_entry",
            "context": {},
            "path": "PROJECT SERVICES"
        },
        "type": "default"
    },
    "navigationType": "manual",
    "navigationBar": {
        "left": {
            "text": "Previous",
            "enable": true,
            "hide": false
        },
        "right": {
            "text": "Next",
            "enable": true,
            "hide": false
        }
    },
    "navigationCondition": "",
    "position": "BOTTOM_RIGHT",
    "meta": {
        "Creator": "Rashmi Menon",
        "CreatedOn": "Wed, 27 Nov 2019 10:02:08 GMT"
    },
    "context": []
}