{
    "kuid": "5590cetd-50a0-48r5-9fua-1ca70bn0",
    "id": "Kony.NewLaunchMobApp.launch",
    "content": {
        "title": "Launch the App",
        "body": "<p>On your <strong>Quantum App</strong>, click <strong>Launch</strong>.<br /> You may see an <strong>Application Name </strong>input box. If there is an input box, enter <strong>RecipientsMobile</strong>&nbsp;and then click <strong>Launch</strong>.</p>"
    },
    "pointer": {
        "direction": "left",
        "element": "",
        "type": "none"
    },
    "navigationType": "manual",
    "navigationBar": {
        "left": {
            "text": "Previous",
            "enable": true,
            "hide": false
        },
        "right": {
            "text": "Next",
            "enable": true,
            "hide": false
        }
    },
    "navigationCondition": "",
    "position": "BOTTOM_RIGHT",
    "meta": {
        "Creator": "Prem Garudadri",
        "CreatedOn": "Wed, 18 Dec 2019 09:23:40 GMT"
    },
    "context": []
}