{
  "Tour.IntroductiontoSegmentV9": {
    "description": "旅遊描述"
  },
  "Hike.VoltMX.IntroductiontoSegmentV9": {
    "description": "徒步說明"
  },
  "Card.VoltMX.IntroductiontoSegmentV9.addImage": {
    "content": {
      "title": "將圖像小部件添加到段",
      "body": "<ol>\n<li>從虹膜的左下角，導航到<strong>默認庫</strong>選項卡。</li>\n<li> 旁邊<strong>默認庫</strong> ，你會看到<strong>我的圖書館</strong>選項卡和搜索圖標<img src=\"https://i.ibb.co/gmMPVjC/search-Icon.png\" alt=\"搜索圖標\" width=\"14\" height=\"14\" />。單擊搜索圖標。</li>\n<li>在出現的搜索欄中，輸入<strong>圖像</strong>.</li>\n<li>從結果來看，在<strong>默認</strong>，選擇<strong>圖像</strong>.</li>\n<li>拖動<strong>圖像</strong>小部件到<strong>僱員段</strong>在畫布上。</li>\n<li>來自<strong>項目</strong>資源管理器，右鍵單擊新圖像並選擇<strong>重命名</strong>.</li>\n<li>重命名圖像<strong>employeeImage</strong>.</li>\n</ol>"
    },
    "navigationBar": {
      "left": {
        "text": "上一個"
      },
      "right": {
        "text": "下一個"
      }
    }
  },
  "Card.VoltMX.IntroductiontoSegmentV9.addLabel": {
    "content": {
      "title": "將標籤小部件添加到段",
      "body": "<ol>\n<li>從虹膜的左下角，導航到<strong>默認庫</strong>選項卡。</li>\n<li> 旁邊<strong>默認庫</strong> ，你會看到<strong>我的圖書館</strong>選項卡和搜索圖標<img src=\"https://i.ibb.co/gmMPVjC/search-Icon.png\" alt=\"搜索圖標\" width=\"14\" height=\"14\" />。單擊搜索圖標。</li>\n<li>在出現的搜索欄中，輸入<strong>標籤</strong>.</li>\n<li>從結果來看，在<strong>默認</strong>，選擇<strong>標籤</strong>.</li>\n<li>拖動<strong>標籤</strong>小部件到<strong>僱員段</strong>在畫布上。</li>\n<li>來自<strong>項目</strong>資源管理器，右鍵單擊新標籤並選擇<strong>重命名</strong>.</li>\n<li>重命名標籤<strong>員工姓名</strong>.</li>\n</ol>"
    },
    "navigationBar": {
      "left": {
        "text": "上一個"
      },
      "right": {
        "text": "下一個"
      }
    }
  },
  "Card.VoltMX.IntroductiontoSegmentV9.done": {
    "content": {
      "title": " 恭喜",
      "body": "<b> 恭喜</b>\n<br/>您已成功：<ul>\n<li>創建了一個列表表單</li>\n<li>向列表表單添加小部件</li>\n<li> 添加了對應於小部件的數據</li>\n<li>在您的移動設備中查看應用程序</li></ul><br/>要了解如何在您的細分市場中使用模板，請查看加息：<a class=\"tour-link\" tour=\"c99652td-06a5-43ra-87u4-9e8895n7\"><b>段模板簡介</b></a> . <br/>要了解如何向您的細分市場添加數據，請查看加息：<a class=\"tour-link\" tour=\"06a5e8td-11a4-41r7-bbua-0696bane\"><b>將數據分配給段</b></a>。"
    },
    "navigationBar": {
      "left": {
        "text": "上一個"
      },
      "right": {
        "text": "完成"
      }
    }
  },
  "Card.VoltMX.IntroductiontoSegmentV9.DragandDrop": {
    "content": {
      "title": "向 FlexForm 添加 Segment 小部件",
      "body": "<ol>\n<li>從 Iris 的左下角，導航到<strong>默認庫</strong>.</li>\n<li> 旁邊<strong>默認庫</strong> ，你會看到<strong>我的圖書館</strong>選項卡和搜索圖標<img src=\"https://i.ibb.co/gmMPVjC/search-Icon.png\" alt=\"搜索圖標\" width=\"14\" height=\"14\" />。單擊搜索圖標。</li>\n<li>在出現的搜索欄中，輸入<strong>段</strong>.</li>\n<li>從結果來看，在<strong>默認</strong>，選擇<strong>段</strong>.</li>\n<li>拖動<strong>段</strong>小部件到<strong>frmList</strong>在畫布上。</li>\n<li>來自<strong>項目</strong>資源管理器，右鍵單擊新段並選擇<strong>重命名</strong>.</li>\n<li>重命名段<strong>僱員段</strong>.</li>\n</ol>"
    },
    "navigationBar": {
      "left": {
        "text": "上一個"
      },
      "right": {
        "text": "下一個"
      }
    }
  },
  "Card.VoltMX.IntroductiontoSegmentV9.Intro": {
    "content": {
      "title": "段介紹",
      "body": "<b>讓我們開始吧！</b><br/>在這次徒步旅行中，我們將：<br/>\n<ul><li>創建一個帶有 Segment 小部件的表單</li>\n<li>將數據分配給 Segment 小部件</li>\n<li>改變Segment行的高度</li>\n</ul>\n<br/>\n<b>準備好後，單擊開始！</b>"
    },
    "navigationBar": {
      "left": {
        "text": "上一個"
      },
      "right": {
        "text": "開始"
      }
    }
  },
  "Card.VoltMX.IntroductiontoSegmentV9.livePreview": {
    "content": {
      "title": "實時預覽設置",
      "body": "<ol><li>從主菜單中，選擇<b>構建</b>.\n</li><li>點擊<b>實時預覽設置</b>.</li></ol>"
    },
    "navigationBar": {
      "left": {
        "text": "上一個"
      },
      "right": {
        "text": "下一個"
      }
    }
  },
  "Card.VoltMX.IntroductiontoSegmentV9.masterData1": {
    "content": {
      "title": "將數據添加到段",
      "body": "<ol><li> 在<b>一般</b>部分，導航到屬性<b>主數據</b>.</li><li>點擊<b>編輯</b>.</li></ol>"
    },
    "navigationBar": {
      "left": {
        "text": "上一個"
      },
      "right": {
        "text": "下一個"
      }
    }
  },
  "Card.VoltMX.IntroductiontoSegmentV9.masterData2": {
    "content": {
      "title": "通過主數據將圖像分配給行",
      "body": "<ol>\n<li>點擊<strong>全部刪除</strong></li>\n<li>點擊<strong>添加</strong>兩次。<br />您可以看到在此窗口中添加了三行。</li>\n<li> 在<strong>employeeImage</strong>欄目，點擊圖片選擇<img style=\"width: 20px; height: 20px;\" src=\"https://i.ibb.co/s236vKF/ellipsis.png\" alt=\"省略號\" border=\"1\" />按鈕。<br />出現應用程序中添加的所有圖像的列表。</li>\n<li>選擇任何圖像。</li>\n<li>點擊<strong>好的</strong>.</li>\n<li> 重複以上三步，將圖片添加到剩下的兩行。</li>\n</ol>"
    },
    "navigationBar": {
      "left": {
        "text": "上一個"
      },
      "right": {
        "text": "下一個"
      }
    }
  },
  "Card.VoltMX.IntroductiontoSegmentV9.masterData3": {
    "content": {
      "title": "將文本數據分配給段",
      "body": "<ol>\n<li> 在<strong>員工姓名</strong>列，為每一行提供以下值：<ul>\n<li>尼古拉·納什</li>\n<li>加文格蘭特</li>\n<li>信仰羅素</li>\n</ul>\n</li>\n<li>點擊<strong>申請</strong>.</li>\n</ol>"
    },
    "navigationBar": {
      "left": {
        "text": "上一個"
      },
      "right": {
        "text": "下一個"
      }
    }
  },
  "Card.VoltMX.IntroductiontoSegmentV9.NewProject1": {
    "content": {
      "title": "創建一個新項目",
      "body": "<ol>\n<li>導航到<strong>項目</strong>&gt;<strong>新項目</strong>.</li>\n<li>來自<strong> 你現在想從什麼開始？</strong>窗口，選擇<strong>本機應用程序</strong>.</li>\n<li>點擊<strong>下一個</strong>.<br/><b>您從本機應用程序開始</b>窗口打開。</li>\n</ol>"
    },
    "navigationBar": {
      "left": {
        "text": "上一個"
      },
      "right": {
        "text": "下一個"
      }
    }
  },
  "Card.VoltMX.IntroductiontoSegmentV9.NewProject2": {
    "content": {
      "title": "創建一個新項目",
      "body": "<ol>\n<li>下<strong>項目名稱</strong>，輸入<strong>僱員名單</strong>.</li>\n<li>點擊<strong>創建</strong>.<br />使用一個 FlexForm 創建一個新應用程序。<br />應用程序在<strong>故事板</strong>查看。</li>\n</ol>"
    },
    "navigationBar": {
      "left": {
        "text": "上一個"
      },
      "right": {
        "text": "下一個"
      }
    }
  },
  "Card.VoltMX.IntroductiontoSegmentV9.openapp": {
    "content": {
      "title": "Volt MX 應用程序",
      "body": "<ol><li>連接您的<b>手機</b>使用 USB 電纜將設備連接到您的計算機。<br/> 對於Android移動設備，確保使用USB<b>傳輸文件</b>.<br/> 對於 iOS 移動設備，請確保<b>信任</b>已在您的設備和計算機之間建立。</li>\n<li>啟動<b>Volt MX 應用程序</b>在你的<b>手機</b>設備。</li><li>選擇<b>USB</b>選項卡。<li>連接成功後，<b>虹膜</b>在您的計算機上顯示成功提示。</li></ol>"
    },
    "navigationBar": {
      "left": {
        "text": "上一個"
      },
      "right": {
        "text": "下一個"
      }
    }
  },
  "Card.VoltMX.IntroductiontoSegmentV9.renameForm": {
    "content": {
      "title": "重命名表單",
      "body": "<ol>\n<li>在<strong>故事板</strong>查看，在新表單上方，單擊<strong>Form1</strong>.</li>\n<li>重命名表單<strong>frmList</strong>.</li>\n<li>要向表單添加小部件，請雙擊表單以在<strong>設計</strong>查看。</li>\n</ol>"
    },
    "navigationBar": {
      "left": {
        "text": "上一個"
      },
      "right": {
        "text": "下一個"
      }
    }
  },
  "Card.VoltMX.IntroductiontoSegmentV9.rowHgt": {
    "content": {
      "title": "改變段的行高",
      "body": "<ol><li>在畫布上，單擊線段<b>僱員段</b>.</li><li>來自<b>屬性</b>面板，導航到<b>段</b>選項卡。</li><li> 在<b>一般</b> 部分，分配以下值：<br/>行高：<b>150 Dp</b>.</li></ol>"
    },
    "navigationBar": {
      "left": {
        "text": "上一個"
      },
      "right": {
        "text": "下一個"
      }
    }
  },
  "Card.VoltMX.IntroductiontoSegmentV9.run": {
    "content": {
      "title": "運行應用程序",
      "body": "<ol><li>來自<b>實時預覽設置</b>窗下<b>本地</b> ，選中您要在其上查看應用程序的移動設備的操作系統旁邊的複選框。<br/>例如：<b>iOS</b>和<b>安卓</b>.<br/>確保您已取消選中所有其他平台和頻道的複選框。</li>\n<li>點擊<b>保存並運行</b>.<br/> Iris 可能需要一些時間才能顯示<b>實時預覽已準備就緒</b>窗口。</ol>"
    },
    "navigationBar": {
      "left": {
        "text": "上一個"
      },
      "right": {
        "text": "下一個"
      }
    }
  },
  "Card.VoltMX.IntroductiontoSegmentV9.sknLabel": {
    "content": {
      "title": "標籤的用戶界面",
      "body": "<ol><li>來自<b>屬性</b>面板，導航到<b>皮膚</b>選項卡。</li>\n<li> 在<b>字體</b> 部分，分配以下值：<br/>尺寸：<b>100%</b></li></ol>"
    },
    "navigationBar": {
      "left": {
        "text": "上一個"
      },
      "right": {
        "text": "下一個"
      }
    }
  },
  "Card.VoltMX.IntroductiontoSegmentV9.uichange": {
    "content": {
      "title": "配置段佈局",
      "body": "<ol>\n<li>來自<strong>屬性</strong>面板，轉到<strong>看</strong>選項卡。</li>\n<li> 在<strong>彈性</strong> 部分，配置以下更改：<ul>\n<li>左：<strong>0dp</strong></li>\n<li>頂部：<strong>0dp</strong></li>\n<li>寬度：<strong>100%</strong></li>\n<li>身高：<strong>100%</strong></li>\n</ul>\n</li>\n</ol>"
    },
    "navigationBar": {
      "left": {
        "text": "上一個"
      },
      "right": {
        "text": "下一個"
      }
    }
  },
  "Card.VoltMX.IntroductiontoSegmentV9.uiImage": {
    "content": {
      "title": "為圖像分配位置",
      "body": "<ol><li>來自<b>屬性</b>面板，導航到<b>看</b>選項卡。</li>\n<li> 在<b>彈性</b> 部分，分配以下值：<ul>\n<li>左：<b>14 Dp</b></li>\n<li>寬度：<b>96 Dp</b></li>\n<li>身高：<b>93 Dp</b></li>\n<li>中心Y：<b>50%</b></li></ul></li></ol>"
    },
    "navigationBar": {
      "left": {
        "text": "上一個"
      },
      "right": {
        "text": "下一個"
      }
    }
  },
  "Card.VoltMX.IntroductiontoSegmentV9.uiLabel": {
    "content": {
      "title": "為標籤分配位置",
      "body": "<ol><li>來自<b>屬性</b>面板，導航到<b>看</b>選項卡。</li>\n<li> 在<b>彈性</b> 部分，分配以下值：<ul>\n<li>左：<b>165 Dp</b></li>\n<li>頂部：<b>23 Dp</b></li>\n<li>寬度：<b>220 Dp</b></li>\n<li>身高：<b>22 Dp</b></li></ul></li></ol>"
    },
    "navigationBar": {
      "left": {
        "text": "上一個"
      },
      "right": {
        "text": "下一個"
      }
    }
  },
  "Card.VoltMX.IntroductiontoSegmentV9.view": {
    "content": {
      "title": "查看應用",
      "body": "<ol><li>在你的<b>Volt MX 應用程序</b>，點擊<b>啟動</b>.</li>\n<li>您可能會看到<b>應用程序名稱</b>文本框。如果有文本框，輸入<b>僱員名單</b>然後點擊<b>啟動</b>.</li>\n<li>帶有列表的表單出現。</li>\n<li> 到<b>退出</b>您的應用程序<b>手機</b>設備，從左向右滑動兩根手指或搖動手機或平板電腦並單擊<b>退出應用</b>. </li></ol>"
    },
    "navigationBar": {
      "left": {
        "text": "上一個"
      },
      "right": {
        "text": "下一個"
      }
    }
  }
}