{
  "Tour.IntroductiontoSegmentV9": {
    "description": " Description of Tour"
  },
  "Hike.VoltMX.IntroductiontoSegmentV9": {
    "description": " Description of hike"
  },
  "Card.VoltMX.IntroductiontoSegmentV9.addImage": {
    "content": {
      "title": "Add Image Widget to Segment",
      "body": "<ol>\n<li>From the bottom left of your Iris, navigate to the <strong>Default Library</strong> tab.</li>\n<li>Next to the <strong>Default Library</strong>, you will see the <strong>My Libraries</strong> tab and a search icon <img src=\"https://i.ibb.co/gmMPVjC/search-Icon.png\" alt=\"search icon\" width=\"14\" height=\"14\" />. Click the search icon.</li>\n<li>In the search bar that appears, enter <strong>Image</strong>.</li>\n<li>From the results, under <strong>Default</strong>, select <strong>Image</strong>.</li>\n<li>Drag the <strong>Image</strong> widget onto <strong>employeeSegment</strong> on the canvas.</li>\n<li>From the <strong>Project</strong> explorer, right-click on the new image and select <strong>Rename</strong>.</li>\n<li>Rename the Image <strong>employeeImage</strong>.</li>\n</ol>"
    },
    "navigationBar": {
      "left": {
        "text": "Previous"
      },
      "right": {
        "text": "Next"
      }
    }
  },
  "Card.VoltMX.IntroductiontoSegmentV9.addLabel": {
    "content": {
      "title": "Add Label Widget to Segment",
      "body": "<ol>\n<li>From the bottom left of your Iris, navigate to the <strong>Default Library</strong> tab.</li>\n<li>Next to the <strong>Default Library</strong>, you will see the <strong>My Libraries</strong> tab and a search icon <img src=\"https://i.ibb.co/gmMPVjC/search-Icon.png\" alt=\"search icon\" width=\"14\" height=\"14\" />. Click the search icon.</li>\n<li>In the search bar that appears, enter <strong>Label</strong>.</li>\n<li>From the results, under <strong>Default</strong>, select <strong>Label</strong>.</li>\n<li>Drag the <strong>Label</strong> widget onto <strong>employeeSegment</strong> on the canvas.</li>\n<li>From the <strong>Project</strong> explorer, right-click on the new label and select <strong>Rename</strong>.</li>\n<li>Rename the Label <strong>employeeName</strong>.</li>\n</ol>"
    },
    "navigationBar": {
      "left": {
        "text": "Previous"
      },
      "right": {
        "text": "Next"
      }
    }
  },
  "Card.VoltMX.IntroductiontoSegmentV9.done": {
    "content": {
      "title": "Congratulations",
      "body": "<b>Congratulations</b>\n<br/>You have successfully:<ul>\n<li>Created a list form</li>\n<li>Added widgets to the list form</li>\n<li>Added data corresponding to the widgets</li>\n<li>Viewed the application in your mobile device</li></ul><br/>\nTo learn how to use templates in your segment, check out the hike:<a class=\"tour-link\" tour=\"c99652td-06a5-43ra-87u4-9e8895n7\"><b>Introduction to Segment Templates</b></a> . <br/>To learn how to add data to your segment, check out the hike: <a class=\"tour-link\" tour=\"06a5e8td-11a4-41r7-bbua-0696bane\"><b>Assign Data to Segments</b></a>."
    },
    "navigationBar": {
      "left": {
        "text": "Previous"
      },
      "right": {
        "text": "Done"
      }
    }
  },
  "Card.VoltMX.IntroductiontoSegmentV9.DragandDrop": {
    "content": {
      "title": "Add a Segment Widget to the FlexForm",
      "body": "<ol>\n<li>From the bottom-left corner of Iris, navigate to the <strong>Default Library</strong>.</li>\n<li>Next to the <strong>Default Library</strong>, you will see the <strong>My Libraries</strong> tab and a search icon <img src=\"https://i.ibb.co/gmMPVjC/search-Icon.png\" alt=\"search icon\" width=\"14\" height=\"14\" />. Click the search icon.</li>\n<li>In the search bar that appears, enter <strong>Segment</strong>.</li>\n<li>From the results, under <strong>Default</strong>, select <strong>Segment</strong>.</li>\n<li>Drag the <strong>Segment</strong> widget onto <strong>frmList</strong> on the canvas.</li>\n<li>From the <strong>Project</strong> explorer, right-click on the new segment and select <strong>Rename</strong>.</li>\n<li>Rename the segment <strong>employeeSegment</strong>.</li>\n</ol>"
    },
    "navigationBar": {
      "left": {
        "text": "Previous"
      },
      "right": {
        "text": "Next"
      }
    }
  },
  "Card.VoltMX.IntroductiontoSegmentV9.Intro": {
    "content": {
      "title": "Introduction to Segment",
      "body": "<b>Let’s get started!</b><br/>\nIn this hike, we will: <br/>\n<ul><li>Create a form with a Segment widget</li>\n<li>Assign data to the Segment widget</li>\n<li>Change the height of the rows of the Segment</li>\n</ul>\n<br/>\n<b>When you’re ready, click Start!</b>"
    },
    "navigationBar": {
      "left": {
        "text": "Previous"
      },
      "right": {
        "text": "Start"
      }
    }
  },
  "Card.VoltMX.IntroductiontoSegmentV9.livePreview": {
    "content": {
      "title": "Live Preview Settings",
      "body": "<ol><li>From the main menu, select <b>Build</b>.\n</li><li>Click <b>Live Preview Settings</b>.</li></ol>"
    },
    "navigationBar": {
      "left": {
        "text": "Previous"
      },
      "right": {
        "text": "Next"
      }
    }
  },
  "Card.VoltMX.IntroductiontoSegmentV9.masterData1": {
    "content": {
      "title": "Add Data to the Segment",
      "body": "<ol><li>Under the <b>General</b> section, navigate to the property <b>Master Data</b>.</li><li>Click <b>Edit</b>.</li></ol>"
    },
    "navigationBar": {
      "left": {
        "text": "Previous"
      },
      "right": {
        "text": "Next"
      }
    }
  },
  "Card.VoltMX.IntroductiontoSegmentV9.masterData2": {
    "content": {
      "title": "Assign Images to Rows through Master Data",
      "body": "<ol>\n<li>Click <strong>Delete All</strong></li>\n<li>Click <strong>Add </strong>two times.<br />You can see that three rows have been added in this window.</li>\n<li>Under the <strong>employeeImage </strong>column, click the image selection <img style=\"width: 20px; height: 20px;\" src=\"https://i.ibb.co/s236vKF/ellipsis.png\" alt=\"ellipsis\" border=\"1\" /> button.<br /> The list of all the images added in the application appears.</li>\n<li>Select any image.</li>\n<li>Click <strong>OK</strong>.</li>\n<li>Repeat the above three steps to add images to the remaining two rows.</li>\n</ol>"
    },
    "navigationBar": {
      "left": {
        "text": "Previous"
      },
      "right": {
        "text": "Next"
      }
    }
  },
  "Card.VoltMX.IntroductiontoSegmentV9.masterData3": {
    "content": {
      "title": "Assign Text Data to Segment",
      "body": "<ol>\n<li>Under the <strong>employeeName</strong> column, provide the following values for each row:\n<ul>\n<li>Nicola Nash</li>\n<li>Gavin Grant</li>\n<li>Faith Russell</li>\n</ul>\n</li>\n<li>Click <strong>Apply</strong>.</li>\n</ol>"
    },
    "navigationBar": {
      "left": {
        "text": "Previous"
      },
      "right": {
        "text": "Next"
      }
    }
  },
  "Card.VoltMX.IntroductiontoSegmentV9.NewProject1": {
    "content": {
      "title": "Create a New Project",
      "body": "<ol>\n<li>Navigate to <strong>Project</strong> &gt; <strong>New Project</strong>.</li>\n<li>From the <strong>What do you want to start with now? </strong>window, select <strong>Native App</strong>.</li>\n<li>Click <strong>Next</strong>.<br/>The <b>You started with a Native App</b> window opens. </li>\n</ol>"
    },
    "navigationBar": {
      "left": {
        "text": "Previous"
      },
      "right": {
        "text": "Next"
      }
    }
  },
  "Card.VoltMX.IntroductiontoSegmentV9.NewProject2": {
    "content": {
      "title": "Create a New Project",
      "body": "<ol>\n<li>Under <strong>Project Name</strong>, enter <strong>EmployeeList</strong>.</li>\n<li>Click <strong>Create</strong>.<br />A new application is created with one FlexForm. <br />The application opens in the <strong>Storyboard </strong>view.</li>\n</ol>"
    },
    "navigationBar": {
      "left": {
        "text": "Previous"
      },
      "right": {
        "text": "Next"
      }
    }
  },
  "Card.VoltMX.IntroductiontoSegmentV9.openapp": {
    "content": {
      "title": "Volt MX App",
      "body": "<ol><li>Connect your <b>mobile</b> device to your computer using a USB cable.<br/>For Android mobile device, ensure that the use of USB is <b>Transfer files</b>.<br/>For iOS mobile device, ensure that a <b>trust</b> has been established between your device and your computer.</li>\n<li>Launch the <b>Volt MX App</b> on your <b>mobile </b>device.</li><li>Select the <b>USB</b> tab.\n<li>On successful connection, the <b>Iris</b> on your computer shows a success prompt.</li></ol>"
    },
    "navigationBar": {
      "left": {
        "text": "Previous"
      },
      "right": {
        "text": "Next"
      }
    }
  },
  "Card.VoltMX.IntroductiontoSegmentV9.renameForm": {
    "content": {
      "title": "Rename the Form",
      "body": "<ol>\n<li>In the <strong>Storyboard</strong> view, above the new Form, click <strong>Form1</strong>.</li>\n<li>Rename the form <strong>frmList</strong>.</li>\n<li>To add widgets to the form, double-click on the form to open the form in <strong>Design </strong>view.</li>\n</ol>"
    },
    "navigationBar": {
      "left": {
        "text": "Previous"
      },
      "right": {
        "text": "Next"
      }
    }
  },
  "Card.VoltMX.IntroductiontoSegmentV9.rowHgt": {
    "content": {
      "title": "Change the Row Height of the Segment",
      "body": "<ol><li>On the canvas, click the segment <b>employeeSegment</b>.</li><li>From the <b>Properties</b> panel, navigate to the <b>Segment</b> tab.</li><li>Under the <b>General</b> section, assign the following value:<br/>Row Height: <b>150 Dp</b>.</li></ol>"
    },
    "navigationBar": {
      "left": {
        "text": "Previous"
      },
      "right": {
        "text": "Next"
      }
    }
  },
  "Card.VoltMX.IntroductiontoSegmentV9.run": {
    "content": {
      "title": "Run the App",
      "body": "<ol><li>From the <b>Live Preview Settings</b> window, under <b>Native</b>, select the checkboxes next to the OS of the mobile device on which you are going to view the app. <br/>For example: <b>iOS </b> and <b>Android</b>.<br/>Ensure that you have unselected the checkboxes for  all the other platforms and channels.</li>\n<li>Click <b>Save & Run</b>.<br/> It may take some time for Iris to show the <b>Live Preview is ready</b> window.</ol>"
    },
    "navigationBar": {
      "left": {
        "text": "Previous"
      },
      "right": {
        "text": "Next"
      }
    }
  },
  "Card.VoltMX.IntroductiontoSegmentV9.sknLabel": {
    "content": {
      "title": "UI of Label",
      "body": "<ol><li>From the <b>Properties</b> panel, navigate to the <b>Skin</b> tab.</li>\n<li>Under the <b>Font</b> section, assign the following values:<br/>\nSize: <b>100%</b></li></ol>"
    },
    "navigationBar": {
      "left": {
        "text": "Previous"
      },
      "right": {
        "text": "Next"
      }
    }
  },
  "Card.VoltMX.IntroductiontoSegmentV9.uichange": {
    "content": {
      "title": "Configure the Segment Layout",
      "body": "<ol>\n<li>From the <strong>Properties</strong> panel, go to the <strong>Look</strong> tab.</li>\n<li>Under the <strong>Flex</strong> section, configure the following changes:\n<ul>\n<li>Left: <strong>0dp</strong></li>\n<li>Top: <strong>0dp</strong></li>\n<li>Width: <strong>100%</strong></li>\n<li>Height: <strong>100%</strong></li>\n</ul>\n</li>\n</ol>"
    },
    "navigationBar": {
      "left": {
        "text": "Previous"
      },
      "right": {
        "text": "Next"
      }
    }
  },
  "Card.VoltMX.IntroductiontoSegmentV9.uiImage": {
    "content": {
      "title": "Assign Position to the Image",
      "body": "<ol><li>From the <b>Properties</b> panel, navigate to the <b>Look</b> tab.</li>\n<li>Under the <b>Flex</b> section, assign the following values:<ul>\n<li>Left: <b>14 Dp</b></li>\n<li>Width: <b>96 Dp</b></li>\n<li>Height: <b>93 Dp</b></li>\n<li>Center Y: <b>50 %</b></li></ul></li></ol>"
    },
    "navigationBar": {
      "left": {
        "text": "Previous"
      },
      "right": {
        "text": "Next"
      }
    }
  },
  "Card.VoltMX.IntroductiontoSegmentV9.uiLabel": {
    "content": {
      "title": "Assign Position to Label",
      "body": "<ol><li>From the <b>Properties</b> panel, navigate to the <b>Look</b> tab.</li>\n<li>Under the <b>Flex</b> section, assign the following values:<ul>\n<li>Left: <b>165 Dp</b></li>\n<li>Top: <b>23 Dp</b></li>\n<li>Width: <b>220 Dp</b></li>\n<li>Height: <b>22 Dp</b></li></ul></li></ol>"
    },
    "navigationBar": {
      "left": {
        "text": "Previous"
      },
      "right": {
        "text": "Next"
      }
    }
  },
  "Card.VoltMX.IntroductiontoSegmentV9.view": {
    "content": {
      "title": "View the App",
      "body": "<ol><li>On your <b>Volt MX App</b>, click <b>Launch</b>.</li>\n<li>You may see an <b>Application Name</b> text box. If there is a text box, enter <b>EmployeeList</b> and then click <b>Launch</b>.</li>\n<li>The form with the list appears.</li>\n<li>To <b>Exit</b> the app on your <b>mobile</b> device, swipe two fingers from left to right or shake your mobile or tablet and click <b>Exit App</b>. </li></ol>"
    },
    "navigationBar": {
      "left": {
        "text": "Previous"
      },
      "right": {
        "text": "Next"
      }
    }
  }
}