{
  "Tour.IntroductiontoSegmentV9": {
    "description": " यात्रा का विवरण"
  },
  "Hike.VoltMX.IntroductiontoSegmentV9": {
    "description": " वृद्धि का विवरण"
  },
  "Card.VoltMX.IntroductiontoSegmentV9.addImage": {
    "content": {
      "title": " सेगमेंट में इमेज विजेट जोड़ें",
      "body": "<ol>\n<li> अपने आइरिस के नीचे बाईं ओर से नेविगेट करें<strong> डिफ़ॉल्ट लाइब्रेरी</strong> टैब।</li>\n<li> के आगे<strong> डिफ़ॉल्ट लाइब्रेरी</strong> , आप देखेंगे<strong> मेरी लाइब्रेरी</strong> टैब और एक खोज आइकन<img src=\"https://i.ibb.co/gmMPVjC/search-Icon.png\" alt=\"search icon\" width=\"14\" height=\"14\" /> . खोज आइकन पर क्लिक करें।</li>\n<li> दिखाई देने वाले खोज बार में, दर्ज करें<strong> छवि</strong>.</li>\n<li> परिणामों से, के तहत<strong> डिफ़ॉल्ट</strong> , चुनें<strong> छवि</strong>.</li>\n<li> खींचें<strong> छवि</strong> विजेट चालू<strong> कर्मचारी खंड</strong> कैनवास पर।</li>\n<li> से<strong> परियोजना</strong> एक्सप्लोरर, नई छवि पर राइट-क्लिक करें और चुनें<strong> नाम बदलें</strong>.</li>\n<li> छवि का नाम बदलें<strong> कर्मचारी छवि</strong>.</li>\n</ol>"
    },
    "navigationBar": {
      "left": {
        "text": " पिछला"
      },
      "right": {
        "text": " अगला"
      }
    }
  },
  "Card.VoltMX.IntroductiontoSegmentV9.addLabel": {
    "content": {
      "title": " सेगमेंट में लेबल विजेट जोड़ें",
      "body": "<ol>\n<li> अपने आइरिस के नीचे बाईं ओर से नेविगेट करें<strong> डिफ़ॉल्ट लाइब्रेरी</strong> टैब।</li>\n<li> के आगे<strong> डिफ़ॉल्ट लाइब्रेरी</strong> , आप देखेंगे<strong> मेरी लाइब्रेरी</strong> टैब और एक खोज आइकन<img src=\"https://i.ibb.co/gmMPVjC/search-Icon.png\" alt=\"search icon\" width=\"14\" height=\"14\" /> . खोज आइकन पर क्लिक करें।</li>\n<li> दिखाई देने वाले खोज बार में, दर्ज करें<strong> लेबल</strong>.</li>\n<li> परिणामों से, के तहत<strong> डिफ़ॉल्ट</strong> , चुनें<strong> लेबल</strong>.</li>\n<li> खींचें<strong> लेबल</strong> विजेट चालू<strong> कर्मचारी खंड</strong> कैनवास पर।</li>\n<li> से<strong> परियोजना</strong> एक्सप्लोरर, नए लेबल पर राइट-क्लिक करें और चुनें<strong> नाम बदलें</strong>.</li>\n<li> लेबल का नाम बदलें<strong> कर्मचारी का नाम</strong>.</li>\n</ol>"
    },
    "navigationBar": {
      "left": {
        "text": " पिछला"
      },
      "right": {
        "text": " अगला"
      }
    }
  },
  "Card.VoltMX.IntroductiontoSegmentV9.done": {
    "content": {
      "title": " बधाई",
      "body": "<b> बधाई</b>\n<br/> आपने सफलतापूर्वक:<ul>\n<li> एक सूची प्रपत्र बनाया गया</li>\n<li> सूची प्रपत्र में विजेट जोड़े गए</li>\n<li> विजेट के अनुरूप जोड़ा गया डेटा</li>\n<li> अपने मोबाइल डिवाइस में एप्लिकेशन देखा</li></ul><br/> अपने सेगमेंट में टेम्प्लेट का उपयोग करने का तरीका जानने के लिए, हाइक देखें:<a class=\"tour-link\" tour=\"c99652td-06a5-43ra-87u4-9e8895n7\"><b> सेगमेंट टेम्प्लेट का परिचय</b></a> . <br/> अपने सेगमेंट में डेटा जोड़ने का तरीका जानने के लिए, हाइक देखें:<a class=\"tour-link\" tour=\"06a5e8td-11a4-41r7-bbua-0696bane\"><b> सेगमेंट को डेटा असाइन करें</b></a> ."
    },
    "navigationBar": {
      "left": {
        "text": " पिछला"
      },
      "right": {
        "text": " हो गया"
      }
    }
  },
  "Card.VoltMX.IntroductiontoSegmentV9.DragandDrop": {
    "content": {
      "title": " FlexForm में एक सेगमेंट विजेट जोड़ें",
      "body": "<ol>\n<li> आइरिस के निचले-बाएँ कोने से, पर नेविगेट करें<strong> डिफ़ॉल्ट लाइब्रेरी</strong>.</li>\n<li> के आगे<strong> डिफ़ॉल्ट लाइब्रेरी</strong> , आप देखेंगे<strong> मेरी लाइब्रेरी</strong> टैब और एक खोज आइकन<img src=\"https://i.ibb.co/gmMPVjC/search-Icon.png\" alt=\"search icon\" width=\"14\" height=\"14\" /> . खोज आइकन पर क्लिक करें।</li>\n<li> दिखाई देने वाले खोज बार में, दर्ज करें<strong> खंड</strong>.</li>\n<li> परिणामों से, के तहत<strong> डिफ़ॉल्ट</strong> , चुनें<strong> खंड</strong>.</li>\n<li> खींचें<strong> खंड</strong> विजेट चालू<strong> frmसूची</strong> कैनवास पर।</li>\n<li> से<strong> परियोजना</strong> एक्सप्लोरर, नए सेगमेंट पर राइट-क्लिक करें और चुनें<strong> नाम बदलें</strong>.</li>\n<li> खंड का नाम बदलें<strong> कर्मचारी खंड</strong>.</li>\n</ol>"
    },
    "navigationBar": {
      "left": {
        "text": " पिछला"
      },
      "right": {
        "text": " अगला"
      }
    }
  },
  "Card.VoltMX.IntroductiontoSegmentV9.Intro": {
    "content": {
      "title": " खंड का परिचय",
      "body": "<b> चलिए शुरू करते हैं!</b><br/> इस वृद्धि में, हम करेंगे:<br/>\n<ul><li> सेगमेंट विजेट के साथ एक फॉर्म बनाएं</li>\n<li> सेगमेंट विजेट को डेटा असाइन करें</li>\n<li> सेगमेंट की पंक्तियों की ऊंचाई बदलें</li>\n</ul>\n<br/>\n<b> जब आप तैयार हों, तो स्टार्ट पर क्लिक करें!</b>"
    },
    "navigationBar": {
      "left": {
        "text": " पिछला"
      },
      "right": {
        "text": " प्रारंभ"
      }
    }
  },
  "Card.VoltMX.IntroductiontoSegmentV9.livePreview": {
    "content": {
      "title": " लाइव पूर्वावलोकन सेटिंग्स",
      "body": "<ol><li> मुख्य मेनू से, चुनें<b> बिल्ड</b>.\n</li><li> क्लिक करें<b> लाइव पूर्वावलोकन सेटिंग्स</b>.</li></ol>"
    },
    "navigationBar": {
      "left": {
        "text": " पिछला"
      },
      "right": {
        "text": " अगला"
      }
    }
  },
  "Card.VoltMX.IntroductiontoSegmentV9.masterData1": {
    "content": {
      "title": " सेगमेंट में डेटा जोड़ें",
      "body": "<ol><li> के तहत<b> सामान्य</b> अनुभाग, संपत्ति पर नेविगेट करें<b> मास्टर डेटा</b>.</li><li> क्लिक करें<b> संपादित करें</b>.</li></ol>"
    },
    "navigationBar": {
      "left": {
        "text": " पिछला"
      },
      "right": {
        "text": " अगला"
      }
    }
  },
  "Card.VoltMX.IntroductiontoSegmentV9.masterData2": {
    "content": {
      "title": " मास्टर डेटा के माध्यम से पंक्तियों को छवियाँ असाइन करें",
      "body": "<ol>\n<li> क्लिक करें<strong> सभी हटाएं</strong></li>\n<li> क्लिक करें<strong> जोड़ें</strong> दो बार।<br /> आप देख सकते हैं कि इस विंडो में तीन पंक्तियाँ जोड़ी गई हैं।</li>\n<li> के तहत<strong> कर्मचारी छवि</strong> कॉलम, छवि चयन पर क्लिक करें<img style=\"width: 20px; height: 20px;\" src=\"https://i.ibb.co/s236vKF/ellipsis.png\" alt=\"ellipsis\" border=\"1\" /> बटन।<br /> एप्लिकेशन में जोड़ी गई सभी छवियों की सूची दिखाई देती है।</li>\n<li> किसी भी छवि का चयन करें।</li>\n<li> क्लिक करें<strong> ठीक है</strong>.</li>\n<li> शेष दो पंक्तियों में चित्र जोड़ने के लिए उपरोक्त तीन चरणों को दोहराएं।</li>\n</ol>"
    },
    "navigationBar": {
      "left": {
        "text": " पिछला"
      },
      "right": {
        "text": " अगला"
      }
    }
  },
  "Card.VoltMX.IntroductiontoSegmentV9.masterData3": {
    "content": {
      "title": " सेगमेंट में टेक्स्ट डेटा असाइन करें",
      "body": "<ol>\n<li> के तहत<strong> कर्मचारी का नाम</strong> कॉलम, प्रत्येक पंक्ति के लिए निम्नलिखित मान प्रदान करें:<ul>\n<li> निकोला नैश</li>\n<li> गेविन ग्रांट</li>\n<li> फेथ रसेल</li>\n</ul>\n</li>\n<li> क्लिक करें<strong> लागू करें</strong>.</li>\n</ol>"
    },
    "navigationBar": {
      "left": {
        "text": " पिछला"
      },
      "right": {
        "text": " अगला"
      }
    }
  },
  "Card.VoltMX.IntroductiontoSegmentV9.NewProject1": {
    "content": {
      "title": " एक नया प्रोजेक्ट बनाएं",
      "body": "<ol>\n<li> नेविगेट करें<strong> परियोजना</strong> &gt;<strong> नई परियोजना</strong>.</li>\n<li> से<strong> आप अभी क्या शुरू करना चाहते हैं?</strong> विंडो, चुनें<strong> मूल ऐप</strong>.</li>\n<li> क्लिक करें<strong> अगला</strong>.<br/> The<b> आपने एक नेटिव ऐप से शुरुआत की</b> विंडो खुलती है।</li>\n</ol>"
    },
    "navigationBar": {
      "left": {
        "text": " पिछला"
      },
      "right": {
        "text": " अगला"
      }
    }
  },
  "Card.VoltMX.IntroductiontoSegmentV9.NewProject2": {
    "content": {
      "title": " एक नया प्रोजेक्ट बनाएं",
      "body": "<ol>\n<li> अंडर<strong> परियोजना का नाम</strong> , दर्ज करें<strong> कर्मचारी सूची</strong>.</li>\n<li> क्लिक करें<strong> बनाएँ</strong>.<br /> एक FlexForm के साथ एक नया एप्लिकेशन बनाया जाता है।<br /> आवेदन में खुलता है<strong> स्टोरीबोर्ड</strong> देखें।</li>\n</ol>"
    },
    "navigationBar": {
      "left": {
        "text": " पिछला"
      },
      "right": {
        "text": " अगला"
      }
    }
  },
  "Card.VoltMX.IntroductiontoSegmentV9.openapp": {
    "content": {
      "title": " वोल्ट एमएक्स ऐप",
      "body": "<ol><li> अपना कनेक्ट करें<b> मोबाइल</b> USB केबल का उपयोग करके आपके कंप्यूटर पर डिवाइस।<br/> Android मोबाइल डिवाइस के लिए, सुनिश्चित करें कि USB का उपयोग<b> फ़ाइलें स्थानांतरित करें</b>.<br/> आईओएस मोबाइल डिवाइस के लिए, सुनिश्चित करें कि ए<b> विश्वास</b> आपके डिवाइस और आपके कंप्यूटर के बीच स्थापित किया गया है।</li>\n<li> लॉन्च करें<b> वोल्ट एमएक्स ऐप</b> अपने पर<b> मोबाइल</b> डिवाइस।</li><li> चुनें<b> यूएसबी</b> टैब।<li> सफल कनेक्शन पर,<b> आइरिस</b> आपके कंप्यूटर पर एक सफलता संकेत दिखाता है।</li></ol>"
    },
    "navigationBar": {
      "left": {
        "text": " पिछला"
      },
      "right": {
        "text": " अगला"
      }
    }
  },
  "Card.VoltMX.IntroductiontoSegmentV9.renameForm": {
    "content": {
      "title": " फॉर्म का नाम बदलें",
      "body": "<ol>\n<li> में<strong> स्टोरीबोर्ड</strong> देखें, नए फॉर्म के ऊपर, क्लिक करें<strong> फॉर्म1</strong>.</li>\n<li> फॉर्म का नाम बदलें<strong> frmसूची</strong>.</li>\n<li> प्रपत्र में विजेट जोड़ने के लिए, प्रपत्र को खोलने के लिए प्रपत्र पर डबल-क्लिक करें<strong> डिज़ाइन</strong> देखें।</li>\n</ol>"
    },
    "navigationBar": {
      "left": {
        "text": " पिछला"
      },
      "right": {
        "text": " अगला"
      }
    }
  },
  "Card.VoltMX.IntroductiontoSegmentV9.rowHgt": {
    "content": {
      "title": " सेगमेंट की पंक्ति ऊंचाई बदलें",
      "body": "<ol><li> कैनवास पर, खंड पर क्लिक करें<b> कर्मचारी खंड</b>.</li><li> से<b> गुण</b> पैनल, पर नेविगेट करें<b> खंड</b> टैब।</li><li> के तहत<b> सामान्य</b> अनुभाग, निम्नलिखित मान निर्दिष्ट करें:<br/> पंक्ति की ऊँचाई:<b> 150 डीपी</b>.</li></ol>"
    },
    "navigationBar": {
      "left": {
        "text": " पिछला"
      },
      "right": {
        "text": " अगला"
      }
    }
  },
  "Card.VoltMX.IntroductiontoSegmentV9.run": {
    "content": {
      "title": " ऐप चलाएँ",
      "body": "<ol><li> से<b> लाइव पूर्वावलोकन सेटिंग्स</b> विंडो, अंडर<b> मूल निवासी</b> जिस मोबाइल डिवाइस पर आप ऐप देखने जा रहे हैं, उसके OS के बगल में स्थित चेकबॉक्स चुनें।<br/> उदाहरण के लिए:<b> आईओएस</b> और<b> Android</b>.<br/> सुनिश्चित करें कि आपने अन्य सभी प्लेटफार्मों और चैनलों के लिए चेकबॉक्स को अचयनित किया है।</li>\n<li> क्लिक करें<b> सहेजें और चलाएँ</b>.<br/> आइरिस को दिखाने में कुछ समय लग सकता है<b> लाइव पूर्वावलोकन तैयार है</b> window.</ol>"
    },
    "navigationBar": {
      "left": {
        "text": " पिछला"
      },
      "right": {
        "text": " अगला"
      }
    }
  },
  "Card.VoltMX.IntroductiontoSegmentV9.sknLabel": {
    "content": {
      "title": " लेबल का UI",
      "body": "<ol><li> से<b> गुण</b> पैनल, पर नेविगेट करें<b> त्वचा</b> टैब।</li>\n<li> के तहत<b> फ़ॉन्ट</b> अनुभाग, निम्नलिखित मान निर्दिष्ट करें:<br/> आकार:<b> 100%</b></li></ol>"
    },
    "navigationBar": {
      "left": {
        "text": " पिछला"
      },
      "right": {
        "text": " अगला"
      }
    }
  },
  "Card.VoltMX.IntroductiontoSegmentV9.uichange": {
    "content": {
      "title": " सेगमेंट लेआउट कॉन्फ़िगर करें",
      "body": "<ol>\n<li> से<strong> गुण</strong> पैनल, पर जाएं<strong> देखो</strong> टैब।</li>\n<li> के तहत<strong> फ्लेक्स</strong> अनुभाग, निम्नलिखित परिवर्तनों को कॉन्फ़िगर करें:<ul>\n<li> बायां:<strong> 0dp</strong></li>\n<li> शीर्ष:<strong> 0dp</strong></li>\n<li> चौड़ाई:<strong> 100%</strong></li>\n<li> ऊँचाई:<strong> 100%</strong></li>\n</ul>\n</li>\n</ol>"
    },
    "navigationBar": {
      "left": {
        "text": " पिछला"
      },
      "right": {
        "text": " अगला"
      }
    }
  },
  "Card.VoltMX.IntroductiontoSegmentV9.uiImage": {
    "content": {
      "title": " छवि को स्थिति निर्दिष्ट करें",
      "body": "<ol><li> से<b> गुण</b> पैनल, पर नेविगेट करें<b> देखो</b> टैब।</li>\n<li> के तहत<b> फ्लेक्स</b> अनुभाग, निम्नलिखित मान निर्दिष्ट करें:<ul>\n<li> बायां:<b> 14 डीपी</b></li>\n<li> चौड़ाई:<b> 96 डीपी</b></li>\n<li> ऊँचाई:<b> 93 डीपी</b></li>\n<li> केंद्र Y:<b> 50%</b></li></ul></li></ol>"
    },
    "navigationBar": {
      "left": {
        "text": " पिछला"
      },
      "right": {
        "text": " अगला"
      }
    }
  },
  "Card.VoltMX.IntroductiontoSegmentV9.uiLabel": {
    "content": {
      "title": " लेबल को स्थिति निर्दिष्ट करें",
      "body": "<ol><li> से<b> गुण</b> पैनल, पर नेविगेट करें<b> देखो</b> टैब।</li>\n<li> के तहत<b> फ्लेक्स</b> अनुभाग, निम्नलिखित मान निर्दिष्ट करें:<ul>\n<li> बायां:<b> 165 डीपी</b></li>\n<li> शीर्ष:<b> 23 डीपी</b></li>\n<li> चौड़ाई:<b> 220 डीपी</b></li>\n<li> ऊँचाई:<b> 22 डीपी</b></li></ul></li></ol>"
    },
    "navigationBar": {
      "left": {
        "text": " पिछला"
      },
      "right": {
        "text": " अगला"
      }
    }
  },
  "Card.VoltMX.IntroductiontoSegmentV9.view": {
    "content": {
      "title": " ऐप देखें",
      "body": "<ol><li> अपने पर<b> वोल्ट एमएक्स ऐप</b> , क्लिक करें<b> लॉन्च</b>.</li>\n<li> आप एक देख सकते हैं<b> आवेदन का नाम:</b> टेक्स्ट बॉक्स। यदि कोई टेक्स्ट बॉक्स है, तो दर्ज करें<b> कर्मचारी सूची</b> और फिर क्लिक करें<b> लॉन्च</b>.</li>\n<li> सूची के साथ प्रपत्र प्रकट होता है।</li>\n<li> To<b> बाहर निकलें</b> आपके ऐप पर<b> मोबाइल</b> डिवाइस, दो अंगुलियों को बाएं से दाएं स्वाइप करें या अपने मोबाइल या टैबलेट को हिलाएं और क्लिक करें<b> ऐप से बाहर निकलें</b>. </li></ol>"
    },
    "navigationBar": {
      "left": {
        "text": " पिछला"
      },
      "right": {
        "text": " अगला"
      }
    }
  }
}