{"Tour.EditPayeeWeb_v9":{"description":" Description of Tour"},"Hikes.kony.EditPayeeWeb_v9":{"description":" Description of hike"},"Cards.kony.EditPayeeWeb_v9.accounts":{"content":{"title":"Navigating to Accounts Screen","body":"<ol>\n<li>From the <strong>Project</strong> explorer, expand <strong>Responsive Web/ Desktop </strong>&gt;<strong> Forms</strong> &gt; <strong>frmEditRecipient </strong>&gt;<strong> flxEditRecipient </strong>&gt;<strong> flxMenu</strong>, and select <strong>flxAccountTab</strong>.</li>\n<li>From the <strong>Properties</strong> panel, navigate to the <strong>Action </strong>tab.</li>\n<li>For the <strong>onClick</strong> event, click <strong>Edit</strong>.<br /> The <strong>Action Editor</strong> window appears.</li>\n</ol>"},"navigationBar":{"left":{"text":"Previous"},"right":{"text":"Next"}}},"Cards.kony.EditPayeeWeb_v9.accounts1":{"content":{"title":"Navigating to Accounts Screen","body":"<ol>\n<li>From the left menu of the&nbsp;<strong>Action Editor</strong>, under the <strong>General </strong>section, select <strong>Navigate to Form</strong>.</li>\n<li>From the right pane, select <strong>frmAccount</strong>.</li>\n<li>Click <strong>Save</strong>.</li>\n</ol>"},"navigationBar":{"left":{"text":"Previous"},"right":{"text":"Next"}}},"Cards.kony.EditPayeeWeb_v9.btnedit":{"content":{"title":"Navigating to the Edit Recipients Screen","body":"<ol>\n<li>From the <strong>Project</strong> explorer, expand <strong>Responsive Web/ Desktop </strong>&gt;<strong> Forms</strong> &gt; <strong>frmDetails </strong>&gt; <strong> flexFieldsContainer</strong> &gt;&nbsp;<strong>flxButtons</strong>, and select <strong>btnEdit</strong>.</li>\n<li>From the <strong>Properties</strong> panel, navigate to the <strong>Action</strong> tab.</li>\n<li>For the <strong>onClick</strong> event, click <strong>Edit</strong>.<br /> The <strong>Action Editor</strong> window appears.</li>\n</ol>"},"navigationBar":{"left":{"text":"Previous"},"right":{"text":"Next"}}},"Cards.kony.EditPayeeWeb_v9.cancel":{"content":{"title":"Configuring Cancel Button","body":"<ol>\n<li>From the <strong>Project</strong> explorer, expand <strong>Responsive Web/ Desktop </strong>&gt;<strong> Forms</strong> &gt; <strong>frmEditRecipient </strong>&gt;<strong> flxEditRecipient </strong>&gt;<strong> flxEntryFields </strong>&gt;<strong> flxButtons</strong>, and select <strong>btnCancel</strong>.</li>\n<li>From the&nbsp;<strong>Properties</strong> panel, navigate to the <strong>Action </strong>tab.</li>\n<li>For the <strong>onClick</strong> event, click <strong>Edit</strong>.<br /> The <strong>Action Editor</strong> window appears.</li>\n</ol>"},"navigationBar":{"left":{"text":"Previous"},"right":{"text":"Next"}}},"Cards.kony.EditPayeeWeb_v9.cancel1":{"content":{"title":"Configuring Cancel Button","body":"<ol>\n<li>From the left menu of the&nbsp;<strong>Action Editor</strong>, under the <strong>General </strong>section, select <strong>Navigate to Form</strong>.</li>\n<li>From the right pane, select <strong>frmDetails</strong>.</li>\n<li>Click <strong>Save</strong>.</li>\n</ol>"},"navigationBar":{"left":{"text":"Previous"},"right":{"text":"Next"}}},"Cards.kony.EditPayeeWeb_v9.createEditForm":{"content":{"title":"Edit Recipient Screen","body":"<ol>\n<li>From the <strong>Project</strong> explorer, expand <strong>Responsive Web/ Desktop</strong>.</li>\n<li>Right-click <strong>Forms</strong> and select <strong>New Form</strong>.</li>\n<li>Rename the new form <strong>frmEditRecipient</strong>.</li>\n</ol>"},"navigationBar":{"left":{"text":"Previous"},"right":{"text":"Next"}}},"Cards.kony.EditPayeeWeb_v9.done":{"content":{"title":"Congratulations","body":"<p>You&rsquo;ve successfully:</p>\n<ul>\n<li><strong>Generated the Edit Recipients screen</strong></li>\n<li><strong>Created and customized the UI for the edit recipients screen</strong></li>\n<li><strong>Update the services with the data</strong></li>\n<li><strong>Added navigation to and from the edit Recipients screen<br /></strong></li>\n<li><strong>Added logout to the edit recipients screen</strong></li>\n</ul>\n<p>For more information on how to make your web app responsive, check out the next hike: <a class=\"tour-link\" tour=\"f31910t6-a4a7-42rd-a4ud-07a264n3\"><strong>9. Responsive Web Breakpoints</strong></a>.</p>"},"navigationBar":{"left":{"text":"Previous"},"right":{"text":"Done"}}},"Cards.kony.EditPayeeWeb_v9.editService":{"content":{"title":"Configuring Services for Edit Recipients","body":"<ol>\n<li>From the <strong>Project</strong> explorer, expand <strong>Responsive / Desktop Web </strong>&gt;<strong> Forms</strong>, and select <strong>frmEditRecipient</strong>.</li>\n<li>From the <strong>Properties</strong> panel, navigate to the <strong>Action </strong>tab.</li>\n<li>For the <strong>preShow</strong> event, click <strong>Edit</strong>. <br /> The <strong>Action Editor</strong> appears.</li>\n<li>From the top right of the Action Editor, select <strong>Design View</strong>.</li>\n</ol>"},"navigationBar":{"left":{"text":"Previous"},"right":{"text":"Next"}}},"Cards.kony.EditPayeeWeb_v9.editService1":{"content":{"title":"Configuring Services for Edit Recipients","body":"<ol>\n<li>From the left menu of the&nbsp;<strong>Action Editor</strong>, under the <strong>Condition</strong> section, select <strong>If</strong>.</li>\n<li>Modify the following fields:\n<ul>\n<li>First Field: <strong>Navigated From</strong></li>\n<li>Select Source: select <strong>frmDetails &gt; btnEdit &gt; onClick</strong></li>\n</ul>\n</li>\n<li>From the <b>Action Editor</b> left menu, under the \n <strong>Network </strong>section, select <strong>Invoke Service</strong>.</li>\n<li>From the right pane of the Action Editor, select the following values from the drop-down lists.<br />\n<ul>\n<li>Select Service: <strong>RecipientStorage$Recipients</strong></li>\n<li>Select Method: <strong>get</strong></li>\n</ul>\n</li>\n</ol>"},"navigationBar":{"left":{"text":"Previous"},"right":{"text":"Next"}}},"Cards.kony.EditPayeeWeb_v9.editService2":{"content":{"title":"Configuring Services for Edit Recipients","body":"<ol>\n<li>From the right pane of the <strong>Action Editor</strong>, click <strong>Construct Filter Query</strong>.<br />The <strong>Mapping Editor</strong> appears.</li>\n<li>From the left pane of the mapping editor, expand <strong>Navigation Object</strong>, and select <strong>lblRecipientIDValue_text {string}</strong>.</li>\n<li>From the right pane of the mapping editor, expand <strong>Services </strong>&gt;<strong> Service - RecipientStorage$Recipients$get</strong>, and select <strong>RecipientID {number}</strong>.<br /> Visualizer displays an alert regarding a mismatch of data types.</li><li> Click <strong>OK</strong>.</li>\n</ol>"},"navigationBar":{"left":{"text":"Previous"},"right":{"text":"Next"}}},"Cards.kony.EditPayeeWeb_v9.editService3":{"content":{"title":"Configuring Services for Edit Recipients","body":"<ol>\n<li>From the Action Editor canvas, select <strong>Callback</strong>.</li>\n<li>From the left menu of the <strong>Action Editor</strong>, under the <strong>Mapping </strong>section, select <strong>Add Mapping</strong>.</li>\n<li>From the left pane of the mapping editor, expand <strong>Services </strong>&gt;<strong> Service - RecipientStorage$Recipients$get </strong>&gt;<strong> records {collection}</strong>.</li>\n<li>From the right pane of the mapping editor, expand <strong>Forms </strong>&gt;<strong> frmEditRecipient</strong>.</li>\n</ol>"},"navigationBar":{"left":{"text":"Previous"},"right":{"text":"Next"}}},"Cards.kony.EditPayeeWeb_v9.editService4":{"content":{"title":"Configuring Services for Edit Recipients","body":"<ol>\n<li>In the Mapping Editor, map the following service parameters from the left pane to the widgets on the right pane:\n<ul>\n<li>From the left pane select <strong>RecipientID {number}</strong>.<br />From the right pane expand<strong> Label - lblPayeeID</strong>, and select<strong> text {string}</strong>.<br /> Visualizer displays an alert regarding a mismatch of data types, click <strong>OK</strong>.</li>\n<li>From the left pane select <strong>FirstName {string}</strong>.<br />From the right pane expand<strong> TextField- tbxFirstName</strong>, and select<strong> text {string}</strong>.</li>\n</ul>\n</li>\n</ol>"},"navigationBar":{"left":{"text":"Previous"},"right":{"text":"Next"}}},"Cards.kony.EditPayeeWeb_v9.edtbtn1":{"content":{"title":"Navigating to Edit Recipients Screen","body":"<ol>\n<li>From the&nbsp;<strong>Action Editor&nbsp;</strong>left menu, under the <strong>General </strong>section, select <strong>Navigate to Form</strong>.</li>\n<li>From the right pane, select <strong>frmEditRecipient</strong>.</li>\n<li>Select the check for <strong>Pass data with navigation.</strong></li>\n<li>On the right pane, expand <strong>Forms </strong>&gt;<strong> frmDetails </strong>&gt;<strong> Label - lblRecipientIDValue</strong>, and select <strong>text {string}</strong>.</li>\n<li>Click <strong>Save</strong>.</li>\n</ol>"},"navigationBar":{"left":{"text":"Previous"},"right":{"text":"Next"}}},"Cards.kony.EditPayeeWeb_v9.Intro":{"content":{"title":"Adding Edit Recipient Feature","body":"<p><strong>Let&rsquo;s get started!</strong></p>\n<p>In this hike, you will learn how to:</p>\n<ul>\n<li>Generate a screen for editing recipient details</li>\n<li>Design the UI for the Edit Recipient form</li>\n<li>Connect the data from the services to the UI elements</li>\n</ul>\n<p>Before you get started, complete the following hikes:</p>\n<ol><b>\n<li><a class=\"tour-link\" tour=\"5a3913t0-aba2-46rc-adub-832833n2\">Import &amp; Launch a Web App</a></li><li><a class=\"tour-link\" tour=\"220f01t3-bda6-40r0-92uf-56631bnb\">Create UI from Collections</a></li><li><a class=\"tour-link\" tour=\"5e1da5td-37a0-44r6-beu6-374c3cn1\">Add Authentication to the App</a></li>\n<li><a class=\"tour-link\" tour=\"a851b9t8-75a9-4ara-88ud-946004n9\">Creating Services for a Web App</a></li>\n<li><a class=\"tour-link\" tour=\"ca148ftd-07a9-4ard-98ud-6163d4nc\">Connect App UI to Data in a Web App</a></li><li><a class=\"tour-link\" tour=\"082af3t0-74a2-4ere-a6u3-749d59n5\">Creating Recipient Details and Delete Feature</a></li>\n<li><a class=\"tour-link\" tour=\"547395tb-d8ae-4fr9-b1ub-5033a6nb\">Add Create Recipient</a></li></b>\n</ol>\n<p>&nbsp;</p>\n<p>Ensure that you open the same project that you have created in the previous hikes.</p>\n<p>To open a closed project, from the main menu, navigate to <strong>Project</strong> &gt; <strong>Open</strong> &gt; <strong>Kony Reference Architecture</strong> &gt; <strong>RecipientsWebApp</strong>.</p>\n<p><strong>When you are ready, click Start!</strong></p>"},"navigationBar":{"left":{"text":"Previous"},"right":{"text":"Start"}}},"Cards.kony.EditPayeeWeb_v9.logout":{"content":{"title":"Configuring Logout","body":"<ol>\n<li>From the <strong>Project</strong> explorer, expand <strong>frmEditRecipient </strong>&gt;<strong> flxEditRecipient </strong>&gt;<strong> flxHeader</strong>, and select <strong>flxUserLogout</strong>.</li>\n<li>From the <strong>Properties</strong> panel, navigate to the <strong>Action </strong>tab.</li>\n<li>For the <strong>onClick </strong>operation, click <strong>Edit</strong>.<br /> The <strong>Action Editor</strong> window appears.</li>\n<li>From the top right of the Action Editor, select <strong>Design View</strong>.</li>\n</ol>"},"navigationBar":{"left":{"text":"Previous"},"right":{"text":"Next"}}},"Cards.kony.EditPayeeWeb_v9.logout1":{"content":{"title":"Configuring Logout","body":"<ol>\n<li>From the left menu of the <strong>Action Editor</strong>, under the <strong>Network </strong>section, select <strong>Invoke Service</strong>.</li>\n<li>From the right pane of the Action Editor, select the following values from the drop-down list:\n<ul>\n<li>Select Service:&nbsp;<strong>UserAuthentication$logout</strong></li>\n</ul>\n</li>\n<li>From the Action Editor canvas, click <strong>Success</strong>.</li>\n</ol>"},"navigationBar":{"left":{"text":"Previous"},"right":{"text":"Next"}}},"Cards.kony.EditPayeeWeb_v9.logout2":{"content":{"title":"Navigating to Login Screen","body":"<ol>\n<li>From the left menu of the <strong>Action Editor</strong>, under the <strong>General </strong>section, select <strong>Navigate to Form</strong>.</li>\n<li>From the right pane, select <strong>frmLogin</strong>.</li>\n<li>Click <strong>Save</strong>.</li>\n</ol>"},"navigationBar":{"left":{"text":"Previous"},"right":{"text":"Next"}}},"Cards.kony.EditPayeeWeb_v9.mapEdit":{"content":{"title":"Mapping the Data to Services","body":"<ul>\n<li>From the left pane select <strong>LastName {string}</strong>.<br />From the right pane expand<strong> TextField- tbxLastName</strong>, and select<strong> text {string}</strong>.</li>\n<li>From the left pane select <strong>NickName {string}</strong>.<br />From the right pane expand<strong> TextField- tbxNickName</strong>, and select<strong> text {string}</strong>.</li>\n<li>From the left pane select <strong>Phone{string}</strong>.<br />From the right pane expand<strong> TextField- tbxPhone</strong>, and select<strong> text {string}</strong>.</li>\n</ul>\n<ol start=\"2\">\n<li>Click <strong>Save</strong>.</li>\n</ol>"},"navigationBar":{"left":{"text":"Previous"},"right":{"text":"Next"}}},"Cards.kony.EditPayeeWeb_v9.navDet":{"content":{"title":"Navigation from Details Screen","body":"<ol>\n<li>From the <strong>Project</strong> explorer, expand <strong>Responsive Web/ Desktop </strong>&gt;<strong> Forms</strong>, and select <strong>frmDetails</strong>.</li>\n<li>From the <strong>Properties</strong> panel, navigate to the <strong>Action </strong>tab.</li>\n<li>For the <strong>onMapping</strong> event, click <strong>Edit</strong>.<br /> The <strong>Action Editor </strong>window appears.</li>\n<li>From the top right of the <strong>Action Editor</strong>, select <strong>Design View</strong>.</li>\n</ol>"},"navigationBar":{"left":{"text":"Previous"},"right":{"text":"Next"}}},"Cards.kony.EditPayeeWeb_v9.navDet1":{"content":{"title":"Navigation from Details Screen","body":"<ol>\n<li>From the left menu of the <strong>Action Editor</strong>, under the <strong>Condition </strong>section, select <strong>Else If</strong>.</li>\n<li>From the right pane, select the following values from the drop-down:\n<ul>\n<li>Widget Property:&nbsp;<strong>Navigated From</strong></li>\n<li>Selected Source: <strong>frmEditRecipient &gt; btnDone &gt; onClick</strong></li>\n</ul>\n</li>\n</ol>"},"navigationBar":{"left":{"text":"Previous"},"right":{"text":"Next"}}},"Cards.kony.EditPayeeWeb_v9.navDet2":{"content":{"title":"Invoking Services","body":"<ol>\n<li>From the left menu of the <strong>Action Editor</strong>, under the <strong>Network </strong>section, select <strong>Invoke Service</strong>.</li>\n<li>From the right pane of the Action Editor, select the following values from the drop-down list:\n<ul>\n<li>Select Service: <strong>RecipientStorage$Recipients</strong></li>\n<li>Select Method: <strong>get</strong></li>\n</ul>\n</li>\n<li>Click <strong>Construct Filter Query</strong>.<br />The <b>Mapping Editor</b> window appears.</li>\n</ol>"},"navigationBar":{"left":{"text":"Previous"},"right":{"text":"Next"}}},"Cards.kony.EditPayeeWeb_v9.navDet3":{"content":{"title":"Invoking Services","body":"<ol>\n<li>From the left pane of the mapping editor, expand <strong>Navigation Object</strong> and select <strong>lblPayeeID_text {string}</strong>.</li>\n<li>From the right pane of the mapping editor, expand <strong>Services </strong>&gt;<strong> Service - RecipientStorage$Recipients$get</strong> and select <strong>RecipientID {number}</strong>.<br /> Visualizer displays an alert regarding a mismatch of data types, click <strong>OK</strong>.</li>\n<li>From the Action Editor canvas, select <strong>Callback</strong>.</li>\n<li>From the left menu of the <strong>Action Editor</strong>, under the <strong>Mapping</strong>, select <strong>Add Mapping</strong>.<br />The <b>Mapping Editor</b> window appears.</li>\n</ol>"},"navigationBar":{"left":{"text":"Previous"},"right":{"text":"Next"}}},"Cards.kony.EditPayeeWeb_v9.navDet4":{"content":{"title":"Mapping Services to UI Elements","body":"<ol>\n<li>From the left pane of the mapping editor, expand <strong>Services </strong>&gt;<strong> Service - RecipientStorage$Recipients$get </strong>&gt;<strong> records {collection}</strong>.</li>\n<li>From the right pane of the mapping editor, expand <strong>Forms </strong>&gt;<strong> frmDetails</strong>.</li>\n<li>In the Mapping Editor, map the following service parameters to the UI elements:\n<ul>\n<li>From the left pane select<strong> RecipientID {number}</strong>.<br />From the right pane expand <strong>Label - lblRecipientIDValue</strong> and select<strong> text {string}</strong><br /> Visualizer displays an alert regarding a mismatch of data types, click <strong>OK</strong>.</li>\n</ul>\n</li>\n</ol>"},"navigationBar":{"left":{"text":"Previous"},"right":{"text":"Next"}}},"Cards.kony.EditPayeeWeb_v9.navDet5":{"content":{"title":"Mapping Services to UI Elements","body":"<ul>\n<li>From the left pane select <strong>FirstName {string}</strong>.<br />From the right pane expand <strong>Label - lblFirstNameValue</strong> and select <strong>text {string}</strong>.</li>\n<li>From the left pane select <strong>LastName {string}</strong>.<br />From the right pane expand <strong>Label - lblLastNameValue</strong> and select <strong>text {string}</strong>.</li>\n<li>From the left pane select <strong>Nick Name {string}</strong>. <br />From the right pane expand <strong>Label - lblNickNameValue</strong> and select <strong>text {string}</strong>.</li>\n<li>From the left pane select <strong>Phone {string}</strong>.<br />From the right pane expand <strong>Label - lblPhoneValue</strong> and select <strong>text {string}</strong>.</li>\n</ul>\n<ol start=\"4\">\n<li>Click <strong>Save</strong>.</li>\n</ol>"},"navigationBar":{"left":{"text":"Previous"},"right":{"text":"Next"}}},"Cards.kony.EditPayeeWeb_v9.navToolBar":{"content":{"title":"Navigation from ToolBar","body":"<ol>\n<li>From the <strong>Project</strong> explorer, expand <strong>Responsive Web/ Desktop </strong>&gt;<strong> Forms</strong> &gt; <strong>frmEditRecipient </strong>&gt;<strong> flxEditRecipient </strong>&gt;<strong> flxToolbar</strong>, and select <strong>flxBack</strong>.</li>\n<li>From the <strong>Properties</strong> panel, navigate to the <strong>Action </strong>tab.</li>\n<li>For the <strong>onClick</strong> event, click <strong>Edit</strong>.<br /> The <strong>Action Editor</strong> window appears.</li>\n</ol>"},"navigationBar":{"left":{"text":"Previous"},"right":{"text":"Next"}}},"Cards.kony.EditPayeeWeb_v9.navToolBar1":{"content":{"title":"Navigation from ToolBar","body":"<ol>\n<li>From the left menu of the <strong>Action Editor</strong>, under the <strong>General </strong>section, select <strong>Navigate to Form</strong>.</li>\n<li>From the right pane, select <strong>frmDetails</strong>.</li>\n<li>Click <strong>Save</strong>.</li>\n</ol>"},"navigationBar":{"left":{"text":"Previous"},"right":{"text":"Next"}}},"Cards.kony.EditPayeeWeb_v9.run":{"content":{"title":"Run the App","body":"<ol>\n<li>From the left navigation bar, click <strong>Run</strong>.<br /> It will take some time for Visualizer to display the <strong>Live Preview is ready</strong> window.<br /> The Visualizer Preview window launches your application.</li>\n<li>Enter the following login credentials in your app.\n<ul>\n<li>Username: <strong>john.doe@temenos.com</strong></li>\n<li>Password: <strong>Temenos@123</strong></li>\n</ul>\n</li>\n<li>Click <strong>Login</strong>.<br /> The account list appears.</li>\n<li>Click the <strong>Recipients</strong> tab.<br /> The recipient list appears.</li>\n<li>Click the add <strong>(+) </strong>icon to add a recipient.</li>\n<li>Select a recipient from the list to view their details.</li>\n<li>From the details page, click the <strong>Delete </strong>button to delete the recipient.</li>\n<li>From the details page, click the <strong>Edit</strong> button to edit the recipient details.</li>\n<li>Click the logout button on top of the screen to navigate to the login screen.</li>\n</ol>"},"navigationBar":{"left":{"text":"Previous"},"right":{"text":"Next"}}},"Cards.kony.EditPayeeWeb_v9.successMsg":{"content":{"title":"Success Message","body":"<ol>\n<li>From the <strong>Project</strong> explorer, expand <strong>Responsive Web/ Desktop </strong>&gt;<strong> Forms</strong> &gt; <strong>frmEditRecipient </strong>&gt;<strong> flexSuccess </strong>&gt;<strong> flexSuccessAlert</strong>, and select <strong>btnDone</strong>.</li>\n<li>From the <strong>Properties</strong> panel, navigate to the <strong>Action </strong>tab.</li>\n<li>For the <strong>onClick</strong> event, click <strong>Edit</strong>.<br /> The Action Editor window appears.</li>\n</ol>"},"navigationBar":{"left":{"text":"Previous"},"right":{"text":"Next"}}},"Cards.kony.EditPayeeWeb_v9.successMsg3":{"content":{"title":"Navigation to Details Screen","body":"<ol>\n<li>From the left menu of the <strong>Action Editor</strong>, under the <strong>General </strong>section, select <strong>Navigate to Form</strong>.</li>\n<li>From the right pane, select <strong>frmDetails</strong>.</li>\n<li>Check the option for <strong>Pass data with navigation</strong>.</li>\n<li>From the right pane, expand <strong>Forms </strong>&gt;<strong> frmEditRecipient </strong>&gt;<strong> Label - lblPayeeID</strong>, and select <strong>text {string}</strong>.</li>\n<li>Click <strong>Save</strong>.</li>\n</ol>"},"navigationBar":{"left":{"text":"Previous"},"right":{"text":"Next"}}},"Cards.kony.EditPayeeWeb_v9.UIEdit":{"content":{"title":"UI for Edit Recipient","body":"<ol>\n<li>From the bottom left panel of Visualizer, navigate to<strong> Default Library</strong>.</li>\n<li>Next to the <strong>Default Library</strong>, you will see the tab for <strong>My Libraries</strong> and a search icon.<br />Click the search icon.</li>\n<li>In the search bar that appears, enter <strong>EditRecipient</strong>.</li>\n<li>From the <strong>RecipientsWeb</strong>, select <strong>EditRecipient</strong> and drop it onto <strong>frmEditRecipient </strong> form on the canvas.</li>\n<li>On the <strong>Resolved Conflicts</strong> dialog box, click <strong>Close</strong>.</li>\n</ol>"},"navigationBar":{"left":{"text":"Previous"},"right":{"text":"Next"}}},"Cards.kony.EditPayeeWeb_v9.updateOp":{"content":{"title":"Configuring Update Operation","body":"<ol>\n<li>From the <strong>Project</strong> explorer, expand <strong>Responsive Web/ Desktop </strong>&gt;<strong> Forms</strong> &gt; <strong>frmEditRecipient </strong>&gt;<strong> flxEntryFields </strong>&gt;<strong> flxButtons</strong>, and select <strong>btnUpdate</strong>.</li>\n<li>From the <strong>Data &amp; Services</strong> panel, expand <strong>Project Services </strong>&gt;<strong> RecipientStorage </strong>&gt;<strong> Recipients</strong>.</li>\n<li>Select the <strong>update</strong> operation and drop it onto the <strong>Update</strong> button on the canvas.</li>\n<li>From the list of actions, select <strong>Action: onClick</strong>.<br />The <strong>Action Editor </strong>window appears with a mapping editor on the right pane.</li><li>From the top-right corner of the <b>Action Editor</b> window, select <b>Design View</b>.</li>\n</ol>"},"navigationBar":{"left":{"text":"Previous"},"right":{"text":"Next"}}},"Cards.kony.EditPayeeWeb_v9.updateOp1":{"content":{"title":"Mapping the Update Operation","body":"<ol>\n<li>In the <strong>Action Editor </strong>window, from the left pane of the mapping editor, expand <strong>Forms </strong>&gt;<strong> frmEditRecipient</strong>.</li>\n<li>From the right pane of the mapping editor, expand <strong>Services </strong>&gt;<strong> RecipientStorage$Recipients$update</strong>.</li>\n<li>In the mapping editor, map the following UI elements to the service parameters:<br />\n<ul>\n<li>From the left pane expand<strong> Label - lblPayeeID</strong> and select<strong> text {string}.<br /></strong> From the right pane select <strong>RecipientID {number}</strong>.<br />Visualizer displays an alert regarding a mismatch of data types, click <strong>OK</strong>.</li>\n</ul>\n</li>\n</ol>"},"navigationBar":{"left":{"text":"Previous"},"right":{"text":"Next"}}},"Cards.kony.EditPayeeWeb_v9.updateOp2":{"content":{"title":"Mapping UI Elements to UI","body":"<ul>\n<li>From the left pane expand <strong>TextField - tbxFirstName</strong> and select<strong> text</strong> <strong>{string}</strong>.<br />From the right pane select <strong>FirstName {string}</strong>.</li>\n<li>From the left pane expand<strong> TextField - tbxLastName</strong> and select<strong> text {string}</strong>.<br />From the right pane select <strong>LastName {string}</strong>.</li>\n<li>From the left pane expand<strong> TextField - tbxNickName</strong> and select<strong> text {string}</strong>.<br /> From the right pane select <strong>Nick Name {string}</strong>.</li>\n<li>From the left pane expand<strong> TextField - tbxPhone</strong> and select<strong> text {string}</strong>. <br />From the right pane select <strong>Phone {string}</strong>.</li>\n</ul>"},"navigationBar":{"left":{"text":"Previous"},"right":{"text":"Next"}}},"Cards.kony.EditPayeeWeb_v9.updateOp3":{"content":{"title":"Configuring Update Operation","body":"<ol><li>From the <b>Action Editor</b> canvas, select <b>IF Recipients.opstatus is equal to 0</b>.</li>\n<li>From the left menu of the <strong>Action Editor</strong>, under the <strong>Widget </strong>section, select <strong>Set Widget Property</strong>.</li>\n<li>From the right pane, expand <strong>Desktop Forms</strong> &gt; <strong>frmEditRecipient</strong> &gt; <strong>flxEditRecipient</strong> and select <strong>flexSuccess</strong>.</li>\n<li>In the last pane, modify the following fields:\n<ul>\n<li>Property: <strong>Visible</strong></li>\n<li>Visibility: <strong>True</strong></li>\n</ul>\n</li>\n<li>From the left menu of the <strong>Action Editor</strong>, under the <strong>Function&nbsp;</strong>section, select <strong>Add Snippet</strong>.</li>\n<li>In the right pane, type the following code:<br /><span style=\"background-color: #999999;\"> self.view.forceLayout();</span></li>\n<li>Click <strong>Save</strong>.</li>\n</ol>"},"navigationBar":{"left":{"text":"Previous"},"right":{"text":"Next"}}},"Tour.LaunchyourRWApp92":{"description":" Description of Tour"},"Hikes.Kony.NewLaunchWebApp":{"description":" Description of hike"},"Cards.Kony.NewLaunchWebApp.adduser":{"content":{"title":"Add Sample User","body":"<ol>\n<li>From the <strong>Data &amp; Services</strong><strong>&nbsp;</strong>panel on the top right of your canvas, expand&nbsp;<strong>Project Services</strong>.</li>\n<li>Right-click on <strong>UserAuthentication </strong> and select <strong>Edit</strong>. The <strong>Edit Identity Service</strong> window appears.</li>\n<li>Click <strong>Import Users</strong>. The <strong>Import Users</strong> window appears.</li>\n<li>Click <strong>Choose File</strong>. The window explorer appears.</li>\n<li>Navigate to the location of the <strong>exportUsers.csv</strong> file, select the file and click <strong>Open</strong>.</li>\n<li>Click <strong>Import</strong>.</li>\n<li>Close the <strong>Edit Identity Service</strong> window.</li>\n</ol>"},"navigationBar":{"left":{"text":"Previous"},"right":{"text":"Next"}}},"Cards.Kony.NewLaunchWebApp.done":{"content":{"title":"Explore the App","body":"<p>You have successfully:</p>\n<ul>\n<li><strong>Imported a Web app</strong></li>\n<li><strong>Launched the app on a computer using the Live Preview</strong></li>\n</ul><br/>\n<p>To learn how to create this app on your own, check out the next hike: <a class=\"tour-link\" tour=\"220f01t3-bda6-40r0-92uf-56631bnb\"><b>2. Create UI from Collections</b></a>.</p>"},"navigationBar":{"left":{"text":"Previous"},"right":{"text":"Done"}}},"Cards.Kony.NewLaunchWebApp.explore":{"content":{"title":"Explore the App","body":"<p>Once the application imports, you can explore the different forms in the application.</p><br/>\n<p>You can view the forms in two different views: The <strong>Storyboard</strong> view and the <strong>Design</strong> view.</p><br/>\n<p>The application opens in the <strong>Storyboard</strong> view. You can view the different forms inside the app and connections between forms in the Storyboard view.</p><br/>\n<p>To view the <strong>Properties</strong> of each widget in a form, double click on any form to open the form in the <strong>Design View</strong>. You can also select the <strong>Design&nbsp;</strong>tab to navigate to the <strong>Design</strong> view.</p>"},"navigationBar":{"left":{"text":"Previous"},"right":{"text":"Next"}}},"Cards.Kony.NewLaunchWebApp.explore1":{"content":{"title":"Explore the App","body":"<p>In the <strong>Design View</strong>, to view the different forms inside the app, navigate to the <strong>Project</strong> explorer, and expand <strong>Responsive Web / Desktop</strong> &gt; <strong>Forms</strong>.</p>\n<p>&nbsp;</p>\n<p>You can see six forms inside the app. Click on each form and see what the canvas displays.</p>\n<p>&nbsp;</p>\n<p>Change the canvas size from 100% to an appropriate percentage to view all the UI elements.</p>"},"navigationBar":{"left":{"text":"Previous"},"right":{"text":"Next"}}},"Cards.Kony.NewLaunchWebApp.Import":{"content":{"title":"Import the Web App","body":"<ol>\n<li>From the main menu of the Visualizer, navigate to <strong>Forge</strong> &gt; <strong>Browse</strong>.<br />The <strong>Temenos Forge</strong> window appears</li>\n<li>On the search bar, enter, <strong>Recipients Web</strong>.</li>\n<li>In the list that appears, select <strong>Recipients Web</strong>.<br />The details of the <strong>RecipientsWeb&nbsp;</strong>app appears.</li>\n<li>Click <strong>Import to Workspace</strong>.<br /> It may take some time for Visualizer to import the app.</li>\n</ol>"},"navigationBar":{"left":{"text":"Previous"},"right":{"text":"Next"}}},"Cards.Kony.NewLaunchWebApp.Import1":{"content":{"title":"Import the Web App","body":"<ol>\n<li>After the app is imported, a <strong>Visualizer</strong> dialog appears.<br />Click <strong>Ok</strong>.</li>\n<li>From the main menu of the Visualizer, navigate to <strong>Project</strong> &gt; <strong>Open</strong> &gt; <strong>Kony Reference Architecture</strong>, and select <strong>RecipientsWeb</strong>.<br />The application opens in the <strong>Storyboard</strong> view.</li>\n<li>From the top of the Visualizer canvas, from the drop-down list, select <strong>Web:1380</strong>.</li>\n</ol>"},"navigationBar":{"left":{"text":"Previous"},"right":{"text":"Next"}}},"Cards.Kony.NewLaunchWebApp.Intro":{"content":{"title":"Welcome to Quantum Visualizer!","body":"<p><strong>Let&rsquo;s get started!</strong></p><br/>\n<p>In this hike, we will:</p>\n<ul>\n<li>Import a sample web app that shows lists of Accounts and Recipients</li>\n<li>Preview the sample app on your computer</li>\n</ul><br/>Before you get started, download and extract the sample csv file from <a href='#'onClick='javascript:openURL(\"http://docs.kony.com/hikes/SampleCSV.zip\")'>here</a>. Note the location of the extracted file.<br/>\n<p><strong>When you are ready, click Start!</strong></p>"},"navigationBar":{"left":{"text":"Previous"},"right":{"text":"Start"}}},"Cards.Kony.NewLaunchWebApp.publish1":{"content":{"title":"Run the App","body":"<ol>\n<li>From the <strong>Live Preview Settings</strong> window, under <strong>Platforms and Channels</strong>, select the checkbox next to <strong>Responsive Web</strong>.<br /> Ensure that you have unselected the checkboxes for all the other platforms and channels.</li>\n<li>Click <strong>Save &amp; Run</strong>.<br /> It may take some time for Visualizer to run the app.</li>\n</ol>"},"navigationBar":{"left":{"text":"Previous"},"right":{"text":"Next"}}},"Cards.Kony.NewLaunchWebApp.Settings1":{"content":{"title":"Settings for the Live Preview","body":"<ol>\n<li>From the main menu, select <strong>Build</strong>.</li>\n<li>Click <strong>Live Preview Settings</strong>.</li>\n</ol>"},"navigationBar":{"left":{"text":"Previous"},"right":{"text":"Next"}}},"Cards.Kony.NewLaunchWebApp.Viewing":{"content":{"title":"Explore the App","body":"<ol>\n<li>Enter the following login credentials in your app:\n<ul>\n<li>Username: <strong>john.doe@temenos.com</strong></li>\n<li>Password: <strong>Temenos@123</strong></li>\n</ul>\n</li>\n<li>Click <strong>Login</strong>. <br /> The <strong>Accounts List </strong>appears.</li>\n<li>Click <strong>Recipients</strong>. <br /> The <strong>Recipients&nbsp;list</strong> appears.</li>\n</ol>\n<p>In the Recipients page, you can do the following:</p>\n<ul style=\"list-style-type: circle;\">\n<li>Click the add (<strong>+</strong>) icon, to add a&nbsp;recipient&nbsp;to your account.</li>\n<li>Select a recipient from the list to view their details.<br />From the details page, you can edit or delete the recipient.</li>\n</ul>"},"navigationBar":{"left":{"text":"Previous"},"right":{"text":"Next"}}},"Tour.ResponsiveWebBreakpointsV9":{"description":" Description of Tour"},"Hikes.Kony.ResponsiveBreakV9":{"description":" Description of hike"},"Cards.Kony.ResponsiveBreakV9.breakpointforking":{"content":{"title":"Breakpoint Forking","body":"<ol>\n<li>From the Visualizer canvas menu, toggle the <strong>Breakpoint Forking </strong>switch <strong>ON</strong>.<br /> The breakpoints appear as inverted red triangles on the Visualizer canvas scale.<br />Ensure that the scale on the Visualizer canvas menu is set to <strong>100%</strong>.</li>\n<li>Select each breakpoint on the canvas scale to see how the form responds.</li>\n</ol>"},"navigationBar":{"left":{"text":"Previous"},"right":{"text":"Next"}}},"Cards.Kony.ResponsiveBreakV9.breakpointforking1":{"content":{"title":"Breakpoint Forking","body":"<ol>\n<li>From the Visualizer canvas menu, toggle the <strong>Breakpoint Forking </strong>switch <strong>ON</strong>.<br /> The breakpoints appear as inverted red triangles on the Visualizer canvas scale.<br />Ensure that the scale on the Visualizer canvas menu is set to <strong>100%</strong>.</li>\n<li>Select each breakpoint on the canvas scale to see how the form responds.</li>\n</ol>"},"navigationBar":{"left":{"text":"Previous"},"right":{"text":"Next"}}},"Cards.Kony.ResponsiveBreakV9.done":{"content":{"title":"Congratulations","body":"<p>You&rsquo;ve successfully:</p>\n<ul>\n<li><strong>Added responsive breakpoints to the login screen</strong></li>\n<li><strong>Viewed the app on your computer</strong></li>\n</ul><br/>\n<p>To learn more on what you can do with  Quantum Visualizer, visit <a href='#'onClick='javascript:openURL(\"https://basecamp.kony.com/s/\")'>Base Camp</a>.</p>"},"navigationBar":{"left":{"text":"Previous"},"right":{"text":"Done"}}},"Cards.Kony.ResponsiveBreakV9.edioptNickName":{"content":{"title":"Optimizing the Layout of Nick Name","body":"<ol>\n<li>From the <strong>Project</strong> explorer, expand <strong>frmEditRecipient </strong>&gt;<strong> flxEditRecipient </strong>&gt;<strong> flxEntryFields</strong>, and select <strong>flxNickName</strong>.</li>\n<li>From the <strong>Properties</strong> panel, navigate to the <strong>Look </strong>tab.</li>\n<li>Under the <strong>Flex</strong> section, modify the following values:<br />\n<ul>\n<li>Width: <strong>240 Dp</strong></li>\n<li>Top: <strong>24 Dp</strong></li>\n</ul>\n</li>\n</ol>"},"navigationBar":{"left":{"text":"Previous"},"right":{"text":"Next"}}},"Cards.Kony.ResponsiveBreakV9.editoptLay":{"content":{"title":"Optimize the Layout of Names","body":"<ol>\n<li>From the canvas scale, click <strong>640</strong> for optimizing the layout for the third breakpoint.</li>\n<li>From the <strong>Project</strong> explorer, expand <strong>frmEditRecipient </strong>&gt;<strong> flxEditRecipient </strong>&gt;<strong> flxEntryFields</strong>, and select <strong>flxNames</strong>.</li>\n<li>From the <strong>Properties</strong> panel, navigate to the <strong>Look </strong>tab.</li>\n<li>Under the <strong>Flex</strong> section, modify the following values:\n<ul>\n<li>Width: <strong>240 Dp</strong></li>\n<li>Height: <strong>156 Dp</strong></li>\n</ul>\n</li>\n</ol>"},"navigationBar":{"left":{"text":"Previous"},"right":{"text":"Next"}}},"Cards.Kony.ResponsiveBreakV9.editoptLay1":{"content":{"title":"Optimize the Layout of Names","body":"<ol>\n<li>From the <strong>Properties</strong> panel, navigate to the <strong>FlexContainer</strong> tab.</li>\n<li>Under the <strong>General </strong>section, for the <strong>Layout Type</strong>, select <strong>Flow Vertical</strong> from the drop-down list.</li>\n</ol>"},"navigationBar":{"left":{"text":"Previous"},"right":{"text":"Next"}}},"Cards.Kony.ResponsiveBreakV9.editoptLayout1":{"content":{"title":"Optimizing Layout for First Name","body":"<ol>\n<li>From the <strong>Project</strong> explorer, expand <strong>frmEditRecipient </strong>&gt;<strong> flxEditRecipient </strong>&gt;<strong> flxEntryFields</strong> &gt; <strong>flxNames</strong>, and select <strong>flxFirstName</strong>.</li>\n<li>From the <strong>Properties </strong>panel, navigate to the <strong>Look </strong>tab.</li>\n<li>Under the <strong>Flex </strong>section, modify the following values:<br />\n<ul>\n<li>Height: <strong>66 Dp</strong></li>\n</ul>\n</li>\n</ol>"},"navigationBar":{"left":{"text":"Previous"},"right":{"text":"Next"}}},"Cards.Kony.ResponsiveBreakV9.editoptLayout2":{"content":{"title":"Optimizing Layout for Last Name","body":"<ol>\n<li>From the <strong>Project</strong> explorer, expand <strong>frmEditRecipient </strong>&gt;<strong> flxEditRecipient </strong>&gt;<strong> flxEntryFields&nbsp;</strong>&gt; <strong>flxNames</strong>, and select <strong>flxLastName</strong>.</li>\n<li>From the <strong>Properties</strong> panel, navigate to the <strong>Look </strong>tab.</li>\n<li>Under the <strong>Flex</strong> section, modify the following values:<br />\n<ul>\n<li>Left: <b>0 Dp</b></li>\n<li>Top: <b>24 Dp</b></li>\n<li>Height: <b>66 Dp</b></li>\n</ul>\n</li>\n</ol>"},"navigationBar":{"left":{"text":"Previous"},"right":{"text":"Next"}}},"Cards.Kony.ResponsiveBreakV9.editoptLayPh":{"content":{"title":"Optimizing Layout for Phone Number","body":"<ol>\n<li>From the <strong>Project</strong> explorer, expand <strong>frmEditRecipient </strong>&gt;<strong> flxEditRecipient </strong>&gt;<strong> flxEntryFields</strong>, and select <strong>flxPhoneNumber</strong>.</li>\n<li>From the <strong>Properties</strong> panel, navigate to the <strong>Look </strong>tab.</li>\n<li>Under the <strong>Flex</strong> section, modify the following values:<br />\n<ul>\n<li>Width: <strong>240 Dp</strong></li>\n</ul>\n</li>\n</ol>"},"navigationBar":{"left":{"text":"Previous"},"right":{"text":"Next"}}},"Cards.Kony.ResponsiveBreakV9.editPayeefrm":{"content":{"title":"Adding Breakpoint for Edit Recipient Screen","body":"<ol>\n<li>From the <strong>Project</strong> explorer, expand <strong>Responsive Web / Desktop </strong>&gt;<strong> Forms</strong>, and select <strong>frmEditRecipient</strong>.</li>\n</ol>"},"navigationBar":{"left":{"text":"Previous"},"right":{"text":"Next"}}},"Cards.Kony.ResponsiveBreakV9.Intro":{"content":{"title":"Responsive Web Breakpoints","body":"<p><strong>Let&rsquo;s get started!</strong></p>\n<p>In this hike, you will learn how to:</p>\n<ul>\n<li>Add three breakpoints for the forms Create Recipient and Edit Recpient screens.</li>\n<li>See how the <strong>Live Preview</strong> reacts to breakpoints in real-time.</li>\n</ul>\n<p>Before you get started, complete the following hikes:</p>\n<ol><b>\n<li><a class=\"tour-link\" tour=\"5a3913t0-aba2-46rc-adub-832833n2\">Import &amp; Launch a Web App</a></li><li><a class=\"tour-link\" tour=\"220f01t3-bda6-40r0-92uf-56631bnb\">Create UI from Collections</a></li><li><a class=\"tour-link\" tour=\"5e1da5td-37a0-44r6-beu6-374c3cn1\">Add Authentication to the App</a></li>\n<li><a class=\"tour-link\" tour=\"a851b9t8-75a9-4ara-88ud-946004n9\">Creating Services for a Web App</a></li>\n<li><a class=\"tour-link\" tour=\"ca148ftd-07a9-4ard-98ud-6163d4nc\">Connect App UI to Data in a Web App</a></li><li><a class=\"tour-link\" tour=\"082af3t0-74a2-4ere-a6u3-749d59n5\">Creating Recipient Details and Delete Feature</a></li>\n<li><a class=\"tour-link\" tour=\"547395tb-d8ae-4fr9-b1ub-5033a6nb\">Add Create Recipient</a></li><li><a class=\"tour-link\" tour=\"c108beta-87ac-46re-87u3-92e61cnf\">Add Edit Recipients Feature</a></li></b>\n</ol>\n<p>Ensure that you open the same project that you have created in the previous hikes.</p>\n<p>To open a closed project, from the main menu, navigate to <strong>Project</strong> &gt; <strong>Open</strong> &gt; <strong>Kony Reference Architecture</strong> &gt; <strong>RecipientsWebApp</strong>.</p>\n<p><strong>When you are ready, click Start!</strong></p>"},"navigationBar":{"left":{"text":"Previous"},"right":{"text":"Start"}}},"Cards.Kony.ResponsiveBreakV9.loginForm":{"content":{"title":"Adding Breakpoint for Add Recipient Screen","body":"<ol>\n<li>From the <strong>Project</strong> explorer, expand <strong>Responsive Web /Desktop</strong> &gt; <strong>Forms</strong> and select <strong>frmAddRecipient</strong>.</li>\n</ol>"},"navigationBar":{"left":{"text":"Previous"},"right":{"text":"Next"}}},"Cards.Kony.ResponsiveBreakV9.optimizeLayout":{"content":{"title":"Optimize the Layout of Names","body":"<ol>\n<li>From the canvas scale, click <strong>640</strong> for optimizing the layout for the third breakpoint.</li>\n<li>From the <strong>Project</strong> explorer, expand <strong>frmAddRecipient </strong>&gt;<strong> flxAddRecipient </strong>&gt;<strong> flxEntryFields</strong>, and select <strong>flxNames</strong>.</li>\n<li>From the <strong>Properties</strong> panel, navigate to the <strong>Look </strong>tab.</li>\n<li>Under the <strong>Flex</strong> section, modify the following values:\n<ul>\n<li>Width: <strong>240 Dp</strong></li>\n<li>Height: <strong>156 Dp</strong></li>\n</ul>\n</li>\n</ol>"},"navigationBar":{"left":{"text":"Previous"},"right":{"text":"Next"}}},"Cards.Kony.ResponsiveBreakV9.optimizeLayout1":{"content":{"title":"Optimize the Layout of Names","body":"<ol>\n<li>From the <strong>Properties</strong> panel, navigate to the <strong>FlexContainer</strong> tab.</li>\n<li>Under the <strong>General </strong>section, for the <strong>Layout Type</strong>, select <strong>Flow Vertical</strong> from the drop-down list.</li>\n</ol>"},"navigationBar":{"left":{"text":"Previous"},"right":{"text":"Next"}}},"Cards.Kony.ResponsiveBreakV9.optLayLastName":{"content":{"title":"Optimizing Layout for Last Name","body":"<ol>\n<li>From the <strong>Project</strong> explorer, expand <strong>frmAddRecipient </strong>&gt;<strong> flxAddRecipient </strong>&gt;<strong> flxEntryFields&nbsp;</strong>&gt; <strong>flxNames</strong>, and select <strong>flxLastName</strong>.</li>\n<li>From the <strong>Properties</strong> panel, navigate to the <strong>Look </strong>tab.</li>\n<li>Under the <strong>Flex</strong> section, modify the following values:<br />\n<ul>\n<li>Left: <b>0 Dp</b></li>\n<li>Top: <b>24 Dp</b></li>\n<li>Height: <b>66 Dp</b></li>\n</ul>\n</li>\n</ol>"},"navigationBar":{"left":{"text":"Previous"},"right":{"text":"Next"}}},"Cards.Kony.ResponsiveBreakV9.optLayNickName":{"content":{"title":"Optimizing the Layout of Nick Name","body":"<ol>\n<li>From the <strong>Project</strong> explorer, expand <strong>frmAddRecipient </strong>&gt;<strong> flxAddRecipient </strong>&gt;<strong> flxEntryFields</strong>, and select <strong>flxNickName</strong>.</li>\n<li>From the <strong>Properties</strong> panel, navigate to the <strong>Look </strong>tab.</li>\n<li>Under the <strong>Flex</strong> section, modify the following values:<br />\n<ul>\n<li>Width: <strong>240 Dp</strong></li>\n<li>Top: <strong>24 Dp</strong></li>\n</ul>\n</li>\n</ol>"},"navigationBar":{"left":{"text":"Previous"},"right":{"text":"Next"}}},"Cards.Kony.ResponsiveBreakV9.optLayoutFirstName":{"content":{"title":"Optimizing Layout for First Name","body":"<ol>\n<li>From the <strong>Project</strong> explorer, expand <strong>frmAddRecipient </strong>&gt;<strong> flxAddRecipient </strong>&gt;<strong> flxEntryFields</strong> &gt; <strong>flxNames</strong>, and select <strong>flxFirstName</strong>.</li>\n<li>From the <strong>Properties </strong>panel, navigate to the <strong>Look </strong>tab.</li>\n<li>Under the <strong>Flex </strong>section, modify the following values:<br />\n<ul>\n<li>Height: <strong>66 Dp</strong></li>\n</ul>\n</li>\n</ol>"},"navigationBar":{"left":{"text":"Previous"},"right":{"text":"Next"}}},"Cards.Kony.ResponsiveBreakV9.optLayPhone":{"content":{"title":"Optimizing Layout for Phone Number","body":"<ol>\n<li>From the <strong>Project</strong> explorer, expand <strong>frmAddRecipient </strong>&gt;<strong> flxAddRecipient </strong>&gt;<strong> flxEntryFields</strong>, and select <strong>flxPhoneNumber</strong>.</li>\n<li>From the <strong>Properties</strong> panel, navigate to the <strong>Look </strong>tab.</li>\n<li>Under the <strong>Flex</strong> section, modify the following values:<br />\n<ul>\n<li>Width: <strong>240 Dp</strong></li>\n</ul>\n</li>\n</ol>"},"navigationBar":{"left":{"text":"Previous"},"right":{"text":"Next"}}},"Cards.Kony.ResponsiveBreakV9.run":{"content":{"title":"Run the App","body":"<ol>\n<li>From the left navigation bar, click <strong>Run</strong>.<br /> It will take some time for Visualizer to display the <strong>Live Preview is ready</strong> window.<br /> The Visualizer Preview window launches your application.</li>\n<li>Enter the following login credentials in your app.\n<ul>\n<li>Username: <strong>john.doe@temenos.com</strong></li>\n<li>Password: <strong>Temenos@123</strong></li>\n</ul>\n</li>\n<li>Click <strong>Login</strong>.<br /> The account list appears.</li>\n<li>Click the <strong>Recipients</strong> tab.<br /> The recipient list appears.</li>\n</ol>"},"navigationBar":{"left":{"text":"Previous"},"right":{"text":"Next"}}},"Cards.Kony.ResponsiveBreakV9.view":{"content":{"title":"View the Responsiveness of the Screens","body":"<ol>\n<li>Click the add <strong>(+) </strong>icon to add a recipient.<br />Drag and resize the form canvas to see the change in the layout of the form.<br />Alternatively, from the top of the <strong>Visualizer Preview</strong> window, use the dimensions specifier to change the dimensions and see the change in layout.</li>\n<li>Select a recipient from the list to view their details.</li>\n<li>From the details page, click the <strong>Delete </strong>button to delete the recipient.</li>\n<li>From the details page, click the <strong>Edit</strong> button to edit the recipient details.<br />Drag and resize the form canvas to see the change in the layout of the form.<br />Alternatively, from the top of the <strong>Visualizer Preview</strong> window, use the dimensions specifier to change the dimensions and see the change in layout.</li>\n<li>Click the logout button on top of the screen to navigate to the login screen.</li>\n</ol>"},"navigationBar":{"left":{"text":"Previous"},"right":{"text":"Next"}}},"Tour.AssignDatatotheSegmentV9":{"description":" Description of Tour"},"Hikes.kony.AssignDatatotheSegmentV9":{"description":" Description of hike"},"Cards.kony.AssignDatatotheSegmentV9.addServices":{"content":{"title":"Add Services to the Employee List","body":"<ol>\n<li>Expand <strong>Sample Services </strong>&gt; <strong>EmployeeServices </strong>&gt; <strong>employees.</strong></li>\n<li>Select <strong>get</strong>.</li>\n<li>Drag <strong>get </strong>from the <strong>Data & Services </strong>panel onto the <strong>Visualizer</strong> canvas.</li>\n<li>Expand <strong>Project Services </strong>&gt; <strong>Objects </strong>&gt; <strong>EmployeeServices </strong>&gt; <strong>employees</strong>.</li>\n<li>Next to <strong>get</strong>, click <strong>View Mapping</strong>.</li>\n</ol>"},"navigationBar":{"left":{"text":"Previous"},"right":{"text":"Next"}}},"Cards.kony.AssignDatatotheSegmentV9.dupLabel1":{"content":{"title":"Duplicate the Label employeeName","body":"<ol>\n<li>Right-click on <strong>employeeName </strong>and select <strong>Duplicate</strong>.</li>\n<li>Right-click on the new label and select <strong>Rename</strong>.</li>\n<li>Rename the label <strong>empDesignation</strong>.</li>\n</ol>"},"navigationBar":{"left":{"text":"Previous"},"right":{"text":"Next"}}},"Cards.kony.AssignDatatotheSegmentV9.dupLabel2":{"content":{"title":"Duplicate the Label empName","body":"<ol>\n<li>Right-click on <strong>employeeName</strong> and select <strong>Duplicate</strong>.</li>\n<li>Right-click on the new label and select <strong>Rename</strong>.</li>\n<li>Rename the label <strong>empDepartment</strong>.</li>\n</ol>"},"navigationBar":{"left":{"text":"Previous"},"right":{"text":"Next"}}},"Cards.kony.AssignDatatotheSegmentV9.Intro":{"content":{"title":"Assign Data to the Segment","body":"<p><strong>Let&rsquo;s get started!</strong></p>\n<p>In this hike, we will:</p>\n<ul>\n<li>Modify the segment template from the template</li>\n<li>Assign data to the widgets in the template</li>\n</ul>\n<p>&nbsp;</p>\n<p>Before you begin, ensure that you have completed the following hike:</p>\n<ol>\n<li><a class=\"tour-link\" tour=\"9b0f07t4-e9a8-49rb-83u2-876264n4\"><strong>Introduction to Segment</strong></a></li>\n</ol>\n<p>&nbsp;</p>\n<p>Ensure that you open the same project that you have created in the previous hikes.</p>\n<p>To open a closed project, from the main menu, navigate to <strong>Project</strong> &gt; <strong>Open</strong> &gt; <strong>Kony Reference Architecture</strong> &gt; <strong>EmployeeList</strong>.</p>\n<p>&nbsp;</p>\n<p><strong>When you are ready, click Start!</strong></p>"},"navigationBar":{"left":{"text":"Previous"},"right":{"text":"Start"}}},"Cards.kony.AssignDatatotheSegmentV9.last":{"content":{"title":"Congratulations","body":"<p><strong>Well Done! You have successfully:</strong></p>\n<ul>\n<li>Created a form with a segment</li>\n<li>Added widgets to the segment</li>\n<li>Assigned data to the segment</li>\n</ul>\n<br/>\n<p>To learn more on what you can do with Quantum Visualizer, visit <a href='#'onClick='javascript:openURL(\"https://basecamp.kony.com/s/\")'>Base Camp</a>.</p>"},"navigationBar":{"left":{"text":"Previous"},"right":{"text":"Done"}}},"Cards.kony.AssignDatatotheSegmentV9.mapping1":{"content":{"title":"Map Services to UI Elements","body":"<ol>\n<li>You can see that the following mappings have already been done on the mapping editor from the left pane to the right pane.\n<ul>\n<li> <strong>records {collection}</strong> to <strong>rowData{collection}</strong>.</li>\n<li><strong>Name {string}</strong> to <strong>Label-employeeName</strong> &gt; <strong>text {string}</strong></li>\n<li><strong>Department {string}</strong> to <strong>Label-empDepartment</strong> &gt; <strong>text {string}</strong></li>\n<li><strong>Designation {string}</strong> to <strong>Label-empDesignation</strong> &gt; <strong>text {string}</strong></li>\n</ul>\n</li>\n</ol>"},"navigationBar":{"left":{"text":"Previous"},"right":{"text":"Next"}}},"Cards.kony.AssignDatatotheSegmentV9.mapping2":{"content":{"title":"Map Services to UI Elements","body":"<ol>\n<li>Add the mappings for <b>employeeImage</b> in the following manner:\n<ul>\n<li>From the left pane, select <strong>Image_URL {string}</strong> and from the right pane, select <strong>Image-employeeImage</strong>&gt; <strong>src {string}</strong>.</li>\n</ul>\n</li>\n<li>Click <strong>Save</strong>.</li>\n</ol>"},"navigationBar":{"left":{"text":"Previous"},"right":{"text":"Next"}}},"Cards.kony.AssignDatatotheSegmentV9.mapServices":{"content":{"title":"Map Services to UI Elements","body":"<ol>\n<li>From the top-right corner of the <strong>Action Editor </strong>canvas, select <strong>Design View</strong>.</li>\n<li>Navigate to <strong>Invoke Service name: EmployeeServices$employees$get</strong> &gt; <strong>Callback </strong>&gt;&nbsp;<strong>IF</strong><strong> employees.opstatus is equal to 0</strong> and select <strong>Add Mapping</strong>.<br /><strong>Mapping Editor </strong>opens on the right pane of the <strong>Action Editor</strong>.</li>\n<li>On the left pane of the <strong>Mapping Editor</strong>, expand <strong>Services </strong>&gt; <strong>Service &ndash; EmployeeServices$employees$get</strong></li>\n<li>On the right pane of the <strong>Mapping Editor</strong>, expand <strong>Forms </strong>&gt; <strong>frmList </strong>&gt; <strong>Segment-employeeSegment</strong> &gt; <strong>masterdatamap</strong>.</li>\n</ol>"},"navigationBar":{"left":{"text":"Previous"},"right":{"text":"Next"}}},"Cards.kony.AssignDatatotheSegmentV9.modifyUI":{"content":{"title":"Modify the Segment","body":"<ol>\n<li>From the <strong>Project </strong>explorer, expand <strong>Mobile </strong>&gt; <strong>Forms </strong>&gt; <strong>frmList </strong>&gt; <strong>employeeSegment</strong>.</li>\n<li>Select <strong>employeeName</strong>.</li>\n</ol>"},"navigationBar":{"left":{"text":"Previous"},"right":{"text":"Next"}}},"Cards.kony.AssignDatatotheSegmentV9.run":{"content":{"title":"Run the App","body":"<ol><li>Connect the <strong>mobile</strong> device to the computer with a USB cable.</li>\n<li>Open <strong>Quantum App</strong> on your <strong>mobile</strong> device.</li>\n<li>Select the <strong>USB </strong>tab.<strong><br /></strong></li>\n<li>From the left navigation bar on your Visualizer, click <strong>Run</strong>.</li>\n<li>Enter the name <strong>EmployeeList </strong>and click <strong>Launch</strong>.<br /> You can see the Employee List with an image, name, designation and department.</li>\n</ol>"},"navigationBar":{"left":{"text":"Previous"},"right":{"text":"Next"}}},"Cards.kony.AssignDatatotheSegmentV9.services":{"content":{"title":"Add Services to EmployeeList","body":"<ol>\n<li>From the Project explorer, expand <strong>Mobile</strong> &gt; <strong>Forms</strong> &gt; <strong>frmList</strong>.</li>\n<li>Select <strong>employeeSegment</strong>.</li>\n<li>Click the <strong>Data &amp; Services</strong> panel on the top-right corner of Visualizer.</li>\n</ol>"},"navigationBar":{"left":{"text":"Previous"},"right":{"text":"Next"}}},"Cards.kony.AssignDatatotheSegmentV9.uiLabel":{"content":{"title":"Assign Position to the Label","body":"<ol>\n<li>From the <strong>Properties</strong> panel, navigate to the <strong>Look</strong> tab.</li>\n<li>Under the <strong>Flex</strong> section, enter the following values:\n<ul>\n<li>Left: <strong>165 Dp</strong></li>\n<li>Center Y: <strong>50%</strong></li>\n</ul>\n</li>\n</ol>"},"navigationBar":{"left":{"text":"Previous"},"right":{"text":"Next"}}},"Cards.kony.AssignDatatotheSegmentV9.uiLabel1":{"content":{"title":"Assign Position to the Label","body":"<ol>\n<li>From the <strong>Properties</strong> panel, navigate to the <strong>Look</strong> tab.</li>\n<li>Under the <strong>Flex</strong> section, enter the following values:\n<ul>\n<li>Left: <strong>165 Dp</strong></li>\n<li>Bottom: 2<strong>3 Dp<br /></strong></li>\n<li>Clear out the value given on the right of <strong>Top</strong></li>\n</ul>\n</li>\n</ol>"},"navigationBar":{"left":{"text":"Previous"},"right":{"text":"Next"}}},"Tour.CreateEmailIdComponentV9":{"description":" Description of Tour"},"Hikes.kony.CreateEmailIdCompV9":{"description":" Description of hike"},"Cards.kony.CreateEmailIdCompV9.addActionBtn":{"content":{"title":"Add Action to Button in Contact","body":"<ol>\n<li>From the upper-left corner of Visualizer, in the <b>Project</b> explorer, expand <b>Mobile</b> > <b>Forms</b> > <b>Contact</b> and select the <b>Submit</b> button.</li>\n<li> From the upper-right corner of Visualizer, in the <b>Properties</b> panel, click <b>Action</b>.</li>\n<li>For the <b>onClick</b> event, click <b>Edit</b>.<br/>The <b>Action Editor</b> window appears.</li>\n</ol>"},"navigationBar":{"left":{"text":"Previous"},"right":{"text":"Next"}}},"Cards.kony.CreateEmailIdCompV9.addAlert":{"content":{"title":"Add an Alert","body":"<ol>\n<li>From the <strong>Action Editor</strong> left menu, under <strong>Client</strong>, select <strong>Show Alert</strong>.</li>\n<li>Enter the following details in the right pane:<br />\n<ul>\n<li>Alert Type: <strong>Info</strong></li>\n<li>Alert Title: <strong>Your Email has been added! </strong></li>\n<li>Yes Label: <strong>OK</strong></li>\n<li>Alert Message: <strong>Email has been verified and added</strong>.</li>\n</ul>\n</li>\n<li>Click <strong>Save</strong>.</li>\n</ol>"},"navigationBar":{"left":{"text":"Previous"},"right":{"text":"Next"}}},"Cards.kony.CreateEmailIdCompV9.addCustom":{"content":{"title":"Add Custom Events to the Component","body":"<ol>\n<li>From the upper-left corner of Visualizer, in the <b>Templates</b> explorer, expand <b>Components</b> and select the \n component <b>userEntry.emailField</b>. </li>\n<li> From the upper-right corner of Visualizer, in the <b>Properties</b> panel, click <b>Action</b>, and then, click <b>Manage Events</b>.</li>\n<li>From the <b>Manage Events</b> window, select the <b>Custom</b> tab, and then  click the Add icon <img src=\"https://i.ibb.co/m0gc2rs/add-icon.png\" alt=\"add icon\" width=\"13\"\n         height=\"13\">. </li>\n<li>Under <b>Raised Events</b>, enter <b>onValidationSuccess</b>.</li>\n<li>Click the Add icon <img src=\"https://i.ibb.co/m0gc2rs/add-icon.png\" alt=\"add icon\" width=\"13\"\n         height=\"13\"> again. Under <b>Raised Events</b>, enter <b>onValidationFailed</b>. </li>\n<li>Click <b>Apply</b>.</li>\n</ol>"},"navigationBar":{"left":{"text":"Previous"},"right":{"text":"Next"}}},"Cards.kony.CreateEmailIdCompV9.build":{"content":{"title":"Build the App","body":"<ol>\n<li>From the main menu, go to <b>Build</b> and select <b>Live Preview Settings</b>.</li>\n<li>In the <b>Live Preview Settings</b> window, under <b>Native</b>, select checkboxes next to OS of the <b>mobile</b> device on which you are going to view the app.<br/>\nFor example: <b>iOS</b> and <b>Android</b><br/>\nEnsure that you have unselected the checkboxes for all other platforms and channels.\n<li>Click <b>Save & Run</b>.<br/>\nIt may take some time for the Visualizer to show the <b>Live Preview is ready</b> window."},"navigationBar":{"left":{"text":"Previous"},"right":{"text":"Next"}}},"Cards.kony.CreateEmailIdCompV9.code":{"content":{"title":"Enter the Code","body":"<ol>\n<li>Download the code for email validation  from <a href='#'onClick='javascript:openURL(\"http://docs.kony.com/hikes/code/createComponent.zip\")'>here</a>.</li>\n<li>From the upper-left corner of Visualizer, in the <strong>Templates</strong> explorer, under <strong>Modules</strong>, open <strong>emailFieldController.js</strong> file.</li>\n<li>Open and extract the downloaded zip file and copy the code from it.</li><li>Replace the existing code in <strong>emailFieldController.js</strong> file with the copied code.</li>\n<li>From the main menu, go to <strong>Project</strong>, and select <strong>Save</strong>.</li>\n</ol>"},"navigationBar":{"left":{"text":"Previous"},"right":{"text":"Next"}}},"Cards.kony.CreateEmailIdCompV9.ComponentUI1":{"content":{"title":"Create a Component","body":"<ol>\n<li>From the upper-left corner of Visualizer, go to the <b>Templates</b> explorer.</li>\n<li>Right-click on <b>Components</b> and  select <b>New</b> > <b>with Contract</b>. </li>\n<li>Enter the following details:<br/>\n<ul><li>Namespace: <b>userEntry</b></li><li> Name: <b>emailField</b></li></ul></li>\n<li>Click <b>OK</b>. </li>\n<li>An <b>emailField</b> flex container is created by default. From the <b>Templates</b> explorer, expand <b>Components</b> > <b>userEntry.emailField</b> and select the <b>emailField</b> flex container.</li>\n<li>From the <b>Properties</b> panel, click  <b>Look</b>.</li><li>Under the <b>Flex</b> section, modify the values of the following properties:<br/>\n<ul><li>Top: <b>190 Dp</b></li>\n<li>Height: <b>30 %</b></li>\n<li>Width: <b>100 %</b></li></ul></li>\n</ol>"},"navigationBar":{"left":{"text":"Previous"},"right":{"text":"Next"}}},"Cards.kony.CreateEmailIdCompV9.ComponentUI2":{"content":{"title":"Add a TextBox Widget","body":"<ol>\n<li>From the lower-left corner of Visualizer, go to the <b>Default Library</b> and click the search icon <img src=\"https://i.ibb.co/gmMPVjC/search-Icon.png\" alt=\"search icon\" width=\"14\"\nheight=\"14\"></li><li>In the search bar, clear any previous text and enter <b>TextBox</b>. </li>\n<li> From the results, select <b>TextBox</b>, drag and drop the widget onto the <b>emailField</b> flex container in the canvas.</li>\n<li>Right-click on the new text box widget and rename the text box <b>txtEmailID</b>.</li>\n</ol>"},"navigationBar":{"left":{"text":"Previous"},"right":{"text":"Next"}}},"Cards.kony.CreateEmailIdCompV9.COmponentUI3":{"content":{"title":"Design the TextBox Widget","body":"<ol><li>From the upper-right corner of Visualizer, in the <b>Properties</b> panel, click <b>Look</b>.</li>\n<li>Under the <b>Flex</b> section, modify the values of the following properties:\n<ul><li> Top: <b>30 %</b></li>\n<li> Width: <b> 300 Dp</b></li>\n<li> Height: <b> 40 Dp</b></li>\n<li>Center X: <b> 50 %</b></li></ul></li></ol>"},"navigationBar":{"left":{"text":"Previous"},"right":{"text":"Next"}}},"Cards.kony.CreateEmailIdCompV9.componentUI4":{"content":{"title":"Add a Label Widget","body":"<ol>\n<li>From the <strong>Templates</strong> explorer, navigate to <strong>Components</strong> &gt; <strong>userEntry.emailField</strong> and select <strong>emailField</strong>.</li>\n<li>From the lower-left corner of Visualizer, go to the <strong>Default Library</strong> and click on the search icon <img src=\"https://i.ibb.co/gmMPVjC/search-Icon.png\" alt=\"search icon\" width=\"13\" height=\"13\" />.</li>\n<li>In the search bar, clear any previous text and enter <strong>Label</strong>.</li>\n<li>From the results, select <strong>Label</strong>, drag and drop the widget onto the <strong>emailField</strong> flex container in the canvas.</li>\n<li>From the <strong>Project</strong> explorer, right-click on the new label widget and rename the label <strong>BottomLabel</strong>.</li>\n</ol>"},"navigationBar":{"left":{"text":"Previous"},"right":{"text":"Next"}}},"Cards.kony.CreateEmailIdCompV9.componentUI5":{"content":{"title":"Design the Label Widget","body":"<ol><li>From the upper-right corner of Visualizer, in the <b>Properties</b> panel, click <b>Look</b>. </li><li>Under the <b>General</b> section, for the <b>Visible</b> property, select <b>Off</b>.</li>\n<li>Under the <b>Appearance</b> section, modify the values of the following properties:<br/>\n<ul><li> Text: <b> Invalid email ID </b></li></ul></li>\n<li>Under the <b>Flex</b> section, modify the values of the following properties:\n<ul><li>Left: <b> 10% </b></li>\n<li>Top: <b>54%</b></li></ul></li>\n\n</ol>"},"navigationBar":{"left":{"text":"Previous"},"right":{"text":"Next"}}},"Cards.kony.CreateEmailIdCompV9.createCont1":{"content":{"title":"Design the Label Widget","body":"<ol>\n<li>From the <strong>Properties</strong> panel, click <strong>Look</strong>.</li>\n<li>Under the <strong>Appearance</strong> section, modify the value of the following properties:\n<ul>\n<li>For the <strong>Content Align</strong> property, select <strong>Center</strong> and <strong>Middle</strong></li>\n<li>For the <strong>Text</strong> property, in the text box, enter <strong>Contact Us </strong></li>\n</ul>\n</li>\n<li>Under the <strong>Flex</strong> section, modify the value of the following properties:<br />\n<ul>\n<li>Left: <strong>0 Dp </strong></li>\n<li>Top: <strong>0 Dp </strong></li>\n<li>Width: <strong>100 % </strong></li>\n</ul>\n</li>\n</ol>"},"navigationBar":{"left":{"text":"Previous"},"right":{"text":"Next"}}},"Cards.kony.CreateEmailIdCompV9.createCont2":{"content":{"title":"Design the Label Widget","body":"<ol><li>In the <b>Properties</b> panel, click <b>Skin</b>.</li>\n<li>Under the <b>BackGround</b> section, modify the values of the following properties:<br/>\n<ul><li>For the <b>Type</b> property, select <b>Single Color</b></li>\n<li>For the <b>Color</b> property, click the square next to it and modify the <b>#</b> value to <b>51b4ed</b></li>\n<li>For the <b>Opacity</b> property, in the text box, enter <b>100</b></li></ul></li>\n</ol>"},"navigationBar":{"left":{"text":"Previous"},"right":{"text":"Next"}}},"Cards.kony.CreateEmailIdCompV9.createCont3":{"content":{"title":"Add a TextBox Widget","body":"<ol>\n<li>From the lower-left corner of Visualizer, go to the <b>Default Library</b> and click on the search icon <img src=\"https://i.ibb.co/gmMPVjC/search-Icon.png\" alt=\"search icon\" width=\"13\"\nheight=\"13\"> \n . </li><li>In the search bar, clear any previous text and enter <b>TextBox</b>.</li>\n<li>From the results, select <b>TextBox</b>. </li><li>Drag and drop the widget onto the <b>Contact</b> form in the canvas.</li> \n<li>From the <b>Project</b> explorer, right-click on the new text box widget and rename <b>txtName</b>.</li>\n</ol>"},"navigationBar":{"left":{"text":"Previous"},"right":{"text":"Next"}}},"Cards.kony.CreateEmailIdCompV9.createCont4":{"content":{"title":"Design the TextBox Widget","body":"<ol>\n<li>From the upper-right corner of Visualizer, in the <b>Properties</b> panel, click <b>Look</b>.</li> \n <li>Under the <b>Flex</b> section, modify the values of the following properties:<br/>\n<ul><li>Top: <b>20 %</b></li>\n<li>Width: <b>300 Dp</b></li>\n<li>Center X: <b>50 %</b></li></ul></li>\n</ol>"},"navigationBar":{"left":{"text":"Previous"},"right":{"text":"Next"}}},"Cards.kony.CreateEmailIdCompV9.createCont5":{"content":{"title":"Add a Button Widget","body":"<ol>\n<li>From the lower-left corner of Visualizer, go to the <b>Default library</b>, and clear the previous from the search bar. </li>\n<li>Drag and drop the <b>Button</b> widget onto the <b>Contact</b> form in the canvas.</li>\n<li>From the <b>Project</b> explorer, right-click on the new button widget, and rename the button <b>Submit</b>.</li>\n</ol>"},"navigationBar":{"left":{"text":"Previous"},"right":{"text":"Next"}}},"Cards.kony.CreateEmailIdCompV9.createCont6":{"content":{"title":"Design the Button Widget","body":"<ol>\n<li>From the upper-right corner of Visualizer, in the <strong>Properties</strong> panel, click  <strong>Look</strong>.</li>\n<li>Under the <strong>Appearance</strong> section, modify the value of the following property:\n<ul>\n<li>Text: <strong> Submit </strong></li>\n</ul>\n</li>\n<li>Under the <strong>Flex</strong> section, modify the values of the following properties:<br />\n<ul>\n<li>Top: <strong>60 %</strong></li>\n<li>Width: <strong> 300 Dp</strong></li>\n<li>Center X: <strong>50 % </strong></li>\n</ul>\n</li>\n</ol>"},"navigationBar":{"left":{"text":"Previous"},"right":{"text":"Next"}}},"Cards.kony.CreateEmailIdCompV9.customProp":{"content":{"title":"Add Custom Properties to the Component","body":"<ol>\n<li>From the upper-left corner of Visualizer, in the <b>Templates</b> explorer, expand <b>Components</b> and select the <b>userEntry.emailField</b> component. </li>\n<li>From the upper-right corner of Visualizer, in the <b>Properties</b> panel, go to the <b>Component</b> tab, and click <b>Manage Properties</b>.</li>\n<li>From the <b>Manage Properties</b> window, select the <b>Custom</b> tab, and click the Add icon <img src=\"https://i.ibb.co/m0gc2rs/add-icon.png\" alt=\"add icon\" width=\"13\"\n         height=\"13\">.\n <li>Modify the values of the following properties:</br>\n<ul><li>Property Name: <b>minCharlength</b></li>\n<li>Display Name: <b>Minimum Character Length</b></li>\n<li>Property Type: <b>Integer</b></li>\n<li>Default Value: <b>3</b></li>\n<li>Group: <b>General</b></li>\n<li>Read / Write: <b>Write</b></li></ul></li> \n<li>Click <b>Apply</b>. </li>\n</ol>"},"navigationBar":{"left":{"text":"Previous"},"right":{"text":"Next"}}},"Cards.kony.CreateEmailIdCompV9.done":{"content":{"title":"Congratulations","body":"You have successfully:\n<ul><li><b>Created an emailID component</b></li>\n<li><b>Inserted the component into the Contact Us form</b></li>\n<li><b>Changed Component properties and see how it appears in the form</b></li><br/>\n\n<p>To learn more on what you can do with Quantum Visualizer, visit <a href='#'onClick='javascript:openURL(\"https://basecamp.kony.com/s/\")'>Base Camp</a>.</p>"},"navigationBar":{"left":{"text":"Previous"},"right":{"text":"Done"}}},"Cards.kony.CreateEmailIdCompV9.explore":{"content":{"title":"Explore the App","body":"<p>You will now be able to view the app on your <strong>mobile</strong> device.</p>\n<ol>\n<li>Enter your username and a valid email address in the textbox with placeholder: <strong>Email ID</strong>.</li>\n<li>Click <strong>Submit</strong>.</li>\n<li>Now enter an invalid email address in the textbox with placeholder: <strong>Email ID</strong>.<br/>\nThe message <strong>Invalid email ID</strong> appears.</li>\n</ol>"},"navigationBar":{"left":{"text":"Previous"},"right":{"text":"Next"}}},"Cards.kony.CreateEmailIdCompV9.Insert":{"content":{"title":"Insert Component into the Contact Form","body":"<ol>\n<li>From the upper-left corner of Visualizer, in the <strong>Project</strong> explorer, expand <strong>Mobile</strong> &gt; <strong>Forms</strong> and select the <strong>Contact</strong> form.</li>\n<li>Go to the <strong>Templates</strong> explorer and expand <strong>Components</strong> &gt; <strong>userEntry.emailField</strong>.</li>\n<li>Right-click on the <strong>userEntry.emailField</strong>  component and select<strong> Insert into</strong>.</li>\n</ol>\n<p>The component is now added to the <strong>Contact </strong>form.</p>"},"navigationBar":{"left":{"text":"Previous"},"right":{"text":"Next"}}},"Cards.kony.CreateEmailIdCompV9.Intro":{"content":{"title":"Introduction to Components","body":"<b>\nLet’s get started!\n</b><br/><br/>\nIn this guided tour, you will\n <br/>\n<ul><li>\nCreate an <b>email ID</b> component </li><li>Add the component to the <b>Contact Us</b> form\n</li>\n<li> Modify the component properties and see how the changes appear in the <b>Contact Us</b> form\n</li></ul><br/>\n<b>When you are ready, click Start!</b>"},"navigationBar":{"left":{"text":"Previous"},"right":{"text":"Start"}}},"Cards.kony.CreateEmailIdCompV9.link2":{"content":{"title":"Add Action to TextBox Widget for iPhone","body":"<ol>\n<li>From the upper-right corner of Visualizer, in the <strong>Properties</strong> panel, click <strong>Action</strong>. Under <strong>iPhone</strong>, click <strong>Edit</strong> for the <strong>onEndEditing</strong> event.<br />The <strong>Action Editor</strong> window appears.</li>\n<li>From the <strong>Action Editor</strong> left menu, under <strong>Function</strong>, select <strong>Invoke Function</strong>.</li>\n<li>From the right pane of the <strong>Action Editor</strong>, under <strong>Function Name</strong>, select the <strong>onTextEdit</strong> function.</li>\n<li>Click <strong>Save</strong>.</li>\n</ol>"},"navigationBar":{"left":{"text":"Previous"},"right":{"text":"Next"}}},"Cards.kony.CreateEmailIdCompV9.linkCodetoWidgets":{"content":{"title":"Add Action to TextBox Widget","body":"<ol>\n<li>From the upper-left corner of Visualizer, in the <strong>Templates</strong> explorer, expand <strong>Components</strong> &gt; <strong>userEntry.emailField</strong> &gt; <strong>emailField</strong> and select the <strong>txtEmailID</strong> textbox.</li>\n<li>From the upper-right corner of Visualizer, in the <strong>Properties</strong> panel, click <strong>Action</strong>, then click <strong>Edit</strong> for the <strong>onDone</strong> event.<br />The <strong>Action Editor</strong> window appears.</li>\n<li>From the <strong>Action Editor </strong>left menu, under <strong>Function</strong>, select <strong>Invoke Function</strong>.</li>\n<li>From the right pane of the <strong>Action Editor</strong>, under <strong>Function Name</strong>, select the <strong>onTextEdit</strong> function.</li>\n<li>Click <strong>Save</strong>.</li>\n</ol>"},"navigationBar":{"left":{"text":"Previous"},"right":{"text":"Next"}}},"Cards.kony.CreateEmailIdCompV9.modifyComp":{"content":{"title":"Add a Placeholder to the Component","body":"<ol>\n<li>From the upper-left corner of Visualizer, in the <strong>Templates</strong> explorer, expand <strong>Components</strong> and select the component <strong>userEntry.emailField</strong>.</li>\n<li>From the upper-right corner of Visualizer, in the<strong> Properties</strong> panel, click the <strong>Component</strong> tab.</li>\n<li>Modify the placeholder value to <strong>Email ID</strong>.</li>\n</ol>\n<p>You will notice that the placeholder value is now modified in the <strong>Contact</strong> form also.</p>"},"navigationBar":{"left":{"text":"Previous"},"right":{"text":"Next"}}},"Cards.kony.CreateEmailIdCompV9.NewProject1":{"content":{"title":"Create a New Project","body":"<ol>\n<li>Navigate to <strong>Project</strong> &gt; <strong>New Project</strong> to create a new project.</li>\n<li>In the <strong>What do you want to start with now? </strong>window, select <strong>Native App</strong>.</li>\n<li>Click <strong>Next</strong>.<br/>The <b>You started with a Native App</b> window opens. </li>\n</ol>"},"navigationBar":{"left":{"text":"Previous"},"right":{"text":"Next"}}},"Cards.kony.CreateEmailIdCompV9.NewProject2":{"content":{"title":"Create a New Project","body":"<ol>\n<li>Under <strong>Project Name</strong>, enter <strong>CreateComponent</strong>.</li>\n<li>Click <strong>Create</strong>.<br />A new application is created with one flex form. <br />The application opens in the <strong>Storyboard </strong>view.</li>\n</ol>"},"navigationBar":{"left":{"text":"Previous"},"right":{"text":"Next"}}},"Cards.kony.CreateEmailIdCompV9.passThroughEvent":{"content":{"title":"Add Pass Through Events to the Components","body":"<ol>\n<li>From the upper-left corner of Visualizer, in the <strong>Templates</strong> explorer, expand <strong>Components</strong> &gt; <strong>userEntry.emailField</strong> and select the <strong>txtEmailID</strong> textbox.</li>\n<li>From the upper-right corner of Visualizer, in the <strong>Properties</strong> panel, click <strong>Action</strong>.</li>\n<li>Right-click on the <strong>onTouchEnd</strong> event, and select <strong>Add Event to Component</strong>.</li>\n</ol>"},"navigationBar":{"left":{"text":"Previous"},"right":{"text":"Next"}}},"Cards.kony.CreateEmailIdCompV9.PassThruProp":{"content":{"title":"Add Pass Through Properties to the Component","body":"<ol>\n<li>From the upper-left corner of Visualizer, in the <b>Templates</b> explorer, expand <b>Components</b> > <b>userEntry.emailField</b> and select the <b>txtEmailID</b> text box. </li> \n<li>From the upper-right corner of Visualizer, in the <b>Properties</b> panel, click <b>Text Box</b>. </li>\n<li>Under the <b>General</b> section, right-click on the following properties and select <b> Add Property to Component</b>.\n<ul><li> <b>Max characters</b></li>\n<li><b>Placeholder</b></li></ul></li>\n</ol>"},"navigationBar":{"left":{"text":"Previous"},"right":{"text":"Next"}}},"Cards.kony.CreateEmailIdCompV9.preview":{"content":{"title":"View the App","body":"<ol>\n<li>Connect your <b>mobile</b> device to your computer using a USB cable.<br/>\nFor Android <b>mobile</b> device, ensure that the use of USB is <b>Transfer files</b>.<br/>\nFor iOS <b>mobile</b> device, ensure that a <b>trust</b> has been established between your device and your computer.\n<li>Launch the <b>Quantum App</b> on your <b>mobile</b> device.</li>\n<li>Select the <b>USB</b> tab.</li>\n<li>On successful connection, the Visualizer on your computer shows a success prompt.</li>\n<li>Enter the app name <b>CreateComponent</b> and click <b>Launch</b>.</li>\n</ol>"},"navigationBar":{"left":{"text":"Previous"},"right":{"text":"Next"}}},"Cards.kony.CreateEmailIdCompV9.rename":{"content":{"title":"Create the UI","body":"<ol>\n<li>In the <strong>Storyboard</strong> view, above the new Form, click <strong>Form1</strong>.</li>\n<li>Rename the form <strong>Contact</strong>.</li>\n<li>To add widgets to the form, double-click on the form to open the form in <strong>Design </strong>view.</li>\n<li>From the lower-left corner of Visualizer, go to the <strong>Default Library</strong> and click on the search icon <img src=\"https://i.ibb.co/gmMPVjC/search-Icon.png\" alt=\"search icon\" width=\"13\" height=\"13\" /> . In the search bar, enter <strong>Label</strong>.</li>\n<li>From the results, select <strong>Label</strong>, drag and drop the widget onto the <strong>Contact</strong> form on the canvas.</li>\n</ol>"},"navigationBar":{"left":{"text":"Previous"},"right":{"text":"Next"}}}}