{
  "Tour.FlexPropertiesV9": {
    "description": "旅遊描述"
  },
  "Hike.VoltMX.FlexPropertiesV9": {
    "description": "徒步說明"
  },
  "Card.VoltMX.FlexPropertiesV9.AddButton": {
    "content": {
      "title": "向表單添加按鈕",
      "body": "<ol>\n<li>來自<strong>默認庫</strong>畫布左下角的標籤，搜索<strong>按鈕</strong>小部件。</li>\n<li>拖放<strong>按鈕</strong>小部件到<strong>frmFlex</strong>畫布上的表格。</li>\n<li> 選擇新添加的<strong>按鈕</strong>來自<strong>項目</strong>畫布左上角的資源管理器。</li>\n<li>右鍵單擊<strong>按鈕</strong>小部件和重命名<strong>btnLayout</strong>.</li>\n</ol>"
    },
    "navigationBar": {
      "left": {
        "text": "上一個"
      },
      "right": {
        "text": "下一個"
      }
    }
  },
  "Card.VoltMX.FlexPropertiesV9.AppViewDone": {
    "content": {
      "title": "查看應用",
      "body": "<ol>\n<li>在你的<b>Volt MX 應用程序</b>，點擊<b>啟動</b>.<br />如果提示您提供應用程序名稱，請輸入<b>FlexTutorial</b>然後點擊<b>啟動</b>.</li><li> 到<b>退出</b>預覽，從左向右滑動兩根手指或搖動手機。</li>\n</ol>"
    },
    "navigationBar": {
      "left": {
        "text": "上一個"
      },
      "right": {
        "text": "下一個"
      }
    }
  },
  "Card.VoltMX.FlexPropertiesV9.AppViewer": {
    "content": {
      "title": "Volt MX 應用程序",
      "body": "<ol>\n<li>連接您的<b>手機</b>使用 USB 電纜連接到您的計算機。<br />對於Android設備，請確保您使用USB<b>傳輸文件</b>.</li>\n<li>啟動<b>Volt MX 應用程序</b>在你的<b>手機</b>.</li>\n<li>選擇<b>USB</b>選項卡。</li>\n<li>連接成功後，<b>虹膜</b>在您的計算機上顯示成功提示。<br />同時，USB 圖標在您的<b>Volt MX 應用程序</b>.</li>\n</ol>"
    },
    "navigationBar": {
      "left": {
        "text": "上一個"
      },
      "right": {
        "text": "下一個"
      }
    }
  },
  "Card.VoltMX.FlexPropertiesV9.CenteringXY": {
    "content": {
      "title": "沿 X 軸和 Y 軸對齊小部件",
      "body": "<ol>\n<li>來自<strong>屬性</strong>面板，擴展<strong>看</strong>&gt;<strong>彈性</strong>在畫布的右上角。</li>\n<li>設置：<ul>\n<li><strong>中心X</strong>到<strong>50%</strong></li>\n<li><strong>中心Y</strong>到<strong>50%</strong></li>\n</ul>請注意，小部件已移動到畫布上表單的中心。</li>\n</ol>"
    },
    "navigationBar": {
      "left": {
        "text": "上一個"
      },
      "right": {
        "text": "下一個"
      }
    }
  },
  "Card.VoltMX.FlexPropertiesV9.ChBottom": {
    "content": {
      "title": "佈局底部屬性",
      "body": "<ol>\n<li>來自<strong>屬性</strong>面板，展開<strong>看</strong>&gt;<strong>彈性</strong>在畫布的右上角。</li>\n<li>改變<strong>底部</strong>屬性<strong>0 DP</strong>.</li>\n<li>將<strong>頂部</strong>屬性。</li>\n</ol>\n<p>注意按鈕現在停靠在畫布屏幕的底部。</p>"
    },
    "navigationBar": {
      "left": {
        "text": "上一個"
      },
      "right": {
        "text": "下一個"
      }
    }
  },
  "Card.VoltMX.FlexPropertiesV9.ChLeftRight": {
    "content": {
      "title": "更改左右屬性",
      "body": "<ol>\n<li>來自<strong>屬性</strong>面板，展開><strong>看</strong>&gt;<strong>彈性</strong>在畫布的右上角。</li>\n<li>改變<strong>左</strong>屬性<strong>30 DP</strong>.<br />請注意，小部件向畫布左側移動了一點。</li>\n<li>同樣，改變<strong>右</strong>屬性<strong>5 DP。<br /></strong>將<strong>左</strong>屬性。<br />請注意，小部件移動到畫布的右側。</li>\n</ol>"
    },
    "navigationBar": {
      "left": {
        "text": "上一個"
      },
      "right": {
        "text": "下一個"
      }
    }
  },
  "Card.VoltMX.FlexPropertiesV9.ChTop": {
    "content": {
      "title": "佈局頂部屬性",
      "body": "<ol>\n<li>來自<strong>項目</strong>資源管理器展開<strong>手機</strong>&gt;<strong>表格</strong>&gt;<strong>frmFlex</strong>並選擇<strong>btnLayout</strong>.</li>\n<li>導航到<strong>屬性</strong>畫布右上角的面板，然後選擇<strong>看</strong>選項卡。</li>\n<li> 在<strong>彈性</strong>部分，設置<strong>頂部</strong>屬性<strong>0 Dp</strong>.</li>\n</ol>\n<p>注意按鈕現在停靠在畫布屏幕的頂部。</p>"
    },
    "navigationBar": {
      "left": {
        "text": "上一個"
      },
      "right": {
        "text": "下一個"
      }
    }
  },
  "Card.VoltMX.FlexPropertiesV9.Done": {
    "content": {
      "title": " 恭喜",
      "body": "<p>您已使用 FlexContainer 的佈局屬性成功更改了小部件的佈局。</p>"
    },
    "navigationBar": {
      "left": {
        "text": "上一個"
      },
      "right": {
        "text": "完成"
      }
    }
  },
  "Card.VoltMX.FlexPropertiesV9.Intro": {
    "content": {
      "title": "了解 Flex 佈局屬性",
      "body": "<p>Flex 佈局提供了多個用於管理應用程序佈局的屬性。<br ><br ></p>\n<p>這次加息的重點是佈局屬性和與之相關的規則。按照本次徒步旅行中的步驟了解佈局屬性。</p>"
    },
    "navigationBar": {
      "left": {
        "text": "上一個"
      },
      "right": {
        "text": "開始"
      }
    }
  },
  "Card.VoltMX.FlexPropertiesV9.livePreview": {
    "content": {
      "title": "實時預覽設置",
      "body": "<ol><li>從主菜單中，選擇<b>構建</b>.</li>\n<li>點擊<b>實時預覽設置</b>.</li>"
    },
    "navigationBar": {
      "left": {
        "text": "上一個"
      },
      "right": {
        "text": "下一個"
      }
    }
  },
  "Card.VoltMX.FlexPropertiesV9.project": {
    "content": {
      "title": "創建一個新項目",
      "body": "<ol>\n<li>導航到<strong>項目</strong>&gt;<strong>新項目</strong>.</li>\n<li>來自<strong> 你現在想從什麼開始？</strong>窗口，選擇<strong>本機應用程序</strong>.</li>\n<li>點擊<strong>下一個</strong>.<br/><b>您從本機應用程序開始</b>窗口打開。</li>\n</ol>"
    },
    "navigationBar": {
      "left": {
        "text": "上一個"
      },
      "right": {
        "text": "下一個"
      }
    }
  },
  "Card.VoltMX.FlexPropertiesV9.project2": {
    "content": {
      "title": "創建一個新項目",
      "body": "<ol>\n<li>下<strong>項目名稱</strong>，輸入<strong>FlexTutorial</strong>.</li>\n<li>點擊<strong>創建</strong>.<br />創建了一個新應用程序<b>Form1</b>表格。<br />應用程序在<strong>故事板</strong>查看。</li>\n</ol>"
    },
    "navigationBar": {
      "left": {
        "text": "上一個"
      },
      "right": {
        "text": "下一個"
      }
    }
  },
  "Card.VoltMX.FlexPropertiesV9.rename": {
    "content": {
      "title": "重命名表單",
      "body": "<ol>\n<li>在<strong>故事板</strong>查看，在新表單上方，單擊<strong>Form1</strong>.</li>\n<li>重命名表單<strong>frmFlex</strong>.</li>\n<li>要向表單添加小部件，雙擊表單移動到<strong>設計</strong>查看。</li>\n</ol>"
    },
    "navigationBar": {
      "left": {
        "text": "上一個"
      },
      "right": {
        "text": "下一個"
      }
    }
  },
  "Card.VoltMX.FlexPropertiesV9.run": {
    "content": {
      "title": "運行應用程序",
      "body": "<ol><li>來自<b>實時預覽設置</b>窗下<b>本地</b> 選中您要在其上查看應用程序的手機/平板電腦操作系統旁邊的複選框。<br/>例如：<b>iOS</b>和<b>安卓</b>.<br/>確保您已取消選擇所有其他平台和頻道。</li>\n<li>點擊<b>保存並運行</b>.<br/> Iris 可能需要一些時間才能顯示<b>實時預覽已準備就緒</b>窗口。</ol>"
    },
    "navigationBar": {
      "left": {
        "text": "上一個"
      },
      "right": {
        "text": "下一個"
      }
    }
  },
  "Card.VoltMX.FlexPropertiesV9.Zindex": {
    "content": {
      "title": "使用 Z 索引將小部件移動到背景",
      "body": "<ol>\n<li>來自<strong>默認庫</strong>畫布左下角的選項卡，拖放以下內容：<ul>\n<li><strong>標誌</strong>小部件到<strong>frmFlex</strong>畫布上的表格。</li>\n<li><strong>搜索1</strong>小部件到<strong>frmFlex</strong>畫布上的表格。</li>\n</ul>\n</li>\n<li>帶來<strong>標誌</strong>上方的小部件<strong>搜索1</strong>小部件，<ul>\n<li>選擇<strong>headerContainer02</strong>來自<strong>項目</strong>畫布左上角的資源管理器。</li>\n<li>來自<strong>屬性</strong>面板，展開<strong>看</strong>&gt;<strong>彈性</strong>在畫布的右上角。設置<strong>Z索引</strong>屬性<strong>2</strong>.</li>\n</ul>\n</li>\n</ol>"
    },
    "navigationBar": {
      "left": {
        "text": "上一個"
      },
      "right": {
        "text": "下一個"
      }
    }
  }
}