{
  "Tour.NFIBarcodeV9": {
    "description": " Description of Tour"
  },
  "Hike.VoltMX.NFIBarcodeV9": {
    "description": " Description of hike"
  },
  "Card.VoltMX.NFIBarcodeV9.addCode": {
    "content": {
      "title": "Add Code to the Controller",
      "body": "<ol>\n<li>Download the code for implementing the barcode scanner from <a href='#'onClick='javascript:openURL(\"https://raw.githubusercontent.com/HCL-TECH-SOFTWARE/volt-mx-tutorials/master/public/samples/NFIBarcode.zip\")'>here</a>.</li>\n<li>Open the downloaded file and copy its contents.</li>\n<li>From the <strong>Project </strong>explorer, navigate to <strong>Mobile </strong>&gt; <strong>Controllers</strong>.</li>\n<li>Select <strong>barcodeScannerController</strong>.<br />The file opens in the edit mode on the canvas.</li>\n<li>Enter the copied code in the <strong>barcodeScannerController</strong>.</li><li>From the main menu, navigate to <b>Project</b> and select <b>Save All</b>.</li>\n</ol>"
    },
    "navigationBar": {
      "left": {
        "text": "Previous"
      },
      "right": {
        "text": "Next"
      }
    }
  },
  "Card.VoltMX.NFIBarcodeV9.addCollection": {
    "content": {
      "title": "Add a Collection",
      "body": "<ol>\n<li>From the main menu, navigate to <strong>Project </strong>&gt; <strong>Import </strong>&gt; <strong>Component into Library</strong>.<br />The file explorer opens.</li>\n<li>Navigate to the UI collection download location and select the zip file.</li>\n<li>Click <strong>Open</strong>.<br /> The<strong> Import Marketplace Item </strong>window appears.</li>\n<li>Fill in the following details.<br /> Library Name: <b>NFIcollections</b><br /> Collection Name: <b>BarcodeScanner</b></li>\n</ol>\n<p>You can view the added UI collection in the <strong>My Libraries </strong>tab.</p>"
    },
    "navigationBar": {
      "left": {
        "text": "Previous"
      },
      "right": {
        "text": "Next"
      }
    }
  },
  "Card.VoltMX.NFIBarcodeV9.addFramework": {
    "content": {
      "title": "Add Framework to your App",
      "body": "<ol>\n<li>From the main menu, navigate to <strong>Edit </strong>&gt; <strong>Manage Native Function API(s)</strong>.<br />The<strong> Native Function Interface:MyBarCodeScanner </strong>window appears.</li>\n<li>Navigate to the <strong>Android </strong>tab and click <strong>Add</strong>.<strong><br /> </strong>The <strong>Add Packages </strong>window appears.</li>\n</ol>"
    },
    "navigationBar": {
      "left": {
        "text": "Previous"
      },
      "right": {
        "text": "Next"
      }
    }
  },
  "Card.VoltMX.NFIBarcodeV9.addFramework1": {
    "content": {
      "title": "Add Android Frameworks",
      "body": "<ol>\n<li>In the search bar on top of the window, type <strong>android.app.job</strong>.</li>\n<li>Under <strong>Android API level 28 onwards,</strong> select the <strong>android.</strong><strong>app.job </strong>framework.</li>\n<li>Similarly, search and select the following frameworks:\n<ul>\n<li><strong>android.content</strong></li>\n<li><strong>android.net</strong></li>\n<li><strong>android.support.v8.renderscript</strong></li>\n<li><strong>android.view</strong></li>\n<li><strong>android.webkit</strong></li>\n<li><strong>java.lang</strong></li>\n<li><strong>java.util</strong></li>\n</ul>\n</li>\n<li>Click <strong>Add</strong>.</li>\n<li>Close the <strong>Native Function Interface:MyBarCodeScanner</strong></li>\n</ol>\n<p>All frameworks required to access the barcode scanner have been added.</p>"
    },
    "navigationBar": {
      "left": {
        "text": "Previous"
      },
      "right": {
        "text": "Next"
      }
    }
  },
  "Card.VoltMX.NFIBarcodeV9.connectDevice": {
    "content": {
      "title": "Connect your Mobile Device",
      "body": "<ol>\n<li>Connect your mobile device to your computer using a USB cable.<br />For an Android mobile device, ensure that the use of USB is set as <strong>Transfer</strong> <strong>files</strong>.</li>\n</ol>"
    },
    "navigationBar": {
      "left": {
        "text": "Previous"
      },
      "right": {
        "text": "Next"
      }
    }
  },
  "Card.VoltMX.NFIBarcodeV9.done": {
    "content": {
      "title": "Congratulations",
      "body": "<p>You have successfully:</p>\n<ul><b>\n<li>Added the barcode scanner Android NFIs to a project</li>\n<li>Added the code to invoke the Android NFIs.</li>\n<li>Built and viewed the application on an Android device.</li></b>\n</ul>\n<p>For more information on NFI and implementation of barcode scanner refer the sample application given <a href='#'onClick='javascript:openURL(\"https://support.hcltechsw.com/csm?id=kb_article&sys_id=5c672ff91b33e410a67e9759bc4bcb77\")'>here</a>.</p>\n<p>You can also refer the documentation for NFI <a href='#'onClick='javascript:openURL(\"https://opensource.hcltechsw.com/volt-mx-docs/docs/documentation/Iris/iris_nf_api_dev_guide/content/native_function.html\")'> here</a>.</p>"
    },
    "navigationBar": {
      "left": {
        "text": "Previous"
      },
      "right": {
        "text": "Done"
      }
    }
  },
  "Card.VoltMX.NFIBarcodeV9.eventCode": {
    "content": {
      "title": "Link Code to the UI",
      "body": "<ol>\n<li>From the <strong>Project </strong>explorer, navigate to <strong>Mobile </strong>&gt; <strong>Forms</strong>.</li>\n<li>Select <strong>barcodeScanner</strong>.</li>\n<li>From the <strong>Properties </strong>panel, and navigate to the <strong>Action</strong> tab.</li>\n<li>Under the <strong>General</strong> section, for the <strong>postShow </strong>event, click <strong>Edit</strong>.<br/>The <b>Action Editor</b> window appears.</li>\n</ol>"
    },
    "navigationBar": {
      "left": {
        "text": "Previous"
      },
      "right": {
        "text": "Next"
      }
    }
  },
  "Card.VoltMX.NFIBarcodeV9.eventCode1": {
    "content": {
      "title": "Link Code to the UI",
      "body": "<ol>\n<li>From the left menu of the <strong>Action Editor</strong>, under the <strong>Function</strong> section, select <strong>Invoke Function</strong>.</li>\n<li>From the right pane of the <strong>Action Editor</strong>, for the drop-down <strong>Function Name</strong>, select <strong>formPostShow</strong>.</li><li>Click <b>Save</b>.</li>\n</ol>"
    },
    "navigationBar": {
      "left": {
        "text": "Previous"
      },
      "right": {
        "text": "Next"
      }
    }
  },
  "Card.VoltMX.NFIBarcodeV9.eventCodeClick": {
    "content": {
      "title": "Assign Event to Button",
      "body": "<ol>\n<li>From the <strong>Project </strong>explorer, expand <strong>Mobile </strong>&gt; <strong>Forms</strong> > <b>barcodeScanner</b> > <b>flxBarCodeScanner</b> and select <strong>ButtonRound</strong>.</li>\n<li>From the upper-right corner of Iris, navigate to <strong>Properties </strong>panel &gt; <strong>Action</strong>.</li>\n<li>Under <strong>General</strong>, for the <strong>onClick </strong>event, click <strong>Edit</strong>.<br/>The <b>Action Editor</b> window appears.</li>\n</ol>"
    },
    "navigationBar": {
      "left": {
        "text": "Previous"
      },
      "right": {
        "text": "Next"
      }
    }
  },
  "Card.VoltMX.NFIBarcodeV9.eventCodeClick1": {
    "content": {
      "title": "Assign Function to the Click Event",
      "body": "<ol>\n<li>From the left pane of the <strong>Action Editor</strong>, under <strong>Functions</strong>, select <strong>Invoke Function</strong>.</li>\n<li>From the right pane of the <strong>Action Editor</strong>, for the drop-down <strong>Function Name</strong>, select <strong>scanBarCode</strong>.</li><li>Click <b>Save</b>.</li>\n</ol>"
    },
    "navigationBar": {
      "left": {
        "text": "Previous"
      },
      "right": {
        "text": "Next"
      }
    }
  },
  "Card.VoltMX.NFIBarcodeV9.intro": {
    "content": {
      "title": "NFI Using Third-Party Library",
      "body": "<p><strong>Native Function Interfaces (NFIs)</strong> are JavaScript wrappers that help an app developer to implement Android or iOS specific features in <strong>Volt MX Iris</strong>.</p>\n<br/>\n<p>In this hike, we will implement the Barcode Scanner feature in an app using Android-specific frameworks and NFIs.</p>\n<br/>\n<p>Barcodes store and track a variety of data such as product model numbers, batch numbers, and price. A barcode scanner or reader captures and reads the information given in a barcode.</p>"
    },
    "navigationBar": {
      "left": {
        "text": "Previous"
      },
      "right": {
        "text": "Start"
      }
    }
  },
  "Card.VoltMX.NFIBarcodeV9.intro1": {
    "content": {
      "title": "NFI Using Third-Party Library",
      "body": "<p><strong>Let&rsquo;s get started!</strong></p>\n<p>In this hike, we will:</p>\n<ol>\n<li>Learn how to import a Collection library to an app and use it in a form.</li>\n<li>Configure the Native Function APIs required for barcode scanner for an Android app.</li>\n<li>Add code in the Form controller for the barcode scanning functionality.</li>\n<li>Build, Publish, and View the app.</li>\n</ol>\n<p>Before you begin:</p>\n<ul>\n<li>From the Google Play store, download the <a href='#'onClick='javascript:openURL(\"https://play.google.com/store/apps/details?id=com.google.zxing.client.android&amp;hl=en_IN\")'>Barcode Scanner</a></li>\n<li>Download the UI collection: <a href='#'onClick='javascript:openURL(\"https://github.com/HCL-TECH-SOFTWARE/volt-mx-tutorials/raw/master/public/samples/flxBarCodeScanner.zip\")'> flxBarcodeScanner</a>.</li>\n</ul>\n<p><strong>When you are ready, click Next!</strong></p>"
    },
    "navigationBar": {
      "left": {
        "text": "Previous"
      },
      "right": {
        "text": "Next"
      }
    }
  },
  "Card.VoltMX.NFIBarcodeV9.NewProject1": {
    "content": {
      "title": "Create a New Project",
      "body": "<ol>\n<li>Navigate to <strong>Project</strong> &gt; <strong>New Project</strong>.</li>\n<li>From the <strong>What do you want to start with now? </strong>window, select <strong>Native App</strong>.</li>\n<li>Click <strong>Next</strong>.<br/>The <b>You started with a Native App</b> window opens. </li>\n</ol>"
    },
    "navigationBar": {
      "left": {
        "text": "Previous"
      },
      "right": {
        "text": "Next"
      }
    }
  },
  "Card.VoltMX.NFIBarcodeV9.NewProject2": {
    "content": {
      "title": "Create a New Project",
      "body": "<ol>\n<li>Under <strong>Project Name</strong>, enter <strong>MyBarcodeScanner</strong>.</li>\n<li>Click <strong>Create</strong>.<br />A new application is created with one flex form. <br />The application opens in the <strong>Storyboard </strong>view.</li>\n</ol>"
    },
    "navigationBar": {
      "left": {
        "text": "Previous"
      },
      "right": {
        "text": "Next"
      }
    }
  },
  "Card.VoltMX.NFIBarcodeV9.publish": {
    "content": {
      "title": "Publish the App",
      "body": "<ol>\n<li>From the main menu, navigate to <strong>Build</strong>.</li>\n<li>Click <strong>Build and Publish Native</strong>.<br /> The<strong> Build and Publish Native </strong>window appears.</li>\n</ol>"
    },
    "navigationBar": {
      "left": {
        "text": "Previous"
      },
      "right": {
        "text": "Next"
      }
    }
  },
  "Card.VoltMX.NFIBarcodeV9.publishApp1": {
    "content": {
      "title": "Publish the App",
      "body": "<ol>\n<li>From the <strong>Post Build Action </strong>drop-down menu, select <strong>Run on my Device</strong>.</li>\n<li>From the <strong>Configured Devices </strong>section, under <strong>Mobile</strong>, select your mobile</li>\n<li>From the <strong>Build Mode </strong>drop-down menu, select <strong>Debug</strong>.</li>\n<li>Click <strong>Build</strong>.</li>\n</ol>\n<p>It may take a few minutes for Iris to build and launch the app.</p>"
    },
    "navigationBar": {
      "left": {
        "text": "Previous"
      },
      "right": {
        "text": "Next"
      }
    }
  },
  "Card.VoltMX.NFIBarcodeV9.rename": {
    "content": {
      "title": "Rename the Form",
      "body": "<ol>\n<li>In the <strong>Storyboard</strong> view, above the new Form, click <strong>Form1</strong>.</li>\n<li>Rename the form <strong>barcodeScanner</strong>.</li>\n<li>To add widgets to the form, double-click on the form to open the form in the <strong>Design </strong>view.</li>\n</ol>"
    },
    "navigationBar": {
      "left": {
        "text": "Previous"
      },
      "right": {
        "text": "Next"
      }
    }
  },
  "Card.VoltMX.NFIBarcodeV9.uiForm": {
    "content": {
      "title": "UI Design for Form",
      "body": "<ol>\n<li>From the <strong>Project </strong>explorer, navigate to <strong>Mobile </strong>&gt; <strong>Forms, </strong>and select <strong>barcodeScanner</strong>.</li>\n<li>In the lower-left corner of Volt MX Iris, navigate to <strong>My Libraries </strong></li>\n<li>Ensure that the library: <strong>NFIcollections </strong>and the Collection: <strong>BarcodeScanner </strong>are open.<br />Select the <strong>flxBarcodeScanner </strong>collection and drop it on the <strong>barcodeScanner </strong>form on the canvas.</li>\n</ol>"
    },
    "navigationBar": {
      "left": {
        "text": "Previous"
      },
      "right": {
        "text": "Next"
      }
    }
  },
  "Card.VoltMX.NFIBarcodeV9.view": {
    "content": {
      "title": "View the App",
      "body": "<ol>\n<li>On your mobile device, after a successful launch, the <strong>Volt MX JavaScript Debugger Configuration </strong>window appears.<br />Click <strong>Cancel</strong>.</li>\n<li>Click <strong>Start Scan</strong>.</li>\n<li>Using the camera on the screen, scan any barcode.<br />After the barcode is scanned, the value of the barcode appears in the label in the app.</li>\n</ol>"
    },
    "navigationBar": {
      "left": {
        "text": "Previous"
      },
      "right": {
        "text": "Next"
      }
    }
  }
}