{
  "Tour.NFIBarcodeV9": {
    "description": "旅游描述"
  },
  "Hike.VoltMX.NFIBarcodeV9": {
    "description": "徒步说明"
  },
  "Card.VoltMX.NFIBarcodeV9.addCode": {
    "content": {
      "title": "向控制器添加代码",
      "body": "<ol>\n<li> 下载实现条码扫描器的代码<a href='#'onClick='javascript:openURL(\"https://raw.githubusercontent.com/HCL-TECH-SOFTWARE/volt-mx-tutorials/master/public/samples/NFIBarcode.zip\")'>这里</a>.</li>\n<li>打开下载的文件并复制其内容。</li>\n<li>来自<strong>项目</strong>资源管理器，导航到<strong>手机</strong>&gt;<strong>控制器</strong>.</li>\n<li>选择<strong>barcodeScannerController</strong>.<br />文件以编辑模式在画布上打开。</li>\n<li>在<strong>barcodeScannerController</strong>.</li><li>从主菜单，导航到<b>项目</b>并选择<b>全部保存</b>.</li>\n</ol>"
    },
    "navigationBar": {
      "left": {
        "text": "上一个"
      },
      "right": {
        "text": "下一个"
      }
    }
  },
  "Card.VoltMX.NFIBarcodeV9.addCollection": {
    "content": {
      "title": "添加集合",
      "body": "<ol>\n<li>从主菜单，导航到<strong>项目</strong>&gt;<strong>进口</strong>&gt;<strong>组件到库中</strong>.<br />文件资源管理器打开。</li>\n<li>导航到 UI 集合下载位置并选择 zip 文件。</li>\n<li>点击<strong>打开</strong>.<br /><strong>导入市场项目</strong>窗口出现。</li>\n<li> 填写以下信息。<br />库名称：<b>NFIcollections</b><br />集合名称：<b>条码扫描仪</b></li>\n</ol>\n<p> 您可以在<strong>我的图书馆</strong>标签。</p>"
    },
    "navigationBar": {
      "left": {
        "text": "上一个"
      },
      "right": {
        "text": "下一个"
      }
    }
  },
  "Card.VoltMX.NFIBarcodeV9.addFramework": {
    "content": {
      "title": "向您的应用程序添加框架",
      "body": "<ol>\n<li>从主菜单，导航到<strong>编辑</strong>&gt;<strong>管理本机功能API</strong>.<br /><strong>本机函数接口：MyBarCodeScanner</strong>窗口出现。</li>\n<li>导航到<strong>安卓</strong>选项卡并单击<strong>添加</strong>.<strong><br /> </strong><strong>添加包</strong>窗口出现。</li>\n</ol>"
    },
    "navigationBar": {
      "left": {
        "text": "上一个"
      },
      "right": {
        "text": "下一个"
      }
    }
  },
  "Card.VoltMX.NFIBarcodeV9.addFramework1": {
    "content": {
      "title": "添加Android框架",
      "body": "<ol>\n<li>在窗口顶部的搜索栏中，键入<strong>android.app.job</strong>.</li>\n<li>下<strong>Android API 级别 28 以上，</strong>选择<strong>安卓。</strong><strong>app.job</strong>框架。</li>\n<li>同样，搜索并选择以下框架：<ul>\n<li><strong>android.content</strong></li>\n<li><strong>android.net</strong></li>\n<li><strong>android.support.v8.renderscript</strong></li>\n<li><strong>android.view</strong></li>\n<li><strong>android.webkit</strong></li>\n<li><strong>java.lang</strong></li>\n<li><strong>java.util</strong></li>\n</ul>\n</li>\n<li>点击<strong>添加</strong>.</li>\n<li>关闭<strong>本机函数接口：MyBarCodeScanner</strong></li>\n</ol>\n<p>添加了访问条码扫描器所需的所有框架。</p>"
    },
    "navigationBar": {
      "left": {
        "text": "上一个"
      },
      "right": {
        "text": "下一个"
      }
    }
  },
  "Card.VoltMX.NFIBarcodeV9.connectDevice": {
    "content": {
      "title": "连接您的移动设备",
      "body": "<ol>\n<li>使用 USB 数据线将您的移动设备连接到您的计算机。<br />对于Android移动设备，确保USB的使用设置为<strong>转移</strong> <strong>文件</strong>.</li>\n</ol>"
    },
    "navigationBar": {
      "left": {
        "text": "上一个"
      },
      "right": {
        "text": "下一个"
      }
    }
  },
  "Card.VoltMX.NFIBarcodeV9.done": {
    "content": {
      "title": " 恭喜",
      "body": "<p>您已成功：</p>\n<ul><b>\n<li>将条码扫描仪 Android NFI 添加到项目</li>\n<li>添加了调用Android NFI的代码。</li>\n<li>在 Android 设备上构建和查看应用程序。</li></b>\n</ul>\n<p>有关 NFI 和条形码扫描仪实施的更多信息，请参阅给出的示例应用程序<a href='#'onClick='javascript:openURL(\"https://support.hcltechsw.com/csm?id=kb_article&sys_id=5c672ff91b33e410a67e9759bc4bcb77\")'>这里</a>.</p>\n<p>您还可以参考 NFI 的文档<a href='#'onClick='javascript:openURL(\"https://opensource.hcltechsw.com/volt-mx-docs/docs/documentation/Iris/iris_nf_api_dev_guide/content/native_function.html\")'>这里</a>.</p>"
    },
    "navigationBar": {
      "left": {
        "text": "上一个"
      },
      "right": {
        "text": "完成"
      }
    }
  },
  "Card.VoltMX.NFIBarcodeV9.eventCode": {
    "content": {
      "title": "将代码链接到用户界面",
      "body": "<ol>\n<li>来自<strong>项目</strong>资源管理器，导航到<strong>手机</strong>&gt;<strong>表格</strong>.</li>\n<li>选择<strong>条码扫描仪</strong>.</li>\n<li>来自<strong>属性</strong>面板，然后导航到<strong>行动</strong>选项卡。</li>\n<li> 在<strong>一般</strong>部分，用于<strong>postShow</strong>事件，点击<strong>编辑</strong>.<br/><b>动作编辑器</b>窗口出现。</li>\n</ol>"
    },
    "navigationBar": {
      "left": {
        "text": "上一个"
      },
      "right": {
        "text": "下一个"
      }
    }
  },
  "Card.VoltMX.NFIBarcodeV9.eventCode1": {
    "content": {
      "title": "将代码链接到用户界面",
      "body": "<ol>\n<li>从左侧菜单<strong>动作编辑器</strong> , 在<strong>功能</strong>部分，选择<strong>调用函数</strong>.</li>\n<li>从右侧窗格<strong>动作编辑器</strong> ，用于下拉<strong>函数名称</strong>，选择<strong>formPostShow</strong>.</li><li>点击<b>保存</b>.</li>\n</ol>"
    },
    "navigationBar": {
      "left": {
        "text": "上一个"
      },
      "right": {
        "text": "下一个"
      }
    }
  },
  "Card.VoltMX.NFIBarcodeV9.eventCodeClick": {
    "content": {
      "title": "将事件分配给按钮",
      "body": "<ol>\n<li>来自<strong>项目</strong>资源管理器，展开<strong>手机</strong>&gt;<strong>表格</strong> > <b>条码扫描仪</b> > <b>flxBarCodeScanner</b>并选择<strong>ButtonRound</strong>.</li>\n<li>从 Iris 的右上角，导航到<strong>属性</strong>面板><strong>行动</strong>.</li>\n<li>下<strong>一般</strong> , 对于<strong>点击</strong>事件，点击<strong>编辑</strong>.<br/><b>动作编辑器</b>窗口出现。</li>\n</ol>"
    },
    "navigationBar": {
      "left": {
        "text": "上一个"
      },
      "right": {
        "text": "下一个"
      }
    }
  },
  "Card.VoltMX.NFIBarcodeV9.eventCodeClick1": {
    "content": {
      "title": "为点击事件分配功能",
      "body": "<ol>\n<li>从左侧窗格<strong>动作编辑器</strong>，下<strong>函数</strong>，选择<strong>调用函数</strong>.</li>\n<li>从右侧窗格<strong>动作编辑器</strong> ，用于下拉<strong>函数名称</strong>，选择<strong>扫描条码</strong>.</li><li>点击<b>保存</b>.</li>\n</ol>"
    },
    "navigationBar": {
      "left": {
        "text": "上一个"
      },
      "right": {
        "text": "下一个"
      }
    }
  },
  "Card.VoltMX.NFIBarcodeV9.intro": {
    "content": {
      "title": "NFI 使用第三方库",
      "body": "<p><strong>本机功能接口（NFI）</strong>是 JavaScript 包装器，可帮助应用程序开发人员在<strong>Volt MX Iris</strong>.</p>\n<br/>\n<p>在这次徒步旅行中，我们将使用 Android 特定的框架和 NFI 在应用程序中实现条形码扫描仪功能。</p>\n<br/>\n<p>条码存储和跟踪各种数据，例如产品型号、批号和价格。条码扫描器或阅读器捕获并读取条码中给出的信息。</p>"
    },
    "navigationBar": {
      "left": {
        "text": "上一个"
      },
      "right": {
        "text": "开始"
      }
    }
  },
  "Card.VoltMX.NFIBarcodeV9.intro1": {
    "content": {
      "title": "NFI 使用第三方库",
      "body": "<p><strong>让我们开始吧！</strong></p>\n<p>在这次徒步旅行中，我们将：</p>\n<ol>\n<li>了解如何将集合库导入应用程序并在表单中使用它。</li>\n<li>为Android应用程序配置条码扫描器所需的本机功能API。</li>\n<li>在表单控制器中添加用于条码扫描功能的代码。</li>\n<li>构建、发布和查看应用程序。</li>\n</ol>\n<p>开始之前：</p>\n<ul>\n<li>从 Google Play 商店下载<a href='#'onClick='javascript:openURL(\"https://play.google.com/store/apps/details?id=com.google.zxing.client.android&amp;hl=en_IN\")'>条码扫描仪</a></li>\n<li>下载UI合集：<a href='#'onClick='javascript:openURL(\"https://github.com/HCL-TECH-SOFTWARE/volt-mx-tutorials/raw/master/public/samples/flxBarCodeScanner.zip\")'>flxBarcodeScanner</a>.</li>\n</ul>\n<p><strong>准备好后，点击下一步！</strong></p>"
    },
    "navigationBar": {
      "left": {
        "text": "上一个"
      },
      "right": {
        "text": "下一个"
      }
    }
  },
  "Card.VoltMX.NFIBarcodeV9.NewProject1": {
    "content": {
      "title": "创建一个新项目",
      "body": "<ol>\n<li>导航到<strong>项目</strong>&gt;<strong>新项目</strong>.</li>\n<li>来自<strong> 你现在想从什么开始？</strong>窗口，选择<strong>本机应用程序</strong>.</li>\n<li>点击<strong>下一个</strong>.<br/><b>您从本机应用程序开始</b>窗口打开。</li>\n</ol>"
    },
    "navigationBar": {
      "left": {
        "text": "上一个"
      },
      "right": {
        "text": "下一个"
      }
    }
  },
  "Card.VoltMX.NFIBarcodeV9.NewProject2": {
    "content": {
      "title": "创建一个新项目",
      "body": "<ol>\n<li>下<strong>项目名称</strong>，输入<strong>MyBarcodeScanner</strong>.</li>\n<li>点击<strong>创建</strong>.<br />使用一个 flex 表单创建了一个新应用程序。<br />应用程序在<strong>故事板</strong>查看。</li>\n</ol>"
    },
    "navigationBar": {
      "left": {
        "text": "上一个"
      },
      "right": {
        "text": "下一个"
      }
    }
  },
  "Card.VoltMX.NFIBarcodeV9.publish": {
    "content": {
      "title": "发布应用",
      "body": "<ol>\n<li>从主菜单，导航到<strong>构建</strong>.</li>\n<li>点击<strong>构建和发布本机</strong>.<br /><strong>构建和发布本机</strong>窗口出现。</li>\n</ol>"
    },
    "navigationBar": {
      "left": {
        "text": "上一个"
      },
      "right": {
        "text": "下一个"
      }
    }
  },
  "Card.VoltMX.NFIBarcodeV9.publishApp1": {
    "content": {
      "title": "发布应用",
      "body": "<ol>\n<li>来自<strong>构建后操作</strong>下拉菜单，选择<strong>在我的设备上运行</strong>.</li>\n<li>来自<strong>配置的设备</strong>部分，下<strong>手机</strong> , 选择您的手机</li>\n<li>来自<strong>构建模式</strong>下拉菜单，选择<strong>调试</strong>.</li>\n<li>点击<strong>构建</strong>.</li>\n</ol>\n<p>Iris 构建和启动应用程序可能需要几分钟时间。</p>"
    },
    "navigationBar": {
      "left": {
        "text": "上一个"
      },
      "right": {
        "text": "下一个"
      }
    }
  },
  "Card.VoltMX.NFIBarcodeV9.rename": {
    "content": {
      "title": "重命名表单",
      "body": "<ol>\n<li>在<strong>故事板</strong>查看，在新表单上方，单击<strong>Form1</strong>.</li>\n<li>重命名表单<strong>条码扫描仪</strong>.</li>\n<li>要向表单添加小部件，请双击表单以在<strong>设计</strong>查看。</li>\n</ol>"
    },
    "navigationBar": {
      "left": {
        "text": "上一个"
      },
      "right": {
        "text": "下一个"
      }
    }
  },
  "Card.VoltMX.NFIBarcodeV9.uiForm": {
    "content": {
      "title": "表单UI设计",
      "body": "<ol>\n<li>来自<strong>项目</strong>资源管理器，导航到<strong>手机</strong>&gt;<strong>表格，</strong>然后选择<strong>条码扫描仪</strong>.</li>\n<li>在 Volt MX Iris 的左下角，导航到<strong>我的图书馆</strong></li>\n<li>确保库：<strong>NFIcollections</strong>和集合：<strong>条码扫描仪</strong>是开放的。<br />选择<strong>flxBarcodeScanner</strong>收集并将其放在<strong>条码扫描仪</strong>画布上的表格。</li>\n</ol>"
    },
    "navigationBar": {
      "left": {
        "text": "上一个"
      },
      "right": {
        "text": "下一个"
      }
    }
  },
  "Card.VoltMX.NFIBarcodeV9.view": {
    "content": {
      "title": "查看应用",
      "body": "<ol>\n<li>在您的移动设备上，成功启动后，<strong>Volt MX JavaScript 调试器配置</strong>窗口出现。<br />点击<strong>取消</strong>.</li>\n<li>点击<strong>开始扫描</strong>.</li>\n<li>使用屏幕上的摄像头，扫描任何条码。<br />条码扫描完成后，app中的标签中会出现条码的值。</li>\n</ol>"
    },
    "navigationBar": {
      "left": {
        "text": "上一个"
      },
      "right": {
        "text": "下一个"
      }
    }
  }
}