{
  "Tour.NFIBarcodeV9": {
    "description": "旅遊描述"
  },
  "Hike.VoltMX.NFIBarcodeV9": {
    "description": "徒步說明"
  },
  "Card.VoltMX.NFIBarcodeV9.addCode": {
    "content": {
      "title": "向控制器添加代碼",
      "body": "<ol>\n<li> 下載實現條碼掃描器的代碼<a href='#'onClick='javascript:openURL(\"https://raw.githubusercontent.com/HCL-TECH-SOFTWARE/volt-mx-tutorials/master/public/samples/NFIBarcode.zip\")'>這裡</a>.</li>\n<li>打開下載的文件並複制其內容。</li>\n<li>來自<strong>項目</strong>資源管理器，導航到<strong>手機</strong>&gt;<strong>控制器</strong>.</li>\n<li>選擇<strong>barcodeScannerController</strong>.<br />文件以編輯模式在畫布上打開。</li>\n<li>在<strong>barcodeScannerController</strong>.</li><li>從主菜單，導航到<b>項目</b>並選擇<b>全部保存</b>.</li>\n</ol>"
    },
    "navigationBar": {
      "left": {
        "text": "上一個"
      },
      "right": {
        "text": "下一個"
      }
    }
  },
  "Card.VoltMX.NFIBarcodeV9.addCollection": {
    "content": {
      "title": "添加集合",
      "body": "<ol>\n<li>從主菜單，導航到<strong>項目</strong>&gt;<strong>進口</strong>&gt;<strong>組件到庫中</strong>.<br />文件資源管理器打開。</li>\n<li>導航到 UI 集合下載位置並選擇 zip 文件。</li>\n<li>點擊<strong>打開</strong>.<br /><strong>導入市場項目</strong>窗口出現。</li>\n<li> 填寫以下信息。<br />庫名稱：<b>NFIcollections</b><br />集合名稱：<b>條碼掃描儀</b></li>\n</ol>\n<p> 您可以在<strong>我的圖書館</strong>標籤。</p>"
    },
    "navigationBar": {
      "left": {
        "text": "上一個"
      },
      "right": {
        "text": "下一個"
      }
    }
  },
  "Card.VoltMX.NFIBarcodeV9.addFramework": {
    "content": {
      "title": "向您的應用程序添加框架",
      "body": "<ol>\n<li>從主菜單，導航到<strong>編輯</strong>&gt;<strong>管理本機功能API</strong>.<br /><strong>本機函數接口：MyBarCodeScanner</strong>窗口出現。</li>\n<li>導航到<strong>安卓</strong>選項卡並單擊<strong>添加</strong>.<strong><br /> </strong><strong>添加包</strong>窗口出現。</li>\n</ol>"
    },
    "navigationBar": {
      "left": {
        "text": "上一個"
      },
      "right": {
        "text": "下一個"
      }
    }
  },
  "Card.VoltMX.NFIBarcodeV9.addFramework1": {
    "content": {
      "title": "添加Android框架",
      "body": "<ol>\n<li>在窗口頂部的搜索欄中，鍵入<strong>android.app.job</strong>.</li>\n<li>下<strong>Android API 級別 28 以上，</strong>選擇<strong>安卓。</strong><strong>app.job</strong>框架。</li>\n<li>同樣，搜索並選擇以下框架：<ul>\n<li><strong>android.content</strong></li>\n<li><strong>android.net</strong></li>\n<li><strong>android.support.v8.renderscript</strong></li>\n<li><strong>android.view</strong></li>\n<li><strong>android.webkit</strong></li>\n<li><strong>java.lang</strong></li>\n<li><strong>java.util</strong></li>\n</ul>\n</li>\n<li>點擊<strong>添加</strong>.</li>\n<li>關閉<strong>本機函數接口：MyBarCodeScanner</strong></li>\n</ol>\n<p>添加了訪問條碼掃描器所需的所有框架。</p>"
    },
    "navigationBar": {
      "left": {
        "text": "上一個"
      },
      "right": {
        "text": "下一個"
      }
    }
  },
  "Card.VoltMX.NFIBarcodeV9.connectDevice": {
    "content": {
      "title": "連接您的移動設備",
      "body": "<ol>\n<li>使用 USB 數據線將您的移動設備連接到您的計算機。<br />對於Android移動設備，確保USB的使用設置為<strong>轉移</strong> <strong>文件</strong>.</li>\n</ol>"
    },
    "navigationBar": {
      "left": {
        "text": "上一個"
      },
      "right": {
        "text": "下一個"
      }
    }
  },
  "Card.VoltMX.NFIBarcodeV9.done": {
    "content": {
      "title": " 恭喜",
      "body": "<p>您已成功：</p>\n<ul><b>\n<li>將條碼掃描儀 Android NFI 添加到項目</li>\n<li>添加了調用Android NFI的代碼。</li>\n<li>在 Android 設備上構建和查看應用程序。</li></b>\n</ul>\n<p>有關 NFI 和條形碼掃描儀實施的更多信息，請參閱給出的示例應用程序<a href='#'onClick='javascript:openURL(\"https://support.hcltechsw.com/csm?id=kb_article&sys_id=5c672ff91b33e410a67e9759bc4bcb77\")'>這裡</a>.</p>\n<p>您也可以參考 NFI 的文檔<a href='#'onClick='javascript:openURL(\"https://opensource.hcltechsw.com/volt-mx-docs/docs/documentation/Iris/iris_nf_api_dev_guide/content/native_function.html\")'>這裡</a>.</p>"
    },
    "navigationBar": {
      "left": {
        "text": "上一個"
      },
      "right": {
        "text": "完成"
      }
    }
  },
  "Card.VoltMX.NFIBarcodeV9.eventCode": {
    "content": {
      "title": "將代碼鏈接到用戶界面",
      "body": "<ol>\n<li>來自<strong>項目</strong>資源管理器，導航到<strong>手機</strong>&gt;<strong>表格</strong>.</li>\n<li>選擇<strong>條碼掃描儀</strong>.</li>\n<li>來自<strong>屬性</strong>面板，然後導航到<strong>行動</strong>選項卡。</li>\n<li> 在<strong>一般</strong>部分，用於<strong>postShow</strong>事件，點擊<strong>編輯</strong>.<br/><b>動作編輯器</b>窗口出現。</li>\n</ol>"
    },
    "navigationBar": {
      "left": {
        "text": "上一個"
      },
      "right": {
        "text": "下一個"
      }
    }
  },
  "Card.VoltMX.NFIBarcodeV9.eventCode1": {
    "content": {
      "title": "將代碼鏈接到用戶界面",
      "body": "<ol>\n<li>從左側菜單<strong>動作編輯器</strong> , 在<strong>功能</strong>部分，選擇<strong>調用函數</strong>.</li>\n<li>從右側窗格<strong>動作編輯器</strong> ，用於下拉<strong>函數名稱</strong>，選擇<strong>formPostShow</strong>.</li><li>點擊<b>保存</b>.</li>\n</ol>"
    },
    "navigationBar": {
      "left": {
        "text": "上一個"
      },
      "right": {
        "text": "下一個"
      }
    }
  },
  "Card.VoltMX.NFIBarcodeV9.eventCodeClick": {
    "content": {
      "title": "將事件分配給按鈕",
      "body": "<ol>\n<li>來自<strong>項目</strong>資源管理器，展開<strong>手機</strong>&gt;<strong>表格</strong> > <b>條碼掃描儀</b> > <b>flxBarCodeScanner</b>並選擇<strong>ButtonRound</strong>.</li>\n<li>從 Iris 的右上角，導航到<strong>屬性</strong>面板><strong>行動</strong>.</li>\n<li>下<strong>一般</strong> , 對於<strong>點擊</strong>事件，點擊<strong>編輯</strong>.<br/><b>動作編輯器</b>窗口出現。</li>\n</ol>"
    },
    "navigationBar": {
      "left": {
        "text": "上一個"
      },
      "right": {
        "text": "下一個"
      }
    }
  },
  "Card.VoltMX.NFIBarcodeV9.eventCodeClick1": {
    "content": {
      "title": "為點擊事件分配功能",
      "body": "<ol>\n<li>從左側窗格<strong>動作編輯器</strong>，下<strong>函數</strong>，選擇<strong>調用函數</strong>.</li>\n<li>從右側窗格<strong>動作編輯器</strong> ，用於下拉<strong>函數名稱</strong>，選擇<strong>掃描條碼</strong>.</li><li>點擊<b>保存</b>.</li>\n</ol>"
    },
    "navigationBar": {
      "left": {
        "text": "上一個"
      },
      "right": {
        "text": "下一個"
      }
    }
  },
  "Card.VoltMX.NFIBarcodeV9.intro": {
    "content": {
      "title": "NFI 使用第三方庫",
      "body": "<p><strong>本機功能接口（NFI）</strong>是 JavaScript 包裝器，可幫助應用程序開發人員在<strong>Volt MX Iris</strong>.</p>\n<br/>\n<p>在這次徒步旅行中，我們將使用 Android 特定的框架和 NFI 在應用程序中實現條形碼掃描儀功能。</p>\n<br/>\n<p>條碼存儲和跟踪各種數據，例如產品型號、批號和價格。條碼掃描器或閱讀器捕獲並讀取條碼中給出的信息。</p>"
    },
    "navigationBar": {
      "left": {
        "text": "上一個"
      },
      "right": {
        "text": "開始"
      }
    }
  },
  "Card.VoltMX.NFIBarcodeV9.intro1": {
    "content": {
      "title": "NFI 使用第三方庫",
      "body": "<p><strong>讓我們開始吧！</strong></p>\n<p>在這次徒步旅行中，我們將：</p>\n<ol>\n<li>了解如何將集合庫導入應用程序並在表單中使用它。</li>\n<li>為Android應用程序配置條碼掃描器所需的本機功能API。</li>\n<li>在表單控制器中添加用於條碼掃描功能的代碼。</li>\n<li>構建、發布和查看應用程序。</li>\n</ol>\n<p>開始之前：</p>\n<ul>\n<li>從 Google Play 商店下載<a href='#'onClick='javascript:openURL(\"https://play.google.com/store/apps/details?id=com.google.zxing.client.android&amp;hl=en_IN\")'>條碼掃描儀</a></li>\n<li>下載UI合集：<a href='#'onClick='javascript:openURL(\"https://github.com/HCL-TECH-SOFTWARE/volt-mx-tutorials/raw/master/public/samples/flxBarCodeScanner.zip\")'>flxBarcodeScanner</a>.</li>\n</ul>\n<p><strong>準備好後，點擊下一步！</strong></p>"
    },
    "navigationBar": {
      "left": {
        "text": "上一個"
      },
      "right": {
        "text": "下一個"
      }
    }
  },
  "Card.VoltMX.NFIBarcodeV9.NewProject1": {
    "content": {
      "title": "創建一個新項目",
      "body": "<ol>\n<li>導航到<strong>項目</strong>&gt;<strong>新項目</strong>.</li>\n<li>來自<strong> 你現在想從什麼開始？</strong>窗口，選擇<strong>本機應用程序</strong>.</li>\n<li>點擊<strong>下一個</strong>.<br/><b>您從本機應用程序開始</b>窗口打開。</li>\n</ol>"
    },
    "navigationBar": {
      "left": {
        "text": "上一個"
      },
      "right": {
        "text": "下一個"
      }
    }
  },
  "Card.VoltMX.NFIBarcodeV9.NewProject2": {
    "content": {
      "title": "創建一個新項目",
      "body": "<ol>\n<li>下<strong>項目名稱</strong>，輸入<strong>MyBarcodeScanner</strong>.</li>\n<li>點擊<strong>創建</strong>.<br />使用一個 flex 表單創建了一個新應用程序。<br />應用程序在<strong>故事板</strong>查看。</li>\n</ol>"
    },
    "navigationBar": {
      "left": {
        "text": "上一個"
      },
      "right": {
        "text": "下一個"
      }
    }
  },
  "Card.VoltMX.NFIBarcodeV9.publish": {
    "content": {
      "title": "發布應用",
      "body": "<ol>\n<li>從主菜單，導航到<strong>構建</strong>.</li>\n<li>點擊<strong>構建和發布本機</strong>.<br /><strong>構建和發布本機</strong>窗口出現。</li>\n</ol>"
    },
    "navigationBar": {
      "left": {
        "text": "上一個"
      },
      "right": {
        "text": "下一個"
      }
    }
  },
  "Card.VoltMX.NFIBarcodeV9.publishApp1": {
    "content": {
      "title": "發布應用",
      "body": "<ol>\n<li>來自<strong>構建後操作</strong>下拉菜單，選擇<strong>在我的設備上運行</strong>.</li>\n<li>來自<strong>配置的設備</strong>部分，下<strong>手機</strong> , 選擇您的手機</li>\n<li>來自<strong>構建模式</strong>下拉菜單，選擇<strong>調試</strong>.</li>\n<li>點擊<strong>構建</strong>.</li>\n</ol>\n<p>Iris 構建和啟動應用程序可能需要幾分鐘時間。</p>"
    },
    "navigationBar": {
      "left": {
        "text": "上一個"
      },
      "right": {
        "text": "下一個"
      }
    }
  },
  "Card.VoltMX.NFIBarcodeV9.rename": {
    "content": {
      "title": "重命名表單",
      "body": "<ol>\n<li>在<strong>故事板</strong>查看，在新表單上方，單擊<strong>Form1</strong>.</li>\n<li>重命名表單<strong>條碼掃描儀</strong>.</li>\n<li>要向表單添加小部件，請雙擊表單以在<strong>設計</strong>查看。</li>\n</ol>"
    },
    "navigationBar": {
      "left": {
        "text": "上一個"
      },
      "right": {
        "text": "下一個"
      }
    }
  },
  "Card.VoltMX.NFIBarcodeV9.uiForm": {
    "content": {
      "title": "表單UI設計",
      "body": "<ol>\n<li>來自<strong>項目</strong>資源管理器，導航到<strong>手機</strong>&gt;<strong>表格，</strong>然後選擇<strong>條碼掃描儀</strong>.</li>\n<li>在 Volt MX Iris 的左下角，導航到<strong>我的圖書館</strong></li>\n<li>確保庫：<strong>NFIcollections</strong>和集合：<strong>條碼掃描儀</strong>是開放的。<br />選擇<strong>flxBarcodeScanner</strong>收集並將其放在<strong>條碼掃描儀</strong>畫布上的表格。</li>\n</ol>"
    },
    "navigationBar": {
      "left": {
        "text": "上一個"
      },
      "right": {
        "text": "下一個"
      }
    }
  },
  "Card.VoltMX.NFIBarcodeV9.view": {
    "content": {
      "title": "查看應用",
      "body": "<ol>\n<li>在您的移動設備上，成功啟動後，<strong>Volt MX JavaScript 調試器配置</strong>窗口出現。<br />點擊<strong>取消</strong>.</li>\n<li>點擊<strong>開始掃描</strong>.</li>\n<li>使用屏幕上的攝像頭，掃描任何條碼。<br />條碼掃描完成後，app中的標籤中會出現條碼的值。</li>\n</ol>"
    },
    "navigationBar": {
      "left": {
        "text": "上一個"
      },
      "right": {
        "text": "下一個"
      }
    }
  }
}