<?xml version="1.0"?>
<Hike kuid="c6e33ft3-48a5-4dr6-82u7-6ee9e8n3" id="kony.CreateDetailsScreen_v9" title="kony.CreateDetailsScreen_v9">
    <Description> Description of hike</Description>
    <Meta>
        <Creator>Rashmi Menon</Creator>
        <CreatedOn>Wed, 19 Feb 2020 11:08:12 GMT</CreatedOn>
    </Meta>
    <Hikecard id="kony.CreateDetailsScreen_v9.Intro"/>
    <Hikecard id="kony.CreateDetailsScreen_v9.createForm"/>
    <Hikecard id="kony.CreateDetailsScreen_v9.createUIDetails1"/>
    <Hikecard id="kony.CreateDetailsScreen_v9.createUIDetails2"/>
    <Hikecard id="kony.CreateDetailsScreen_v9.UIchange"/>
    <Hikecard id="kony.CreateDetailsScreen_v9.UIchange1"/>
    <Hikecard id="kony.CreateDetailsScreen_v9.UIchange2"/>
    <Hikecard id="kony.CreateDetailsScreen_v9.UIchange3"/>
    <Hikecard id="kony.CreateDetailsScreen_v9.PayeeDetailUi"/>
    <Hikecard id="kony.CreateDetailsScreen_v9.PayeeDetailUi1"/>
    <Hikecard id="kony.CreateDetailsScreen_v9.PayeeDetailUI2"/>
    <Hikecard id="kony.CreateDetailsScreen_v9.deleteActions"/>
    <Hikecard id="kony.CreateDetailsScreen_v9.deleteActions1"/>
    <Hikecard id="kony.CreateDetailsScreen_v9.deleteFeature"/>
    <Hikecard id="kony.CreateDetailsScreen_v9.deleteFeature1"/>
    <Hikecard id="kony.CreateDetailsScreen_v9.deleteFeature2"/>
    <Hikecard id="kony.CreateDetailsScreen_v9.deleteFeature3"/>
    <Hikecard id="kony.CreateDetailsScreen_v9.successAlert"/>
    <Hikecard id="kony.CreateDetailsScreen_v9.successAlert1"/>
    <Hikecard id="kony.CreateDetailsScreen_v9.successAlert2"/>
    <Hikecard id="kony.CreateDetailsScreen_v9.backNavigation"/>
    <Hikecard id="kony.CreateDetailsScreen_v9.backNavigation1"/>
    <Hikecard id="kony.CreateDetailsScreen_v9.backNav2"/>
    <Hikecard id="kony.CreateDetailsScreen_v9.backNav3"/>
    <Hikecard id="kony.CreateDetailsScreen_v9.logout"/>
    <Hikecard id="kony.CreateDetailsScreen_v9.logout1"/>
    <Hikecard id="kony.CreateDetailsScreenWeb_v9.run"/>
    <Hikecard id="kony.CreateDetailsScreen_v9.done"/>
</Hike>