{
    "kuid": "12b64ct7-b9af-43ra-8du6-b87782ne",
    "id": "kony.AddCreateMob_v9.service6",
    "content": {
        "title": "Success Message",
        "body": "<ol>\n<li>From the left menu of the <strong>Action Editor</strong>, under the <strong>Widget</strong> section, select <strong>Set Widget Property</strong>.</li>\n<li>From the right pane of the <strong>Action Editor</strong>, go to <strong>Mobile Forms</strong> &gt; <strong>frmAddRecipient</strong> > <strong>flexAddRecipient</strong> and select <strong>flexSuccessHeader</strong>.</li>\n<li>In the right pane, modify the following values:\n<ul>\n<li>Property: <strong>Visible</strong></li>\n<li>Value: <strong>False</strong></li>\n</ul>\n</li>\n<li>Click <strong>Save</strong>.</li>\n</ol>"
    },
    "pointer": {
        "direction": "left",
        "element": {
            "module": "actioneditor",
            "itemType": "ae-action-type",
            "info": {
                "actionType": "Set Widget Property"
            }
        },
        "type": "default"
    },
    "navigationType": "manual",
    "navigationBar": {
        "left": {
            "text": "Previous",
            "enable": true,
            "hide": false
        },
        "right": {
            "text": "Next",
            "enable": true,
            "hide": false
        }
    },
    "navigationCondition": "",
    "position": "BOTTOM_RIGHT",
    "meta": {
        "Creator": "Rashmi Menon",
        "CreatedOn": "Wed, 26 Feb 2020 04:49:31 GMT"
    },
    "context": []
}