{
    "kuid": "1e873bt9-07a7-42r9-aeu3-f0c7ben9",
    "id": "kony.CreateDetailsScreen_v9.createForm",
    "content": {
        "title": "Create Recipient Details Screen",
        "body": "<ol>\n<li>From the <strong>Project </strong>explorer, expand <strong>Responsive Web /Desktop</strong>.</li>\n<li>Right-click <strong>Forms</strong>, and select <strong>New Form</strong>.</li>\n<li>Rename the new form <strong>frmDetails</strong>.</li>\n</ol>"
    },
    "pointer": {
        "direction": "left",
        "element": {
            "module": "projectexplorer",
            "path": "project-body\\project\\Responsive Web / Desktop"
        },
        "type": "default"
    },
    "navigationType": "manual",
    "navigationBar": {
        "left": {
            "text": "Previous",
            "enable": true,
            "hide": false
        },
        "right": {
            "text": "Next",
            "enable": true,
            "hide": false
        }
    },
    "navigationCondition": "",
    "position": "BOTTOM_RIGHT",
    "meta": {
        "Creator": "Rashmi Menon",
        "CreatedOn": "Wed, 19 Feb 2020 11:15:54 GMT"
    },
    "context": []
}