{
  "Tour.IntroductiontoActionEditorV9": {
    "description": " Description of Tour"
  },
  "Hike.VoltMX.IntrotoActionEditorV9": {
    "description": " Description of hike"
  },
  "Card.VoltMX.IntrotoActionEditorV9.AddFormNav": {
    "content": {
      "title": "Add Form Navigation",
      "body": "<ol>\n<li>On the canvas, select&nbsp;<strong>Create Account</strong> \n button.</li>\n<li>Navigate to the&nbsp;<strong>Properties</strong> Panel and click <strong>Action</strong>.</li>\n<li>For the <strong>onClick</strong> event, click&nbsp;<strong>Edit.<br /></strong>The <strong>Action</strong> <strong>Editor</strong> window appears.</li>\n</ol>"
    },
    "navigationBar": {
      "left": {
        "text": "Previous"
      },
      "right": {
        "text": "Next"
      }
    }
  },
  "Card.VoltMX.IntrotoActionEditorV9.AddFormNav1": {
    "content": {
      "title": "Add Form Navigation",
      "body": "<ol>\n<li>From the top-right corner of the <strong>Action Editor</strong> canvas, select <strong>Design View</strong>.</li>\n<li>From the<strong> Action Editor</strong> left menu, navigate to the <strong>General </strong>section.</li>\n<li>Select <strong>Navigate to Form</strong>.</li>\n<li>Click  <img class=\"\" src=\"https://i.ibb.co/MZ02vkL/Screenshot-2019-02-26-at-2-34-18-PM.png\" alt=\"\" width=\"102\" height=\"18\" />&nbsp;at the right pane of the <strong>Action Editor.<br /></strong>A new form <strong>Form1</strong> will be added to your project.</li>\n<li>Right-click on <strong>Form1 </strong>and rename to <strong>frmRegistration.</strong> and select it.</li><li>Click <b>Save</b>.</li>\n</ol>"
    },
    "navigationBar": {
      "left": {
        "text": "Previous"
      },
      "right": {
        "text": "Next"
      }
    }
  },
  "Card.VoltMX.IntrotoActionEditorV9.addingelse": {
    "content": {
      "title": "Adding Else Condition",
      "body": "<p>Since the user has satisfied the conditions set, he should be notified that his Sign Up process is over.</p>\n<ol><li>From the <b>Action Editor</b> canvas, select <b>Start</b>.</li>\n<li>From the <strong>Action Editor</strong> left menu, under <strong>Conditions</strong> select the <strong>Else Condition</strong>.</li>\n<li>From the <strong>Action Editor</strong> left menu, under <strong>Widget</strong> , select <strong>Set Widget Property</strong>.<br />A new action will be added to your <strong>Action Editor</strong> canvas under <strong>ELSE</strong>.</li>\n<li>In the right pane, expand <strong>Mobile Forms</strong> &gt; <strong>frmRegistration</strong> &gt; <strong>ACMERegister</strong> &gt; <strong>flxACMERegister</strong> and select <strong>flxActivation</strong>.</li>\n<li>In the right pane, ensure that:<br />\n<ul>\n<li><strong>Property</strong> is set to <strong>isVisible</strong></li>\n<li><strong>Visibility</strong> is set to <strong>True</strong></li>\n</ul>\n</li>\n<li>Click <strong>Save</strong>.</li>\n</ol>"
    },
    "navigationBar": {
      "left": {
        "text": "Previous"
      },
      "right": {
        "text": "Next"
      }
    }
  },
  "Card.VoltMX.IntrotoActionEditorV9.AddLogin": {
    "content": {
      "title": "Add a Login Screen",
      "body": "<ol>\n<li>From the lower-left corner of Iris, navigate to the <strong>Default Library</strong>.</li>\n<li>Next to the <strong>Default Library</strong>, you will see the <strong>My Libraries</strong> tab and a search icon. Click the search icon&nbsp;<img src=\"https://i.ibb.co/VDQ1byP/Screenshot-2019-02-26-at-1-57-46-PM.png\" alt=\"\" width=\"20\" height=\"20\" />.</li>\n<li>In the search bar that appears, enter <strong>ACMELogin</strong>.</li>\n<li>Drag the <strong>ACMELogin</strong> component onto the <strong>frmLogin</strong> on the canvas.</li>\n</ol>"
    },
    "navigationBar": {
      "left": {
        "text": "Previous"
      },
      "right": {
        "text": "Next"
      }
    }
  },
  "Card.VoltMX.IntrotoActionEditorV9.condBeh1": {
    "content": {
      "title": "Adding Sign Up",
      "body": "<ol>\n<li>Select the<strong> Sign Up </strong>button on canvas.</li>\n<li>In the <strong>Action</strong> tab, for the <strong>onClick</strong> action, click <strong>Edit</strong>.<strong><br /></strong>The <strong>Action Editor</strong> window appears.</li>\n</ol>"
    },
    "navigationBar": {
      "left": {
        "text": "Previous"
      },
      "right": {
        "text": "Next"
      }
    }
  },
  "Card.VoltMX.IntrotoActionEditorV9.condBeh2": {
    "content": {
      "title": "Adding Conditions for Sign Up",
      "body": "<ol>\n<li>From the top-right corner of the <strong>Action Editor</strong>, select the <strong>Design View</strong>.</li>\n<li>In the&nbsp;<strong>Action Editor&nbsp;</strong>left menu, under <strong>Conditions</strong>, select <strong>If</strong>.</li>\n<li>In the <strong>Action Editor </strong>right pane, you will notice:<br />\n<ul style=\"list-style-type: disc;\">\n<li><strong>Condition Type&nbsp;</strong> is selected as <strong>If&nbsp;</strong></li>\n<li><strong>Criteria</strong> is selected&nbsp;as <strong>Satisfy All</strong></li>\n</ul>\n</li>\n<li>Click on the box below <strong>Widget Property </strong>drop-down. <br />You will notice your project's forms and widgets being listed in a hierarchy.&nbsp;</li>\n<li>Navigate to <strong>Mobile Forms</strong> &gt;&nbsp;<strong>frmRegistration&nbsp;</strong>&gt;&nbsp;<strong>ACMERegister&nbsp;</strong>&gt;&nbsp;<strong>flxACMERegister </strong>and select&nbsp;<strong>tbxEmail</strong>.</li>\n<li>Select <strong>text</strong> in the right pane.</li>\n</ol>"
    },
    "navigationBar": {
      "left": {
        "text": "Previous"
      },
      "right": {
        "text": "Next"
      }
    }
  },
  "Card.VoltMX.IntrotoActionEditorV9.condBeh3": {
    "content": {
      "title": "Condition for Sign Up",
      "body": "<p>You will notice that <strong>Equals </strong>and&nbsp;<strong>Widget Property </strong>appears in the next two drop-downs.</p>\n<ol>\n<li>Click on the drop-down in which&nbsp;<strong>Widget</strong> <strong>Property</strong>&nbsp;is mentioned and change it to <strong>Value</strong>.</li>\n<li>In the next textbox enter:\n<p style=\"background-color: lightyellow; padding-left: 5%;\">\"\"</p>\n</li>\n</ol>\n<p>You are now checking if the Email field is empty.</p>"
    },
    "navigationBar": {
      "left": {
        "text": "Previous"
      },
      "right": {
        "text": "Next"
      }
    }
  },
  "Card.VoltMX.IntrotoActionEditorV9.condBeh4": {
    "content": {
      "title": "Add a Warning Alert",
      "body": "<ol>\n<li>From the <strong>Action</strong> <strong>Editor</strong> left menu, navigate to <strong>CLIENT </strong>&gt;&nbsp;<strong>Show Alert</strong>.</li>\n<li>Provide the following details in the right pane:\n<ul>\n<li>Set<strong> Alert Type</strong> to&nbsp;<strong>Error</strong></li>\n<li>Under<strong> Alert Title</strong>, enter: <strong>Invalid Email Address</strong></li>\n<li>Under<strong> Yes Label</strong>, enter: <strong>OK</strong></li>\n<li>Under<strong> Alert Message</strong>, enter: <strong>Please Enter a Valid Email Address</strong></li>\n</ul>\n</li>\n</ol>"
    },
    "navigationBar": {
      "left": {
        "text": "Previous"
      },
      "right": {
        "text": "Next"
      }
    }
  },
  "Card.VoltMX.IntrotoActionEditorV9.createReg": {
    "content": {
      "title": "Create the Registration Form",
      "body": "<ol>\n<li>From the <strong>Project</strong> Explorer, expand <strong>Mobile&nbsp;</strong>&gt;&nbsp;<strong>Forms</strong> and select <strong>frmRegistration.</strong>&nbsp;</li>\n<li>From the lower-left corner of Iris, navigate to the Default Library.</li>\n<li>Next to the <strong>Default Library</strong>, you will see the <strong>My Libraries</strong> tab and a search icon. Click the search icon <img class=\"\" src=\"https://i.ibb.co/VDQ1byP/Screenshot-2019-02-26-at-1-57-46-PM.png\" alt=\"\" width=\"20\" height=\"20\" />.</li>\n<li>In the search bar that appears, enter <strong>ACMERegister</strong>.<br /><img src=\"https://i.ibb.co/DYgBS2b/Screenshot-2019-02-26-at-2-44-09-PM.png\" alt=\"\" width=\"173\" height=\"40\" /></li>\n<li>Drag the <strong>ACME</strong><strong>Register</strong> component and drop it onto&nbsp;<strong>frmRegistration </strong>on the canvas.</li>\n</ol>\n<p>In the next few cards, we will be adding validations for this Registration Screen.</p>"
    },
    "navigationBar": {
      "left": {
        "text": "Previous"
      },
      "right": {
        "text": "Next"
      }
    }
  },
  "Card.VoltMX.IntrotoActionEditorV9.explore": {
    "content": {
      "title": "Explore the App",
      "body": "<p>You will now be able to view the app on your <strong>mobile</strong> device. </p>\n<ol>\n<li>Click on the <strong>CREATE ACCOUNT&nbsp;</strong>button on your login screen, you will be navigated to the registration screen.</li>\n<li>Click on <strong>Sign Up</strong> button on your registration screen. <br/>The alert pop-up appears.</li>\n<li>Enter your Email ID in the text field&nbsp;and click on the <strong>Sign Up </strong>button.<br/>\nA notification appears giving you further instructions for Sign Up.</li>\n<li>To <strong>Exit</strong> the <strong>mobile</strong> device, swipe two fingers from left to right or shake your <strong>mobile</strong> device and click <strong>Exit App</strong>.</li>\n</ol>"
    },
    "navigationBar": {
      "left": {
        "text": "Previous"
      },
      "right": {
        "text": "Next"
      }
    }
  },
  "Card.VoltMX.IntrotoActionEditorV9.intro": {
    "content": {
      "title": "Introduction to Action Editor",
      "body": "<p><strong>Action Editor</strong> is an application logic generator.<br />Using <strong>Action Editor</strong>,  you can define and modify application behavior.<br /><br />At the end of this hike, you will be able to:</p>\n<ul style=\"list-style-type: disc;\">\n<li>Navigate between forms</li>\n<li>Create conditional behavior</li>\n<li>Show an alert</li>\n<li>Set widget properties</li>\n</ul>"
    },
    "navigationBar": {
      "left": {
        "text": "Previous"
      },
      "right": {
        "text": "Start"
      }
    }
  },
  "Card.VoltMX.IntrotoActionEditorV9.NewProject1": {
    "content": {
      "title": "Create a New Project",
      "body": "<ol>\n<li>Navigate to <strong>Project</strong> &gt; <strong>New Project</strong>.</li>\n<li>From the <strong>What do you want to start with now? </strong>window, select <strong>Native App</strong>.</li>\n<li>Click <strong>Next</strong>.<br/>The <b>You started with a Native App</b> window opens. </li>\n</ol>"
    },
    "navigationBar": {
      "left": {
        "text": "Previous"
      },
      "right": {
        "text": "Next"
      }
    }
  },
  "Card.VoltMX.IntrotoActionEditorV9.NewProject2": {
    "content": {
      "title": "Create a New Project",
      "body": "<ol>\n<li>Under <strong>Project Name</strong>, enter <strong>VoltMXACME</strong>.</li>\n<li>Click <strong>Create</strong>.<br />A new application is created with one flex form. <br />The application opens in the <strong>Storyboard </strong>view.</li>\n</ol>"
    },
    "navigationBar": {
      "left": {
        "text": "Previous"
      },
      "right": {
        "text": "Next"
      }
    }
  },
  "Card.VoltMX.IntrotoActionEditorV9.openapp": {
    "content": {
      "title": "Volt MX App",
      "body": "<ol><li>Connect your <b>mobile</b> device to your computer using a USB cable.<br/>For Android mobile device, ensure that the use of USB is <b>Transfer files</b>.<br/>For iOS mobile device, ensure that a <b>trust</b> has been established between your device and your computer.</li>\n<li>Launch the <b>Volt MX App</b>  on your <b>mobile </b>device.</li><li>Select the <b>USB</b> tab.\n<li>On successful connection, the <b>Iris</b> on your computer shows a success prompt.</li></ol>"
    },
    "navigationBar": {
      "left": {
        "text": "Previous"
      },
      "right": {
        "text": "Next"
      }
    }
  },
  "Card.VoltMX.IntrotoActionEditorV9.preview": {
    "content": {
      "title": "Settings for Live Preview",
      "body": "<ol><li>From the main menu, select <b>Build</b>.\n</li><li>Click <b>Live Preview Settings</b>.</li></ol>"
    },
    "navigationBar": {
      "left": {
        "text": "Previous"
      },
      "right": {
        "text": "Next"
      }
    }
  },
  "Card.VoltMX.IntrotoActionEditorV9.rename": {
    "content": {
      "title": "Rename the Form",
      "body": "<ol>\n<li>In the <strong>Storyboard</strong> view, above the new form, click <strong>Form1</strong>.</li>\n<li>Rename the form <strong>frmLogin</strong>.</li>\n<li>To add widgets to the form, double-click on the form to open the form in <strong>Design </strong>view.</li>\n</ol>"
    },
    "navigationBar": {
      "left": {
        "text": "Previous"
      },
      "right": {
        "text": "Next"
      }
    }
  },
  "Card.VoltMX.IntrotoActionEditorV9.run": {
    "content": {
      "title": "Run the App",
      "body": "<ol><li>From the <b>Live Preview Settings</b> window, under <b>Native</b>, select the checkboxes next to the OS of the <b>mobile</b> device on which you are going to view the app. <br/>For example: <b>iOS </b> and <b>Android</b>.<br/>Ensure that you have unselected the checkboxes for all the other platforms and channels. </li>\n<li>Click <b>Save & Run</b>.<br/>It may take some time for Iris to show the <b>Live Preview is ready</b> window. </li></ol>"
    },
    "navigationBar": {
      "left": {
        "text": "Previous"
      },
      "right": {
        "text": "Next"
      }
    }
  },
  "Card.VoltMX.IntrotoActionEditorV9.success": {
    "content": {
      "title": "Congratulations",
      "body": "<p>You have successfully completed the hike.<br />In this hike you have:</p>\n<ul>\n<li><strong>Navigated from a Login Screen to a Registration Screen</strong></li>\n<li><strong>Added Validations around the Email Id text field&nbsp;</strong></li>\n<li><strong>Shown an alert if the user input is invalid</strong></li>\n<li><strong>Changed the visibility of the widgets to display a success message</strong></li>\n</ul>"
    },
    "navigationBar": {
      "left": {
        "text": "Previous"
      },
      "right": {
        "text": "Done"
      }
    }
  },
  "Card.VoltMX.IntrotoActionEditorV9.view": {
    "content": {
      "title": "View the App",
      "body": "<ol>\n<li>On your <strong>Volt MX App</strong>, click <strong>Launch</strong>.</li>\n<li>You may see an <strong>Application Name</strong> text box. If there is a text box, enter <strong>VoltMXACME</strong> and then click <strong>Launch</strong>.<br /> The form with the login screen appears.</li>\n</ol>"
    },
    "navigationBar": {
      "left": {
        "text": "Previous"
      },
      "right": {
        "text": "Next"
      }
    }
  }
}