{
    "kuid": "075f10te-74ac-40r9-92u2-06d6d2nb",
    "id": "Kony.PubishAppEnterpriseStoreV9.done",
    "content": {
        "title": "Congratulations",
        "body": "<p>You&rsquo;ve successfully:</p>\n<ul><b>\n<li><strong>Built and published an app to the Enterprise App Store</strong></li>\n<li><strong>Previewed the app on a mobile device</strong></li></b>\n</ul><br/>\n<p>To learn more on what you can do with Quantum Visualizer, visit <a href='#'onClick='javascript:openURL(\"https://basecamp.kony.com/s/\")'>Base Camp</a>.</p>"
    },
    "pointer": {
        "direction": "left",
        "element": "",
        "type": "none"
    },
    "navigationType": "manual",
    "navigationBar": {
        "left": {
            "text": "Previous",
            "enable": false,
            "hide": true
        },
        "right": {
            "text": "Done",
            "enable": true,
            "hide": false
        }
    },
    "navigationCondition": "",
    "position": "CENTER",
    "meta": {
        "Creator": "Prem Garudadri",
        "CreatedOn": "Wed, 18 Dec 2019 10:07:03 GMT"
    },
    "context": []
}