{
  "Tour.CreateUIfromCollectionsMob_v9": {
    "description": "旅遊描述"
  },
  "Hike.VoltMX.createUIMobV9": {
    "description": "徒步說明"
  },
  "Card.VoltMX.createUIMobV9.addNav2": {
    "content": {
      "title": "從登錄屏幕添加導航",
      "body": "<ol>\n<li>來自<strong>動作編輯器</strong>左側菜單，在<strong>一般</strong>部分，選擇<strong>導航到表單</strong>.</li>\n<li>從右側窗格<strong>動作編輯器</strong>，選擇<strong>frmAccount</strong>.</li>\n<li>點擊<strong>保存</strong>.</li>\n</ol>"
    },
    "navigationBar": {
      "left": {
        "text": "上一個"
      },
      "right": {
        "text": "下一個"
      }
    }
  },
  "Card.VoltMX.createUIMobV9.addNav3": {
    "content": {
      "title": "從帳戶表單添加導航",
      "body": "<ol>\n<li>來自<strong>項目</strong>資源管理器，導航到<strong>手機</strong>&gt;<strong>表格</strong>&gt;<strong>frmAccount</strong>&gt;<strong>flexAccountList</strong>&gt;<strong>flexFooter</strong>並選擇&nbsp;<strong>flxRecipient</strong></li>\n<li>來自<strong>屬性</strong>面板，導航到<strong>行動</strong>選項卡。</li>\n<li>對於<strong>點擊</strong>事件，點擊<strong>編輯</strong>.<br /><strong>動作編輯器</strong>窗口出現。</li>\n</ol>"
    },
    "navigationBar": {
      "left": {
        "text": "上一個"
      },
      "right": {
        "text": "下一個"
      }
    }
  },
  "Card.VoltMX.createUIMobV9.addNav4": {
    "content": {
      "title": "從帳戶表單添加導航",
      "body": "<ol>\n<li>來自<strong>動作編輯器</strong>左側菜單，在<strong>一般</strong>部分，選擇<strong>導航到表單</strong>.</li>\n<li>在右側窗格中<strong>動作編輯器</strong>，選擇<strong>frmRecipients</strong>.</li>\n<li>點擊<strong>保存</strong>.</li>\n</ol>"
    },
    "navigationBar": {
      "left": {
        "text": "上一個"
      },
      "right": {
        "text": "下一個"
      }
    }
  },
  "Card.VoltMX.createUIMobV9.addNav5": {
    "content": {
      "title": "從收件人表單添加導航",
      "body": "<ol>\n<li>來自<strong>項目</strong>資源管理器，導航到<strong>手機</strong>&gt;<strong>表格</strong>&gt;<strong>frmRecipients。</strong> &nbsp;</li>\n<li>導航到<strong>flexRecipientList</strong>&gt;<strong>flexFooter</strong>並選擇<strong>flxAccounts</strong>.</li>\n<li>來自<strong>屬性</strong>面板，導航到<strong>行動</strong>選項卡。</li>\n<li>對於<strong>點擊</strong>事件，點擊<strong>編輯</strong>.<br /><strong>動作編輯器</strong>窗口出現。</li>\n</ol>"
    },
    "navigationBar": {
      "left": {
        "text": "上一個"
      },
      "right": {
        "text": "下一個"
      }
    }
  },
  "Card.VoltMX.createUIMobV9.addNav6": {
    "content": {
      "title": "從收件人表單添加導航",
      "body": "<ol>\n<li>來自<strong>動作編輯器</strong>左側菜單，在<strong>一般</strong>部分，選擇<strong>導航到表單</strong>.</li>\n<li>在右側窗格中<strong>動作編輯器</strong>，選擇<strong>frmAccount</strong>.</li>\n<li>點擊<strong>保存</strong>.</li>\n</ol>"
    },
    "navigationBar": {
      "left": {
        "text": "上一個"
      },
      "right": {
        "text": "下一個"
      }
    }
  },
  "Card.VoltMX.createUIMobV9.addNavigation1": {
    "content": {
      "title": "從登錄表單導航",
      "body": "<ol>\n<li>來自<strong>項目</strong>資源管理器，導航到<strong>手機</strong>&gt;<strong>表格</strong>&gt;<strong>frmLogin</strong>&gt;<strong>flexUserLogin</strong>並選擇<strong> btnSignin</strong>.</li>\n<li>來自<strong>屬性面板</strong> ，導航到<strong>行動</strong>選項卡。</li>\n<li> 在<strong>一般</strong>部分，用於<strong>點擊</strong>事件，點擊<strong>編輯</strong>.<br /><strong>動作編輯器</strong>窗口出現。</li>\n</ol>"
    },
    "navigationBar": {
      "left": {
        "text": "上一個"
      },
      "right": {
        "text": "下一個"
      }
    }
  },
  "Card.VoltMX.createUIMobV9.addUIAccount": {
    "content": {
      "title": "賬戶表單的用戶界面",
      "body": "<ol>\n<li>從 Iris 畫布的左側，導航到<strong>默認庫</strong>.</li>\n<li>在出現的搜索欄中，輸入<strong>賬戶</strong>.</li>\n<li>從結果來看，在<strong> RecipientsMobile</strong>，找到<strong>賬戶列表</strong>.</li>\n<li>拖動<strong>賬戶列表</strong>收集到<strong>frmAccount</strong>畫布上的表格。</li>\n</ol>"
    },
    "navigationBar": {
      "left": {
        "text": "上一個"
      },
      "right": {
        "text": "下一個"
      }
    }
  },
  "Card.VoltMX.createUIMobV9.addUIlogin": {
    "content": {
      "title": "登錄表單的用戶界面",
      "body": "<ol>\n<li>從 Iris 畫布的左側，導航到<strong>默認庫</strong>.</li>\n<li>點擊搜索圖標。</li>\n<li>在出現的搜索欄中，輸入<strong>登錄</strong>.</li>\n<li>從結果來看，在<strong> RecipientsMobile</strong>，找到<strong>用戶登錄</strong>.</li>\n<li>拖動<strong>用戶登錄</strong>收集到<strong>frmLogin</strong>畫布上的表格。</li>\n</ol>"
    },
    "navigationBar": {
      "left": {
        "text": "上一個"
      },
      "right": {
        "text": "下一個"
      }
    }
  },
  "Card.VoltMX.createUIMobV9.addUIPayees": {
    "content": {
      "title": "收件人表單的用戶界面",
      "body": "<ol>\n<li>從 Iris 畫布的左側，導航到<strong>默認庫</strong>.</li>\n<li>在出現的搜索欄中，輸入<strong>收件人列表</strong>.</li>\n<li>從結果來看，在<strong> RecipientsMobile</strong>，找到<strong>收件人列表</strong>.</li>\n<li>拖動<strong>收件人列表</strong>收集到<strong>frmRecipients</strong>畫布上的表格。</li>\n<li>從 Iris 畫布的頂部，選擇<b>設計</b>選項卡打開應用程序<b>設計</b>查看。</li>\n</ol>"
    },
    "navigationBar": {
      "left": {
        "text": "上一個"
      },
      "right": {
        "text": "下一個"
      }
    }
  },
  "Card.VoltMX.createUIMobV9.createAccForm": {
    "content": {
      "title": "創建賬戶表格",
      "body": "<ol>\n<li>來自<b>故事板</b>查看，選擇&nbsp;<strong>frmLogin</strong> ，然後單擊&nbsp;<strong>+ </strong>圖標。<br />Iris 創建一個新表單。</li>\n<li>在新表單上方，單擊&nbsp;<strong>Form1</strong>.</li>\n<li>重命名表單&nbsp;<strong>frmAccount</strong>.</li>\n</ol>"
    },
    "navigationBar": {
      "left": {
        "text": "上一個"
      },
      "right": {
        "text": "下一個"
      }
    }
  },
  "Card.VoltMX.createUIMobV9.createPayForm": {
    "content": {
      "title": "創建收件人表單",
      "body": "<ol>\n<li>來自<b>故事板</b>查看，選擇&nbsp;<strong>frmAccount</strong> ，然後單擊&nbsp;<strong>+</strong>圖標。<br />Iris 創建一個新表單。</li>\n<li>在新表單上方，單擊&nbsp;<strong>Form1</strong>.</li>\n<li>重命名表單&nbsp;<strong>frmRecipients</strong>.</li>\n</ol>"
    },
    "navigationBar": {
      "left": {
        "text": "上一個"
      },
      "right": {
        "text": "下一個"
      }
    }
  },
  "Card.VoltMX.createUIMobV9.done": {
    "content": {
      "title": " 恭喜",
      "body": "<p>您已成功：</p>\n<ul>\n<li><strong>為用戶交互創建帶有 UI 元素的表單</strong></li>\n<li><strong>在表單之間添加導航</strong></li>\n<li><strong>使用 Volt MX 應用在移動設備上啟動您的應用</strong></li>\n</ul><br/>\n<p>要了解如何為此應用添加登錄和註銷操作，請查看下一次加息：</p><a class=\"tour-link\" tour=\"15d8c7t4-cda7-40rb-afu7-345cfcnc\"><b> 3. 向應用程序添加身份驗證</b></a>.</p>"
    },
    "navigationBar": {
      "left": {
        "text": "上一個"
      },
      "right": {
        "text": "完成"
      }
    }
  },
  "Card.VoltMX.createUIMobV9.intro": {
    "content": {
      "title": "構建您的第一個移動應用",
      "body": "<p><strong>讓我們開始吧！</strong></p>\n<p> 在這次徒步旅行中，我們將：</p>\n<ul>\n<li>為用戶交互創建帶有 UI 元素的表單</li>\n<li>添加導航以訪問此應用程序中的不同表單</li>\n</ul><br/>\n<p>在開始之前，完成遠足：</p>\n<ol><b>\n<li><a class=\"tour-link\" tour=\"7408efte-e2aa-4cr8-a9ub-d7ba36n8\">啟動您的第一個移動應用</a></li>\n</b></ol><br/>\n<p><strong>準備好後，單擊開始！</strong></p>"
    },
    "navigationBar": {
      "left": {
        "text": "上一個"
      },
      "right": {
        "text": "開始"
      }
    }
  },
  "Card.VoltMX.createUIMobV9.launch": {
    "content": {
      "title": "啟動應用程序",
      "body": "<ol>\n<li>在你的<strong>Volt MX 應用程序</strong>，點擊<strong>啟動</strong>.<br />您可能會看到<strong>應用程序名稱</strong>輸入框。如果有輸入框，輸入<strong>RecipientsMobApp</strong> ，然後單擊<strong>啟動</strong>.</li>\n<li>點擊<strong>登錄</strong> 用於查看表單上的按鈕<strong>賬戶</strong>列表。<br />您不需要此應用程序的登錄憑據。您將在下次遠足時向應用程序添加身份驗證。</li>\n<li>點擊<strong>收件人</strong>. <br /><strong>收件人</strong>列表出現。</li>\n<li>退出應用程序<strong>手機</strong>設備，從左向右滑動兩根手指或搖動您的移動設備並單擊<strong>退出應用</strong>.</li>\n</ol>"
    },
    "navigationBar": {
      "left": {
        "text": "上一個"
      },
      "right": {
        "text": "下一個"
      }
    }
  },
  "Card.VoltMX.createUIMobV9.newProject1": {
    "content": {
      "title": "創建一個新項目",
      "body": "<ol>\n<li>從主菜單，導航到&nbsp;<strong>項目</strong>&nbsp;&gt;&nbsp;<strong>新項目</strong>.</li>\n<li>來自&nbsp;<strong>你現在想從什麼開始？&nbsp;</strong>窗口，選擇&nbsp;<strong>本機應用程序</strong>.</li>\n<li>點擊<strong>下一個</strong>.<br /><strong>您從本機應用程序開始</strong> &nbsp;窗口出現。</li>\n<li>下<strong>項目名稱</strong>，輸入<strong>RecipientsMobApp</strong>.</li>\n<li>點擊<strong>創建</strong>.<br />使用&nbsp;創建了一個新應用程序<strong>Form1</strong>&nbsp;表格。<br />應用程序在&nbsp;<strong>故事板</strong>&nbsp;查看。</li>\n</ol>"
    },
    "navigationBar": {
      "left": {
        "text": "上一個"
      },
      "right": {
        "text": "下一個"
      }
    }
  },
  "Card.VoltMX.createUIMobV9.openapp": {
    "content": {
      "title": "Volt MX 應用程序",
      "body": "<ol>\n<li>使用 USB 電纜將您的移動設備連接到您的計算機。<br /> 對於Android移動設備，確保USB的用戶設置為<strong>傳輸文件</strong>.<br />對於 iOS 移動設備，請確保<strong>信任</strong>已在您的設備和計算機之間建立。</li>\n<li>啟動你的<strong>Volt MX 應用程序</strong>在您的移動設備上。</li>\n<li>選擇<strong>USB</strong>選項卡。<br />連接成功後，<strong>虹膜</strong>在您的計算機上顯示成功提示。</li>\n</ol>"
    },
    "navigationBar": {
      "left": {
        "text": "上一個"
      },
      "right": {
        "text": "下一個"
      }
    }
  },
  "Card.VoltMX.createUIMobV9.rename": {
    "content": {
      "title": "重命名表單",
      "body": "<ol>\n<li>在<strong>故事板</strong>查看，在新表單上方，單擊<strong>Form1</strong>.</li>\n<li>重命名表單<strong>frmLogin</strong>.</li>\n</ol>"
    },
    "navigationBar": {
      "left": {
        "text": "上一個"
      },
      "right": {
        "text": "下一個"
      }
    }
  },
  "Card.VoltMX.createUIMobV9.run": {
    "content": {
      "title": "運行應用程序",
      "body": "<ol>\n<li>來自<strong>實時預覽設置</strong>窗下<strong>本地</strong>選中您要在其上查看應用程序的移動設備的操作系統旁邊的框。<br />例如，<strong>iOS</strong>和<strong>安卓</strong>.<br />確保您已取消選中所有其他平台和頻道的複選框。</li>\n<li>點擊<strong>保存&amp;跑步</strong>.<br />Iris 運行應用程序可能需要一些時間。<br /><strong>實時預覽已準備就緒</strong>窗口出現。</li>\n</ol>"
    },
    "navigationBar": {
      "left": {
        "text": "上一個"
      },
      "right": {
        "text": "下一個"
      }
    }
  },
  "Card.VoltMX.createUIMobV9.settings": {
    "content": {
      "title": "實時預覽設置",
      "body": "<ol>\n<li>從主菜單中，選擇<strong>構建</strong>.</li>\n<li>點擊<strong>實時預覽設置</strong>.</li>\n</ol>"
    },
    "navigationBar": {
      "left": {
        "text": "上一個"
      },
      "right": {
        "text": "下一個"
      }
    }
  }
}