{
  "Tour.CreateUIfromCollectionsMob_v9": {
    "description": "旅游描述"
  },
  "Hike.VoltMX.createUIMobV9": {
    "description": "徒步说明"
  },
  "Card.VoltMX.createUIMobV9.addNav2": {
    "content": {
      "title": "从登录屏幕添加导航",
      "body": "<ol>\n<li>来自<strong>动作编辑器</strong>左侧菜单，在<strong>一般</strong>部分，选择<strong>导航到表单</strong>.</li>\n<li>从右侧窗格<strong>动作编辑器</strong>，选择<strong>frmAccount</strong>.</li>\n<li>点击<strong>保存</strong>.</li>\n</ol>"
    },
    "navigationBar": {
      "left": {
        "text": "上一个"
      },
      "right": {
        "text": "下一个"
      }
    }
  },
  "Card.VoltMX.createUIMobV9.addNav3": {
    "content": {
      "title": "从帐户表单添加导航",
      "body": "<ol>\n<li>来自<strong>项目</strong>资源管理器，导航到<strong>手机</strong>&gt;<strong>表格</strong>&gt;<strong>frmAccount</strong>&gt;<strong>flexAccountList</strong>&gt;<strong>flexFooter</strong>并选择&nbsp;<strong>flxRecipient</strong></li>\n<li>来自<strong>属性</strong>面板，导航到<strong>行动</strong>选项卡。</li>\n<li>对于<strong>点击</strong>事件，点击<strong>编辑</strong>.<br /><strong>动作编辑器</strong>窗口出现。</li>\n</ol>"
    },
    "navigationBar": {
      "left": {
        "text": "上一个"
      },
      "right": {
        "text": "下一个"
      }
    }
  },
  "Card.VoltMX.createUIMobV9.addNav4": {
    "content": {
      "title": "从帐户表单添加导航",
      "body": "<ol>\n<li>来自<strong>动作编辑器</strong>左侧菜单，在<strong>一般</strong>部分，选择<strong>导航到表单</strong>.</li>\n<li>在右侧窗格中<strong>动作编辑器</strong>，选择<strong>frmRecipients</strong>.</li>\n<li>点击<strong>保存</strong>.</li>\n</ol>"
    },
    "navigationBar": {
      "left": {
        "text": "上一个"
      },
      "right": {
        "text": "下一个"
      }
    }
  },
  "Card.VoltMX.createUIMobV9.addNav5": {
    "content": {
      "title": "从收件人表单添加导航",
      "body": "<ol>\n<li>来自<strong>项目</strong>资源管理器，导航到<strong>手机</strong>&gt;<strong>表格</strong>&gt;<strong>frmRecipients。</strong> &nbsp;</li>\n<li>导航到<strong>flexRecipientList</strong>&gt;<strong>flexFooter</strong>并选择<strong>flxAccounts</strong>.</li>\n<li>来自<strong>属性</strong>面板，导航到<strong>行动</strong>选项卡。</li>\n<li>对于<strong>点击</strong>事件，点击<strong>编辑</strong>.<br /><strong>动作编辑器</strong>窗口出现。</li>\n</ol>"
    },
    "navigationBar": {
      "left": {
        "text": "上一个"
      },
      "right": {
        "text": "下一个"
      }
    }
  },
  "Card.VoltMX.createUIMobV9.addNav6": {
    "content": {
      "title": "从收件人表单添加导航",
      "body": "<ol>\n<li>来自<strong>动作编辑器</strong>左侧菜单，在<strong>一般</strong>部分，选择<strong>导航到表单</strong>.</li>\n<li>在右侧窗格中<strong>动作编辑器</strong>，选择<strong>frmAccount</strong>.</li>\n<li>点击<strong>保存</strong>.</li>\n</ol>"
    },
    "navigationBar": {
      "left": {
        "text": "上一个"
      },
      "right": {
        "text": "下一个"
      }
    }
  },
  "Card.VoltMX.createUIMobV9.addNavigation1": {
    "content": {
      "title": "从登录表单导航",
      "body": "<ol>\n<li>来自<strong>项目</strong>资源管理器，导航到<strong>手机</strong>&gt;<strong>表格</strong>&gt;<strong>frmLogin</strong>&gt;<strong>flexUserLogin</strong>并选择<strong> btnSignin</strong>.</li>\n<li>来自<strong>属性面板</strong> ，导航到<strong>行动</strong>选项卡。</li>\n<li> 在<strong>一般</strong>部分，用于<strong>点击</strong>事件，点击<strong>编辑</strong>.<br /><strong>动作编辑器</strong>窗口出现。</li>\n</ol>"
    },
    "navigationBar": {
      "left": {
        "text": "上一个"
      },
      "right": {
        "text": "下一个"
      }
    }
  },
  "Card.VoltMX.createUIMobV9.addUIAccount": {
    "content": {
      "title": "账户表单的用户界面",
      "body": "<ol>\n<li>从 Iris 画布的左侧，导航到<strong>默认库</strong>.</li>\n<li>在出现的搜索栏中，输入<strong>账户</strong>.</li>\n<li>从结果来看，在<strong> RecipientsMobile</strong>，找到<strong>账户列表</strong>.</li>\n<li>拖动<strong>账户列表</strong>收集到<strong>frmAccount</strong>画布上的表格。</li>\n</ol>"
    },
    "navigationBar": {
      "left": {
        "text": "上一个"
      },
      "right": {
        "text": "下一个"
      }
    }
  },
  "Card.VoltMX.createUIMobV9.addUIlogin": {
    "content": {
      "title": "登录表单的用户界面",
      "body": "<ol>\n<li>从 Iris 画布的左侧，导航到<strong>默认库</strong>.</li>\n<li>点击搜索图标。</li>\n<li>在出现的搜索栏中，输入<strong>登录</strong>.</li>\n<li>从结果来看，在<strong> RecipientsMobile</strong>，找到<strong>用户登录</strong>.</li>\n<li>拖动<strong>用户登录</strong>收集到<strong>frmLogin</strong>画布上的表格。</li>\n</ol>"
    },
    "navigationBar": {
      "left": {
        "text": "上一个"
      },
      "right": {
        "text": "下一个"
      }
    }
  },
  "Card.VoltMX.createUIMobV9.addUIPayees": {
    "content": {
      "title": "收件人表单的用户界面",
      "body": "<ol>\n<li>从 Iris 画布的左侧，导航到<strong>默认库</strong>.</li>\n<li>在出现的搜索栏中，输入<strong>收件人列表</strong>.</li>\n<li>从结果来看，在<strong> RecipientsMobile</strong>，找到<strong>收件人列表</strong>.</li>\n<li>拖动<strong>收件人列表</strong>收集到<strong>frmRecipients</strong>画布上的表格。</li>\n<li>从 Iris 画布的顶部，选择<b>设计</b>选项卡打开应用程序<b>设计</b>查看。</li>\n</ol>"
    },
    "navigationBar": {
      "left": {
        "text": "上一个"
      },
      "right": {
        "text": "下一个"
      }
    }
  },
  "Card.VoltMX.createUIMobV9.createAccForm": {
    "content": {
      "title": "创建账户表格",
      "body": "<ol>\n<li>来自<b>故事板</b>查看，选择&nbsp;<strong>frmLogin</strong> ，然后单击&nbsp;<strong>+ </strong>图标。<br />Iris 创建一个新表单。</li>\n<li>在新表单上方，单击&nbsp;<strong>Form1</strong>.</li>\n<li>重命名表单&nbsp;<strong>frmAccount</strong>.</li>\n</ol>"
    },
    "navigationBar": {
      "left": {
        "text": "上一个"
      },
      "right": {
        "text": "下一个"
      }
    }
  },
  "Card.VoltMX.createUIMobV9.createPayForm": {
    "content": {
      "title": "创建收件人表单",
      "body": "<ol>\n<li>来自<b>故事板</b>查看，选择&nbsp;<strong>frmAccount</strong> ，然后单击&nbsp;<strong>+</strong>图标。<br />Iris 创建一个新表单。</li>\n<li>在新表单上方，单击&nbsp;<strong>Form1</strong>.</li>\n<li>重命名表单&nbsp;<strong>frmRecipients</strong>.</li>\n</ol>"
    },
    "navigationBar": {
      "left": {
        "text": "上一个"
      },
      "right": {
        "text": "下一个"
      }
    }
  },
  "Card.VoltMX.createUIMobV9.done": {
    "content": {
      "title": " 恭喜",
      "body": "<p>您已成功：</p>\n<ul>\n<li><strong>为用户交互创建带有 UI 元素的表单</strong></li>\n<li><strong>在表单之间添加导航</strong></li>\n<li><strong>使用 Volt MX 应用在移动设备上启动您的应用</strong></li>\n</ul><br/>\n<p>要了解如何为此应用添加登录和注销操作，请查看下一次加息：</p><a class=\"tour-link\" tour=\"15d8c7t4-cda7-40rb-afu7-345cfcnc\"><b> 3. 向应用程序添加身份验证</b></a>.</p>"
    },
    "navigationBar": {
      "left": {
        "text": "上一个"
      },
      "right": {
        "text": "完成"
      }
    }
  },
  "Card.VoltMX.createUIMobV9.intro": {
    "content": {
      "title": "构建您的第一个移动应用",
      "body": "<p><strong>让我们开始吧！</strong></p>\n<p>在这次徒步旅行中，我们将：</p>\n<ul>\n<li>为用户交互创建带有 UI 元素的表单</li>\n<li>添加导航以访问此应用程序中的不同表单</li>\n</ul><br/>\n<p>在开始之前，完成远足：</p>\n<ol><b>\n<li><a class=\"tour-link\" tour=\"7408efte-e2aa-4cr8-a9ub-d7ba36n8\">启动您的第一个移动应用</a></li>\n</b></ol><br/>\n<p><strong>准备好后，单击开始！</strong></p>"
    },
    "navigationBar": {
      "left": {
        "text": "上一个"
      },
      "right": {
        "text": "开始"
      }
    }
  },
  "Card.VoltMX.createUIMobV9.launch": {
    "content": {
      "title": "启动应用程序",
      "body": "<ol>\n<li>在你的<strong>Volt MX 应用程序</strong>，点击<strong>启动</strong>.<br />您可能会看到<strong>应用程序名称</strong>输入框。如果有输入框，输入<strong>RecipientsMobApp</strong> ，然后单击<strong>启动</strong>.</li>\n<li>点击<strong>登录</strong> 用于查看表单上的按钮<strong>账户</strong>列表。<br />您不需要此应用程序的登录凭据。您将在下一次徒步旅行中向应用程序添加身份验证。</li>\n<li>点击<strong>收件人</strong>. <br /><strong>收件人</strong>列表出现。</li>\n<li>退出应用程序<strong>手机</strong>设备，从左向右滑动两根手指或摇动您的移动设备并单击<strong>退出应用</strong>.</li>\n</ol>"
    },
    "navigationBar": {
      "left": {
        "text": "上一个"
      },
      "right": {
        "text": "下一个"
      }
    }
  },
  "Card.VoltMX.createUIMobV9.newProject1": {
    "content": {
      "title": "创建一个新项目",
      "body": "<ol>\n<li>从主菜单，导航到&nbsp;<strong>项目</strong>&nbsp;&gt;&nbsp;<strong>新项目</strong>.</li>\n<li>来自&nbsp;<strong>你现在想从什么开始？&nbsp;</strong>窗口，选择&nbsp;<strong>本机应用程序</strong>.</li>\n<li>点击<strong>下一个</strong>.<br /><strong>您从本机应用程序开始</strong> &nbsp;窗口出现。</li>\n<li>下<strong>项目名称</strong>，输入<strong>RecipientsMobApp</strong>.</li>\n<li>点击<strong>创建</strong>.<br />使用&nbsp;创建了一个新应用程序<strong>Form1</strong>&nbsp;表格。<br />应用程序在&nbsp;<strong>故事板</strong>&nbsp;查看。</li>\n</ol>"
    },
    "navigationBar": {
      "left": {
        "text": "上一个"
      },
      "right": {
        "text": "下一个"
      }
    }
  },
  "Card.VoltMX.createUIMobV9.openapp": {
    "content": {
      "title": "Volt MX 应用程序",
      "body": "<ol>\n<li>使用 USB 数据线将您的移动设备连接到您的计算机。<br /> 对于Android移动设备，确保USB的用户设置为<strong>传输文件</strong>.<br />对于 iOS 移动设备，请确保<strong>信任</strong>已在您的设备和计算机之间建立。</li>\n<li>启动你的<strong>Volt MX 应用程序</strong>在您的移动设备上。</li>\n<li>选择<strong>USB</strong>选项卡。<br />连接成功后，<strong>虹膜</strong>在您的计算机上显示成功提示。</li>\n</ol>"
    },
    "navigationBar": {
      "left": {
        "text": "上一个"
      },
      "right": {
        "text": "下一个"
      }
    }
  },
  "Card.VoltMX.createUIMobV9.rename": {
    "content": {
      "title": "重命名表单",
      "body": "<ol>\n<li>在<strong>故事板</strong>查看，在新表单上方，单击<strong>Form1</strong>.</li>\n<li>重命名表单<strong>frmLogin</strong>.</li>\n</ol>"
    },
    "navigationBar": {
      "left": {
        "text": "上一个"
      },
      "right": {
        "text": "下一个"
      }
    }
  },
  "Card.VoltMX.createUIMobV9.run": {
    "content": {
      "title": "运行应用程序",
      "body": "<ol>\n<li>来自<strong>实时预览设置</strong>窗下<strong>本地</strong>选中您要在其上查看应用程序的移动设备的操作系统旁边的框。<br />例如，<strong>iOS</strong>和<strong>安卓</strong>.<br />确保您已取消选中所有其他平台和频道的复选框。</li>\n<li>点击<strong>保存&amp;跑步</strong>.<br />Iris 运行应用程序可能需要一些时间。<br /><strong>实时预览已准备就绪</strong>窗口出现。</li>\n</ol>"
    },
    "navigationBar": {
      "left": {
        "text": "上一个"
      },
      "right": {
        "text": "下一个"
      }
    }
  },
  "Card.VoltMX.createUIMobV9.settings": {
    "content": {
      "title": "实时预览设置",
      "body": "<ol>\n<li>从主菜单中，选择<strong>构建</strong>.</li>\n<li>点击<strong>实时预览设置</strong>.</li>\n</ol>"
    },
    "navigationBar": {
      "left": {
        "text": "上一个"
      },
      "right": {
        "text": "下一个"
      }
    }
  }
}