{
  "Tour.UsingTestRecorder_v9": {
    "description": " Description of Tour"
  },
  "Hike.VoltMX.UsingTestRecorder_v9": {
    "description": " Description of hike"
  },
  "Card.VoltMX.UsingTestRecorder_v9.automate": {
    "content": {
      "title": "Using Volt MX Automator",
      "body": "<ol>\n<li>From the left navigation bar, click <strong>Volt MX Automator</strong>.<br /> The <strong>Dashboard</strong> window appears.<br />In the <strong>Dashboard</strong> window, you will see the test result of the test suite that you have run. You can see the number of passed and failed test cases.</li>\n<li>In the <strong>Results</strong> column, click the test suite file.<br /> The test suite result expands to provide more details.</li>\n<li>Close the <strong>Dashboard</strong> window. </li>\n</ol>"
    },
    "navigationBar": {
      "left": {
        "text": "Previous"
      },
      "right": {
        "text": "Next"
      }
    }
  },
  "Card.VoltMX.UsingTestRecorder_v9.deploy": {
    "content": {
      "title": "Deploy the Test Plan",
      "body": "<ol>\n<li>From <strong>Project</strong> Explorer, expand <strong>Test Resources</strong>, right-click <strong>Jasmine</strong> and select <strong>Deploy</strong>.</li>\n<li>In the <strong>Iris Preview</strong> window, click the Refresh button. </li><li>Enter the login credentials:<ul><li>Username: <b>john.doe@woodburn.com</b></li><li>Password: <b>VoltMX@123</b></li></ul></li> <li>Click <b>Login</b>.</li> \n<li>After a successful login, an alert appears at the bottom of the screen, prompting you to provide access to Iris to your file system.</li>\n<li>Click <strong>Allow</strong>.<br />The <strong>Save As</strong> window appears.</li>\n<li>Save the Test result file at a desired location. <br /> The Test Result file contains details of your test.</li>\n</ol>"
    },
    "navigationBar": {
      "left": {
        "text": "Previous"
      },
      "right": {
        "text": "Next"
      }
    }
  },
  "Card.VoltMX.UsingTestRecorder_v9.done": {
    "content": {
      "title": "Congratulations",
      "body": "<p>You&rsquo;ve successfully:</p>\n<ul>\n<li><strong>Created two Test Cases for testing authentication</strong></li>\n<li><strong>Created a Test Suite and a Test Plan</strong></li>\n<li><strong>Ran the application to view the results</strong></li>\n<li><strong>Deployed the Test Plan</strong></li>\n</ul><br/>\n\n<p>To learn more on what you can do with  Volt MX Iris, visit  <a href='#'onClick='javascript:openURL(\"https://support.hcltechsw.com/\")'>Base Camp</a>.</p>"
    },
    "navigationBar": {
      "left": {
        "text": "Previous"
      },
      "right": {
        "text": "Done"
      }
    }
  },
  "Card.VoltMX.UsingTestRecorder_v9.Intro": {
    "content": {
      "title": "Introduction to Test Recorder",
      "body": "<p>In this hike, you will learn how to use <strong>Test Recorder </strong></p><br/>\n<p>Before you get started, complete the hike:</p>\n<ol><b>\n<li><a class=\"tour-link\" tour=\"7408efte-e2aa-4cr8-a9ub-d7ba36n8\">Import &amp; Launch a Native App</a></li>\n</b></ol><br/>\n<p>Ensure that you open the same project that you have created in the previous hike.</p>\n<p>To open a closed project, from the main menu, navigate to <strong>Project</strong> &gt; <strong>Open</strong> &gt; <strong>HCL Reference Architecture</strong> &gt; <b>RecipientsMobile</b>.</p><br/>\n<p><strong>When you are ready, click Start!</strong></p>"
    },
    "navigationBar": {
      "left": {
        "text": "Previous"
      },
      "right": {
        "text": "Start"
      }
    }
  },
  "Card.VoltMX.UsingTestRecorder_v9.record": {
    "content": {
      "title": "Record the First Test Case",
      "body": "<ol>\n<li>On the top-right corner of the <strong>Test Case Recorder </strong>window, write the test case name: <strong>Login</strong>.</li>\n<li>From the <strong>Iris Preview</strong> window, click the refresh icon.</li>\n<li>In the <strong>Test Case Recorder</strong> window, select <strong>Record</strong>.</li>\n</ol>"
    },
    "navigationBar": {
      "left": {
        "text": "Previous"
      },
      "right": {
        "text": "Next"
      }
    }
  },
  "Card.VoltMX.UsingTestRecorder_v9.record1": {
    "content": {
      "title": "Record the Second Test Case",
      "body": "<ol>\n<li>In the <strong>Test Case Recorder </strong>window, write the test case name: <strong>Logout</strong>.</li>\n<li>Click the refresh icon in the Iris Preview window.</li>\n<li>From the <strong>Test Case Recorder</strong> window, select <strong>Record</strong>.</li>\n<li>Navigate to the <strong>Live Preview</strong> in the<strong> Accounts</strong> screen.</li><li>From the header, select the <strong>Logout</strong> button.<br />On a successful logout, you will be navigated to the Login Screen.</li>\n</ol>"
    },
    "navigationBar": {
      "left": {
        "text": "Previous"
      },
      "right": {
        "text": "Next"
      }
    }
  },
  "Card.VoltMX.UsingTestRecorder_v9.run": {
    "content": {
      "title": "Run the App",
      "body": "<ol>\n<li>From the main menu, click <strong>Build</strong> &gt; <strong>Live Preview Settings</strong>.</li>\n<li>From the <strong>Live Preview Settings</strong> window, under <strong>Adaptive Web</strong> select the check-boxes next to <strong>iOS</strong> and <strong>Android</strong>.</li>\n<li>Set the <strong>Preview</strong> mode as <strong>Test</strong>.</li>\n<li>Click <strong>Save &amp; Run</strong>.<br />The <strong>Live Preview is ready</strong> window appears, and the application is launched.</li>\n</ol>"
    },
    "navigationBar": {
      "left": {
        "text": "Previous"
      },
      "right": {
        "text": "Next"
      }
    }
  },
  "Card.VoltMX.UsingTestRecorder_v9.runTest": {
    "content": {
      "title": "Run the Test",
      "body": "<ol>\n<li>From the <strong>Project</strong> Explorer, navigate to <strong>Test Resources</strong> &gt; <strong>Test Suites</strong>.</li>\n<li>Right-click <strong>Authentication </strong>and select <strong>Run</strong>.<br />The <strong>Test Suite Runner</strong> window appears.</li>\n<li>In the Iris Preview window, click the <strong>Refresh</strong>.<br /> In Iris, the <strong>Test Suite Runner</strong> window shows the message: <b>&ldquo;Device connected Successfully&rdquo;</b>.<br />In the <strong>Iris Preview</strong> window, the test suite runs the test cases in the set order.</li>\n</ol>"
    },
    "navigationBar": {
      "left": {
        "text": "Previous"
      },
      "right": {
        "text": "Next"
      }
    }
  },
  "Card.VoltMX.UsingTestRecorder_v9.testCase": {
    "content": {
      "title": "Create the First Test Case",
      "body": "<ol>\n<li>Close the <strong>Live Preview is ready </strong>window.</li>\n<li>From the <strong>Project</strong> Explorer, expand <strong>Test Resources</strong> &gt; <strong>Jasmine</strong> &gt; <strong>Mobile</strong>, and select <strong>Test Cases</strong>.</li>\n<li>Right-click <strong>Test Cases</strong> and select <strong>Create a Test Case</strong>.<br />The <strong>Test Case Recorder</strong> window appears.</li>\n</ol>"
    },
    "navigationBar": {
      "left": {
        "text": "Previous"
      },
      "right": {
        "text": "Next"
      }
    }
  },
  "Card.VoltMX.UsingTestRecorder_v9.testCase1": {
    "content": {
      "title": "Create the First Test Case",
      "body": "<ol>\n<li>In Iris, in the <strong>Test Case Recorder</strong> window, click <strong>Stop</strong>.</li>\n<li>From the top right corner of the T<strong>est Case Recorder</strong> Window screen, click <strong>Save</strong>.<br />You have successfully created your first test case.</li><li>Close the <b>Test Case Recorder</b> window.</li>\n</ol>"
    },
    "navigationBar": {
      "left": {
        "text": "Previous"
      },
      "right": {
        "text": "Next"
      }
    }
  },
  "Card.VoltMX.UsingTestRecorder_v9.testCase2": {
    "content": {
      "title": "Create the Second Test Case",
      "body": "<ol>\n<li>From the <strong>Project</strong> Explorer, navigate to <strong>Test Resources</strong> &gt; <strong>Jasmine</strong> &gt; <strong>Mobile</strong>.</li>\n<li>Right-click <strong>Test Cases</strong> and select <strong>Create Test Case</strong>.<br />The <strong>Test Case Recorder</strong> window appears.</li>\n</ol>"
    },
    "navigationBar": {
      "left": {
        "text": "Previous"
      },
      "right": {
        "text": "Next"
      }
    }
  },
  "Card.VoltMX.UsingTestRecorder_v9.testCase3": {
    "content": {
      "title": "Adding Wait for the Second Test Case",
      "body": "<ol>\n<li>From the <strong>Test Case Recorder</strong> window, click <strong>Stop</strong>.</li>\n<li>From the Test Case Recorder canvas, click the <strong>+</strong> icon and select <strong>Wait</strong>.</li>\n<li>Modify the following fields:\n<ul>\n<li>Wait in ms: <strong>2000</strong></li>\n</ul>\n</li>\n<li>From the top right corner of the Test Case Recorder Window screen, click <strong>Save</strong>.<br />You have successfully created your second test case.</li>\n<li>Close the <strong>Test Case Recorder</strong> window.</li>\n</ol>"
    },
    "navigationBar": {
      "left": {
        "text": "Previous"
      },
      "right": {
        "text": "Next"
      }
    }
  },
  "Card.VoltMX.UsingTestRecorder_v9.testing": {
    "content": {
      "title": "Create the First Test Case",
      "body": "<ol>\n<li>In the <strong>Iris Preview</strong> window, enter the following credentials:\n<ul>\n<li>Username: <strong>john.doe@woodburn.com</strong></li>\n<li>Password: <strong>VoltMX@123</strong></li>\n</ul>\n</li>\n<li>Click <strong>Login</strong>.</li>\n</ol>"
    },
    "navigationBar": {
      "left": {
        "text": "Previous"
      },
      "right": {
        "text": "Next"
      }
    }
  },
  "Card.VoltMX.UsingTestRecorder_v9.testPlan": {
    "content": {
      "title": "Create a Test Plan",
      "body": "<ol>\n<li>From <strong>Project</strong> Explorer, expand <strong>Test Resources</strong> &gt; <strong>Jasmine</strong> &gt; <strong>Mobile</strong>, and then select <strong>Test Plans</strong>.</li>\n<li>Right-click <strong>Test Plans</strong> and select <strong>Create a Test Plan</strong>.<br />The <strong>Create Test Plan</strong> window appears.</li>\n</ol>"
    },
    "navigationBar": {
      "left": {
        "text": "Previous"
      },
      "right": {
        "text": "Next"
      }
    }
  },
  "Card.VoltMX.UsingTestRecorder_v9.testPlan1": {
    "content": {
      "title": "Create a Test Plan",
      "body": "<ol>\n<li>In the <strong>Create Test Plan</strong> window, provide the Plan name: <strong>RecipientsApp</strong>.</li>\n<li>From the list of available test suites, select <strong>Authentication.js</strong>.</li>\n<li>Click the <strong>&gt;</strong> icon to add <strong>Authentication.js </strong>file to <strong>Added Test Suites</strong>.</li>\n<li>Click <strong>Create</strong>.<br />You have successfully created a new test plan.</li>\n</ol>"
    },
    "navigationBar": {
      "left": {
        "text": "Previous"
      },
      "right": {
        "text": "Next"
      }
    }
  },
  "Card.VoltMX.UsingTestRecorder_v9.testPlan2": {
    "content": {
      "title": "Modify Default testPlan",
      "body": "<ol>\n<li>From <strong>Project</strong> Explorer, expand <strong>Test Resources</strong> &gt; <strong>Jasmine</strong> &gt; <strong>Mobile</strong> &gt; <strong>Test Plans</strong> and open the <strong>testPlan.js</strong> file.</li>\n<li>Replace the code in the file with the following code:<span style=\"background-color: #999999;\"><br />require([\"Test Plans/ RecipientsApp\"]);<br />/* Write the name of a test plan to execute. <br />Here, RecipientsApp is the name of the Test plan.*/ <br/>require([],function(){require([], function(){require([], function(){jasmine.getEnv().execute(); });});});</span></li>\n<li>Save the file.</li>\n</ol>"
    },
    "navigationBar": {
      "left": {
        "text": "Previous"
      },
      "right": {
        "text": "Next"
      }
    }
  },
  "Card.VoltMX.UsingTestRecorder_v9.testSuite": {
    "content": {
      "title": "Create a Test Suite",
      "body": "<ol>\n<li>From <strong>Project</strong> Explorer, expand <strong>Test Resources</strong> &gt; <strong>Jasmine</strong> &gt; <strong>Mobile</strong>, and then select <strong>Test Suites</strong>.</li>\n<li>Right-click <strong>Test Suites</strong> and select <strong>Create a Test Suite</strong>.<br />The <strong>Create Test Suite</strong> window appears.</li>\n</ol>"
    },
    "navigationBar": {
      "left": {
        "text": "Previous"
      },
      "right": {
        "text": "Next"
      }
    }
  },
  "Card.VoltMX.UsingTestRecorder_v9.testSuite1": {
    "content": {
      "title": "Create a Test Suite",
      "body": "<ol>\n<li>In the&nbsp;<strong>Create Test Suite</strong> window, type the Suite Name: <strong>Authentication</strong></li>\n<li>Under <strong>Available Test Cases</strong>, select&nbsp;<strong>Login.js</strong>.<strong><br /></strong></li>\n<li>Click the <strong>&gt; </strong>icon to add <strong>Login.js </strong>to the list of <strong>Added Test Cases</strong>.</li>\n<li>Under <strong>Available Test Cases</strong>, select&nbsp;<strong>Logout.js</strong>.</li>\n<li>Click the <strong>&gt; </strong>icon to add the <strong>Logout.js</strong> file to the list of <strong>Added Test Cases</strong>.</li>\n<li>Click <strong>Create</strong>.<br />You have successfully created a <strong>Test Suite</strong>.</li>\n</ol>"
    },
    "navigationBar": {
      "left": {
        "text": "Previous"
      },
      "right": {
        "text": "Next"
      }
    }
  }
}