{
  "Tour.UsingTestRecorder_v9": {
    "description": "旅游描述"
  },
  "Hike.VoltMX.UsingTestRecorder_v9": {
    "description": "徒步说明"
  },
  "Card.VoltMX.UsingTestRecorder_v9.automate": {
    "content": {
      "title": "使用Volt MX Automator",
      "body": "<ol>\n<li>从左侧导航栏中，单击<strong>Volt MX Automator</strong>.<br /><strong>仪表板</strong>窗口出现。<br />在<strong>仪表板</strong> 窗口，您将看到您运行的测试套件的测试结果。您可以看到通过和失败的测试用例的数量。</li>\n<li>在<strong>结果</strong>列，单击测试套件文件。<br />测试套件结果扩展以提供更多详细信息。</li>\n<li>关闭<strong>仪表板</strong>窗口。</li>\n</ol>"
    },
    "navigationBar": {
      "left": {
        "text": "上一个"
      },
      "right": {
        "text": "下一个"
      }
    }
  },
  "Card.VoltMX.UsingTestRecorder_v9.deploy": {
    "content": {
      "title": "部署测试计划",
      "body": "<ol>\n<li>来自<strong>项目</strong>资源管理器，展开<strong>测试资源</strong>，右击<strong>茉莉花</strong>并选择<strong>部署</strong>.</li>\n<li>在<strong>虹膜预览</strong>窗口，点击刷新按钮。</li><li>输入登录凭据：<ul><li>用户名：<b>john.doe@woodburn.com</b></li><li>密码：<b>VoltMX@123</b></li></ul></li> <li>点击<b>登录</b>.</li> \n<li>成功登录后，屏幕底部会出现警告，提示您提供对文件系统的 Iris 访问权限。</li>\n<li>点击<strong>允许</strong>.<br /><strong>另存为</strong>窗口出现。</li>\n<li>将测试结果文件保存在所需位置。<br />测试结果文件包含测试的详细信息。</li>\n</ol>"
    },
    "navigationBar": {
      "left": {
        "text": "上一个"
      },
      "right": {
        "text": "下一个"
      }
    }
  },
  "Card.VoltMX.UsingTestRecorder_v9.done": {
    "content": {
      "title": " 恭喜",
      "body": "<p>你已经成功：</p>\n<ul>\n<li><strong>创建了两个测试用例来测试认证</strong></li>\n<li><strong>创建测试套件和测试计划</strong></li>\n<li><strong>运行应用程序查看结果</strong></li>\n<li><strong>部署测试计划</strong></li>\n</ul><br/>\n\n<p>要了解有关 Volt MX Iris 的更多信息，请访问<a href='#'onClick='javascript:openURL(\"https://support.hcltechsw.com/\")'>大本营</a>.</p>"
    },
    "navigationBar": {
      "left": {
        "text": "上一个"
      },
      "right": {
        "text": "完成"
      }
    }
  },
  "Card.VoltMX.UsingTestRecorder_v9.Intro": {
    "content": {
      "title": "测试记录仪简介",
      "body": "<p> 在这次徒步旅行中，您将学习如何使用<strong>测试记录器</strong></p><br/>\n<p>在开始之前，完成远足：</p>\n<ol><b>\n<li><a class=\"tour-link\" tour=\"7408efte-e2aa-4cr8-a9ub-d7ba36n8\"> 进口 &amp;启动本机应用程序</a></li>\n</b></ol><br/>\n<p>确保您打开在上一次徒步旅行中创建的相同项目。</p>\n<p>要打开一个关闭的项目，从主菜单，导航到<strong>项目</strong>&gt;<strong>打开</strong>&gt;<strong>HCL 参考架构</strong>&gt;<b> RecipientsMobile</b>.</p><br/>\n<p><strong>准备好后，单击开始！</strong></p>"
    },
    "navigationBar": {
      "left": {
        "text": "上一个"
      },
      "right": {
        "text": "开始"
      }
    }
  },
  "Card.VoltMX.UsingTestRecorder_v9.record": {
    "content": {
      "title": "记录第一个测试用例",
      "body": "<ol>\n<li>在右上角<strong>测试用例记录器</strong>窗口，写测试用例名称：<strong>登录</strong>.</li>\n<li>来自<strong>虹膜预览</strong>窗口，点击刷新图标。</li>\n<li>在<strong>测试用例记录器</strong>窗口，选择<strong>记录</strong>.</li>\n</ol>"
    },
    "navigationBar": {
      "left": {
        "text": "上一个"
      },
      "right": {
        "text": "下一个"
      }
    }
  },
  "Card.VoltMX.UsingTestRecorder_v9.record1": {
    "content": {
      "title": "记录第二个测试用例",
      "body": "<ol>\n<li>在<strong>测试用例记录器</strong>窗口，写测试用例名称：<strong>注销</strong>.</li>\n<li>单击“虹膜预览”窗口中的刷新图标。</li>\n<li>来自<strong>测试用例记录器</strong>窗口，选择<strong>记录</strong>.</li>\n<li>导航到<strong>实时预览</strong>在<strong>账户</strong>屏幕。</li><li>从标题中，选择<strong>注销</strong>按钮。<br />成功注销后，您将被导航到登录屏幕。</li>\n</ol>"
    },
    "navigationBar": {
      "left": {
        "text": "上一个"
      },
      "right": {
        "text": "下一个"
      }
    }
  },
  "Card.VoltMX.UsingTestRecorder_v9.run": {
    "content": {
      "title": "运行应用程序",
      "body": "<ol>\n<li>从主菜单中，单击<strong>构建</strong>&gt;<strong>实时预览设置</strong>.</li>\n<li>来自<strong>实时预览设置</strong>窗下<strong>自适应网络</strong>选中旁边的复选框<strong>iOS</strong>和<strong>安卓</strong>.</li>\n<li>设置<strong>预览</strong>模式为<strong>测试</strong>.</li>\n<li>点击<strong>保存&amp;跑步</strong>.<br /><strong>实时预览已准备就绪</strong>窗口出现，应用程序启动。</li>\n</ol>"
    },
    "navigationBar": {
      "left": {
        "text": "上一个"
      },
      "right": {
        "text": "下一个"
      }
    }
  },
  "Card.VoltMX.UsingTestRecorder_v9.runTest": {
    "content": {
      "title": "运行测试",
      "body": "<ol>\n<li>来自<strong>项目</strong>资源管理器，导航到<strong>测试资源</strong>&gt;<strong>测试套件</strong>.</li>\n<li>右击<strong>认证</strong>然后选择<strong>运行</strong>.<br /><strong>测试套件运行程序</strong>窗口出现。</li>\n<li>在虹膜预览窗口中，单击<strong>刷新</strong>.<br />在 Iris 中，<strong>测试套件运行程序</strong>窗口显示消息：<b>“设备连接成功”</b>.<br />在<strong>虹膜预览</strong> 窗口，测试套件按照设定的顺序运行测试用例。</li>\n</ol>"
    },
    "navigationBar": {
      "left": {
        "text": "上一个"
      },
      "right": {
        "text": "下一个"
      }
    }
  },
  "Card.VoltMX.UsingTestRecorder_v9.testCase": {
    "content": {
      "title": "创建第一个测试用例",
      "body": "<ol>\n<li>关闭<strong>实时预览已准备就绪</strong>窗口。</li>\n<li>来自<strong>项目</strong>资源管理器，展开<strong>测试资源</strong>&gt;<strong>茉莉花</strong>&gt;<strong>手机</strong> ，然后选择<strong>测试用例</strong>.</li>\n<li>右击<strong>测试用例</strong>并选择<strong>创建测试用例</strong>.<br /><strong>测试用例记录器</strong>窗口出现。</li>\n</ol>"
    },
    "navigationBar": {
      "left": {
        "text": "上一个"
      },
      "right": {
        "text": "下一个"
      }
    }
  },
  "Card.VoltMX.UsingTestRecorder_v9.testCase1": {
    "content": {
      "title": "创建第一个测试用例",
      "body": "<ol>\n<li>在鸢尾花中，在<strong>测试用例记录器</strong>窗口，点击<strong>停止</strong>.</li>\n<li>从T的右上角<strong> est Case Recorder</strong>窗口画面，点击<strong>保存</strong>.<br />您已成功创建第一个测试用例。</li><li>关闭<b>测试用例记录器</b>窗口。</li>\n</ol>"
    },
    "navigationBar": {
      "left": {
        "text": "上一个"
      },
      "right": {
        "text": "下一个"
      }
    }
  },
  "Card.VoltMX.UsingTestRecorder_v9.testCase2": {
    "content": {
      "title": "创建第二个测试用例",
      "body": "<ol>\n<li>来自<strong>项目</strong>资源管理器，导航到<strong>测试资源</strong>&gt;<strong>茉莉花</strong>&gt;<strong>手机</strong>.</li>\n<li>右击<strong>测试用例</strong>并选择<strong>创建测试用例</strong>.<br /><strong>测试用例记录器</strong>窗口出现。</li>\n</ol>"
    },
    "navigationBar": {
      "left": {
        "text": "上一个"
      },
      "right": {
        "text": "下一个"
      }
    }
  },
  "Card.VoltMX.UsingTestRecorder_v9.testCase3": {
    "content": {
      "title": "添加等待第二个测试用例",
      "body": "<ol>\n<li>来自<strong>测试用例记录器</strong>窗口，点击<strong>停止</strong>.</li>\n<li>从测试用例记录器画布中，单击<strong>+</strong>图标并选择<strong>等待</strong>.</li>\n<li>修改以下字段：<ul>\n<li>等待毫秒：<strong>2000</strong></li>\n</ul>\n</li>\n<li>从测试用例记录器窗口屏幕的右上角，单击<strong>保存</strong>.<br />您已成功创建第二个测试用例。</li>\n<li>关闭<strong>测试用例记录器</strong>窗口。</li>\n</ol>"
    },
    "navigationBar": {
      "left": {
        "text": "上一个"
      },
      "right": {
        "text": "下一个"
      }
    }
  },
  "Card.VoltMX.UsingTestRecorder_v9.testing": {
    "content": {
      "title": "创建第一个测试用例",
      "body": "<ol>\n<li>在<strong>虹膜预览</strong>窗口，输入以下凭据：<ul>\n<li>用户名：<strong>john.doe@woodburn.com</strong></li>\n<li>密码：<strong>VoltMX@123</strong></li>\n</ul>\n</li>\n<li>点击<strong>登录</strong>.</li>\n</ol>"
    },
    "navigationBar": {
      "left": {
        "text": "上一个"
      },
      "right": {
        "text": "下一个"
      }
    }
  },
  "Card.VoltMX.UsingTestRecorder_v9.testPlan": {
    "content": {
      "title": "创建测试计划",
      "body": "<ol>\n<li>来自<strong>项目</strong>资源管理器，展开<strong>测试资源</strong>&gt;<strong>茉莉花</strong>&gt;<strong>手机</strong> ，然后选择<strong>测试计划</strong>.</li>\n<li>右击<strong>测试计划</strong>并选择<strong>创建测试计划</strong>.<br /><strong>创建测试计划</strong>窗口出现。</li>\n</ol>"
    },
    "navigationBar": {
      "left": {
        "text": "上一个"
      },
      "right": {
        "text": "下一个"
      }
    }
  },
  "Card.VoltMX.UsingTestRecorder_v9.testPlan1": {
    "content": {
      "title": "创建测试计划",
      "body": "<ol>\n<li>在<strong>创建测试计划</strong>窗口，提供计划名称：<strong>RecipientsApp</strong>.</li>\n<li>从可用测试套件列表中，选择<strong>Authentication.js</strong>.</li>\n<li>点击<strong>&gt;</strong>要添加的图标<strong>Authentication.js</strong>文件到<strong>添加了测试套件</strong>.</li>\n<li>点击<strong>创建</strong>.<br />您已成功创建新的测试计划。</li>\n</ol>"
    },
    "navigationBar": {
      "left": {
        "text": "上一个"
      },
      "right": {
        "text": "下一个"
      }
    }
  },
  "Card.VoltMX.UsingTestRecorder_v9.testPlan2": {
    "content": {
      "title": "修改默认测试计划",
      "body": "<ol>\n<li>来自<strong>项目</strong>资源管理器，展开<strong>测试资源</strong>&gt;<strong>茉莉花</strong>&gt;<strong>手机</strong>&gt;<strong>测试计划</strong>并打开<strong>testPlan.js</strong>文件。</li>\n<li>将文件中的代码替换为以下代码：<span style=\"background-color: #999999;\"><br />需要（[“测试计划/收件人应用程序”]）；<br /> /* 写入要执行的测试计划的名称。<br />这里，RecipientsApp 是测试计划的名称。*/<br/>需要（[]，函数（）{需要（[]，函数（）{需要（[]，函数（）{jasmine.getEnv（）。执行（）；}）；}）；}）；</span></li>\n<li>保存文件。</li>\n</ol>"
    },
    "navigationBar": {
      "left": {
        "text": "上一个"
      },
      "right": {
        "text": "下一个"
      }
    }
  },
  "Card.VoltMX.UsingTestRecorder_v9.testSuite": {
    "content": {
      "title": "创建测试套件",
      "body": "<ol>\n<li>来自<strong>项目</strong>资源管理器，展开<strong>测试资源</strong>&gt;<strong>茉莉花</strong>&gt;<strong>手机</strong> ，然后选择<strong>测试套件</strong>.</li>\n<li>右击<strong>测试套件</strong>并选择<strong>创建测试套件</strong>.<br /><strong>创建测试套件</strong>窗口出现。</li>\n</ol>"
    },
    "navigationBar": {
      "left": {
        "text": "上一个"
      },
      "right": {
        "text": "下一个"
      }
    }
  },
  "Card.VoltMX.UsingTestRecorder_v9.testSuite1": {
    "content": {
      "title": "创建测试套件",
      "body": "<ol>\n<li>在&nbsp;<strong>创建测试套件</strong>窗口，输入套件名称：<strong>认证</strong></li>\n<li>下<strong>可用的测试用例</strong>，选择&nbsp;<strong>Login.js</strong>.<strong><br /></strong></li>\n<li>点击<strong>&gt;</strong>要添加的图标<strong>Login.js</strong> 到列表<strong>添加了测试用例</strong>.</li>\n<li>下<strong>可用的测试用例</strong>，选择&nbsp;<strong>Logout.js</strong>.</li>\n<li>点击<strong>&gt;</strong> 添加<strong>Logout.js</strong>文件到列表<strong>添加了测试用例</strong>.</li>\n<li>点击<strong>创建</strong>.<br />您已成功创建<strong>测试套件</strong>.</li>\n</ol>"
    },
    "navigationBar": {
      "left": {
        "text": "上一个"
      },
      "right": {
        "text": "下一个"
      }
    }
  }
}