{
  "Tour.UsingTestRecorder_v9": {
    "description": " यात्रा का विवरण"
  },
  "Hike.VoltMX.UsingTestRecorder_v9": {
    "description": " वृद्धि का विवरण"
  },
  "Card.VoltMX.UsingTestRecorder_v9.automate": {
    "content": {
      "title": " वोल्ट एमएक्स ऑटोमेटर का उपयोग करना",
      "body": "<ol>\n<li> बाएं नेविगेशन बार से, क्लिक करें<strong> वोल्ट एमएक्स ऑटोमेटर</strong>.<br /> The<strong> डैशबोर्ड</strong> विंडो प्रकट होती है।<br /> में<strong> डैशबोर्ड</strong> विंडो, आप अपने द्वारा चलाए गए परीक्षण सूट का परीक्षा परिणाम देखेंगे। आप उत्तीर्ण और अनुत्तीर्ण परीक्षण मामलों की संख्या देख सकते हैं।</li>\n<li> में<strong> परिणाम</strong> कॉलम, टेस्ट सूट फ़ाइल पर क्लिक करें।<br /> अधिक विवरण प्रदान करने के लिए परीक्षण सूट परिणाम विस्तृत होता है।</li>\n<li> बंद करें<strong> डैशबोर्ड</strong> window.</li>\n</ol>"
    },
    "navigationBar": {
      "left": {
        "text": " पिछला"
      },
      "right": {
        "text": " अगला"
      }
    }
  },
  "Card.VoltMX.UsingTestRecorder_v9.deploy": {
    "content": {
      "title": " परीक्षण योजना परिनियोजित करें",
      "body": "<ol>\n<li> From<strong> परियोजना</strong> एक्सप्लोरर, विस्तृत करें<strong> परीक्षण संसाधन</strong> , राइट-क्लिक करें<strong> जैस्मीन</strong> और चुनें<strong> परिनियोजित करें</strong>.</li>\n<li> में<strong> आइरिस पूर्वावलोकन</strong> विंडो, रिफ्रेश बटन पर क्लिक करें।</li><li> लॉगिन क्रेडेंशियल दर्ज करें:<ul><li> उपयोगकर्ता नाम:<b> john.doe@woodburn.com</b></li><li> पासवर्ड:<b> वोल्टएमएक्स@123</b></li></ul></li> <li> क्लिक करें<b> लॉगिन</b>.</li> \n<li> एक सफल लॉगिन के बाद, स्क्रीन के नीचे एक अलर्ट दिखाई देता है, जो आपको अपने फाइल सिस्टम में आईरिस तक पहुंच प्रदान करने के लिए प्रेरित करता है।</li>\n<li> क्लिक करें<strong> अनुमति दें</strong>.<br /> The<strong> इस रूप में सहेजें</strong> विंडो प्रकट होती है।</li>\n<li> परीक्षा परिणाम फ़ाइल को वांछित स्थान पर सहेजें।<br /> परीक्षा परिणाम फ़ाइल में आपके परीक्षण का विवरण होता है।</li>\n</ol>"
    },
    "navigationBar": {
      "left": {
        "text": " पिछला"
      },
      "right": {
        "text": " अगला"
      }
    }
  },
  "Card.VoltMX.UsingTestRecorder_v9.done": {
    "content": {
      "title": " बधाई",
      "body": "<p> आपने सफलतापूर्वक:</p>\n<ul>\n<li><strong> परीक्षण प्रमाणीकरण के लिए दो परीक्षण मामले बनाए गए</strong></li>\n<li><strong> एक परीक्षण सूट और एक परीक्षण योजना बनाई गई</strong></li>\n<li><strong> परिणाम देखने के लिए एप्लिकेशन चलाएं</strong></li>\n<li><strong> परीक्षण योजना परिनियोजित</strong></li>\n</ul><br/>\n\n<p> वोल्ट एमएक्स आइरिस के साथ आप क्या कर सकते हैं, इसके बारे में अधिक जानने के लिए, यहां जाएं<a href='#'onClick='javascript:openURL(\"https://support.hcltechsw.com/\")'> बेस कैंप</a>.</p>"
    },
    "navigationBar": {
      "left": {
        "text": " पिछला"
      },
      "right": {
        "text": " हो गया"
      }
    }
  },
  "Card.VoltMX.UsingTestRecorder_v9.Intro": {
    "content": {
      "title": " टेस्ट रिकॉर्डर का परिचय",
      "body": "<p> इस बढ़ोतरी में, आप सीखेंगे कि कैसे उपयोग करना है<strong> टेस्ट रिकॉर्डर</strong></p><br/>\n<p> आरंभ करने से पहले, वृद्धि पूरी करें:</p>\n<ol><b>\n<li><a class=\"tour-link\" tour=\"7408efte-e2aa-4cr8-a9ub-d7ba36n8\"> अपना पहला मोबाइल ऐप लॉन्च करें</a></li>\n</b></ol><br/>\n<p> सुनिश्चित करें कि आपने वही प्रोजेक्ट खोला है जिसे आपने पिछली बढ़ोतरी में बनाया था।</p>\n<p> एक बंद परियोजना को खोलने के लिए, मुख्य मेनू से, नेविगेट करें<strong> परियोजना</strong> &gt;<strong> खुला</strong> &gt;<strong> एचसीएल संदर्भ वास्तुकला</strong> &gt;<b> प्राप्तकर्तामोबाइल</b>.</p><br/>\n<p><strong> जब आप तैयार हों, तो स्टार्ट पर क्लिक करें!</strong></p>"
    },
    "navigationBar": {
      "left": {
        "text": " पिछला"
      },
      "right": {
        "text": " प्रारंभ"
      }
    }
  },
  "Card.VoltMX.UsingTestRecorder_v9.record": {
    "content": {
      "title": " पहला टेस्ट केस रिकॉर्ड करें",
      "body": "<ol>\n<li> के ऊपरी-दाएँ कोने पर<strong> टेस्ट केस रिकॉर्डर</strong> विंडो, टेस्ट केस का नाम लिखें:<strong> लॉगिन</strong>.</li>\n<li> से<strong> आइरिस पूर्वावलोकन</strong> विंडो, रिफ्रेश आइकन पर क्लिक करें।</li>\n<li> में<strong> टेस्ट केस रिकॉर्डर</strong> विंडो, चुनें<strong> रिकॉर्ड</strong>.</li>\n</ol>"
    },
    "navigationBar": {
      "left": {
        "text": " पिछला"
      },
      "right": {
        "text": " अगला"
      }
    }
  },
  "Card.VoltMX.UsingTestRecorder_v9.record1": {
    "content": {
      "title": " दूसरा टेस्ट केस रिकॉर्ड करें",
      "body": "<ol>\n<li> में<strong> टेस्ट केस रिकॉर्डर</strong> विंडो, टेस्ट केस का नाम लिखें:<strong> लॉगआउट</strong>.</li>\n<li> आइरिस प्रीव्यू विंडो में रिफ्रेश आइकन पर क्लिक करें।</li>\n<li> से<strong> टेस्ट केस रिकॉर्डर</strong> विंडो, चुनें<strong> रिकॉर्ड</strong>.</li>\n<li> पर नेविगेट करें<strong> लाइव पूर्वावलोकन</strong> में<strong> लेखा</strong> स्क्रीन।</li><li> हेडर से, चुनें<strong> लॉगआउट</strong> बटन।<br /> एक सफल लॉगआउट पर, आपको लॉगिन स्क्रीन पर नेविगेट किया जाएगा।</li>\n</ol>"
    },
    "navigationBar": {
      "left": {
        "text": " पिछला"
      },
      "right": {
        "text": " अगला"
      }
    }
  },
  "Card.VoltMX.UsingTestRecorder_v9.run": {
    "content": {
      "title": " ऐप चलाएँ",
      "body": "<ol>\n<li> मुख्य मेनू से, क्लिक करें<strong> बिल्ड</strong> &gt;<strong> लाइव पूर्वावलोकन सेटिंग्स</strong>.</li>\n<li> से<strong> लाइव पूर्वावलोकन सेटिंग्स</strong> विंडो, अंडर<strong> अनुकूली वेब</strong> के आगे चेक-बॉक्स चुनें<strong> आईओएस</strong> और<strong> Android</strong>.</li>\n<li> सेट करें<strong> पूर्वावलोकन</strong> मोड के रूप में<strong> परीक्षण</strong>.</li>\n<li> क्लिक करें<strong> सहेजें और amp; Daud</strong>.<br /> The<strong> लाइव पूर्वावलोकन तैयार है</strong> विंडो प्रकट होती है, और एप्लिकेशन लॉन्च हो जाता है।</li>\n</ol>"
    },
    "navigationBar": {
      "left": {
        "text": " पिछला"
      },
      "right": {
        "text": " अगला"
      }
    }
  },
  "Card.VoltMX.UsingTestRecorder_v9.runTest": {
    "content": {
      "title": " परीक्षण चलाएँ",
      "body": "<ol>\n<li> से<strong> परियोजना</strong> एक्सप्लोरर, नेविगेट करें<strong> परीक्षण संसाधन</strong> &gt;<strong> टेस्ट सूट</strong>.</li>\n<li> राइट-क्लिक करें<strong> प्रमाणीकरण</strong> और चुनें<strong> भागो</strong>.<br /> The<strong> टेस्ट सूट रनर</strong> विंडो प्रकट होती है।</li>\n<li> आइरिस पूर्वावलोकन विंडो में, क्लिक करें<strong> ताज़ा करें</strong>.<br /> आइरिस में,<strong> टेस्ट सूट रनर</strong> विंडो संदेश दिखाती है:<b> &ldquo;डिवाइस सफलतापूर्वक कनेक्ट हो गया&rdquo;</b>.<br /> में<strong> आइरिस पूर्वावलोकन</strong> विंडो, परीक्षण सूट सेट क्रम में परीक्षण मामलों को चलाता है।</li>\n</ol>"
    },
    "navigationBar": {
      "left": {
        "text": " पिछला"
      },
      "right": {
        "text": " अगला"
      }
    }
  },
  "Card.VoltMX.UsingTestRecorder_v9.testCase": {
    "content": {
      "title": " पहला टेस्ट केस बनाएं",
      "body": "<ol>\n<li> बंद करें<strong> लाइव पूर्वावलोकन तैयार है</strong> window.</li>\n<li> से<strong> परियोजना</strong> एक्सप्लोरर, विस्तृत करें<strong> परीक्षण संसाधन</strong> &gt;<strong> जैस्मीन</strong> &gt;<strong> मोबाइल</strong> , और चुनें<strong> परीक्षण मामले</strong>.</li>\n<li> राइट-क्लिक करें<strong> परीक्षण मामले</strong> और चुनें<strong> एक टेस्ट केस बनाएं</strong>.<br /> The<strong> टेस्ट केस रिकॉर्डर</strong> विंडो प्रकट होती है।</li>\n</ol>"
    },
    "navigationBar": {
      "left": {
        "text": " पिछला"
      },
      "right": {
        "text": " अगला"
      }
    }
  },
  "Card.VoltMX.UsingTestRecorder_v9.testCase1": {
    "content": {
      "title": " पहला टेस्ट केस बनाएं",
      "body": "<ol>\n<li> आइरिस में, में<strong> टेस्ट केस रिकॉर्डर</strong> विंडो, क्लिक करें<strong> रुकें</strong>.</li>\n<li> टी के ऊपरी दाएं कोने से<strong> इस प्रकार केस रिकॉर्डर</strong> विंडो स्क्रीन, क्लिक करें<strong> सहेजें</strong>.<br /> आपने अपना पहला परीक्षण केस सफलतापूर्वक बना लिया है।</li><li> बंद करें<b> टेस्ट केस रिकॉर्डर</b> window.</li>\n</ol>"
    },
    "navigationBar": {
      "left": {
        "text": " पिछला"
      },
      "right": {
        "text": " अगला"
      }
    }
  },
  "Card.VoltMX.UsingTestRecorder_v9.testCase2": {
    "content": {
      "title": " दूसरा टेस्ट केस बनाएं",
      "body": "<ol>\n<li> से<strong> परियोजना</strong> एक्सप्लोरर, नेविगेट करें<strong> परीक्षण संसाधन</strong> &gt;<strong> जैस्मीन</strong> &gt;<strong> मोबाइल</strong>.</li>\n<li> राइट-क्लिक करें<strong> परीक्षण मामले</strong> और चुनें<strong> टेस्ट केस बनाएं</strong>.<br /> The<strong> टेस्ट केस रिकॉर्डर</strong> विंडो प्रकट होती है।</li>\n</ol>"
    },
    "navigationBar": {
      "left": {
        "text": " पिछला"
      },
      "right": {
        "text": " अगला"
      }
    }
  },
  "Card.VoltMX.UsingTestRecorder_v9.testCase3": {
    "content": {
      "title": " दूसरे टेस्ट केस के लिए प्रतीक्षा जोड़ना",
      "body": "<ol>\n<li> से<strong> टेस्ट केस रिकॉर्डर</strong> विंडो, क्लिक करें<strong> रुकें</strong>.</li>\n<li> टेस्ट केस रिकॉर्डर कैनवास से, क्लिक करें<strong>+</strong> आइकन और चुनें<strong> रुको</strong>.</li>\n<li> निम्नलिखित क्षेत्रों को संशोधित करें:<ul>\n<li> एमएस में प्रतीक्षा करें:<strong> 2000</strong></li>\n</ul>\n</li>\n<li> टेस्ट केस रिकॉर्डर विंडो स्क्रीन के ऊपरी दाएं कोने से, क्लिक करें<strong> सहेजें</strong>.<br /> आपने अपना दूसरा परीक्षण केस सफलतापूर्वक बना लिया है।</li>\n<li> बंद करें<strong> टेस्ट केस रिकॉर्डर</strong> window.</li>\n</ol>"
    },
    "navigationBar": {
      "left": {
        "text": " पिछला"
      },
      "right": {
        "text": " अगला"
      }
    }
  },
  "Card.VoltMX.UsingTestRecorder_v9.testing": {
    "content": {
      "title": " पहला टेस्ट केस बनाएं",
      "body": "<ol>\n<li> में<strong> आइरिस पूर्वावलोकन</strong> विंडो, निम्नलिखित क्रेडेंशियल दर्ज करें:<ul>\n<li> उपयोगकर्ता नाम:<strong> john.doe@woodburn.com</strong></li>\n<li> पासवर्ड:<strong> वोल्टएमएक्स@123</strong></li>\n</ul>\n</li>\n<li> क्लिक करें<strong> लॉगिन</strong>.</li>\n</ol>"
    },
    "navigationBar": {
      "left": {
        "text": " पिछला"
      },
      "right": {
        "text": " अगला"
      }
    }
  },
  "Card.VoltMX.UsingTestRecorder_v9.testPlan": {
    "content": {
      "title": " एक परीक्षण योजना बनाएं",
      "body": "<ol>\n<li> From<strong> परियोजना</strong> एक्सप्लोरर, विस्तृत करें<strong> परीक्षण संसाधन</strong> &gt;<strong> जैस्मीन</strong> &gt;<strong> मोबाइल</strong> , और फिर चुनें<strong> परीक्षण योजनाएं</strong>.</li>\n<li> राइट-क्लिक करें<strong> परीक्षण योजनाएं</strong> और चुनें<strong> एक परीक्षण योजना बनाएं</strong>.<br /> The<strong> परीक्षण योजना बनाएं</strong> विंडो प्रकट होती है।</li>\n</ol>"
    },
    "navigationBar": {
      "left": {
        "text": " पिछला"
      },
      "right": {
        "text": " अगला"
      }
    }
  },
  "Card.VoltMX.UsingTestRecorder_v9.testPlan1": {
    "content": {
      "title": " एक परीक्षण योजना बनाएं",
      "body": "<ol>\n<li> में<strong> परीक्षण योजना बनाएं</strong> विंडो, योजना का नाम प्रदान करें:<strong> प्राप्तकर्ता ऐप</strong>.</li>\n<li> उपलब्ध परीक्षण सूटों की सूची से, चयन करें<strong> Authentication.js</strong>.</li>\n<li> क्लिक करें<strong> &gt;</strong> जोड़ने के लिए आइकन<strong> Authentication.js</strong> फ़ाइल को<strong> जोड़ा गया परीक्षण सूट</strong>.</li>\n<li> क्लिक करें<strong> बनाएँ</strong>.<br /> आपने सफलतापूर्वक एक नई परीक्षण योजना बना ली है।</li>\n</ol>"
    },
    "navigationBar": {
      "left": {
        "text": " पिछला"
      },
      "right": {
        "text": " अगला"
      }
    }
  },
  "Card.VoltMX.UsingTestRecorder_v9.testPlan2": {
    "content": {
      "title": " डिफ़ॉल्ट परीक्षण योजना को संशोधित करें",
      "body": "<ol>\n<li> From<strong> परियोजना</strong> एक्सप्लोरर, विस्तृत करें<strong> परीक्षण संसाधन</strong> &gt;<strong> जैस्मीन</strong> &gt;<strong> मोबाइल</strong> &gt;<strong> परीक्षण योजनाएं</strong> और खोलें<strong> testPlan.js</strong> file.</li>\n<li> फ़ाइल में कोड को निम्न कोड से बदलें:<span style=\"background-color: #999999;\"><br /> आवश्यकता ([\"टेस्ट प्लान / प्राप्तकर्ता ऐप\"]);<br /> /* निष्पादित करने के लिए एक परीक्षण योजना का नाम लिखें।<br /> यहाँ, प्राप्तकर्ता ऐप परीक्षण योजना का नाम है।*/<br/> आवश्यकता ([], फ़ंक्शन () {आवश्यकता ([], फ़ंक्शन () {आवश्यकता ([], फ़ंक्शन () {jasmine.getEnv ()। निष्पादित ();});});});</span></li>\n<li> फ़ाइल को सहेजें।</li>\n</ol>"
    },
    "navigationBar": {
      "left": {
        "text": " पिछला"
      },
      "right": {
        "text": " अगला"
      }
    }
  },
  "Card.VoltMX.UsingTestRecorder_v9.testSuite": {
    "content": {
      "title": " एक टेस्ट सूट बनाएं",
      "body": "<ol>\n<li> From<strong> परियोजना</strong> एक्सप्लोरर, विस्तृत करें<strong> परीक्षण संसाधन</strong> &gt;<strong> जैस्मीन</strong> &gt;<strong> मोबाइल</strong> , और फिर चुनें<strong> टेस्ट सूट</strong>.</li>\n<li> राइट-क्लिक करें<strong> टेस्ट सूट</strong> और चुनें<strong> एक टेस्ट सूट बनाएं</strong>.<br /> The<strong> टेस्ट सूट बनाएं</strong> विंडो प्रकट होती है।</li>\n</ol>"
    },
    "navigationBar": {
      "left": {
        "text": " पिछला"
      },
      "right": {
        "text": " अगला"
      }
    }
  },
  "Card.VoltMX.UsingTestRecorder_v9.testSuite1": {
    "content": {
      "title": " एक टेस्ट सूट बनाएं",
      "body": "<ol>\n<li> में&nbsp;<strong> टेस्ट सूट बनाएं</strong> विंडो, सुइट नाम टाइप करें:<strong> प्रमाणीकरण</strong></li>\n<li> अंडर<strong> उपलब्ध परीक्षण मामले</strong> , चुनें&nbsp;<strong> Login.js</strong>.<strong><br /></strong></li>\n<li> क्लिक करें<strong> &gt;</strong> जोड़ने के लिए आइकन<strong> Login.js</strong> की सूची में<strong> जोड़े गए परीक्षण मामले</strong>.</li>\n<li> अंडर<strong> उपलब्ध परीक्षण मामले</strong> , चुनें&nbsp;<strong> Logout.js</strong>.</li>\n<li> क्लिक करें<strong> &gt;</strong> जोड़ने के लिए आइकन<strong> Logout.js</strong> की सूची में फ़ाइल<strong> जोड़े गए परीक्षण मामले</strong>.</li>\n<li> क्लिक करें<strong> बनाएँ</strong>.<br /> आपने सफलतापूर्वक एक बनाया है<strong> टेस्ट सूट</strong>.</li>\n</ol>"
    },
    "navigationBar": {
      "left": {
        "text": " पिछला"
      },
      "right": {
        "text": " अगला"
      }
    }
  }
}