{
    "kuid": "0a4918t6-35a0-4fr3-9cua-80d68en6",
    "id": "kony.addLoginServiceV9.addService",
    "content": {
        "title": "Add Service to Login Button",
        "body": "<ol>\n<li>From the <strong>Project</strong> explorer, expand <strong>Mobile</strong> &gt; <strong>Forms</strong> and select <strong>frmLogin</strong>.</li>\n<li>From the <strong>Data &amp; Services</strong> panel, expand <strong>Project Services</strong> &gt; <strong>UserAuthentication</strong>&nbsp;and select the <strong>login</strong> operation.</li>\n<li>Drag and drop the <strong>lo</strong><strong>gin</strong> operation on to the <strong>Login</strong> button on the canvas.<br /> It may take some time for Visualizer to add the service to your app.</li>\n<li>From the list of actions, select <strong>Action: onClick</strong>.<br /> The<strong> Action Editor</strong>&nbsp;window appears.</li>\n</ol>"
    },
    "pointer": {
        "direction": "right",
        "element": {
            "module": "datapanel",
            "itemType": "dp_tree_entry",
            "context": {},
            "path": "PROJECT SERVICES\\Identity\\AccountLogin"
        },
        "type": "default"
    },
    "navigationType": "manual",
    "navigationBar": {
        "left": {
            "text": "Previous",
            "enable": true,
            "hide": false
        },
        "right": {
            "text": "Next",
            "enable": true,
            "hide": false
        }
    },
    "navigationCondition": "",
    "position": "BOTTOM_RIGHT",
    "meta": {
        "Creator": "Rashmi Menon",
        "CreatedOn": "Wed, 18 Dec 2019 09:22:25 GMT"
    },
    "context": []
}