{
    "kuid": "ed97b4te-32a1-48r2-b4u1-d169c0n4",
    "id": "kony.IntroductiontoNFIV9.Intro1",
    "content": {
        "title": "Introduction to NFI",
        "body": "<p><strong>Let&rsquo;s get started!</strong></p>\n<p>In this hike, we will:</p>\n<ul>\n<li>Configure the Android Native Function APIs required to access Device settings on Android device from an app using Quantum Visualizer.</li>\n<li>Add code in the form controller to access Device Settings</li>\n<li>Build, Publish, and View the app.</li>\n</ul>\n<p><strong>When you&rsquo;re ready, click Next!</strong></p>"
    },
    "pointer": {
        "direction": "left",
        "element": "",
        "type": "none"
    },
    "navigationType": "manual",
    "navigationBar": {
        "left": {
            "text": "Previous",
            "enable": true,
            "hide": false
        },
        "right": {
            "text": "Next",
            "enable": true,
            "hide": false
        }
    },
    "navigationCondition": "",
    "position": "CENTER",
    "meta": {
        "Creator": "Rashmi Menon",
        "CreatedOn": "Wed, 27 Nov 2019 11:45:47 GMT"
    },
    "context": []
}