{"Tour.IntroToVoltMXIris":{"description":" नई वोल्ट एमएक्स आईरिस का परिचय"},"Hike.HCL.IntroVoltMXIris":{"description":" नई वोल्ट एमएक्स आईरिस का परिचय"},"Card.HCL.IntroIris":{"content":{"title":" वोल्ट एमएक्स आईरिस में नया क्या है?","body":" लोरम इप्सम डोलर सिट आमेट, कॉन्सेक्टेटूर एडिपिसिंग एलीट, सेड डू ईउसमॉड टेम्पर इंसिडिडंट यूट लेबर एट डोलोरे मैग्ना एलिका। यूट एनिम एड मिनिम वेनिअम, क्विस नोस्ट्रुड एक्सर्सिटेशन उलमको लेबरिस निसि यूट एलिक्विप एक्स ईए कमोडो कॉन्सेक्वेट। ड्यूस ऑउट इर्योर डोलर इन रिप्रेहेंडरिट इन वॉलुप्टेट वेलिट एस्से सिल्लम डोलोरे ईयू फुगियाट नाला परियातुर। एक्सेप्युर सिंट ओकेकैट कपिडैटैट नॉन प्रोडेंट, सन्ट इन कल्पा क्वी ऑफिसिया डेसेरुंट मोलिट एनिम आईडी इस्ट लेबरम।"},"navigationBar":{"left":{"text":" पिछला"},"right":{"text":" अगला"}}},"Card.HCL.IrisVisualChanges":{"content":{"title":" दृश्य परिवर्तन 1","body":" लोरम इप्सम डोलर सिट आमेट, कॉन्सेक्टेटूर एडिपिसिंग एलीट, सेड डू ईउसमॉड टेम्पर इंसिडिडंट यूट लेबर एट डोलोरे मैग्ना एलिका। यूट एनिम एड मिनिम वेनिअम, क्विस नोस्ट्रुड एक्सर्सिटेशन उलमको लेबरिस निसि यूट एलिक्विप एक्स ईए कमोडो कॉन्सेक्वेट। ड्यूस ऑउट इर्योर डोलर इन रिप्रेहेंडरिट इन वॉलुप्टेट वेलिट एस्से सिल्लम डोलोरे ईयू फुगियाट नाला परियातुर। एक्सेप्युर सिंट ओकेकैट कपिडैटैट नॉन प्रोडेंट, सन्ट इन कल्पा क्वी ऑफिसिया डेसेरुंट मोलिट एनिम आईडी इस्ट लेबरम।"},"navigationBar":{"left":{"text":" पिछला"},"right":{"text":" अगला"}}},"Card.HCL.IrisVisualChanges-2":{"content":{"title":" दृश्य परिवर्तन 2","body":" लोरम इप्सम डोलर सिट आमेट, कॉन्सेक्टेटूर एडिपिसिंग एलीट, सेड डू ईउसमॉड टेम्पर इंसिडिडंट यूट लेबर एट डोलोरे मैग्ना एलिका। यूट एनिम एड मिनिम वेनिअम, क्विस नोस्ट्रुड एक्सर्सिटेशन उलमको लेबरिस निसि यूट एलिक्विप एक्स ईए कमोडो कॉन्सेक्वेट। ड्यूस ऑउट इर्योर डोलर इन रिप्रेहेंडरिट इन वॉलुप्टेट वेलिट एस्से सिल्लम डोलोरे ईयू फुगियाट नाला परियातुर। एक्सेप्युर सिंट ओकेकैट कपिडैटैट नॉन प्रोडेंट, सन्ट इन कल्पा क्वी ऑफिसिया डेसेरुंट मोलिट एनिम आईडी इस्ट लेबरम।"},"navigationBar":{"left":{"text":" पिछला"},"right":{"text":" अगला"}}},"Card.HCL.IrisVisualChanges-3":{"content":{"title":" दृश्य परिवर्तन 3","body":" लोरम इप्सम डोलर सिट आमेट, कॉन्सेक्टेटूर एडिपिसिंग एलीट, सेड डू ईउसमॉड टेम्पर इंसिडिडंट यूट लेबर एट डोलोरे मैग्ना एलिका। यूट एनिम एड मिनिम वेनिअम, क्विस नोस्ट्रुड एक्सर्सिटेशन उलमको लेबरिस निसि यूट एलिक्विप एक्स ईए कमोडो कॉन्सेक्वेट। ड्यूस ऑउट इर्योर डोलर इन रिप्रेहेंडरिट इन वॉलुप्टेट वेलिट एस्से सिल्लम डोलोरे ईयू फुगियाट नाला परियातुर। एक्सेप्युर सिंट ओकेकैट कपिडैटैट नॉन प्रोडेंट, सन्ट इन कल्पा क्वी ऑफिसिया डेसेरुंट मोलिट एनिम आईडी इस्ट लेबरम।"},"navigationBar":{"left":{"text":" पिछला"},"right":{"text":" अगला"}}},"Card.HCL.IrisVisualChanges-4":{"content":{"title":" दृश्य परिवर्तन 4","body":" लोरम इप्सम डोलर सिट आमेट, कॉन्सेक्टेटूर एडिपिसिंग एलीट, सेड डू ईउसमॉड टेम्पर इंसिडिडंट यूट लेबर एट डोलोरे मैग्ना एलिका। यूट एनिम एड मिनिम वेनिअम, क्विस नोस्ट्रुड एक्सर्सिटेशन उलमको लेबरिस निसि यूट एलिक्विप एक्स ईए कमोडो कॉन्सेक्वेट। ड्यूस ऑउट इर्योर डोलर इन रिप्रेहेंडरिट इन वॉलुप्टेट वेलिट एस्से सिल्लम डोलोरे ईयू फुगियाट नाला परियातुर। एक्सेप्युर सिंट ओकेकैट कपिडैटैट नॉन प्रोडेंट, सन्ट इन कल्पा क्वी ऑफिसिया डेसेरुंट मोलिट एनिम आईडी इस्ट लेबरम।"},"navigationBar":{"left":{"text":" पिछला"},"right":{"text":" अगला"}}},"Card.HCL.IrisVisualChanges-5":{"content":{"title":" दृश्य परिवर्तन 5","body":" लोरम इप्सम डोलर सिट आमेट, कॉन्सेक्टेटूर एडिपिसिंग एलीट, सेड डू ईउसमॉड टेम्पर इंसिडिडंट यूट लेबर एट डोलोरे मैग्ना एलिका। यूट एनिम एड मिनिम वेनिअम, क्विस नोस्ट्रुड एक्सर्सिटेशन उलमको लेबरिस निसि यूट एलिक्विप एक्स ईए कमोडो कॉन्सेक्वेट। ड्यूस ऑउट इर्योर डोलर इन रिप्रेहेंडरिट इन वॉलुप्टेट वेलिट एस्से सिल्लम डोलोरे ईयू फुगियाट नाला परियातुर। एक्सेप्युर सिंट ओकेकैट कपिडैटैट नॉन प्रोडेंट, सन्ट इन कल्पा क्वी ऑफिसिया डेसेरुंट मोलिट एनिम आईडी इस्ट लेबरम।"},"navigationBar":{"left":{"text":" पिछला"},"right":{"text":" हो गया"}}}}