{"Tour.IntroToVoltMXIris":{"description":" Présentation de la nouvelle Volt MX Iris"},"Hike.HCL.IntroVoltMXIris":{"description":" Présentation de la nouvelle Volt MX Iris"},"Card.HCL.IntroIris":{"content":{"title":" Quoi de neuf dans Volt MX Iris ?","body":" Lorem ipsum dolor sit amet, consectetur adipiscing elit, sed do eiusmod tempor incididunt ut labore et dolore magna aliqua. Ut enim ad minim veniam, quis nostrud exercice ullamco laboris nisi ut aliquip ex ea commodo consequat. Duis aute irure dolor in reprehenderit in voluptate velit esse cillum dolore eu fugiat nulla pariatur. Excepteur sint occaecat cupidatat non proident, sunt in culpa qui officia deserunt mollit anim id est laborum."},"navigationBar":{"left":{"text":" Précédent"},"right":{"text":" Suivant"}}},"Card.HCL.IrisVisualChanges":{"content":{"title":" Changements visuels 1","body":" Lorem ipsum dolor sit amet, consectetur adipiscing elit, sed do eiusmod tempor incididunt ut labore et dolore magna aliqua. Ut enim ad minim veniam, quis nostrud exercice ullamco laboris nisi ut aliquip ex ea commodo consequat. Duis aute irure dolor in reprehenderit in voluptate velit esse cillum dolore eu fugiat nulla pariatur. Excepteur sint occaecat cupidatat non proident, sunt in culpa qui officia deserunt mollit anim id est laborum."},"navigationBar":{"left":{"text":" Précédent"},"right":{"text":" Suivant"}}},"Card.HCL.IrisVisualChanges-2":{"content":{"title":" Changements visuels 2","body":" Lorem ipsum dolor sit amet, consectetur adipiscing elit, sed do eiusmod tempor incididunt ut labore et dolore magna aliqua. Ut enim ad minim veniam, quis nostrud exercice ullamco laboris nisi ut aliquip ex ea commodo consequat. Duis aute irure dolor in reprehenderit in voluptate velit esse cillum dolore eu fugiat nulla pariatur. Excepteur sint occaecat cupidatat non proident, sunt in culpa qui officia deserunt mollit anim id est laborum."},"navigationBar":{"left":{"text":" Précédent"},"right":{"text":" Suivant"}}},"Card.HCL.IrisVisualChanges-3":{"content":{"title":" Changements visuels 3","body":" Lorem ipsum dolor sit amet, consectetur adipiscing elit, sed do eiusmod tempor incididunt ut labore et dolore magna aliqua. Ut enim ad minim veniam, quis nostrud exercice ullamco laboris nisi ut aliquip ex ea commodo consequat. Duis aute irure dolor in reprehenderit in voluptate velit esse cillum dolore eu fugiat nulla pariatur. Excepteur sint occaecat cupidatat non proident, sunt in culpa qui officia deserunt mollit anim id est laborum."},"navigationBar":{"left":{"text":" Précédent"},"right":{"text":" Suivant"}}},"Card.HCL.IrisVisualChanges-4":{"content":{"title":" Changements visuels 4","body":" Lorem ipsum dolor sit amet, consectetur adipiscing elit, sed do eiusmod tempor incididunt ut labore et dolore magna aliqua. Ut enim ad minim veniam, quis nostrud exercice ullamco laboris nisi ut aliquip ex ea commodo consequat. Duis aute irure dolor in reprehenderit in voluptate velit esse cillum dolore eu fugiat nulla pariatur. Excepteur sint occaecat cupidatat non proident, sunt in culpa qui officia deserunt mollit anim id est laborum."},"navigationBar":{"left":{"text":" Précédent"},"right":{"text":" Suivant"}}},"Card.HCL.IrisVisualChanges-5":{"content":{"title":" Changements visuels 5","body":" Lorem ipsum dolor sit amet, consectetur adipiscing elit, sed do eiusmod tempor incididunt ut labore et dolore magna aliqua. Ut enim ad minim veniam, quis nostrud exercice ullamco laboris nisi ut aliquip ex ea commodo consequat. Duis aute irure dolor in reprehenderit in voluptate velit esse cillum dolore eu fugiat nulla pariatur. Excepteur sint occaecat cupidatat non proident, sunt in culpa qui officia deserunt mollit anim id est laborum."},"navigationBar":{"left":{"text":" Précédent"},"right":{"text":" Terminé"}}}}