{
    "kuid": "2b0d73tf-1ead-40r5-b9u6-574caen8",
    "id": "kony.createUIMobV9.addNav3",
    "content": {
        "title": "Add Navigation from Accounts Form",
        "body": "<ol>\n<li>From the <strong>Project </strong>explorer, navigate to <strong>Mobile</strong> &gt; <strong>Forms</strong> &gt; <strong>frmAccountList</strong>&nbsp;</li>\n<li>Navigate to <strong>flexAccount</strong> &nbsp;&gt;&nbsp; <strong>flexFooter&nbsp;</strong> and &nbsp;select&nbsp;<strong>flxRecipient</strong>.</li>\n<li>From the <strong>Properties</strong> panel, navigate to the <strong>Action</strong> tab.</li>\n<li>For the <strong>onClick </strong>event, click <strong>Edit</strong>.<br />The <strong>Action Editor </strong>window appears.</li>\n</ol>"
    },
    "pointer": {
        "direction": "left",
        "element": {
            "module": "projectexplorer",
            "path": "project-body\\project\\Mobile\\Forms\\frmAccount"
        },
        "type": "default"
    },
    "navigationType": "manual",
    "navigationBar": {
        "left": {
            "text": "Previous",
            "enable": true,
            "hide": false
        },
        "right": {
            "text": "Next",
            "enable": true,
            "hide": false
        }
    },
    "navigationCondition": "",
    "position": "BOTTOM_RIGHT",
    "meta": {
        "Creator": "Rashmi Menon",
        "CreatedOn": "Wed, 18 Dec 2019 08:21:16 GMT"
    },
    "context": []
}