{
    "kuid": "fa1fa5t3-28a0-40rd-87u1-78eb16nd",
    "id": "VoltMX.UsingTestRecorder_v9.record1",
    "content": {
        "title": "Record the Second Test Case",
        "body": "<ol>\n<li>In the <strong>Test Case Recorder </strong>window, write the test case name: <strong>Logout</strong>.</li>\n<li>Click the refresh icon in the Iris Preview window.</li>\n<li>From the <strong>Test Case Recorder</strong> window, select <strong>Record</strong>.</li>\n<li>Navigate to the <strong>Live Preview</strong> in the<strong> Accounts</strong> screen.</li><li>From the header, select the <strong>Logout</strong> button.<br />On a successful logout, you will be navigated to the Login Screen.</li>\n</ol>"
    },
    "pointer": {
        "direction": "left",
        "element": "",
        "type": "none"
    },
    "navigationType": "manual",
    "navigationBar": {
        "left": {
            "text": "Previous",
            "enable": true,
            "hide": false
        },
        "right": {
            "text": "Next",
            "enable": true,
            "hide": false
        }
    },
    "navigationCondition": "",
    "position": "BOTTOM_RIGHT",
    "meta": {
        "Creator": "Rashmi Menon",
        "CreatedOn": "Thu, 27 Feb 2020 09:07:48 GMT"
    },
    "context": []
}