{
    "kuid": "07f185ta-b4a6-49r0-8fu2-37f7a8na",
    "id": "VoltMX.IdentityServicesV9.mapping",
    "content": {
        "title": "Mapping Form UI to the Services",
        "body": "<ol>\n<li>From the <strong>Data &amp; Services</strong> panel on the top right of your canvas, expand <strong>Project Services</strong> &gt; <strong>Identity</strong> &gt; <strong>MicrosoftActiveDirectory</strong> &gt; <strong>login</strong> &gt; <strong>Request</strong>.</li>\n<li>Drag and drop the <strong>userid</strong> parameter from the <strong>Data &amp; Services</strong> panel onto the <strong>Username </strong>text field on your canvas.</li>\n<li>Drag and drop the <strong>password</strong> parameter from the <strong>Data &amp; Services</strong> panel onto the <strong>Password </strong>text field on your canvas.</li>\n</ol>\n<p>You have now mapped:</p>\n<ul>\n<li><strong> userid</strong> parameter to the text in <strong>tbxUsername</strong> text field</li>\n<li><strong>password</strong> parameter to the text in <strong>tbxPassword</strong> text field</li>\n</ul>"
    },
    "pointer": {
        "direction": "right",
        "element": {
            "module": "datapanel",
            "itemType": "dp_tree_entry",
            "context": {},
            "path": "PROJECT SERVICES\\Identity\\MicrosoftActiveDirectory\\login"
        },
        "type": "default"
    },
    "navigationType": "manual",
    "navigationBar": {
        "left": {
            "text": "Previous",
            "enable": true,
            "hide": false
        },
        "right": {
            "text": "Next",
            "enable": true,
            "hide": false
        }
    },
    "navigationCondition": "",
    "position": "BOTTOM_RIGHT",
    "meta": {
        "Creator": "Rashmi Menon",
        "CreatedOn": "Tue, 26 Nov 2019 10:37:40 GMT"
    },
    "context": []
}