{
    "kuid": "d84e80t1-a5ae-45r5-84u6-aaa59dn8",
    "id": "kony.IntrotoSegmentTempV9.uiTemp2",
    "content": {
        "title": "Assign Skin to the Template",
        "body": "<ol>\n<li>From the <strong>Properties</strong> panel, navigate to the <strong>Skin</strong> tab.</li>\n<li>Under <strong>Background</strong> section, assign the following values:\n<ul>\n<li>Type: <strong>Single Color</strong></li>\n<li>For <strong>Color</strong>, click the square next to it.</li>\n<li>For #, enter the following value: <strong>bdbbbb</strong></li>\n<li>Opacity: <strong>100</strong></li>\n</ul>\n</li>\n</ol>"
    },
    "pointer": {
        "direction": "top",
        "element": {
            "module": "propertieswindow",
            "itemType": "pw-tab",
            "info": {
                "tabName": "Skin"
            }
        },
        "type": "default"
    },
    "navigationType": "manual",
    "navigationBar": {
        "left": {
            "text": "Previous",
            "enable": true,
            "hide": false
        },
        "right": {
            "text": "Next",
            "enable": true,
            "hide": false
        }
    },
    "navigationCondition": "",
    "position": "BOTTOM_RIGHT",
    "meta": {
        "Creator": "Rashmi Menon",
        "CreatedOn": "Mon, 25 Nov 2019 11:41:03 GMT"
    },
    "context": []
}