{
    "kuid": "358a7ata-2dab-41rc-9du2-774486ne",
    "id": "kony.IntroductiontoNFIV9.last",
    "content": {
        "title": "Congratulations",
        "body": "<p>You have successfully:</p>\n<ul><b>\n<li>Added the Android NFIs for accessing the Device settings on an Android device to a project.</li>\n<li>Added the code to invoke the Android NFI.</li>\n<li>Built and viewed the application on an Android device.</li></b>\n</ul>\n\n<p>You can also refer the documentation for NFI <a href='#'onClick='javascript:openURL(\"https://docs.kony.com/konylibrary/visualizer/viz_nf_api_dev_guide/Default.htm#native_function_api_developers__guide.htm\")'>here</a>.</p>"
    },
    "pointer": {
        "direction": "left",
        "element": "",
        "type": "none"
    },
    "navigationType": "manual",
    "navigationBar": {
        "left": {
            "text": "Previous",
            "enable": true,
            "hide": false
        },
        "right": {
            "text": "Done",
            "enable": true,
            "hide": false
        }
    },
    "navigationCondition": "",
    "position": "CENTER",
    "meta": {
        "Creator": "Rashmi Menon",
        "CreatedOn": "Wed, 27 Nov 2019 12:02:08 GMT"
    },
    "context": []
}