{
    "kuid": "b90a80td-e2a2-4ar4-a6u4-b24a33n2",
    "id": "VoltMX.CreateDetailsScreen_v9.PayeeDetailUi1",
    "content": {
        "title": "Recpient Detail Screen Header",
        "body": "<ol>\n<li>Drag the <strong>RecipientDetails</strong> collection onto the <strong>frmDetails</strong> on the canvas.<br />The <strong>Resolved Conflicts</strong> window appears.</li>\n<li>Click <strong>Close</strong>.</li>\n<li>From the <strong>Project</strong> explorer, navigate to <strong>Responsive Web /Desktop</strong> &gt; <strong>Forms</strong> &gt; <strong>frmDetails</strong> &gt; <strong>flxRecipientDetails</strong>, and select <strong>flexSuccess</strong>.</li>\n<li>Right-click and select <strong>Unparent</strong>.</li>\n</ol>"
    },
    "pointer": {
        "direction": "left",
        "element": {
            "module": "projectexplorer",
            "path": "project-body\\project\\Responsive Web / Desktop\\Forms\\frmPayeeDetails\\flexPayeeDetails"
        },
        "type": "default"
    },
    "navigationType": "manual",
    "navigationBar": {
        "left": {
            "text": "Previous",
            "enable": true,
            "hide": false
        },
        "right": {
            "text": "Next",
            "enable": true,
            "hide": false
        }
    },
    "navigationCondition": "",
    "position": "BOTTOM_RIGHT",
    "meta": {
        "Creator": "Rashmi Menon",
        "CreatedOn": "Thu, 20 Feb 2020 10:20:58 GMT"
    },
    "context": []
}