{
    "kuid": "f4bb87t1-50a6-4cr9-a2ue-2131ean2",
    "id": "VoltMX.IntroductiontoSegmentV9.DragandDrop",
    "content": {
        "title": "Add a Segment Widget to the FlexForm",
        "body": "<ol>\n<li>From the bottom-left corner of Iris, navigate to the <strong>Default Library</strong>.</li>\n<li>Next to the <strong>Default Library</strong>, you will see the <strong>My Libraries</strong> tab and a search icon <img src=\"https://i.ibb.co/gmMPVjC/search-Icon.png\" alt=\"search icon\" width=\"14\" height=\"14\" />. Click the search icon.</li>\n<li>In the search bar that appears, enter <strong>Segment</strong>.</li>\n<li>From the results, under <strong>Default</strong>, select <strong>Segment</strong>.</li>\n<li>Drag the <strong>Segment</strong> widget onto <strong>frmList</strong> on the canvas.</li>\n<li>From the <strong>Project</strong> explorer, right-click on the new segment and select <strong>Rename</strong>.</li>\n<li>Rename the segment <strong>employeeSegment</strong>.</li>\n</ol>"
    },
    "pointer": {
        "direction": "left",
        "element": {
            "module": "konylibrary"
        },
        "type": "default"
    },
    "navigationType": "manual",
    "navigationBar": {
        "left": {
            "text": "Previous",
            "enable": true,
            "hide": false
        },
        "right": {
            "text": "Next",
            "enable": true,
            "hide": false
        }
    },
    "navigationCondition": "",
    "position": "BOTTOM_RIGHT",
    "meta": {
        "Creator": "Rashmi Menon",
        "CreatedOn": "Mon, 25 Nov 2019 10:11:42 GMT"
    },
    "context": []
}