{
    "kuid": "aa5c7btd-61a6-45rc-99ua-bf3770ne",
    "id": "VoltMX.EditPayeeWeb_v9.editService3",
    "content": {
        "title": "Configuring Services for Edit Recipients",
        "body": "<ol>\n<li>From the Action Editor canvas, select <strong>Callback</strong>.</li>\n<li>From the left menu of the <strong>Action Editor</strong>, under the <strong>Mapping </strong>section, select <strong>Add Mapping</strong>.</li>\n<li>From the left pane of the mapping editor, expand <strong>Services </strong>&gt;<strong> Service - RecipientStorage$Recipients$get </strong>&gt;<strong> records {collection}</strong>.</li>\n<li>From the right pane of the mapping editor, expand <strong>Forms </strong>&gt;<strong> frmEditRecipient</strong>.</li>\n</ol>"
    },
    "pointer": {
        "direction": "left",
        "element": {
            "module": "actioneditor",
            "itemType": "ae-action-type",
            "info": {
                "actionType": "Add Mapping"
            }
        },
        "type": "default"
    },
    "navigationType": "manual",
    "navigationBar": {
        "left": {
            "text": "Previous",
            "enable": true,
            "hide": false
        },
        "right": {
            "text": "Next",
            "enable": true,
            "hide": false
        }
    },
    "navigationCondition": "",
    "position": "BOTTOM_LEFT",
    "meta": {
        "Creator": "Rashmi Menon",
        "CreatedOn": "Fri, 28 Feb 2020 05:44:44 GMT"
    },
    "context": []
}