{
    "kuid": "014761t0-6aa0-4fr1-8eu8-377b61n6",
    "id": "kony.UsingTestRecorder_v9.testSuite",
    "content": {
        "title": "Create a Test Suite",
        "body": "<ol>\n<li>From <strong>Project</strong> Explorer, expand <strong>Test Resources</strong> &gt; <strong>Jasmine</strong> &gt; <strong>Mobile</strong>, and then select <strong>Test Suites</strong>.</li>\n<li>Right-click <strong>Test Suites</strong> and select <strong>Create a Test Suite</strong>.<br />The <strong>Create Test Suite</strong> window appears.</li>\n</ol>"
    },
    "pointer": {
        "direction": "left",
        "element": {
            "module": "projectexplorer",
            "path": "project-body\\testresources\\Test Resources\\Jasmine\\Mobile\\Test Suites"
        },
        "type": "default"
    },
    "navigationType": "manual",
    "navigationBar": {
        "left": {
            "text": "Previous",
            "enable": true,
            "hide": false
        },
        "right": {
            "text": "Next",
            "enable": true,
            "hide": false
        }
    },
    "navigationCondition": "",
    "position": "BOTTOM_RIGHT",
    "meta": {
        "Creator": "Rashmi Menon",
        "CreatedOn": "Thu, 27 Feb 2020 09:09:27 GMT"
    },
    "context": []
}