<?xml version="1.0"?>
<Hike kuid="ccb9fdt2-79a2-48rb-bfub-3a97aan9" id="kony.IntroductiontoSegmentV9" title="kony.IntroductiontoSegmentV9">
    <Description> Description of hike</Description>
    <Meta>
        <Creator>Rashmi Menon</Creator>
        <Createdon>Mon, 25 Nov 2019 09:53:28 GMT</Createdon>
    </Meta>
    <Hikecard id="kony.IntroductiontoSegmentV9.Intro"/>
    <Hikecard id="kony.IntroductiontoSegmentV9.NewProject1"/>
    <Hikecard id="kony.IntroductiontoSegmentV9.NewProject2"/>
    <Hikecard id="kony.IntroductiontoSegmentV9.renameForm"/>
    <Hikecard id="kony.IntroductiontoSegmentV9.DragandDrop"/>
    <Hikecard id="kony.IntroductiontoSegmentV9.uichange"/>
    <Hikecard id="kony.IntroductiontoSegmentV9.addImage"/>
    <Hikecard id="kony.IntroductiontoSegmentV9.uiImage"/>
    <Hikecard id="kony.IntroductiontoSegmentV9.addLabel"/>
    <Hikecard id="kony.IntroductiontoSegmentV9.uiLabel"/>
    <Hikecard id="kony.IntroductiontoSegmentV9.sknLabel"/>
    <Hikecard id="kony.IntroductiontoSegmentV9.rowHgt"/>
    <Hikecard id="kony.IntroductiontoSegmentV9.masterData1"/>
    <Hikecard id="kony.IntroductiontoSegmentV9.masterData2"/>
    <Hikecard id="kony.IntroductiontoSegmentV9.masterData3"/>
    <Hikecard id="kony.IntroductiontoSegmentV9.openapp"/>
    <Hikecard id="kony.IntroductiontoSegmentV9.livePreview"/>
    <Hikecard id="kony.IntroductiontoSegmentV9.run"/>
    <Hikecard id="kony.IntroductiontoSegmentV9.view"/>
    <Hikecard id="kony.IntroductiontoSegmentV9.done"/>
</Hike>