{
  "Tour.IntroFlexLayoutV9": {
    "description": " यात्रा का विवरण"
  },
  "Hike.VoltMX.IntroFlexLayoutV9": {
    "description": " वृद्धि का विवरण"
  },
  "Card.VoltMX.IntroFlexLayoutV9.AddFlexContainer": {
    "content": {
      "title": " फ्लेक्सफॉर्म में एक हेडर जोड़ें",
      "body": "<ol>\n<li> से<strong> डिफ़ॉल्ट लाइब्रेरी</strong> अपने कैनवास के नीचे बाईं ओर टैब, खोजें<strong> फ्लेक्सकंटेनर</strong> विजेट।</li>\n<li> खींचें और छोड़ें<strong> फ्लेक्सकंटेनर</strong> पर विजेट<strong> frmFlexLayout</strong> कैनवास पर प्रपत्र।</li>\n<li> नए जोड़े गए का चयन करें<strong> फ्लेक्सकंटेनर</strong> विजेट से<strong> परियोजना</strong> आपके कैनवास के ऊपर बाईं ओर एक्सप्लोरर।</li>\n<li> FlexContainer पर राइट-क्लिक करें और नाम बदलें<strong> flxHeader</strong>.</li>\n</ol>"
    },
    "navigationBar": {
      "left": {
        "text": " पिछला"
      },
      "right": {
        "text": " अगला"
      }
    }
  },
  "Card.VoltMX.IntroFlexLayoutV9.AddHeader": {
    "content": {
      "title": " FlexContainer में लोगो विजेट जोड़ें",
      "body": "<ol>\n<li> से<strong> डिफ़ॉल्ट लाइब्रेरी</strong> अपने कैनवास के नीचे बाईं ओर टैब, खोजें<strong> लोगो</strong> विजेट।</li>\n<li> खींचें और छोड़ें<strong> लोगो</strong> पर विजेट<strong> frmFlexLayout</strong> अपने कैनवास पर फॉर्म।</li>\n<li> से<strong> गुण</strong> पैनल, विस्तृत करें<strong> देखो</strong> &gt;<strong> फ्लेक्स</strong> आपके कैनवास के ऊपर दाईं ओर से। को बदलें<strong> चौड़ाई:</strong> संपत्ति को<strong> 50%</strong></li>\n</ol>"
    },
    "navigationBar": {
      "left": {
        "text": " पिछला"
      },
      "right": {
        "text": " अगला"
      }
    }
  },
  "Card.VoltMX.IntroFlexLayoutV9.AddHeader1": {
    "content": {
      "title": " FlexContainer में खोज विजेट जोड़ें",
      "body": "<ol><li> से<b> परियोजना</b> एक्सप्लोरर, विस्तृत करें<b> मोबाइल</b> > <b> प्रपत्र</b> > <b> frmFlexlayout</b> , और चुनें<b> flxHeader</b>.</li>\n<li> से<strong> डिफ़ॉल्ट लाइब्रेरी</strong> अपने कैनवास के नीचे बाईं ओर टैब, खोजें<strong> Search1</strong> विजेट।</li>\n<li> खींचें और छोड़ें<strong> Search1</strong> पर विजेट<strong> frmFlexLayout</strong> अपने कैनवास पर फॉर्म।</li>\n<li> से<strong> गुण</strong> पैनल, विस्तृत करें<strong> देखो</strong> &gt;<strong> फ्लेक्स</strong> आपके कैनवास के ऊपर दाईं ओर से। को बदलें<strong> चौड़ाई:</strong> संपत्ति को<strong> 50%</strong></li>\n</ol>"
    },
    "navigationBar": {
      "left": {
        "text": " पिछला"
      },
      "right": {
        "text": " अगला"
      }
    }
  },
  "Card.VoltMX.IntroFlexLayoutV9.AppViewer": {
    "content": {
      "title": " वोल्ट एमएक्स ऐप",
      "body": "<ol>\n<li> अपना कनेक्ट करें<b> मोबाइल</b> USB केबल का उपयोग करके अपने कंप्यूटर पर।<br /> Android उपकरणों के लिए, सुनिश्चित करें कि आप USB का उपयोग करते हैं<b> फ़ाइलें स्थानांतरित करें</b>.</li>\n<li> लॉन्च करें<b> वोल्ट एमएक्स ऐप</b> अपने पर<b> मोबाइल</b>.</li>\n<li> चुनें<b> यूएसबी</b> टैब।</li>\n<li> सफल कनेक्शन पर,<b> आइरिस</b> आपके कंप्यूटर पर एक सफलता संकेत दिखाता है।<br /> उसी समय, आपके यूएसबी आइकन हरे रंग में बदल जाता है<b> वोल्ट एमएक्स ऐप</b>.</li>\n</ol>"
    },
    "navigationBar": {
      "left": {
        "text": " पिछला"
      },
      "right": {
        "text": " अगला"
      }
    }
  },
  "Card.VoltMX.IntroFlexLayoutV9.ChFreeFormAttr": {
    "content": {
      "title": " मुक्त प्रपत्र विशेषताएँ बदलें",
      "body": "<ol>\n<li> से<strong> परियोजना</strong> अपने कैनवास के ऊपर बाईं ओर एक्सप्लोरर, नेविगेट करें<strong> flxHeader</strong> &gt;<strong> मुख्यकंटेनर</strong>.</li>\n<li> से<strong> गुण</strong> पैनल, विस्तार करें<strong> देखो</strong> &gt;<strong> फ्लेक्स</strong> आपके कैनवास के शीर्ष दाईं ओर।</li>\n<li> बदलें Change<strong> बायां</strong> संपत्ति को<strong> 60 डीपी</strong>.<br /> The<strong> Search1</strong> विजेट पैरेंट FlexContainer विजेट के सापेक्ष सही चलता है।</li>\n<li> बदलें Change<strong> शीर्ष</strong> का मान<strong> 59 डीपी</strong>.<br /> The<strong> Search1</strong> विजेट पैरेंट FlexContainer विजेट के सापेक्ष नीचे चला जाता है।</li>\n<li> सेट करें<strong> शीर्ष</strong> और<strong> बायां</strong> गुण to<strong> 0 डीपी</strong>.<br /> The<strong> Search1</strong> विजेट अपनी मूल स्थिति में चला जाता है।</li>\n</ol>"
    },
    "navigationBar": {
      "left": {
        "text": " पिछला"
      },
      "right": {
        "text": " अगला"
      }
    }
  },
  "Card.VoltMX.IntroFlexLayoutV9.ChHorizontalFloe": {
    "content": {
      "title": " FlexContainer को क्षैतिज प्रवाह में बदलें",
      "body": "<ol>\n<li> पर नेविगेट करें<strong> गुण</strong> पैनल &gt;<strong> फ्लेक्सकंटेनर</strong> टैब &gt;<strong> सामान्य</strong> आपके कैनवास के शीर्ष दाईं ओर अनुभाग।</li>\n<li> बदलें Change<strong> लेआउट प्रकार</strong> संपत्ति को<strong> क्षैतिज प्रवाह</strong>. <br /> विगेट्स को कैनवास पर कंधे से कंधा मिलाकर व्यवस्थित किया जाता है।</li>\n</ol>"
    },
    "navigationBar": {
      "left": {
        "text": " पिछला"
      },
      "right": {
        "text": " अगला"
      }
    }
  },
  "Card.VoltMX.IntroFlexLayoutV9.ChVerticalFlow": {
    "content": {
      "title": " FlexContainer को लंबवत प्रवाह में बदलें",
      "body": "<ol>\n<li> से<strong> परियोजना</strong> अपने कैनवास के ऊपर बाईं ओर एक्सप्लोरर, चुनें<strong> flxHeader</strong>.</li>\n<li> से<strong> गुण</strong> पैनल, पर नेविगेट करें<strong> फ्लेक्सकंटेनर</strong> टैब &gt;<strong> सामान्य</strong> आपके कैनवास के शीर्ष दाईं ओर अनुभाग।</li>\n<li> बदलें Change<strong> लेआउट प्रकार</strong> संपत्ति को<strong> फ्लो वर्टिकल</strong>.<br /> विगेट्स को कैनवास पर एक के नीचे एक व्यवस्थित किया जाता है।</li>\n</ol>"
    },
    "navigationBar": {
      "left": {
        "text": " पिछला"
      },
      "right": {
        "text": " अगला"
      }
    }
  },
  "Card.VoltMX.IntroFlexLayoutV9.createForm": {
    "content": {
      "title": " फॉर्म का नाम बदलें",
      "body": "<ol>\n<li> में<strong> स्टोरीबोर्ड</strong> देखें, नए फॉर्म के ऊपर, क्लिक करें<strong> फॉर्म1</strong>.</li>\n<li> फॉर्म का नाम बदलें<strong> frmFlexLayout</strong>.</li>\n<li> प्रपत्र में विजेट जोड़ने के लिए प्रपत्र पर डबल-क्लिक करें।<strong> डिज़ाइन</strong> देखें।</li>\n</ol>"
    },
    "navigationBar": {
      "left": {
        "text": " पिछला"
      },
      "right": {
        "text": " अगला"
      }
    }
  },
  "Card.VoltMX.IntroFlexLayoutV9.done": {
    "content": {
      "title": " ऐप देखें",
      "body": "<ol>\n<li> अपने पर<b> वोल्ट एमएक्स ऐप</b> , क्लिक करें<b> लॉन्च</b>.<br /> यदि आपको आवेदन का नाम देने के लिए कहा जाए, तो दर्ज करें<b> FlexLayout</b> और क्लिक करें<b> लॉन्च</b>.</li><li> To<b> बाहर निकलें</b> पूर्वावलोकन, दो अंगुलियों को बाएं से दाएं स्वाइप करें या अपना मोबाइल हिलाएं।</li>\n</ol>"
    },
    "navigationBar": {
      "left": {
        "text": " पिछला"
      },
      "right": {
        "text": " अगला"
      }
    }
  },
  "Card.VoltMX.IntroFlexLayoutV9.intro": {
    "content": {
      "title": " FlexLayout को समझना",
      "body": " यह वृद्धि मूल लेआउट को कवर करती है<b> फ्लेक्सकंटेनर</b> विजेट। वोल्ट एमएक्स ऐपप्लेटफॉर्म तीन फ्लेक्स लेआउट का समर्थन करता है:<ul><li> फ्री फॉर्म</li>\n<li> फ्लो वर्टिकल</li>\n<li> क्षैतिज प्रवाह</li><br/ > </ul> ये फ्लेक्स लेआउट आपको फ्लेक्सकॉन्टेनर जैसे कंटेनर विजेट के अंदर विजेट्स को व्यवस्थित करने में मदद करते हैं।<br/> आइए देखें कि इन लेआउट को कैसे लागू किया जाए और इनमें से प्रत्येक लेआउट में विजेट कैसे व्यवस्थित किए जाते हैं।"
    },
    "navigationBar": {
      "left": {
        "text": " पिछला"
      },
      "right": {
        "text": " प्रारंभ"
      }
    }
  },
  "Card.VoltMX.IntroFlexLayoutV9.last": {
    "content": {
      "title": " बधाई",
      "body": "<p> आपने सफलतापूर्वक:</p>\n<ul>\n<li><strong> एक FlexContainer और दो चाइल्ड विजेट के साथ एक ऐप बनाया गया</strong></li>\n<li><strong> एक ऐप में फ्लेक्स लेआउट को संशोधित करने का तरीका सीखा</strong></li>\n<li><strong> सीखा कि जिस लेआउट में चाइल्ड विजेट्स को व्यवस्थित किया जाता है वह पैरेंट FlexContainer के लेआउट के साथ कैसे बदलता है</strong></li>\n<li><strong> वोल्ट एमएक्स ऐप में एप्लिकेशन लॉन्च किया।</strong></li>\n</ul>"
    },
    "navigationBar": {
      "left": {
        "text": " पिछला"
      },
      "right": {
        "text": " हो गया"
      }
    }
  },
  "Card.VoltMX.IntroFlexLayoutV9.LivePreview": {
    "content": {
      "title": " लाइव पूर्वावलोकन सेटिंग्स",
      "body": "<ol><li> मुख्य मेनू से, चुनें<b> बिल्ड</b>.</li>\n<li> क्लिक करें<b> लाइव पूर्वावलोकन सेटिंग्स</b>.</li>"
    },
    "navigationBar": {
      "left": {
        "text": " पिछला"
      },
      "right": {
        "text": " अगला"
      }
    }
  },
  "Card.VoltMX.IntroFlexLayoutV9.NewProject1": {
    "content": {
      "title": " एक नया प्रोजेक्ट बनाएं",
      "body": "<ol>\n<li> नेविगेट करें<strong> परियोजना</strong> &gt;<strong> नई परियोजना</strong>.</li>\n<li> से<strong> आप अभी क्या शुरू करना चाहते हैं?</strong> विंडो, चुनें<strong> मूल ऐप</strong>.</li>\n<li> क्लिक करें<strong> अगला</strong>.<br/> The<b> आपने एक नेटिव ऐप से शुरुआत की</b> विंडो खुलती है।</li>\n</ol>"
    },
    "navigationBar": {
      "left": {
        "text": " पिछला"
      },
      "right": {
        "text": " अगला"
      }
    }
  },
  "Card.VoltMX.IntroFlexLayoutV9.NewProject2": {
    "content": {
      "title": " एक नया प्रोजेक्ट बनाएं",
      "body": "<ol>\n<li> अंडर<strong> परियोजना का नाम</strong> , दर्ज करें<strong> FlexLayout</strong>.</li>\n<li> क्लिक करें<strong> बनाएँ</strong>.<br /> के साथ एक नया एप्लिकेशन बनाया गया है<b> फॉर्म1</b> फॉर्म।<br /> आवेदन में खुलता है<strong> स्टोरीबोर्ड</strong> देखें।</li>\n</ol>"
    },
    "navigationBar": {
      "left": {
        "text": " पिछला"
      },
      "right": {
        "text": " अगला"
      }
    }
  },
  "Card.VoltMX.IntroFlexLayoutV9.run": {
    "content": {
      "title": " ऐप चलाएँ",
      "body": "<ol><li> से<b> लाइव पूर्वावलोकन सेटिंग्स</b> विंडो, अंडर<b> मूल निवासी</b> जिस मोबाइल/टैबलेट पर आप ऐप देखने जा रहे हैं, उसके OS के बगल में स्थित चेकबॉक्स चुनें।<br/> उदाहरण के लिए:<b> आईओएस</b> और<b> Android</b>.<br/> सुनिश्चित करें कि आपने अन्य सभी प्लेटफार्मों और चैनलों को अचयनित किया है।</li>\n<li> क्लिक करें<b> सहेजें और चलाएँ</b>.<br/> आइरिस को दिखाने में कुछ समय लग सकता है<b> लाइव पूर्वावलोकन तैयार है</b> window.</ol>"
    },
    "navigationBar": {
      "left": {
        "text": " पिछला"
      },
      "right": {
        "text": " अगला"
      }
    }
  }
}