{
  "Tour.IntroFlexLayoutV9": {
    "description": " Description of Tour"
  },
  "Hike.VoltMX.IntroFlexLayoutV9": {
    "description": " Description of hike"
  },
  "Card.VoltMX.IntroFlexLayoutV9.AddFlexContainer": {
    "content": {
      "title": "Add a Header to the FlexForm",
      "body": "<ol>\n<li>From the <strong>Default Library</strong> tab on the bottom left of your canvas, search for the <strong>FlexContainer</strong> widget.</li>\n<li>Drag and drop the <strong>FlexContainer</strong> widget onto the <strong>frmFlexLayout</strong> form on the canvas.</li>\n<li>Select the newly added <strong>FlexContainer</strong> widget from the <strong>Project</strong> explorer on the top left of your canvas.</li>\n<li>Right-click on the FlexContainer and rename <strong>flxHeader</strong>.</li>\n</ol>"
    },
    "navigationBar": {
      "left": {
        "text": "Previous"
      },
      "right": {
        "text": "Next"
      }
    }
  },
  "Card.VoltMX.IntroFlexLayoutV9.AddHeader": {
    "content": {
      "title": "Add Logo Widget to the FlexContainer",
      "body": "<ol>\n<li>From the <strong>Default Library</strong> tab on the bottom left of your canvas, search for the <strong>Logo</strong> widget.</li>\n<li>Drag and drop the <strong>Logo</strong> widget onto the <strong>frmFlexLayout</strong> form on your canvas.</li>\n<li>From the <strong>Properties</strong>  panel, expand <strong>Look</strong> &gt; <strong>Flex</strong> from the top right of your canvas. Change the <strong>Width</strong> property to <strong>50%</strong></li>\n</ol>"
    },
    "navigationBar": {
      "left": {
        "text": "Previous"
      },
      "right": {
        "text": "Next"
      }
    }
  },
  "Card.VoltMX.IntroFlexLayoutV9.AddHeader1": {
    "content": {
      "title": "Add Search Widget to the FlexContainer",
      "body": "<ol><li>From the <b>Project</b> explorer, expand <b>Mobile</b> > <b>Forms</b> > <b>frmFlexlayout</b>, and select <b>flxHeader</b>.</li>\n<li>From the <strong>Default Library</strong> tab on the bottom left of your canvas, search for <strong>Search1</strong> widget.</li>\n<li>Drag and drop the <strong>Search1</strong> widget onto the <strong>frmFlexLayout</strong> form on your canvas.</li>\n<li>From the <strong>Properties</strong>  panel, expand <strong>Look</strong> &gt; <strong>Flex</strong> from the top right of your canvas. Change the <strong>Width</strong> property to <strong>50%</strong></li>\n</ol>"
    },
    "navigationBar": {
      "left": {
        "text": "Previous"
      },
      "right": {
        "text": "Next"
      }
    }
  },
  "Card.VoltMX.IntroFlexLayoutV9.AppViewer": {
    "content": {
      "title": "Volt MX App",
      "body": "<ol>\n<li>Connect your <b>mobile</b> to your computer using a USB cable.<br />\nFor Android devices, make sure you use USB to <b>Transfer Files</b>.</li>\n<li>Launch the <b>Volt MX App</b> on your <b>mobile</b>.</li>\n<li>Select the <b>USB</b> tab.</li>\n<li>On successful connection, <b>Iris</b> on your computer shows a success prompt.<br />\nAt the same time, the USB icon turns green on your <b>Volt MX App</b>.</li>\n</ol>"
    },
    "navigationBar": {
      "left": {
        "text": "Previous"
      },
      "right": {
        "text": "Next"
      }
    }
  },
  "Card.VoltMX.IntroFlexLayoutV9.ChFreeFormAttr": {
    "content": {
      "title": "Change Free Form Attributes",
      "body": "<ol>\n<li>From the <strong>Project</strong> explorer on the top left of your canvas, navigate to <strong>flxHeader</strong> &gt; <strong>mainContainer</strong>.</li>\n<li>From the <strong>Properties</strong> panel, expand <strong>Look</strong> &gt; <strong> Flex</strong> on the top right of your canvas.</li>\n<li>Change the <strong>Left</strong> property to <strong>60 Dp</strong>.<br />The <strong>Search1</strong> widget moves right relative to the parent FlexContainer widget.</li>\n<li>Change the <strong>Top</strong> value to <strong>59 Dp</strong>.<br />The <strong>Search1</strong> widget moves down relative to the parent FlexContainer widget.</li>\n<li>Set the <strong>Top</strong> and <strong>Left</strong> properties to <strong>0 Dp</strong>.<br />The <strong>Search1</strong> widget moves to its original position.</li>\n</ol>"
    },
    "navigationBar": {
      "left": {
        "text": "Previous"
      },
      "right": {
        "text": "Next"
      }
    }
  },
  "Card.VoltMX.IntroFlexLayoutV9.ChHorizontalFloe": {
    "content": {
      "title": "Change the FlexContainer to Horizontal Flow",
      "body": "<ol>\n<li>Navigate to the <strong>Properties</strong> panel &gt; <strong>FlexContainer</strong> tab &gt; <strong>General</strong> section on the top right of your canvas.</li>\n<li>Change the <strong>Layout Type</strong> property to <strong>Flow Horizontal</strong>. <br /> The widgets are arranged side by side on the canvas.</li>\n</ol>"
    },
    "navigationBar": {
      "left": {
        "text": "Previous"
      },
      "right": {
        "text": "Next"
      }
    }
  },
  "Card.VoltMX.IntroFlexLayoutV9.ChVerticalFlow": {
    "content": {
      "title": "Change the FlexContainer to Vertical Flow",
      "body": "<ol>\n<li>From the <strong>Project</strong> explorer on the top left of your canvas, select <strong>flxHeader</strong>.</li>\n<li>From the <strong>Properties </strong>panel, navigate to the <strong>FlexContainer</strong> tab &gt; <strong>General</strong> section on the top right of your canvas.</li>\n<li>Change the <strong>Layout Type</strong> property to <strong>Flow Vertical</strong>.<br />The widgets are arranged one below the other on the canvas.</li>\n</ol>"
    },
    "navigationBar": {
      "left": {
        "text": "Previous"
      },
      "right": {
        "text": "Next"
      }
    }
  },
  "Card.VoltMX.IntroFlexLayoutV9.createForm": {
    "content": {
      "title": "Rename the Form",
      "body": "<ol>\n<li>In the <strong>Storyboard</strong> view, above the new Form, click <strong>Form1</strong>.</li>\n<li>Rename the form <strong>frmFlexLayout</strong>.</li>\n<li>To add widgets to the form, double-click on the form to move to the <strong>Design </strong>view.</li>\n</ol>"
    },
    "navigationBar": {
      "left": {
        "text": "Previous"
      },
      "right": {
        "text": "Next"
      }
    }
  },
  "Card.VoltMX.IntroFlexLayoutV9.done": {
    "content": {
      "title": "View the App",
      "body": "<ol>\n<li>On your <b>Volt MX App</b>, click <b>Launch</b>.<br />\nIf you are prompted to provide the application name, enter <b>FlexLayout</b> and click <b>Launch</b>.</li><li>To <b>Exit</b> the preview, swipe two fingers from left to right or shake your mobile.</li>\n</ol>"
    },
    "navigationBar": {
      "left": {
        "text": "Previous"
      },
      "right": {
        "text": "Next"
      }
    }
  },
  "Card.VoltMX.IntroFlexLayoutV9.intro": {
    "content": {
      "title": "Understanding FlexLayouts",
      "body": "This hike covers the basic layouts of  the <b>FlexContainer</b> widget. Volt MX AppPlatform supports three flex layouts:\n<ul><li>Free Form</li>\n<li>Flow Vertical </li>\n<li>Flow Horizontal</li><br/ > </ul>\nThese Flex layouts help you to arrange the widgets inside a container widget such as FlexContainer.<br/>\nLet’s see how to implement these layouts and how the widgets are arranged in each of these layouts."
    },
    "navigationBar": {
      "left": {
        "text": "Previous"
      },
      "right": {
        "text": "Start"
      }
    }
  },
  "Card.VoltMX.IntroFlexLayoutV9.last": {
    "content": {
      "title": "Congratulations",
      "body": "<p>You have successfully:</p>\n<ul>\n<li><strong>Created an app with a FlexContainer and two child widgets</strong></li>\n<li><strong>Learnt how to modify the flex layouts in an app</strong></li>\n<li><strong>Learnt how the layout in which the child widgets are arranged changes with the layout of the parent FlexContainer</strong></li>\n<li><strong>Launched the application in Volt MX App.</strong></li>\n</ul>"
    },
    "navigationBar": {
      "left": {
        "text": "Previous"
      },
      "right": {
        "text": "Done"
      }
    }
  },
  "Card.VoltMX.IntroFlexLayoutV9.LivePreview": {
    "content": {
      "title": "Live Preview Settings",
      "body": "<ol><li>From the main menu, select <b>Build</b>.</li>\n<li>Click <b>Live Preview Settings</b>.</li>"
    },
    "navigationBar": {
      "left": {
        "text": "Previous"
      },
      "right": {
        "text": "Next"
      }
    }
  },
  "Card.VoltMX.IntroFlexLayoutV9.NewProject1": {
    "content": {
      "title": "Create a New Project",
      "body": "<ol>\n<li>Navigate to <strong>Project</strong> &gt; <strong>New Project</strong>.</li>\n<li>From the <strong>What do you want to start with now? </strong>window, select <strong>Native App</strong>.</li>\n<li>Click <strong>Next</strong>.<br/>The <b>You started with a Native App</b> window opens. </li>\n</ol>"
    },
    "navigationBar": {
      "left": {
        "text": "Previous"
      },
      "right": {
        "text": "Next"
      }
    }
  },
  "Card.VoltMX.IntroFlexLayoutV9.NewProject2": {
    "content": {
      "title": "Create a New Project",
      "body": "<ol>\n<li>Under <strong>Project Name</strong>, enter <strong>FlexLayout</strong>.</li>\n<li>Click <strong>Create</strong>.<br />A new application is created with <b>Form1</b> form. <br />The application opens in the <strong>Storyboard </strong>view.</li>\n</ol>"
    },
    "navigationBar": {
      "left": {
        "text": "Previous"
      },
      "right": {
        "text": "Next"
      }
    }
  },
  "Card.VoltMX.IntroFlexLayoutV9.run": {
    "content": {
      "title": "Run the App",
      "body": "<ol><li>From the <b>Live Preview Settings</b> window, under <b>Native</b>, select the checkboxes next to the OS of the mobile/tablet on which you are going to view the app. <br/>For example: <b>iOS </b> and <b>Android</b>.<br/>Make sure you have unselected all the other platforms and channels.</li>\n<li>Click <b>Save & Run</b>.<br/> It may take some time for Iris to show the <b>Live Preview is ready</b> window.</ol>"
    },
    "navigationBar": {
      "left": {
        "text": "Previous"
      },
      "right": {
        "text": "Next"
      }
    }
  }
}