{"Tour.FlexPropertiesV9":{"description":" Description of Tour"},"Hikes.kony.FlexPropertiesV9":{"description":" Description of hike"},"Cards.kony.FlexPropertiesV9.AddButton":{"content":{"title":"Add Button to the Form","body":"<ol>\n<li>From the <strong>Default Library</strong> tab on the bottom left of your canvas, search for the <strong>Button </strong>widget.</li>\n<li>Drag and drop the <strong>Button </strong>widget onto the <strong>frmFlex</strong> form on the canvas.</li>\n<li>Select the newly added <strong>Button </strong>widget from the <strong>Project</strong> explorer on the top left of your canvas.</li>\n<li>Right-click on the <strong>Button</strong> widget and rename <strong>btnLayout</strong>.</li>\n</ol>"},"navigationBar":{"left":{"text":"Previous"},"right":{"text":"Next"}}},"Cards.kony.FlexPropertiesV9.AppViewDone":{"content":{"title":"View the App","body":"<ol>\n<li>On your <b>Quantum App</b>, click <b>Launch</b>.<br />\nIf you are prompted to provide the application name, enter <b>FlexTutorial</b> and click <b>Launch</b>.</li><li>To <b>Exit</b> the preview, swipe two fingers from left to right or shake your mobile.</li>\n</ol>"},"navigationBar":{"left":{"text":"Previous"},"right":{"text":"Next"}}},"Cards.kony.FlexPropertiesV9.AppViewer":{"content":{"title":"Quantum App","body":"<ol>\n<li>Connect your <b>mobile</b> to your computer using a USB cable.<br />\nFor Android devices, make sure you use USB to <b>Transfer Files</b>.</li>\n<li>Launch the <b>Quantum App</b> on your <b>mobile</b>.</li>\n<li>Select the <b>USB</b> tab.</li>\n<li>On successful connection, <b>Visualizer</b> on your computer shows a success prompt.<br />\nAt the same time, the USB icon turns green on your <b>Quantum App</b>.</li>\n</ol>"},"navigationBar":{"left":{"text":"Previous"},"right":{"text":"Next"}}},"Cards.kony.FlexPropertiesV9.CenteringXY":{"content":{"title":"Aligning Widgets Across the X and Y Axis","body":"<ol>\n<li>From the <strong>Properties</strong> panel, exand <strong>Look</strong> &gt; <strong>Flex </strong>on the top right of your canvas.</li>\n<li>Set:\n<ul>\n<li><strong>Center X</strong> to <strong>50%</strong></li>\n<li><strong>Center Y</strong> to <strong>50%</strong></li>\n</ul>\nNotice that the widget has moved to the center of the form on the canvas.</li>\n</ol>"},"navigationBar":{"left":{"text":"Previous"},"right":{"text":"Next"}}},"Cards.kony.FlexPropertiesV9.ChBottom":{"content":{"title":"Layout Bottom Properties","body":"<ol>\n<li>From the <strong>Properties </strong>panel, expand <strong>Look </strong> &gt; <strong>Flex</strong> on the top right of your canvas.</li>\n<li>Change the <strong>Bottom</strong> property to <strong>0 DP</strong>.</li>\n<li>Blank out the <strong>Top</strong> property.</li>\n</ol>\n<p>Notice the button is now docked to the bottom of the screen on the canvas.</p>"},"navigationBar":{"left":{"text":"Previous"},"right":{"text":"Next"}}},"Cards.kony.FlexPropertiesV9.ChLeftRight":{"content":{"title":"Change Left and Right Properties","body":"<ol>\n<li>From the <strong>Properties</strong> panel, expand  &gt; <strong>Look</strong> &gt; <strong>Flex</strong> on the top right of your canvas.</li>\n<li>Change the <strong>Left</strong> property to <strong>30 DP</strong>.<br />Notice that the widget moves a little to the left of the canvas.</li>\n<li>Similarly, change the <strong>Right </strong>property to <strong>5 DP. <br /></strong>Blank out the <strong>Left</strong> property.<br />Notice that the widget moves to the right of the canvas.</li>\n</ol>"},"navigationBar":{"left":{"text":"Previous"},"right":{"text":"Next"}}},"Cards.kony.FlexPropertiesV9.ChTop":{"content":{"title":"Layout Top Properties","body":"<ol>\n<li>From the <strong>Project</strong> explorer expand <strong>Mobile</strong> &gt; <strong>Forms</strong> &gt; <strong>frmFlex</strong> and select <strong>btnLayout</strong>.</li>\n<li>Navigate to the <strong>Properties</strong> panel on the top right of your canvas and select the <strong>Look</strong> tab.</li>\n<li>Under the <strong>Flex</strong> section, set the <strong>Top</strong> property to <strong>0 Dp</strong>.</li>\n</ol>\n<p>Notice the button is now docked to the top of the screen on the canvas.</p>"},"navigationBar":{"left":{"text":"Previous"},"right":{"text":"Next"}}},"Cards.kony.FlexPropertiesV9.Done":{"content":{"title":"Congratulations","body":"<p>You have successfully changed the layout of the widgets in a  FlexContainer using its layout properties.</p>"},"navigationBar":{"left":{"text":"Previous"},"right":{"text":"Done"}}},"Cards.kony.FlexPropertiesV9.Intro":{"content":{"title":"Understanding Flex Layout Properties","body":"<p>Flex layout provides multiple properties for managing the layout of your app. <br ><br ></p>\n<p>This hike focuses on layout properties and the rules associated with them. Follow the steps in this hike to understand the layout properties.</p>"},"navigationBar":{"left":{"text":"Previous"},"right":{"text":"Start"}}},"Cards.kony.FlexPropertiesV9.livePreview":{"content":{"title":"Settings for Live Preview","body":"<ol><li>From the main menu, select <b>Build</b>.</li>\n<li>Click <b>Live Preview Settings</b>.</li>"},"navigationBar":{"left":{"text":"Previous"},"right":{"text":"Next"}}},"Cards.kony.FlexPropertiesV9.project":{"content":{"title":"Create a New Project","body":"<ol>\n<li>Navigate to <strong>Project</strong> &gt; <strong>New Project</strong>.</li>\n<li>From the <strong>What do you want to start with now? </strong>window, select <strong>Native App</strong>.</li>\n<li>Click <strong>Next</strong>.<br/>The <b>You started with a Native App</b> window opens. </li>\n</ol>"},"navigationBar":{"left":{"text":"Previous"},"right":{"text":"Next"}}},"Cards.kony.FlexPropertiesV9.project2":{"content":{"title":"Create a New Project","body":"<ol>\n<li>Under <strong>Project Name</strong>, enter <strong>FlexTutorial</strong>.</li>\n<li>Click <strong>Create</strong>.<br />A new application is created with <b>Form1</b> form. <br />The application opens in the <strong>Storyboard </strong>view.</li>\n</ol>"},"navigationBar":{"left":{"text":"Previous"},"right":{"text":"Next"}}},"Cards.kony.FlexPropertiesV9.rename":{"content":{"title":"Rename the Form","body":"<ol>\n<li>In the <strong>Storyboard</strong> view, above the new Form, click <strong>Form1</strong>.</li>\n<li>Rename the form <strong>frmFlex</strong>.</li>\n<li>To add widgets to the form, double-click on the form to move to the <strong>Design </strong>view.</li>\n</ol>"},"navigationBar":{"left":{"text":"Previous"},"right":{"text":"Next"}}},"Cards.kony.FlexPropertiesV9.run":{"content":{"title":"Run the App","body":"<ol><li>From the <b>Live Preview Settings</b> window, under <b>Native</b>, select the checkboxes next to the OS of the mobile/tablet on which you are going to view the app. <br/>For example: <b>iOS </b> and <b>Android</b>.<br/>Make sure you have unselected all the other platforms and channels.</li>\n<li>Click <b>Save & Run</b>.<br/> It may take some time for Visualizer to show the <b>Live Preview is ready</b> window.</ol>"},"navigationBar":{"left":{"text":"Previous"},"right":{"text":"Next"}}},"Cards.kony.FlexPropertiesV9.Zindex":{"content":{"title":"Using Z Index to Move a Widget to the Background","body":"<ol>\n<li>From the <strong>Default Library</strong> tab on the bottom left of your canvas, drag and drop the following:\n<ul>\n<li><strong>Logo</strong> widget onto the <strong>frmFlex</strong> form on the canvas.</li>\n<li><strong>Search1</strong> widget onto the <strong>frmFlex</strong> form on the canvas.</li>\n</ul>\n</li>\n<li>To bring the <strong>Logo</strong> widget above the <strong>Search1</strong> widget,\n<ul>\n<li>Select <strong>headerContainer02</strong> from the <strong>Project</strong> explorer on the top left of your canvas.</li>\n<li>From the <strong>Properties</strong> panel, expand <strong>Look</strong> &gt; <strong>Flex</strong> on the top right of your canvas. Set the <strong>Z Index</strong> property to <strong>2</strong>.</li>\n</ul>\n</li>\n</ol>"},"navigationBar":{"left":{"text":"Previous"},"right":{"text":"Next"}}},"Tour.InternationalizationwithLayout92":{"description":" Description of Tour"},"Hikes.kony.InternationalWithLayoutV9":{"description":" Description of hike"},"Cards.kony.InternationalWithLayoutV9.configureA":{"content":{"title":"Configure Arabic Locale","body":"<ol>\n<li>In the <strong>Search </strong>field, enter: <strong>ar_AE</strong>.<br /> The <strong>Arabic</strong> locale for <strong>UAE</strong>.</li>\n<li>Select <b>ar_AE</b>.</li>\n<li>Under <b>Mirror Default Layout</b> select all checkboxes. These are for <strong>Flex Position Properties, Content Alignment </strong>and <strong>Flow Horizontal Alignment.<br /> </strong>This means that the content alignment will change when the language of the device is changed to <strong>Arabic (United Arab Emirates)</strong>.</li>\n<li>Click <strong>OK </strong>to return to the <strong>Configure Internationalization </strong> window. <strong><br /> </strong>You can see that three columns are added in this window: <strong>Key</strong>, <strong>en_US</strong>, <strong>ar_AE</strong>.</li>\n</ol>"},"navigationBar":{"left":{"text":"Previous"},"right":{"text":"Next"}}},"Cards.kony.InternationalWithLayoutV9.configureE":{"content":{"title":"Configure English Locale","body":"<ol>\n<li>In the <strong>Search </strong>field, enter: <strong><br /> </strong>The<strong> English locale </strong>for<strong> United States </strong>appears<strong>. </strong></li>\n<li>Select the locale <strong>en_US</strong>.</li>\n<li>Under <b>Mirror Default Layout</b> select the first two checkboxes. These are for <strong>Flex Position Properties </strong>and <strong>Flow Horizontal Alignment.</strong></li>\n</ol>"},"navigationBar":{"left":{"text":"Previous"},"right":{"text":"Next"}}},"Cards.kony.InternationalWithLayoutV9.connect":{"content":{"title":"Connect your Mobile Device","body":"<ol>\n<li>Connect your <strong>mobile</strong> device to your computer using a USB cable.<br />For an Android mobile device, ensure that the use of USB is set as <strong>Transfer</strong> <strong>files</strong>.</li>\n<li>Ensure that the device language is set as <strong>English (United States)</strong>.</li>\n</ol>"},"navigationBar":{"left":{"text":"Previous"},"right":{"text":"Next"}}},"Cards.kony.InternationalWithLayoutV9.default":{"content":{"title":"Set Default Locale","body":"<ol>\n<li>In the <strong>Project Settings </strong>window, under the <strong>Internationalization (i18n)</strong> section, for <strong>Default Locale</strong>, from the drop-down list, select <strong>Arabic (United Arab Emirates)</strong>.</li>\n<li>Click <strong>Done</strong>.</li>\n</ol>"},"navigationBar":{"left":{"text":"Previous"},"right":{"text":"Next"}}},"Cards.kony.InternationalWithLayoutV9.done":{"content":{"title":"Congratulations","body":"<p><strong>You</strong> <strong>have successfully</strong>:</p>\n<ul>\n<li>Configured two locales</li>\n<li>Provided key-value pairs for the different texts used in a form</li>\n<li>Provided RTL support for the widgets in the form while retaining position and content alignment for some widgets</li>\n<li>Configured the i18n keys for the widgets in a form</li>\n<li>Viewed the difference in the position of the widgets and content when the language of a mobile device is changed.</li>\n</ul>\n<p>For more information on Internationalization, click  <a href='#'onClick='javascript:openURL(\"https://docs.kony.com/konylibrary/visualizer/visualizer_user_guide/Content/Internationalization.htm\")'>here</a>.</p>"},"navigationBar":{"left":{"text":"Previous"},"right":{"text":"Done"}}},"Cards.kony.InternationalWithLayoutV9.enable":{"content":{"title":"Enable Internationalization","body":"<ol>\n<li>From the left Navigation menu, select <strong>Settings</strong>.<br /> The <strong>Project Settings </strong>window appears.</li>\n</ol>"},"navigationBar":{"left":{"text":"Previous"},"right":{"text":"Next"}}},"Cards.kony.InternationalWithLayoutV9.enable1":{"content":{"title":"Enable Internationalization","body":"<ol>\n<li>From the <strong>Project Settings</strong> window, navigate to the <strong>Application </strong>tab,</li>\n<li>Under <strong>Internationalization(i18n): </strong>section<strong>, </strong>select <strong>Enable</strong>.<br /> Two new fields appear.</li>\n<li>Select <strong>Enable i18n Layout Config</strong>.</li>\n<li>Click <strong>Configure</strong>.<br /> The <strong>Configure Internationalization </strong>window appears.</li>\n</ol>"},"navigationBar":{"left":{"text":"Previous"},"right":{"text":"Next"}}},"Cards.kony.InternationalWithLayoutV9.enable2":{"content":{"title":"Configure Locales","body":"<ol>\n<li>In the <strong>Configure Internationalization </strong>window, click <strong>Configure Locales</strong>.<br /> The <strong>Configure Locales </strong>window appears with the Predefined tab open by default.</li>\n</ol>"},"navigationBar":{"left":{"text":"Previous"},"right":{"text":"Next"}}},"Cards.kony.InternationalWithLayoutV9.import1":{"content":{"title":"Import a Marketplace App","body":"<ol>\n<li>From the main menu of the Visualizer, navigate to <strong>Forge</strong> &gt; <strong>Browse</strong>.<br />The <strong>Temenos Forge</strong> window appears</li>\n<li>On the search bar, enter, <strong>RecipientsMobile</strong>.</li>\n<li>In the list that appears, select <strong>RecipientsMobile</strong>.<br />The details of the <strong>RecipientsMobile</strong> appears.</li>\n<li>Click <strong>Import to Workspace</strong>.<br /> It may take some time for Visualizer to import the app.</li>\n<li>After the app is imported, a <strong>Visualizer</strong> dialog appears.<br />Click <strong>Ok</strong>.</li>\n</ol>"},"navigationBar":{"left":{"text":"Previous"},"right":{"text":"Next"}}},"Cards.kony.InternationalWithLayoutV9.import2":{"content":{"title":"Import a Sample App","body":"<ol>\n<li>From the main menu of the Visualizer, navigate to <strong>Project</strong> &gt; <strong>Open</strong> &gt; <strong>Kony Reference Architecture</strong>, and select <strong>RecipientsMobile</strong>.<br />The application opens in the <strong>Storyboard</strong> view.<strong><br /></strong></li>\n<li>Double click on <strong>frmUserLogin</strong> form to open the form in the <strong>Design</strong> view.</li>\n</ol>"},"navigationBar":{"left":{"text":"Previous"},"right":{"text":"Next"}}},"Cards.kony.InternationalWithLayoutV9.intro":{"content":{"title":"Internationalization with Layout","body":"<p><strong>Internationalization(i18n)</strong> helps you to display the content of your application based on the locale of the device.</p>\n<p>To incorporate i18n in your application, you must define the key-value pairs of the various fields, such as placeholders and texts. Here, key is the field and values are the translation of the keys in the required languages.</p>\n<p>In this hike you will:</p>\n<ul>\n<li>Configure locales specific to Arabic and English for an app</li>\n<li>Add key-value pair for various texts displayed in the app for English and Arabic</li>\n<li>Configure the RTL support for Arabic locale for various widgets in the app</li>\n</ul>\n<p><strong>When you are ready, click Start!</strong></p>"},"navigationBar":{"left":{"text":"Previous"},"right":{"text":"Start"}}},"Cards.kony.InternationalWithLayoutV9.keyLogin":{"content":{"title":"Key-Value Pair for Login","body":"<ol>\n<li>Click <strong>+</strong>.</li>\n<li>Under the column <strong>Key</strong>, enter: <strong>Login </strong></li>\n<li>Under the column <strong>en_US</strong>, enter: <strong>Login</strong></li>\n<li>Under the column <strong>ar_AE</strong>, enter: <strong>تسجيل الدخول</strong> <span hk-tooltip='Arabic Translation for Login'><img src=\"https://i.ibb.co/Dfkmg6k/Button-Info-icon.png\" alt=\"Button-Info-icon\" width=\"10\" height=\"10\" /></span></li>\n<li>Click <strong>Finish </strong>to return to the <strong>Project Settings</strong> window.</li>\n</ol>"},"navigationBar":{"left":{"text":"Previous"},"right":{"text":"Next"}}},"Cards.kony.InternationalWithLayoutV9.keyPWD":{"content":{"title":"Key-Value Pair for Password","body":"<ol>\n<li>Click <strong>+</strong>.</li>\n<li>Under the column <strong>Key</strong>, enter: <strong>Password </strong></li>\n<li>Under the column <strong>en_US</strong>, enter: <strong>Password</strong></li>\n<li>Under the column <strong>ar_AE</strong>, enter: <b>كلمه السر</b> <span hk-tooltip='Arabic Translation for Password'><img src=\"https://i.ibb.co/Dfkmg6k/Button-Info-icon.png\" alt=\"Button-Info-icon\" width=\"10\" height=\"10\" /></span></li>\n</ol>"},"navigationBar":{"left":{"text":"Previous"},"right":{"text":"Next"}}},"Cards.kony.InternationalWithLayoutV9.keyUN":{"content":{"title":"Key-Value Pair for Username","body":"<p>Let us provide some key-value pairs for the various display texts for <strong>frmUserLogin</strong>.</p>\n<ol>\n<li>Click <strong>+</strong>.</li>\n<li>Under the column <strong>Key</strong>, enter: <strong>Username</strong></li>\n<li>Under the column <strong>en_US</strong>, enter: <strong>Username</strong></li>\n<li>Under the column <strong>ar_AE</strong>, enter: <strong>اسم المستخدم</strong> <span hk-tooltip='Arabic Translation for Username'><img src=\"https://i.ibb.co/Dfkmg6k/Button-Info-icon.png\" alt=\"Button-Info-icon\" width=\"10\" height=\"10\" /></span></li>\n</ol>"},"navigationBar":{"left":{"text":"Previous"},"right":{"text":"Next"}}},"Cards.kony.InternationalWithLayoutV9.publish1":{"content":{"title":"Publish the App","body":"<ol>\n<li>From the main menu, navigate to <strong>Build</strong>.</li>\n<li>Click <strong>Build and Publish Native</strong>.<br />The<strong> Build and Publish Native </strong>window appears.</li>\n</ol>"},"navigationBar":{"left":{"text":"Previous"},"right":{"text":"Next"}}},"Cards.kony.InternationalWithLayoutV9.publish2":{"content":{"title":"Publish the App","body":"<ol>\n<li>From the <strong>Post Build Action </strong>drop-down menu, select <strong>Run on my Device</strong>.</li>\n<li>From the <strong>Configured Devices </strong>section, under <strong>Mobile</strong>, select your <strong>mobile </strong></li>\n<li>From the <strong>Build Mode </strong>drop-down menu, select <strong>Debug</strong>.</li>\n<li>Click <strong>Build</strong>.<br />It may take a few minutes for Visualizer to build and launch the app.</li>\n</ol>"},"navigationBar":{"left":{"text":"Previous"},"right":{"text":"Next"}}},"Cards.kony.InternationalWithLayoutV9.setLogin":{"content":{"title":"Set i18n Key Login","body":"<ol>\n<li>Select the <strong>Login </strong>button on the canvas.</li>\n<li>From the <strong>Properties </strong>panel, navigate to the <strong>Look </strong> tab.</li>\n<li>Under the <strong>Appearance </strong>section, for the property <strong>Text i18n Key</strong>, select <strong>Login </strong>from the drop-down list.</li>\n</ol>\n<p>You have successfully configured i18n Keys for the texts inside <strong>frmUserLogin</strong>.</p>"},"navigationBar":{"left":{"text":"Previous"},"right":{"text":"Next"}}},"Cards.kony.InternationalWithLayoutV9.setPWD":{"content":{"title":"Set i18n Key Password","body":"<ol>\n<li>Select the textbox with the text <strong>Password </strong>on the canvas.</li>\n<li>From the <strong>Properties </strong>panel, navigate to the <strong>Text Box </strong> tab.</li>\n<li>Under the <strong>General </strong>section, for the property <strong>Placeholder i18n Key</strong>, select <strong>Password </strong>from the drop-down list.</li>\n</ol>"},"navigationBar":{"left":{"text":"Previous"},"right":{"text":"Next"}}},"Cards.kony.InternationalWithLayoutV9.setUN":{"content":{"title":"Set i18n Key Username","body":"<p>Now, let us set the <strong>i18n key</strong> values to the texts in <strong>frmUserLogin</strong>.</p>\n<ol>\n<li>Select the textbox with the text <strong>Username </strong>on the canvas.</li>\n<li>From the <strong>Properties </strong>panel, navigate to the <strong>Text Box </strong> tab.</li>\n<li>Under the <strong>General </strong>section, for the property <strong>Placeholder i18n Key</strong>, select <strong>Username </strong>from the drop-down list.</li>\n</ol>"},"navigationBar":{"left":{"text":"Previous"},"right":{"text":"Next"}}},"Cards.kony.InternationalWithLayoutV9.view":{"content":{"title":"Launch the App","body":"<ol>\n<li>On your <strong>mobile </strong>device, after successful launch, the <strong>Kony JavaScript Debugger Configuration </strong>window appears.<br />Click <strong>Cancel</strong>.</li>\n<li>The Login form appears in the default locale layout.</li>\n<li>Kill the application.</li>\n<li>Change the language of the device to <strong>Arabic (United Arab Emirates)</strong>. For more information on how to do this in Android, refer the link <a href='#'onClick='javascript:openURL(\"https://m.wikihow.com/Change-the-Language-to-Arabic-on-Android\")'>here</a>.</li>\n<li>Open the application <strong>RecipientsMobile</strong><br />The Login form now appears with Arabic values and the layout also has changed to left.</li>\n</ol>"},"navigationBar":{"left":{"text":"Previous"},"right":{"text":"Next"}}},"Tour.IntroductiontoActionEditorV9":{"description":" Description of Tour"},"Hikes.kony.IntrotoActionEditorV9":{"description":" Description of hike"},"Cards.kony.IntrotoActionEditorV9.AddFormNav":{"content":{"title":"Add Form Navigation","body":"<ol>\n<li>On the canvas, select&nbsp;<strong>Create Account</strong> \n button.</li>\n<li>Navigate to the&nbsp;<strong>Properties</strong> Panel and click <strong>Action</strong>.</li>\n<li>For the <strong>onClick</strong> event, click&nbsp;<strong>Edit.<br /></strong>The <strong>Action</strong> <strong>Editor</strong> window appears.</li>\n</ol>"},"navigationBar":{"left":{"text":"Previous"},"right":{"text":"Next"}}},"Cards.kony.IntrotoActionEditorV9.AddFormNav1":{"content":{"title":"Add Form Navigation","body":"<ol>\n<li>From the top-right corner of the <strong>Action Editor</strong> canvas, select <strong>Design View</strong>.</li>\n<li>From the<strong> Action Editor</strong> left menu, navigate to the <strong>General </strong>section.</li>\n<li>Select <strong>Navigate to Form</strong>.</li>\n<li>Click  <img class=\"\" src=\"https://i.ibb.co/MZ02vkL/Screenshot-2019-02-26-at-2-34-18-PM.png\" alt=\"\" width=\"102\" height=\"18\" />&nbsp;at the right pane of the <strong>Action Editor.<br /></strong>A new form <strong>Form1</strong> will be added to your project.</li>\n<li>Right-click on <strong>Form1 </strong>and rename to <strong>frmRegistration.</strong> and select it.</li><li>Click <b>Save</b>.</li>\n</ol>"},"navigationBar":{"left":{"text":"Previous"},"right":{"text":"Next"}}},"Cards.kony.IntrotoActionEditorV9.addingelse":{"content":{"title":"Adding Else Condition","body":"<p>Since the user has satisfied the conditions set, he should be notified that his Sign Up process is over.</p>\n<ol><li>From the <b>Action Editor</b> canvas, select <b>Start</b>.</li>\n<li>From the <strong>Action Editor</strong> left menu, under <strong>Conditions</strong> select the <strong>Else Condition</strong>.</li>\n<li>From the <strong>Action Editor</strong> left menu, under <strong>Widget</strong> , select <strong>Set Widget Property</strong>.<br />A new action will be added to your <strong>Action Editor</strong> canvas under <strong>ELSE</strong>.</li>\n<li>In the right pane, expand <strong>Mobile Forms</strong> &gt; <strong>frmRegistration</strong> &gt; <strong>ACMERegister</strong> &gt; <strong>flxACMERegister</strong> and select <strong>flxActivation</strong>.</li>\n<li>In the right pane, ensure that:<br />\n<ul>\n<li><strong>Property</strong> is set to <strong>isVisible</strong></li>\n<li><strong>Visibility</strong> is set to <strong>True</strong></li>\n</ul>\n</li>\n<li>Click <strong>Save</strong>.</li>\n</ol>"},"navigationBar":{"left":{"text":"Previous"},"right":{"text":"Next"}}},"Cards.kony.IntrotoActionEditorV9.AddLogin":{"content":{"title":"Add a Login Screen","body":"<ol>\n<li>From the lower-left corner of Visualizer, navigate to the <strong>Default Library</strong>.</li>\n<li>Next to the <strong>Default Library</strong>, you will see the <strong>My Libraries</strong> tab and a search icon. Click the search icon&nbsp;<img src=\"https://i.ibb.co/VDQ1byP/Screenshot-2019-02-26-at-1-57-46-PM.png\" alt=\"\" width=\"20\" height=\"20\" />.</li>\n<li>In the search bar that appears, enter <strong>ACMELogin</strong>.</li>\n<li>Drag the <strong>ACMELogin</strong> component onto the <strong>frmLogin</strong> on the canvas.</li>\n</ol>"},"navigationBar":{"left":{"text":"Previous"},"right":{"text":"Next"}}},"Cards.kony.IntrotoActionEditorV9.condBeh1":{"content":{"title":"Adding Sign Up","body":"<ol>\n<li>Select the<strong> Sign Up </strong>button on canvas.</li>\n<li>In the <strong>Action</strong> tab, for the <strong>onClick</strong> action, click <strong>Edit</strong>.<strong><br /></strong>The <strong>Action Editor</strong> window appears.</li>\n</ol>"},"navigationBar":{"left":{"text":"Previous"},"right":{"text":"Next"}}},"Cards.kony.IntrotoActionEditorV9.condBeh2":{"content":{"title":"Adding Conditions for Sign Up","body":"<ol>\n<li>From the top-right corner of the <strong>Action Editor</strong>, select the <strong>Design View</strong>.</li>\n<li>In the&nbsp;<strong>Action Editor&nbsp;</strong>left menu, under <strong>Conditions</strong>, select <strong>If</strong>.</li>\n<li>In the <strong>Action Editor </strong>right pane, you will notice:<br />\n<ul style=\"list-style-type: disc;\">\n<li><strong>Condition Type&nbsp;</strong> is selected as <strong>If&nbsp;</strong></li>\n<li><strong>Criteria</strong> is selected&nbsp;as <strong>Satisfy All</strong></li>\n</ul>\n</li>\n<li>Click on the box below <strong>Widget Property </strong>drop-down. <br />You will notice your project's forms and widgets being listed in a hierarchy.&nbsp;</li>\n<li>Navigate to <strong>Mobile Forms</strong> &gt;&nbsp;<strong>frmRegistration&nbsp;</strong>&gt;&nbsp;<strong>ACMERegister&nbsp;</strong>&gt;&nbsp;<strong>flxACMERegister </strong>and select&nbsp;<strong>tbxEmail</strong>.</li>\n<li>Select <strong>text</strong> in the right pane.</li>\n</ol>"},"navigationBar":{"left":{"text":"Previous"},"right":{"text":"Next"}}},"Cards.kony.IntrotoActionEditorV9.condBeh3":{"content":{"title":"Condition for Sign Up","body":"<p>You will notice that <strong>Equals </strong>and&nbsp;<strong>Widget Property </strong>appears in the next two drop-downs.</p>\n<ol>\n<li>Click on the drop-down in which&nbsp;<strong>Widget</strong> <strong>Property</strong>&nbsp;is mentioned and change it to <strong>Value</strong>.</li>\n<li>In the next textbox enter:\n<p style=\"background-color: lightyellow; padding-left: 5%;\">\"\"</p>\n</li>\n</ol>\n<p>You are now checking if the Email field is empty.</p>"},"navigationBar":{"left":{"text":"Previous"},"right":{"text":"Next"}}},"Cards.kony.IntrotoActionEditorV9.condBeh4":{"content":{"title":"Add a Warning Alert","body":"<ol>\n<li>From the <strong>Action</strong> <strong>Editor</strong> left menu, navigate to <strong>CLIENT </strong>&gt;&nbsp;<strong>Show Alert</strong>.</li>\n<li>Provide the following details in the right pane:\n<ul>\n<li>Set<strong> Alert Type</strong> to&nbsp;<strong>Error</strong></li>\n<li>Under<strong> Alert Title</strong>, enter: <strong>Invalid Email Address</strong></li>\n<li>Under<strong> Yes Label</strong>, enter: <strong>OK</strong></li>\n<li>Under<strong> Alert Message</strong>, enter: <strong>Please Enter a Valid Email Address</strong></li>\n</ul>\n</li>\n</ol>"},"navigationBar":{"left":{"text":"Previous"},"right":{"text":"Next"}}},"Cards.kony.IntrotoActionEditorV9.createReg":{"content":{"title":"Create the Registration Form","body":"<ol>\n<li>From the <strong>Project</strong> Explorer, expand <strong>Mobile&nbsp;</strong>&gt;&nbsp;<strong>Forms</strong> and select <strong>frmRegistration.</strong>&nbsp;</li>\n<li>From the lower-left corner of Visualizer, navigate to the Default Library.</li>\n<li>Next to the <strong>Default Library</strong>, you will see the <strong>My Libraries</strong> tab and a search icon. Click the search icon <img class=\"\" src=\"https://i.ibb.co/VDQ1byP/Screenshot-2019-02-26-at-1-57-46-PM.png\" alt=\"\" width=\"20\" height=\"20\" />.</li>\n<li>In the search bar that appears, enter <strong>ACMERegister</strong>.<br /><img src=\"https://i.ibb.co/DYgBS2b/Screenshot-2019-02-26-at-2-44-09-PM.png\" alt=\"\" width=\"173\" height=\"40\" /></li>\n<li>Drag the <strong>ACME</strong><strong>Register</strong> component and drop it onto&nbsp;<strong>frmRegistration </strong>on the canvas.</li>\n</ol>\n<p>In the next few cards, we will be adding validations for this Registration Screen.</p>"},"navigationBar":{"left":{"text":"Previous"},"right":{"text":"Next"}}},"Cards.kony.IntrotoActionEditorV9.explore":{"content":{"title":"Explore the App","body":"<p>You will now be able to view the app on your <strong>mobile</strong> device. </p>\n<ol>\n<li>Click on the <strong>CREATE ACCOUNT&nbsp;</strong>button on your login screen, you will be navigated to the registration screen.</li>\n<li>Click on <strong>Sign Up</strong> button on your registration screen. <br/>The alert pop-up appears.</li>\n<li>Enter your Email ID in the text field&nbsp;and click on the <strong>Sign Up </strong>button.<br/>\nA notification appears giving you further instructions for Sign Up.</li>\n<li>To <strong>Exit</strong> the <strong>mobile</strong> device, swipe two fingers from left to right or shake your <strong>mobile</strong> device and click <strong>Exit App</strong>.</li>\n</ol>"},"navigationBar":{"left":{"text":"Previous"},"right":{"text":"Next"}}},"Cards.kony.IntrotoActionEditorV9.intro":{"content":{"title":"Introduction to Action Editor","body":"<p><strong>Action Editor</strong> is an application logic generator.<br />Using <strong>Action Editor</strong>,  you can define and modify application behavior.<br /><br />At the end of this hike, you will be able to:</p>\n<ul style=\"list-style-type: disc;\">\n<li>Navigate between forms</li>\n<li>Create conditional behavior</li>\n<li>Show an alert</li>\n<li>Set widget properties</li>\n</ul>"},"navigationBar":{"left":{"text":"Previous"},"right":{"text":"Start"}}},"Cards.kony.IntrotoActionEditorV9.NewProject1":{"content":{"title":"Create a New Project","body":"<ol>\n<li>Navigate to <strong>Project</strong> &gt; <strong>New Project</strong>.</li>\n<li>From the <strong>What do you want to start with now? </strong>window, select <strong>Native App</strong>.</li>\n<li>Click <strong>Next</strong>.<br/>The <b>You started with a Native App</b> window opens. </li>\n</ol>"},"navigationBar":{"left":{"text":"Previous"},"right":{"text":"Next"}}},"Cards.kony.IntrotoActionEditorV9.NewProject2":{"content":{"title":"Create a New Project","body":"<ol>\n<li>Under <strong>Project Name</strong>, enter <strong>QuantumACME</strong>.</li>\n<li>Click <strong>Create</strong>.<br />A new application is created with one flex form. <br />The application opens in the <strong>Storyboard </strong>view.</li>\n</ol>"},"navigationBar":{"left":{"text":"Previous"},"right":{"text":"Next"}}},"Cards.kony.IntrotoActionEditorV9.openapp":{"content":{"title":"Quantum App","body":"<ol><li>Connect your <b>mobile</b> device to your computer using a USB cable.<br/>For Android mobile device, ensure that the use of USB is <b>Transfer files</b>.<br/>For iOS mobile device, ensure that a <b>trust</b> has been established between your device and your computer.</li>\n<li>Launch the <b>Quantum App</b>  on your <b>mobile </b>device.</li><li>Select the <b>USB</b> tab.\n<li>On successful connection, the <b>Visualizer</b> on your computer shows a success prompt.</li></ol>"},"navigationBar":{"left":{"text":"Previous"},"right":{"text":"Next"}}},"Cards.kony.IntrotoActionEditorV9.preview":{"content":{"title":"Settings for Live Preview","body":"<ol><li>From the main menu, select <b>Build</b>.\n</li><li>Click <b>Live Preview Settings</b>.</li></ol>"},"navigationBar":{"left":{"text":"Previous"},"right":{"text":"Next"}}},"Cards.kony.IntrotoActionEditorV9.rename":{"content":{"title":"Rename the Form","body":"<ol>\n<li>In the <strong>Storyboard</strong> view, above the new form, click <strong>Form1</strong>.</li>\n<li>Rename the form <strong>frmLogin</strong>.</li>\n<li>To add widgets to the form, double-click on the form to open the form in <strong>Design </strong>view.</li>\n</ol>"},"navigationBar":{"left":{"text":"Previous"},"right":{"text":"Next"}}},"Cards.kony.IntrotoActionEditorV9.run":{"content":{"title":"Run the App","body":"<ol><li>From the <b>Live Preview Settings</b> window, under <b>Native</b>, select the checkboxes next to the OS of the <b>mobile</b> device on which you are going to view the app. <br/>For example: <b>iOS </b> and <b>Android</b>.<br/>Ensure that you have unselected the checkboxes for all the other platforms and channels. </li>\n<li>Click <b>Save & Run</b>.<br/>It may take some time for Visualizer to show the <b>Live Preview is ready</b> window. </li></ol>"},"navigationBar":{"left":{"text":"Previous"},"right":{"text":"Next"}}},"Cards.kony.IntrotoActionEditorV9.success":{"content":{"title":"Congratulations","body":"<p>You have successfully completed the hike.<br />In this hike you have:</p>\n<ul>\n<li><strong>Navigated from a Login Screen to a Registration Screen</strong></li>\n<li><strong>Added Validations around the Email Id text field&nbsp;</strong></li>\n<li><strong>Shown an alert if the user input is invalid</strong></li>\n<li><strong>Changed the visibility of the widgets to display a success message</strong></li>\n</ul>"},"navigationBar":{"left":{"text":"Previous"},"right":{"text":"Done"}}},"Cards.kony.IntrotoActionEditorV9.view":{"content":{"title":"View the App","body":"<ol>\n<li>On your <strong>Quantum App</strong>, click <strong>Launch</strong>.</li>\n<li>You may see an <strong>Application Name</strong> text box. If there is a text box, enter <strong>QuantumACME</strong> and then click <strong>Launch</strong>.<br /> The form with the login screen appears.</li>\n</ol>"},"navigationBar":{"left":{"text":"Previous"},"right":{"text":"Next"}}},"Tour.IntroductionToInternationalization92":{"description":" Description of Tour"},"Hikes.kony.IntroductionToInternationalV9":{"description":" Description of hike"},"Cards.kony.IntroductionToInternation.import1":{"content":{"title":"Import a Marketplace App","body":"<ol>\n<li>From the main menu of the Visualizer, navigate to <strong>Forge</strong> &gt; <strong>Browse</strong>.<br />The <strong>Temenos Forge</strong> window appears</li>\n<li>On the search bar, enter, <strong>RecipientsMobile</strong>.</li>\n<li>In the list that appears, select <strong>RecipientsMobile</strong>.<br />The details of the <strong>RecipientsMobile</strong> appears.</li>\n<li>Click <strong>Import to Workspace</strong>.<br /> It may take some time for Visualizer to import the app.</li>\n<li>After the app is imported, a <strong>Visualizer</strong> dialog appears.<br />Click <strong>Ok</strong>.</li>\n</ol>"},"navigationBar":{"left":{"text":"Previous"},"right":{"text":"Next"}}},"Cards.kony.IntroductionToInternational.configureS":{"content":{"title":"Configure Spanish Locale","body":"<ol>\n<li>In the <strong>Search </strong>field, enter: <strong>es_US</strong>.<br />The <strong>Spanish</strong> locale for <strong>United States</strong> appears.</li>\n<li>Select <b>es_US</b>.</li>\n<li>Click <strong>OK </strong>to return to the <strong>Configure Internationalization </strong>window.<strong><br /> </strong>You can see that three columns are added in this window: <strong>Key</strong>, <strong>en_US</strong>, <strong>es_US</strong>.</li>\n</ol>"},"navigationBar":{"left":{"text":"Previous"},"right":{"text":"Next"}}},"Cards.kony.IntroductionToInternationalizat.configure":{"content":{"title":"Configure English Locale","body":"<ol>\n<li>In the <strong>Search </strong>field, enter: <strong><br /> </strong>The<strong> English locale </strong>for<strong> United States </strong>appears.</li>\n<li>Select the locale <strong>en_US</strong>.</li>\n</ol>"},"navigationBar":{"left":{"text":"Previous"},"right":{"text":"Next"}}},"Cards.kony.IntroductionToInternationalizat.enable":{"content":{"title":"Enable Internationalization","body":"<ol>\n<li>From the left Navigation menu, select <strong>Settings</strong>.<br /> The <strong>Project Settings </strong>window appears.</li>\n<li>In the <strong>Application </strong>tab, under <strong>Internationalization(i18n): </strong>select <strong>Enable</strong>.<br /> Two new fields appear.</li>\n<li>Click <strong>Configure</strong>.<br /> The <strong>Configure Internationalization </strong>window appears.</li>\n</ol>"},"navigationBar":{"left":{"text":"Previous"},"right":{"text":"Next"}}},"Cards.kony.IntroductionToInternationalizat.enable2":{"content":{"title":"Enable Internationalization","body":"<ol>\n<li>In the <strong>Configure Internationalization </strong>window, click <strong>Configure Locales</strong>.<br /> The <strong>Configure Locales </strong>window appears with the Predefined tab open by default.</li>\n</ol>"},"navigationBar":{"left":{"text":"Previous"},"right":{"text":"Next"}}},"Cards.kony.IntroductionToInternationalizat.import2":{"content":{"title":"Open the App","body":"<ol>\n<li>From the main menu of the Visualizer, navigate to <strong>Project</strong> &gt; <strong>Open</strong> &gt; <strong>Kony Reference Architecture</strong>, and select <strong>RecipientsMobile</strong>.<br />The application opens in the <strong>Storyboard</strong> view.<strong><br /></strong></li>\n<li>Double click on <strong>frmUserLogin</strong> form to open the form in the <strong>Design</strong> view.</li>\n</ol>"},"navigationBar":{"left":{"text":"Previous"},"right":{"text":"Next"}}},"Cards.kony.IntroductionToInternationalizat.Intro":{"content":{"title":"Introduction to Internationalization","body":"<p><strong>Internationalization(i18n)</strong> helps you to display the content of your application based on the locale of the device.</p>\n<p>To incorporate i18n in your application, you must define the key-value pairs of the various fields, such as placeholders and texts. Here, key is the field and values are the translation of the keys in the required languages.</p>\n<p>In this hike you will:</p>\n<ul>\n<li>Configure locales specific to Spanish and English for an app</li>\n<li>Add key-value pair for various texts displayed in the app for Spanish and English</li>\n</ul>\n<p><strong>When you&rsquo;re ready, click Start!</strong></p>"},"navigationBar":{"left":{"text":"Previous"},"right":{"text":"Start"}}},"Cards.kony.IntroductionToInternationalV9.connect":{"content":{"title":"Connect your Mobile Device","body":"<ol>\n<li>Connect your <strong>mobile</strong> device to your computer using a USB cable.<br />For an Android mobile device, ensure that the use of USB is set as <strong>Transfer</strong> <strong>files</strong>.</li>\n<li>Ensure that the device language is set as <strong>English (United States)</strong>.</li>\n</ol>"},"navigationBar":{"left":{"text":"Previous"},"right":{"text":"Next"}}},"Cards.kony.IntroductionToInternationalV9.default":{"content":{"title":"Set Default Locale","body":"<ol>\n<li>In the <strong>Project Settings </strong>window, navigate to the <br/><strong>Internationalization (i18n)</strong> section. <br/>For <strong>Default Locale</strong>, from the drop-down list, select <strong>English (United States).</strong></li>\n<li>Click <strong>Done</strong>.</li>\n</ol>"},"navigationBar":{"left":{"text":"Previous"},"right":{"text":"Next"}}},"Cards.kony.IntroductionToInternationalV9.done":{"content":{"title":"Congratulations","body":"<p><strong>You</strong> <strong>have successfully</strong>:</p>\n<ul>\n<li>Configured two locales: English and Spanish.</li>\n<li>Provided key-value pairs for the different texts used in a form</li>\n<li>Configured the i18n keys for the widgets in a form</li>\n<li>Viewed the difference in the content when the language of a mobile device is changed.</li>\n</ul>\n<p>For more information on Internationalization, click <a href='#'onClick='javascript:openURL(\"https://docs.kony.com/konylibrary/visualizer/visualizer_user_guide/Content/Internationalization.htm\")'>here</a>.</p>"},"navigationBar":{"left":{"text":"Previous"},"right":{"text":"Done"}}},"Cards.kony.IntroductionToInternationalV9.keyLogin":{"content":{"title":"Key-Value Pair for Login","body":"<ol>\n<li>Click <strong>+</strong>.</li>\n<li>Under the column <strong>Key</strong>, enter: <strong>Login </strong></li>\n<li>Under the column <strong>en_US</strong>, enter: <strong>Login</strong></li>\n<li>Under the column <strong>es_US</strong>, enter: <strong>iniciar sesi&oacute;n</strong><span hk-tooltip='Spanish Translation for Login'><img src=\"https://i.ibb.co/Dfkmg6k/Button-Info-icon.png\" alt=\"Button-Info-icon\" width=\"10\" height=\"10\" /></span></li>\n<li>Click <strong>Finish </strong>to return to the <strong>Project Settings</strong>.</li>\n</ol>"},"navigationBar":{"left":{"text":"Previous"},"right":{"text":"Next"}}},"Cards.kony.IntroductionToInternationalV9.keyPWD":{"content":{"title":"Key-Value Pair for Password","body":"<ol>\n<li>Click <strong>+</strong>.</li>\n<li>Under the column <strong>Key</strong>, enter: <strong>Password </strong></li>\n<li>Under the column <strong>en_US</strong>, enter: <strong>Password</strong></li>\n<li>Under the column <strong>es_US</strong>, enter: <strong>contrase&ntilde;a</strong><span hk-tooltip='Spanish Translation for Password'><img src=\"https://i.ibb.co/Dfkmg6k/Button-Info-icon.png\" alt=\"Button-Info-icon\" width=\"10\" height=\"10\" /></span></li>\n</ol>"},"navigationBar":{"left":{"text":"Previous"},"right":{"text":"Next"}}},"Cards.kony.IntroductionToInternationalV9.KeyUN":{"content":{"title":"Key-Value Pair for Username","body":"<p>Let us provide some key value pairs for the various display texts for <strong>frmUserLogin</strong>.</p>\n<ol>\n<li>Click <strong>+</strong>.</li>\n<li>Under the column <strong>Key</strong>, enter: <strong>Username</strong></li>\n<li>Under the column <strong>en_US</strong>, enter: <strong>Username</strong></li>\n<li>Under the column <strong>es_US</strong>, enter: <strong>nombre de usuario</strong> <span hk-tooltip='Spanish Translation for Username'><img src=\"https://i.ibb.co/Dfkmg6k/Button-Info-icon.png\" alt=\"Button-Info-icon\" width=\"10\" height=\"10\" /></span></li>\n</ol>"},"navigationBar":{"left":{"text":"Previous"},"right":{"text":"Next"}}},"Cards.kony.IntroductionToInternationalV9.publish":{"content":{"title":"Publish the App","body":"<ol>\n<li>From the main menu, navigate to <strong>Build</strong>.</li>\n<li>Click <strong>Build and Publish Native</strong>.<br />The<strong> Build and Publish Native </strong>window appears.</li>\n</ol>"},"navigationBar":{"left":{"text":"Previous"},"right":{"text":"Next"}}},"Cards.kony.IntroductionToInternationalV9.publish1":{"content":{"title":"Publish the App","body":"<ol>\n<li>From the <strong>Post Build Action </strong>drop-down menu, select <strong>Run on my Device</strong>.</li>\n<li>From the <strong>Configured Devices </strong>section, under <strong>Mobile</strong>, select your <strong>mobile </strong></li>\n<li>From the <strong>Build Mode </strong>drop-down menu, select <strong>Debug</strong>.</li>\n<li>Click <strong>Build</strong>.</li>\n</ol>\n<p>It may take a few minutes for Visualizer to build and launch the app.</p>"},"navigationBar":{"left":{"text":"Previous"},"right":{"text":"Next"}}},"Cards.kony.IntroductionToInternationalV9.setKey1":{"content":{"title":"Set i18n Key Username","body":"<p>Now, let us set the <strong>i18n key</strong> values to the texts in <strong>frmUserLogin</strong>.</p>\n<ol>\n<li>Select the textbox with the text <strong>Username </strong>on the canvas.</li>\n<li>From the <strong>Properties </strong>panel, navigate to the <strong>Text Box </strong>tab.</li>\n<li>Under the <strong>General </strong>section, for the property <strong>Placeholder i18n Key</strong>, select <strong>Username </strong>from the drop-down list.</li>\n</ol>"},"navigationBar":{"left":{"text":"Previous"},"right":{"text":"Next"}}},"Cards.kony.IntroductionToInternationalV9.setKey2":{"content":{"title":"Set i18n Key Password","body":"<ol>\n<li>Select the textbox with the text <strong>Password </strong>on the canvas.</li>\n<li>From the <strong>Properties </strong>panel, navigate to the <strong>Text Box </strong>tab.</li>\n<li>Under the <strong>General </strong>section, for the property <strong>Placeholder i18n Key</strong>, select <strong>Password </strong>from the drop-down list.</li>\n</ol>"},"navigationBar":{"left":{"text":"Previous"},"right":{"text":"Next"}}},"Cards.kony.IntroductionToInternationalV9.setKey3":{"content":{"title":"Set i18n Key Login","body":"<ol>\n<li>Select the <strong>Login </strong>button on the canvas.</li>\n<li>From the <strong>Properties </strong>panel, navigate to the <strong>Look </strong>tab.</li>\n<li>Under the <strong>Appearance </strong>section, for the property <strong>Text i18n Key</strong>, select <strong>Login </strong>from the drop-down list.</li>\n</ol>\n<p>You have successfully configured i18n Keys for the texts inside <strong>frmUserLogin</strong>.</p>"},"navigationBar":{"left":{"text":"Previous"},"right":{"text":"Next"}}},"Cards.kony.IntroductionToInternationalV9.view":{"content":{"title":"Launch the App","body":"<ol>\n<li>On your <strong>mobile </strong>device, after successful launch, the <strong>Kony JavaScript Debugger Configuration </strong>window appears.<br /> Click <strong>Cancel</strong>.</li>\n<li>The Login form appears in the default locale layout.</li>\n<li>Close the application.</li>\n<li>Change the language of the device to <strong>Spanish (United States)</strong>.</li>\n<li>Open the application <strong>RecipientsMobile</strong><br /> The Login form now appears in Spanish.</li>\n</ol>"},"navigationBar":{"left":{"text":"Previous"},"right":{"text":"Next"}}}}