{
  "kuid": "b4c4ect9-1aa7-4cr6-bbu4-01e45an8",
  "id": "VoltMX.CreateServicesV9.Intro",
  "content": {
    "title": "Create Services for Back-end Data",
    "body": "<p>In this hike, we will:</p>\n<ul>\n<li>Create and configure Storage Object Services <b>Accounts</b> and <b> Recipients</b>.\n</li>\n<li>Publish the Project Services to a run-time server.</li>\n</ul><br />\n\n<p>Before you get started, complete the following hikes:</p>\n<b><ol>\n<li><a class=\"tour-link\" tour=\"7408efte-e2aa-4cr8-a9ub-d7ba36n8\">Import &amp; Launch a Native App</a></li>\n<li><a class=\"tour-link\" tour=\"a617eft5-7ca8-4ard-8eu8-94cdean5\">Create UI from Collections</a></li>\n<li><a class=\"tour-link\" tour=\"15d8c7t4-cda7-40rb-afu7-345cfcnc\">Add Authentication to the App</a></li>\n</ol></b>\n<br/>\n<p>Ensure that you open the same project that you have created in the previous hikes.<br /> To open a closed project, from the main menu, navigate to <strong>Project</strong> &gt; <strong>Open</strong> &gt; <strong>HCL Reference Architecture</strong> &gt; <strong>RecipientsMobApp</strong>.</p>\n<br/>\n<p>Ensure that you download and extract the <a href='#'onClick='javascript:openURL(\"https://github.com/HCL-TECH-SOFTWARE/volt-mx-tutorials/raw/master/public/samples/RecipientsData.zip\")'>RecipientsData.zip</a> file. Note the location of the extracted files.</p><br/>\n<strong>When you are ready, click Start!</strong>"
  },
  "pointer": {
    "direction": "left",
    "element": "",
    "type": "none",
    "isfixed": true
  },
  "navigationType": "manual",
  "navigationBar": {
    "left": {
      "text": "Previous",
      "enable": false,
      "hide": true
    },
    "right": {
      "text": "Start",
      "enable": true,
      "hide": false
    }
  },
  "navigationCondition": "",
  "position": "CENTER",
  "meta": {
    "Creator": "Sparsh Srivastava",
    "CreatedOn": "Wed, 18 Dec 2019 08:58:42 GMT"
  },
  "context": []
}
