{
    "kuid": "021ee6t0-79a1-43r3-b7u5-9f7bd6n5",
    "id": "VoltMX.UsingTestRecorder_v9.testPlan1",
    "content": {
        "title": "Create a Test Plan",
        "body": "<ol>\n<li>In the <strong>Create Test Plan</strong> window, provide the Plan name: <strong>RecipientsApp</strong>.</li>\n<li>From the list of available test suites, select <strong>Authentication.js</strong>.</li>\n<li>Click the <strong>&gt;</strong> icon to add <strong>Authentication.js </strong>file to <strong>Added Test Suites</strong>.</li>\n<li>Click <strong>Create</strong>.<br />You have successfully created a new test plan.</li>\n</ol>"
    },
    "pointer": {
        "direction": "left",
        "element": "",
        "type": "none"
    },
    "navigationType": "manual",
    "navigationBar": {
        "left": {
            "text": "Previous",
            "enable": true,
            "hide": false
        },
        "right": {
            "text": "Next",
            "enable": true,
            "hide": false
        }
    },
    "navigationCondition": "",
    "position": "BOTTOM_RIGHT",
    "meta": {
        "Creator": "Rashmi Menon",
        "CreatedOn": "Thu, 27 Feb 2020 09:19:21 GMT"
    },
    "context": []
}