{
    "kuid": "1aaa7ftd-95ad-4brf-82u6-0a6dcbn3",
    "id": "VoltMX.IntroductiontoSegmentV9.masterData3",
    "content": {
        "title": "Assign Text Data to Segment",
        "body": "<ol>\n<li>Under the <strong>employeeName</strong> column, provide the following values for each row:\n<ul>\n<li>Nicola Nash</li>\n<li>Gavin Grant</li>\n<li>Faith Russell</li>\n</ul>\n</li>\n<li>Click <strong>Apply</strong>.</li>\n</ol>"
    },
    "pointer": {
        "direction": "left",
        "element": "",
        "type": "none"
    },
    "navigationType": "manual",
    "navigationBar": {
        "left": {
            "text": "Previous",
            "enable": true,
            "hide": false
        },
        "right": {
            "text": "Next",
            "enable": true,
            "hide": false
        }
    },
    "navigationCondition": "",
    "position": "BOTTOM_RIGHT",
    "meta": {
        "Creator": "Rashmi Menon",
        "CreatedOn": "Mon, 25 Nov 2019 10:21:18 GMT"
    },
    "context": []
}