<?xml version="1.0"?>
<Hike kuid="f3c152t5-b0a6-4ard-bduc-811ccfnd" id="VoltMX.IdentityServicesV9" title="VoltMX.IdentityServicesV9">
    <Description> Description of hike</Description>
    <Meta>
        <Creator>Rashmi Menon</Creator>
        <Createdon>Tue, 26 Nov 2019 10:15:02 GMT</Createdon>
    </Meta>
    <Hikecard id="VoltMX.UnderstandIdentityServicesV9.Intro"/>
    <Hikecard id="VoltMX.UnderstandIdentityServicesV9.NewProject1"/>
    <Hikecard id="VoltMX.UnderstandIdentityServicesV9.NewProject2"/>
    <Hikecard id="VoltMX.IdentityServicesV9.rename"/>
    <Hikecard id="VoltMX.IdentityServicesV9.LoginUI"/>
    <Hikecard id="VoltMX.IdentityServicesV9.dataPanel"/>
    <Hikecard id="VoltMX.IdentityServicesV9.addService"/>
    <Hikecard id="VoltMX.IdentityServicesV9.mapping"/>
    <Hikecard id="VoltMX.IdentityServicesV9.appviewer"/>
    <Hikecard id="VoltMX.IdentityServicesV9.settings"/>
    <Hikecard id="VoltMX.IdentityServicesV9.run"/>
    <Hikecard id="VoltMX.IdentityServicesV9.explore"/>
    <Hikecard id="VoltMX.IdentityServicesV9.done"/>
</Hike>