<?xml version="1.0"?>
<Hike kuid="b172c2tf-04a5-48r2-bcu2-5beb28n4" id="Kony.CreateServicesV9" title="Kony.CreateServicesV9">
    <Description>Create Services for Back-end Data V9</Description>
    <Meta>
        <Creator>Sparsh Srivastava</Creator>
        <Createdon>Wed, 18 Dec 2019 08:58:00 GMT</Createdon>
    </Meta>
    <Hikecard id="Kony.CreateServicesV9.Intro"/>
    <Hikecard id="Kony.CreateServicesV9.createAccountsService"/>
    <Hikecard id="Kony.CreateServicesV9.configureAccountModel1"/>
    <Hikecard id="Kony.CreateServicesV9.configureAccountModel2"/>
    <Hikecard id="Kony.CreateServicesV9.configureAccountService"/>
    <Hikecard id="Kony.CreateServicesV9.createPayeesService"/>
    <Hikecard id="Kony.CreateServicesV9.configurePayeesModel2"/>
    <Hikecard id="Kony.CreateServicesV9.configurePayeesModel1"/>
    <Hikecard id="Kony.CreateServicesV9.configurePayeesService"/>
    <Hikecard id="Kony.CreateServicesV9.publishServices"/>
    <Hikecard id="Kony.CreateServicesV9.done"/>
</Hike>