{
    "kuid": "e93fc3t5-84ab-44r5-98ud-e0b51dn2",
    "id": "VoltMX.InternationalWithLayoutV9.enable",
    "content": {
        "title": "Enable Internationalization",
        "body": "<ol>\n<li>From the left Navigation menu, select <strong>Settings</strong>.<br /> The <strong>Project Settings </strong>window appears.</li>\n</ol>"
    },
    "pointer": {
        "direction": "left",
        "element": {
            "module": "shortcutbar",
            "itemId": "frmKonyLib_settings"
        },
        "type": "default"
    },
    "navigationType": "manual",
    "navigationBar": {
        "left": {
            "text": "Previous",
            "enable": true,
            "hide": false
        },
        "right": {
            "text": "Next",
            "enable": true,
            "hide": false
        }
    },
    "navigationCondition": "",
    "position": "BOTTOM_RIGHT",
    "meta": {
        "Creator": "Rashmi Menon",
        "CreatedOn": "Thu, 05 Dec 2019 06:23:44 GMT"
    },
    "context": []
}