<?xml version="1.0"?>
<Hike kuid="04faeet7-2ca1-48r6-9fu3-709cbend" id="VoltMX.AssignDatatotheSegmentV9" title="VoltMX.AssignDatatotheSegmentV9">
    <Description> Description of hike</Description>
    <Meta>
        <Creator>Rashmi Menon</Creator>
        <Createdon>Mon, 25 Nov 2019 10:38:32 GMT</Createdon>
    </Meta>
    <Hikecard id="VoltMX.AssignDatatotheSegmentV9.Intro"/>
    <Hikecard id="VoltMX.AssignDatatotheSegmentV9.modifyUI"/>
    <Hikecard id="VoltMX.AssignDatatotheSegmentV9.dupLabel1"/>
    <Hikecard id="VoltMX.AssignDatatotheSegmentV9.uiLabel"/>
    <Hikecard id="VoltMX.AssignDatatotheSegmentV9.dupLabel2"/>
    <Hikecard id="VoltMX.AssignDatatotheSegmentV9.uiLabel1"/>
    <Hikecard id="VoltMX.AssignDatatotheSegmentV9.services"/>
    <Hikecard id="VoltMX.AssignDatatotheSegmentV9.addServices"/>
    <Hikecard id="VoltMX.AssignDatatotheSegmentV9.mapServices"/>
    <Hikecard id="VoltMX.AssignDatatotheSegmentV9.mapping1"/>
    <Hikecard id="VoltMX.AssignDatatotheSegmentV9.mapping2"/>
    <Hikecard id="VoltMX.AssignDatatotheSegmentV9.run"/>
    <Hikecard id="VoltMX.AssignDatatotheSegmentV9.last"/>
</Hike>