{
    "kuid": "38c875td-63ac-46rd-9cu3-e374dfna",
    "id": "Kony.ResponsiveBreakV9.done",
    "content": {
        "title": "Congratulations",
        "body": "<p>You&rsquo;ve successfully:</p>\n<ul>\n<li><strong>Added responsive breakpoints to the login screen</strong></li>\n<li><strong>Viewed the app on your computer</strong></li>\n</ul><br/>\n<p>To learn more on what you can do with  Quantum Visualizer, visit <a href='#'onClick='javascript:openURL(\"https://basecamp.kony.com/s/\")'>Base Camp</a>.</p>"
    },
    "pointer": {
        "direction": "left",
        "element": "",
        "type": "none"
    },
    "navigationType": "manual",
    "navigationBar": {
        "left": {
            "text": "Previous",
            "enable": true,
            "hide": false
        },
        "right": {
            "text": "Done",
            "enable": true,
            "hide": false
        }
    },
    "navigationCondition": "",
    "position": "CENTER",
    "meta": {
        "Creator": "Prem Garudadri",
        "CreatedOn": "Thu, 19 Dec 2019 06:22:55 GMT"
    },
    "context": []
}