{
  "Tour.AddaSalesforceServiceV9": {
    "description": "旅遊描述"
  },
  "Hike.VoltMX.AddaSalesforceServiceV9": {
    "description": "徒步說明"
  },
  "Card.VoltMX.AddaSalesforceServiceV9.addObj": {
    "content": {
      "title": "創建一個新的對象服務",
      "body": "<ol>\n<li>在<strong>配置對象服務</strong>窗口，提供對象服務的名稱：<strong>SalesforceSample</strong>.<br />其他字段，例如 - 端點類型 (Salesforce)、安全級別（經過身份驗證的應用程序用戶）和版本已預先填充。</li>\n<li>選擇<strong>指定登錄端點</strong>在<strong>認證</strong>部分。</li>\n<li>在身份驗證部分提供來自您的 Salesforce 應用程序的以下數據：<ul>\n<li><strong>客戶端ID</strong></li>\n<li><strong>客戶端密碼</strong></li>\n<li><strong>用戶ID</strong>和<strong>密碼</strong> - 您的 Salesforce 用戶 ID 和密碼（密碼附加安全令牌）。</li>\n</ul>\n</li>\n<li>點擊<strong>保存&amp;產生</strong>.<br /><strong>從後端導入對象</strong>窗口出現。</li>\n</ol>"
    },
    "navigationBar": {
      "left": {
        "text": "上一個"
      },
      "right": {
        "text": "下一個"
      }
    }
  },
  "Card.VoltMX.AddaSalesforceServiceV9.addServices": {
    "content": {
      "title": "將 Salesforce 服務添加到您的應用程序",
      "body": "<ol>\n<li>來自<strong>數據&amp;服務</strong>面板，展開<strong>項目服務</strong>.</li>\n<li>點擊<strong>配置新</strong>獲取預打包服務列表。</li>\n<li>下<strong>數據集成</strong>，選擇<strong>銷售人員</strong>.<br /><strong>配置對象服務</strong>窗口出現。</li>\n</ol>"
    },
    "navigationBar": {
      "left": {
        "text": "上一個"
      },
      "right": {
        "text": "下一個"
      }
    }
  },
  "Card.VoltMX.AddaSalesforceServiceV9.appviewer": {
    "content": {
      "title": "Volt MX 應用程序",
      "body": "<ol>\n<li>連接您的<b>手機</b>使用 USB 電纜連接到您的計算機。<br />對於Android設備，請確保您使用USB<b>傳輸文件</b>.</li>\n<li>啟動<b>Volt MX 應用程序</b>在你的<b>手機</b>.</li>\n<li>選擇<b>USB</b>選項卡。</li>\n<li>連接成功後，<b>虹膜</b>在您的計算機上顯示成功提示。<br />同時，USB 圖標在您的<b>Volt MX 應用程序</b>.</li>\n</ol>"
    },
    "navigationBar": {
      "left": {
        "text": "上一個"
      },
      "right": {
        "text": "下一個"
      }
    }
  },
  "Card.VoltMX.AddaSalesforceServiceV9.generateObj": {
    "content": {
      "title": "將帳戶對象添加到 Salesforce",
      "body": "<ol>\n<li>點擊<strong>生成</strong>添加<strong>賬戶</strong>反對您的 salesforce 服務。</li>\n<li>關閉<strong>編輯對象服務</strong>窗口。<br />您已成功添加<strong>賬戶</strong>反對您的服務。</li>\n</ol>"
    },
    "navigationBar": {
      "left": {
        "text": "上一個"
      },
      "right": {
        "text": "下一個"
      }
    }
  },
  "Card.VoltMX.AddaSalesforceServiceV9.importObj": {
    "content": {
      "title": "從 Salesforce 應用程序導入對象",
      "body": "<p>請注意，您的 salesforce 帳戶中的對像出現在<b>從後端導入對象</b>窗口。</p>\n<ol><li>選擇<b>賬戶</b>列表中的對象。</li>\n<li>向下滾動外部窗口並選擇<b>下一個</b>導入賬戶對象。</li></ol>"
    },
    "navigationBar": {
      "left": {
        "text": "上一個"
      },
      "right": {
        "text": "下一個"
      }
    }
  },
  "Card.VoltMX.AddaSalesforceServiceV9.Intro": {
    "content": {
      "title": "向您的應用程序添加 Salesforce 服務",
      "body": "<p>在這次徒步旅行中，我們將學習如何使用<b>Volt MX Foundry</b>在鳶尾花中。<br/ >\n </p>\n<p>在我們開始之前，在 Salesforce 中創建一個應用程序並獲取<b>客戶端ID</b>, <b>客戶端密碼</b>和<b>安全令牌</b>.</p>"
    },
    "navigationBar": {
      "left": {
        "text": "上一個"
      },
      "right": {
        "text": "開始"
      }
    }
  },
  "Card.VoltMX.AddaSalesforceServiceV9.last": {
    "content": {
      "title": " 恭喜",
      "body": "<p>您已成功：</p>\n<ul><b>\n<li>在 Iris 中使用 Volt MX Foundry 向您的應用程序添加了 Salesforce 服務</li>\n<li>使用 Salesforce 服務響應創建 UI</li>\n<li>使用 Volt MX App 在您的移動設備中啟動您的應用</li></b>\n</ul>"
    },
    "navigationBar": {
      "left": {
        "text": "上一個"
      },
      "right": {
        "text": "完成"
      }
    }
  },
  "Card.VoltMX.AddaSalesforceServiceV9.NewProject1": {
    "content": {
      "title": "創建一個新項目",
      "body": "<ol>\n<li>導航到<strong>項目</strong>&gt;<strong>新項目</strong>.</li>\n<li>來自<strong> 你現在想從什麼開始？</strong>窗口，選擇<strong>本機應用程序</strong>.</li>\n<li>點擊<strong>下一個</strong>.<br/><b>您從本機應用程序開始</b>窗口打開。</li>\n</ol>"
    },
    "navigationBar": {
      "left": {
        "text": "上一個"
      },
      "right": {
        "text": "下一個"
      }
    }
  },
  "Card.VoltMX.AddaSalesforceServiceV9.NewProject2": {
    "content": {
      "title": "創建一個新項目",
      "body": "<ol>\n<li>下<strong>項目名稱</strong>，輸入<strong>SalesforceSample</strong>.</li>\n<li>點擊<strong>創建</strong>.<br />使用一個 flex 表單創建了一個新應用程序。<br />應用程序在<strong>故事板</strong>查看。</li>\n</ol>"
    },
    "navigationBar": {
      "left": {
        "text": "上一個"
      },
      "right": {
        "text": "下一個"
      }
    }
  },
  "Card.VoltMX.AddaSalesforceServiceV9.rename": {
    "content": {
      "title": "重命名表單",
      "body": "<ol>\n<li>在<strong>故事板</strong>查看，在新表單上方，單擊<strong>Form1</strong>.</li>\n<li>重命名表單<strong>frmLogin</strong>.</li>\n<li>要向表單添加小部件，請雙擊表單以在<strong>設計</strong>查看。</li>\n</ol>"
    },
    "navigationBar": {
      "left": {
        "text": "上一個"
      },
      "right": {
        "text": "下一個"
      }
    }
  },
  "Card.VoltMX.AddaSalesforceServiceV9.run": {
    "content": {
      "title": "運行應用程序",
      "body": "<ol><li>來自<b>實時預覽設置</b>窗下<b>本地</b> 選中您要在其上查看應用程序的手機/平板電腦操作系統旁邊的複選框。<br/>例如：<b>iOS</b>和<b>安卓</b>.<br/>確保您已取消選擇所有其他平台和頻道。</li>\n<li>點擊<b>保存並運行</b>.<br/> Iris 可能需要一些時間才能顯示<b>實時預覽已準備就緒</b>窗口。</ol>"
    },
    "navigationBar": {
      "left": {
        "text": "上一個"
      },
      "right": {
        "text": "下一個"
      }
    }
  },
  "Card.VoltMX.AddaSalesforceServiceV9.settings": {
    "content": {
      "title": "實時預覽設置",
      "body": "<ol><li>從主菜單中，選擇<b>構建</b>.</li>\n<li>點擊<b>實時預覽設置</b>.</li></ol>"
    },
    "navigationBar": {
      "left": {
        "text": "上一個"
      },
      "right": {
        "text": "下一個"
      }
    }
  },
  "Card.VoltMX.AddaSalesforceServiceV9.UIforSalesforce": {
    "content": {
      "title": "為服務生成用戶界面",
      "body": "<ol>\n<li>來自<strong>項目</strong>資源管理器，導航到<strong>手機</strong>&gt;<strong>表格</strong>並選擇<strong>frmLogin</strong>.</li>\n<li>來自<strong>項目服務</strong>畫布右上角的選項卡，展開<strong>對象</strong>&gt;<strong>SalesforceSample</strong>&gt;<strong>賬戶</strong> ，然後選擇<strong>獲取</strong>.</li>\n<li>刪除<strong>得到</strong>方法到<strong>frmLogin</strong>在畫布上形成。<br /><strong>你想生成什麼？</strong>窗口出現。</li>\n<li>選擇<strong>使用響應列表</strong>.</li>\n<li>點擊<strong>好的</strong>.</li>\n</ol>"
    },
    "navigationBar": {
      "left": {
        "text": "上一個"
      },
      "right": {
        "text": "下一個"
      }
    }
  },
  "Card.VoltMX.AddaSalesforceServiceV9.view": {
    "content": {
      "title": "查看應用",
      "body": "<ol>\n<li>在你的<b>Volt MX 應用程序</b>，點擊<b>啟動</b>.<br />如果提示您提供應用程序名稱，請輸入<b>SalesforceSample</b>然後點擊<b>啟動</b>.</li><li> 到<b>退出</b>預覽，從左向右滑動兩根手指或搖動手機。</li>\n</ol>"
    },
    "navigationBar": {
      "left": {
        "text": "上一個"
      },
      "right": {
        "text": "下一個"
      }
    }
  }
}