{
  "Tour.AddaSalesforceServiceV9": {
    "description": "旅游描述"
  },
  "Hike.VoltMX.AddaSalesforceServiceV9": {
    "description": "徒步说明"
  },
  "Card.VoltMX.AddaSalesforceServiceV9.addObj": {
    "content": {
      "title": "创建一个新的对象服务",
      "body": "<ol>\n<li>在<strong>配置对象服务</strong>窗口，提供对象服务的名称：<strong>SalesforceSample</strong>.<br />其他字段，例如 - 端点类型 (Salesforce)、安全级别（经过身份验证的应用程序用户）和版本是预填充的。</li>\n<li>选择<strong>指定登录端点</strong>在<strong>认证</strong>部分。</li>\n<li>在“身份验证”部分提供来自您的 Salesforce 应用程序的以下数据：<ul>\n<li><strong>客户端ID</strong></li>\n<li><strong>客户端密码</strong></li>\n<li><strong>用户ID</strong>和<strong>密码</strong> - 您的 Salesforce 用户 ID 和密码（密码附加安全令牌）。</li>\n</ul>\n</li>\n<li>点击<strong>保存&amp;产生</strong>.<br /><strong>从后端导入对象</strong>窗口出现。</li>\n</ol>"
    },
    "navigationBar": {
      "left": {
        "text": "上一个"
      },
      "right": {
        "text": "下一个"
      }
    }
  },
  "Card.VoltMX.AddaSalesforceServiceV9.addServices": {
    "content": {
      "title": "将 Salesforce 服务添加到您的应用程序",
      "body": "<ol>\n<li>来自<strong>数据&amp;服务</strong>面板，展开<strong>项目服务</strong>.</li>\n<li>点击<strong>配置新</strong>获取预打包服务列表。</li>\n<li>下<strong>数据集成</strong>，选择<strong>销售人员</strong>.<br /><strong>配置对象服务</strong>窗口出现。</li>\n</ol>"
    },
    "navigationBar": {
      "left": {
        "text": "上一个"
      },
      "right": {
        "text": "下一个"
      }
    }
  },
  "Card.VoltMX.AddaSalesforceServiceV9.appviewer": {
    "content": {
      "title": "Volt MX 应用程序",
      "body": "<ol>\n<li>连接您的<b>手机</b>使用 USB 电缆连接到您的计算机。<br />对于Android设备，请确保您使用USB<b>传输文件</b>.</li>\n<li>启动<b>Volt MX 应用程序</b>在你的<b>手机</b>.</li>\n<li>选择<b>USB</b>选项卡。</li>\n<li>连接成功后，<b>虹膜</b>在您的计算机上显示成功提示。<br />同时，USB 图标在您的<b>Volt MX 应用程序</b>.</li>\n</ol>"
    },
    "navigationBar": {
      "left": {
        "text": "上一个"
      },
      "right": {
        "text": "下一个"
      }
    }
  },
  "Card.VoltMX.AddaSalesforceServiceV9.generateObj": {
    "content": {
      "title": "将帐户对象添加到 Salesforce",
      "body": "<ol>\n<li>点击<strong>生成</strong>添加<strong>账户</strong>反对您的 salesforce 服务。</li>\n<li>关闭<strong>编辑对象服务</strong>窗口。<br />您已成功添加<strong>账户</strong>反对您的服务。</li>\n</ol>"
    },
    "navigationBar": {
      "left": {
        "text": "上一个"
      },
      "right": {
        "text": "下一个"
      }
    }
  },
  "Card.VoltMX.AddaSalesforceServiceV9.importObj": {
    "content": {
      "title": "从 Salesforce 应用程序导入对象",
      "body": "<p>请注意，您的 salesforce 帐户中的对象出现在<b>从后端导入对象</b>窗口。</p>\n<ol><li>选择<b>账户</b>列表中的对象。</li>\n<li>向下滚动外部窗口并选择<b>下一个</b>导入账户对象。</li></ol>"
    },
    "navigationBar": {
      "left": {
        "text": "上一个"
      },
      "right": {
        "text": "下一个"
      }
    }
  },
  "Card.VoltMX.AddaSalesforceServiceV9.Intro": {
    "content": {
      "title": "向您的应用程序添加 Salesforce 服务",
      "body": "<p>在这次徒步旅行中，我们将学习如何使用<b>Volt MX Foundry</b>在鸢尾花中。<br/ >\n </p>\n<p>在我们开始之前，在 Salesforce 中创建一个应用程序并获取<b>客户端ID</b>, <b>客户端密码</b>和<b>安全令牌</b>.</p>"
    },
    "navigationBar": {
      "left": {
        "text": "上一个"
      },
      "right": {
        "text": "开始"
      }
    }
  },
  "Card.VoltMX.AddaSalesforceServiceV9.last": {
    "content": {
      "title": " 恭喜",
      "body": "<p>您已成功：</p>\n<ul><b>\n<li>在 Iris 中使用 Volt MX Foundry 向您的应用程序添加了 Salesforce 服务</li>\n<li>使用 Salesforce 服务响应创建 UI</li>\n<li>使用 Volt MX App 在您的移动设备中启动您的应用</li></b>\n</ul>"
    },
    "navigationBar": {
      "left": {
        "text": "上一个"
      },
      "right": {
        "text": "完成"
      }
    }
  },
  "Card.VoltMX.AddaSalesforceServiceV9.NewProject1": {
    "content": {
      "title": "创建一个新项目",
      "body": "<ol>\n<li>导航到<strong>项目</strong>&gt;<strong>新项目</strong>.</li>\n<li>来自<strong> 你现在想从什么开始？</strong>窗口，选择<strong>本机应用程序</strong>.</li>\n<li>点击<strong>下一个</strong>.<br/><b>您从本机应用程序开始</b>窗口打开。</li>\n</ol>"
    },
    "navigationBar": {
      "left": {
        "text": "上一个"
      },
      "right": {
        "text": "下一个"
      }
    }
  },
  "Card.VoltMX.AddaSalesforceServiceV9.NewProject2": {
    "content": {
      "title": "创建一个新项目",
      "body": "<ol>\n<li>下<strong>项目名称</strong>，输入<strong>SalesforceSample</strong>.</li>\n<li>点击<strong>创建</strong>.<br />使用一个 flex 表单创建了一个新应用程序。<br />应用程序在<strong>故事板</strong>查看。</li>\n</ol>"
    },
    "navigationBar": {
      "left": {
        "text": "上一个"
      },
      "right": {
        "text": "下一个"
      }
    }
  },
  "Card.VoltMX.AddaSalesforceServiceV9.rename": {
    "content": {
      "title": "重命名表单",
      "body": "<ol>\n<li>在<strong>故事板</strong>查看，在新表单上方，单击<strong>Form1</strong>.</li>\n<li>重命名表单<strong>frmLogin</strong>.</li>\n<li>要向表单添加小部件，请双击表单以在<strong>设计</strong>查看。</li>\n</ol>"
    },
    "navigationBar": {
      "left": {
        "text": "上一个"
      },
      "right": {
        "text": "下一个"
      }
    }
  },
  "Card.VoltMX.AddaSalesforceServiceV9.run": {
    "content": {
      "title": "运行应用程序",
      "body": "<ol><li>来自<b>实时预览设置</b>窗下<b>本地</b> 选中您要在其上查看应用程序的手机/平板电脑操作系统旁边的复选框。<br/>例如：<b>iOS</b>和<b>安卓</b>.<br/>确保您已取消选择所有其他平台和频道。</li>\n<li>点击<b>保存并运行</b>.<br/> Iris 可能需要一些时间才能显示<b>实时预览已准备就绪</b>窗口。</ol>"
    },
    "navigationBar": {
      "left": {
        "text": "上一个"
      },
      "right": {
        "text": "下一个"
      }
    }
  },
  "Card.VoltMX.AddaSalesforceServiceV9.settings": {
    "content": {
      "title": "实时预览设置",
      "body": "<ol><li>从主菜单中，选择<b>构建</b>.</li>\n<li>点击<b>实时预览设置</b>.</li></ol>"
    },
    "navigationBar": {
      "left": {
        "text": "上一个"
      },
      "right": {
        "text": "下一个"
      }
    }
  },
  "Card.VoltMX.AddaSalesforceServiceV9.UIforSalesforce": {
    "content": {
      "title": "为服务生成用户界面",
      "body": "<ol>\n<li>来自<strong>项目</strong>资源管理器，导航到<strong>手机</strong>&gt;<strong>表格</strong>并选择<strong>frmLogin</strong>.</li>\n<li>来自<strong>项目服务</strong>画布右上角的选项卡，展开<strong>对象</strong>&gt;<strong>SalesforceSample</strong>&gt;<strong>账户</strong> ，然后选择<strong>获取</strong>.</li>\n<li>删除<strong>得到</strong>方法到<strong>frmLogin</strong>在画布上形成。<br /><strong>你想生成什么？</strong>窗口出现。</li>\n<li>选择<strong>使用响应列表</strong>.</li>\n<li>点击<strong>好的</strong>.</li>\n</ol>"
    },
    "navigationBar": {
      "left": {
        "text": "上一个"
      },
      "right": {
        "text": "下一个"
      }
    }
  },
  "Card.VoltMX.AddaSalesforceServiceV9.view": {
    "content": {
      "title": "查看应用",
      "body": "<ol>\n<li>在你的<b>Volt MX 应用程序</b>，点击<b>启动</b>.<br />如果提示您提供应用程序名称，请输入<b>SalesforceSample</b>然后点击<b>启动</b>.</li><li> 到<b>退出</b>预览，从左向右滑动两根手指或摇动手机。</li>\n</ol>"
    },
    "navigationBar": {
      "left": {
        "text": "上一个"
      },
      "right": {
        "text": "下一个"
      }
    }
  }
}