{
    "kuid": "a6f3b7t5-d7a0-40r8-b6u9-6b4e7en9",
    "id": "VoltMX.UseSampleServicesV9.run",
    "content": {
        "title": "Run the App",
        "body": "<ol>\n<li>From the <strong>Live Preview Settings</strong> window, under <strong>Platforms and Channels</strong>, select <strong>Responsive Web</strong>. <br />Ensure that you have unselected the checkboxes for all the other platforms and channels.</li>\n<li>Click <strong>Save &amp; Run</strong>.<br /> It may take some time for Iris to show the <strong>Iris Preview</strong> window.</li>\n</ol>\n<p>You can view the data you added on the form in Iris Preview. </p>"
    },
    "pointer": {
        "direction": "left",
        "element": "",
        "type": "none"
    },
    "navigationType": "manual",
    "navigationBar": {
        "left": {
            "text": "Previous",
            "enable": true,
            "hide": false
        },
        "right": {
            "text": "Next",
            "enable": true,
            "hide": false
        }
    },
    "navigationCondition": "",
    "position": "BOTTOM_RIGHT",
    "meta": {
        "Creator": "Rashmi Menon",
        "CreatedOn": "Wed, 27 Nov 2019 09:28:26 GMT"
    },
    "context": []
}