<?xml version="1.0"?>
<Hike kuid="0d772at9-7ba0-4br9-92u6-2120bfn8" id="kony.addLoginServiceV9" title="kony.addLoginServiceV9">
    <Description> Description of hike</Description>
    <Meta>
        <Creator>Rashmi Menon</Creator>
        <Createdon>Wed, 18 Dec 2019 08:52:57 GMT</Createdon>
    </Meta>
    <Hikecard id="kony.addLoginServiceV9.Intro"/>
    <Hikecard id="kony.addLoginServiceV9.createService"/>
    <Hikecard id="kony.addLoginServiceV9.addUser"/>
    <Hikecard id="kony.addLoginServiceV9.TestLogin"/>
    <Hikecard id="kony.addLoginServiceV9.addService"/>
    <Hikecard id="kony.addLoginServiceV9.addMapping"/>
    <Hikecard id="kony.addLoginServiceV9.mapping"/>
    <Hikecard id="kony.addLoginServiceV9.deleteActions"/>
    <Hikecard id="kony.addLoginServiceV9.addActions"/>
    <Hikecard id="kony.addLoginServiceV9.Logout"/>
    <Hikecard id="Kony.addLoginServiceV9.ConfigureLogout"/>
    <Hikecard id="Kony.addLoginServiceV9.ConfigureLogout1"/>
    <Hikecard id="kony.addLoginServiceV9.openApp"/>
    <Hikecard id="kony.addLoginServiceV9.launch"/>
    <Hikecard id="kony.addLoginServiceV9.launch1"/>
    <Hikecard id="kony.addLoginServiceV9.done"/>
</Hike>