{
  "Tour.AddLoginServiceMob_v9": {
    "description": "旅游描述"
  },
  "Hike.VoltMX.addLoginServiceV9": {
    "description": "徒步说明"
  },
  "Card.VoltMX.addLoginServiceV9.addActions": {
    "content": {
      "title": "配置操作",
      "body": "<ol>\n<li>来自<strong>动作编辑器</strong>画布下<strong>调用服务：UserAuthentication$login</strong>，选择<strong>成功</strong>.</li>\n<li>从左侧菜单<strong>动作编辑器</strong>，下<strong>一般</strong>，选择<strong>导航到表单</strong>.</li>\n<li>从右侧窗格<strong>动作编辑器</strong>，选择表格<strong>frmAccount</strong>.</li>\n<li>点击<strong>保存</strong>.</li>\n</ol>"
    },
    "navigationBar": {
      "left": {
        "text": "上一个"
      },
      "right": {
        "text": "下一个"
      }
    }
  },
  "Card.VoltMX.addLoginServiceV9.addMapping": {
    "content": {
      "title": "映射登录操作",
      "body": "<ol><li>从右上角<b>动作编辑器</b>窗口，选择<strong>设计视图</strong>.</li>\n<li>在动作编辑器画布中，选择&nbsp;<strong>调用服务：UserAuthentication$login</strong>.</li>\n<li>从右侧窗格<strong>动作编辑器</strong>，点击<strong>打开映射编辑器</strong>.<br /><strong>映射编辑器</strong>窗口出现在画布的右窗格中。</li>\n<li>从左侧窗格中<strong>映射编辑器</strong>，展开<strong>表格</strong>&gt;&nbsp;<strong>frmLogin</strong>.</li>\n<li>从右侧窗格中<strong>映射编辑器</strong>，展开<strong>服务</strong>&gt;&nbsp;<strong>服务用户身份验证$登录</strong>.</li>\n</ol>"
    },
    "navigationBar": {
      "left": {
        "text": "上一个"
      },
      "right": {
        "text": "下一个"
      }
    }
  },
  "Card.VoltMX.addLoginServiceV9.addService": {
    "content": {
      "title": "向登录按钮添加服务",
      "body": "<ol>\n<li>来自<strong>项目</strong>资源管理器，展开<strong>手机</strong>&gt;<strong>表格</strong>并选择<strong>frmLogin</strong>.</li>\n<li>来自<strong>数据&amp;服务</strong>面板，展开<strong>项目服务</strong>&gt;<strong>用户身份验证</strong>&nbsp;并选择<strong>登录</strong>操作。</li>\n<li>拖放<strong> lo</strong><strong>杜松子酒</strong>对<strong>登录</strong>画布上的按钮。<br />Iris 将服务添加到您的应用程序可能需要一些时间。</li>\n<li>从操作列表中，选择<strong>动作：onClick</strong>.<br /><strong>动作编辑器</strong> &nbsp;窗口出现。</li>\n</ol>"
    },
    "navigationBar": {
      "left": {
        "text": "上一个"
      },
      "right": {
        "text": "下一个"
      }
    }
  },
  "Card.VoltMX.addLoginServiceV9.addUser": {
    "content": {
      "title": "添加用户进行身份验证",
      "body": "<ol>\n<li>点击<strong>添加用户</strong>.<br /><strong>添加用户</strong>窗口出现。</li>\n<li>在相应字段中输入以下值：<ul>\n<li>电子邮件/用户名：<strong>john.doe@woodburn.com</strong></li>\n<li>名字：<strong>约翰</strong></li>\n<li>姓氏：<strong>母鹿</strong></li>\n<li>密码：<strong>VoltMX@123</strong></li>\n<li>重新输入密码：<strong>VoltMX@123</strong></li>\n<li>来自&nbsp;<strong>添加/选择组</strong> 确保勾选&nbsp;<strong>成员</strong>从下拉列表中选择。</li>\n</ul></li>\n<li>点击<strong>添加用户</strong>.</li>\n</ol>\n<p>一个用户被添加到存储库。<br />注意用于测试的登录凭据。</p>"
    },
    "navigationBar": {
      "left": {
        "text": "上一个"
      },
      "right": {
        "text": "下一个"
      }
    }
  },
  "Card.VoltMX.addLoginServiceV9.ConfigureLogout": {
    "content": {
      "title": "配置注销参数",
      "body": "<ol>\n<li>从右上角<strong>动作编辑器</strong>窗口，选择&nbsp;<strong>设计视图</strong>.</li>\n<li>从左侧菜单<strong>动作编辑器</strong>，下&nbsp;<strong>网络</strong>，选择&nbsp;<strong>调用服务</strong>.</li>\n<li>在右侧窗格中<strong>动作编辑器</strong> , 从<strong>选择服务</strong>下拉，选择<strong>UserAuthentication$注销</strong>.</li>\n</ol>"
    },
    "navigationBar": {
      "left": {
        "text": "上一个"
      },
      "right": {
        "text": "下一个"
      }
    }
  },
  "Card.VoltMX.addLoginServiceV9.ConfigureLogout1": {
    "content": {
      "title": "配置注销参数",
      "body": "<ol>\n<li>从动作编辑器画布，在<strong>调用服务：UserAuthentication$logout</strong>,&nbsp;点击<strong>成功</strong>.</li>\n<li>从左侧菜单<strong>动作编辑器</strong>，下&nbsp;<strong>一般</strong>，选择&nbsp;<strong>&nbsp;导航到表单</strong>.</li>\n<li>在右侧窗格中<strong>动作编辑器</strong>，选择<strong>frmLogin</strong>.</li>\n<li>点击<strong>保存</strong>.</li>\n</ol>"
    },
    "navigationBar": {
      "left": {
        "text": "上一个"
      },
      "right": {
        "text": "下一个"
      }
    }
  },
  "Card.VoltMX.addLoginServiceV9.createService": {
    "content": {
      "title": "创建身份服务",
      "body": "<ol>\n<li>来自<strong>数据&amp;服务</strong><strong> &nbsp;</strong>画布右上角的面板，展开&nbsp;<strong>项目服务</strong>.</li>\n<li>点击<strong>配置新</strong>获取预先打包的服务列表。</li>\n<li>根据&nbsp;<strong>验证</strong>类别，选择&nbsp;<strong>用户存储库</strong>.<br /><strong>配置身份服务</strong> &nbsp;窗口出现。</li>\n<li>输入服务名称<strong>用户身份验证</strong>.</li>\n<li>点击<strong>保存</strong>.</li>\n</ol>"
    },
    "navigationBar": {
      "left": {
        "text": "上一个"
      },
      "right": {
        "text": "下一个"
      }
    }
  },
  "Card.VoltMX.addLoginServiceV9.deleteActions": {
    "content": {
      "title": "删除不需要的操作",
      "body": "<ol>\n<li>来自<strong>动作编辑器</strong>画布，转到<strong>导航到表单 frmAccount</strong>。右键单击并选择<strong>删除</strong>对于此操作。</li>\n<li>来自<strong>动作编辑器</strong>画布，导航到<strong>调用服务：UserAuthentication$login</strong>&gt;<strong>成功</strong>&gt;<strong>显示警报</strong>.&nbsp;右键单击并选择<strong>删除</strong>对于此操作。</li>\n</ol>"
    },
    "navigationBar": {
      "left": {
        "text": "上一个"
      },
      "right": {
        "text": "下一个"
      }
    }
  },
  "Card.VoltMX.addLoginServiceV9.done": {
    "content": {
      "title": " 恭喜",
      "body": "<p>您已成功：</p>\n<ul>\n<li><strong>创建身份服务</strong></li>\n<li><strong>将其与登录表单集成</strong></li>\n</ul>\n<p><br />要添加为后端数据创建服务的功能，请查看下一次加息：<a class=\"tour-link\" tour=\"a7a762t5-3eac-44r5-8bu2-89b781n1\"><strong> 4. 为后端数据移动创建服务</strong></a>.</p>"
    },
    "navigationBar": {
      "left": {
        "text": "上一个"
      },
      "right": {
        "text": "完成"
      }
    }
  },
  "Card.VoltMX.addLoginServiceV9.Intro": {
    "content": {
      "title": "向应用程序添加身份验证",
      "body": "<p><strong>让我们开始吧！</strong><br />在这次徒步旅行中，我们将：</p>\n<ul>\n<li>学习配置身份服务</li>\n<li>将身份服务映射到应用程序的 UI 元素</li>\n</ul>\n<p>在开始之前，完成这些远足：</p>\n<ol><b>\n<li><a class=\"tour-link\" tour=\"7408efte-e2aa-4cr8-a9ub-d7ba36n8\"> 进口 &amp;启动本机应用程序</a></li><li><a class=\"tour-link\" tour=\"a617eft5-7ca8-4ard-8eu8-94cdean5\">从集合创建用户界面</a></li></b>\n</ol>\n<p>确保您打开在之前的徒步旅行中创建的相同项目。<br />要打开一个关闭的项目，从主菜单，导航到<strong>项目</strong>&gt;<strong>打开</strong>&gt;<strong>HCL 参考架构</strong>&gt;<strong>RecipientsMobApp</strong>.<br /> <br /> <strong>准备好后，单击开始！</strong></p>"
    },
    "navigationBar": {
      "left": {
        "text": "上一个"
      },
      "right": {
        "text": "开始"
      }
    }
  },
  "Card.VoltMX.addLoginServiceV9.launch": {
    "content": {
      "title": "启动应用程序",
      "body": "<ol>\n<li>从左侧导航栏中，单击<strong>运行</strong>.<br /> Iris 可能需要一些时间来显示<strong>实时预览已准备就绪</strong>窗口。</li>\n<li>在 Iris 运行应用程序后，在您的<strong>Volt MX 应用程序</strong>，点击<strong>启动</strong>.</li>\n<li>您可能会看到<strong>应用程序名称</strong>文本框。如果有文本框，输入<strong>RecipientsMobApp</strong>然后点击<strong>启动</strong>.</li>\n</ol>"
    },
    "navigationBar": {
      "left": {
        "text": "上一个"
      },
      "right": {
        "text": "下一个"
      }
    }
  },
  "Card.VoltMX.addLoginServiceV9.launch1": {
    "content": {
      "title": "运行应用程序",
      "body": "<p>在之前的徒步旅行中，您无需任何凭据即可访问帐户表单。现在该应用程序将要求提供登录凭据。</p>\n<ol>\n<li>在您的应用中输入以下登录凭据：<ul>\n<li>用户名：<strong>john.doe@woodburn.com</strong></li>\n<li>密码：<strong>VoltMX@123</strong></li>\n</ul></li>\n<li>点击<strong>登录</strong>.<br /><strong>账户列表</strong>出现。</li>\n<li>点击<strong>注销</strong>.&nbsp;<br /><strong>登录表单</strong>出现。</li>\n<li> 到<strong>退出</strong>您的应用程序<strong>手机</strong>设备，从左向右滑动两根手指或摇动你的<strong>手机</strong>设备并点击<strong>退出应用</strong>.</li>\n</ol>"
    },
    "navigationBar": {
      "left": {
        "text": "上一个"
      },
      "right": {
        "text": "下一个"
      }
    }
  },
  "Card.VoltMX.addLoginServiceV9.Logout": {
    "content": {
      "title": "将注销参数映射到 UI",
      "body": "<ol>\n<li>来自&nbsp;<strong>项目&nbsp;</strong>资源管理器，展开&nbsp;<b>手机</b>&gt;<b>表格</b> > <strong>frmAccount</strong> > <b>flexAccountList</b>&gt;<b>flexHeader</b>并选择<strong>headerButtonRight</strong>.</li>\n<li>来自<strong>属性</strong>面板，导航到<strong>行动</strong>标签。</li>\n<li>对于<strong>点击</strong>事件，点击<strong>编辑</strong>.<br /><strong>动作编辑器</strong>窗口出现。</li>\n</ol>"
    },
    "navigationBar": {
      "left": {
        "text": "上一个"
      },
      "right": {
        "text": "下一个"
      }
    }
  },
  "Card.VoltMX.addLoginServiceV9.mapping": {
    "content": {
      "title": "映射用户名和密码",
      "body": "<p>将以下元素从左窗格映射到右窗格：</p>\n<ul>\n<li>从左窗格中，展开<strong>TextField &ndash;用户名</strong>并选择<strong>文本{字符串}</strong>。从右侧窗格中，选择<strong> 用户 ID {string}</strong></li>\n<li>从左窗格中，展开<strong>TextField &ndash; txt密码</strong>并选择<strong>文本{字符串}</strong>。从右侧窗格中，选择<strong>密码{字符串}</strong></li>\n</ul>"
    },
    "navigationBar": {
      "left": {
        "text": "上一个"
      },
      "right": {
        "text": "下一个"
      }
    }
  },
  "Card.VoltMX.addLoginServiceV9.openApp": {
    "content": {
      "title": "Volt MX 应用程序",
      "body": "<ol>\n<li>使用 USB 数据线将您的移动设备连接到您的计算机。<br /> 对于Android移动设备，确保USB的使用设置为<strong>传输文件</strong>.<br />对于 iOS 移动设备，确保 &nbsp;<strong>信任</strong>已在您的设备和计算机之间建立。</li>\n<li>启动<strong>Volt MX 应用程序</strong>在您的移动设备上。</li>\n<li>选择<strong>USB</strong>选项卡。<br/>连接成功后，<strong>虹膜</strong>在您的计算机上显示成功提示。</li>\n</ol>"
    },
    "navigationBar": {
      "left": {
        "text": "上一个"
      },
      "right": {
        "text": "下一个"
      }
    }
  },
  "Card.VoltMX.addLoginServiceV9.TestLogin": {
    "content": {
      "title": "测试您的应用程序的服务",
      "body": "<ol>\n<li>在&nbsp;<strong>配置身份服务</strong>窗口，点击&nbsp;<strong>测试登录</strong>.</li>\n<li>输入&nbsp;<strong>用户ID</strong>（电子邮件）和&nbsp;<strong>密码</strong>你已经创建了。</li>\n<li>点击<strong>登录</strong>.</li>\n<li>关闭&nbsp;<strong>配置身份服务</strong> &nbsp;将服务添加到您的应用程序的窗口。</li>\n</ol>"
    },
    "navigationBar": {
      "left": {
        "text": "上一个"
      },
      "right": {
        "text": "下一个"
      }
    }
  }
}