{
  "Tour.AddLoginServiceMob_v9": {
    "description": " यात्रा का विवरण"
  },
  "Hike.VoltMX.addLoginServiceV9": {
    "description": " वृद्धि का विवरण"
  },
  "Card.VoltMX.addLoginServiceV9.addActions": {
    "content": {
      "title": " क्रियाओं को कॉन्फ़िगर करें",
      "body": "<ol>\n<li> से<strong> एक्शन एडिटर</strong> कैनवास, अंडर<strong> सेवा को आमंत्रित करें: उपयोगकर्ता प्रमाणीकरण $ लॉगिन</strong> , चुनें<strong> सफलता</strong>.</li>\n<li> के बाएं मेनू से<strong> एक्शन एडिटर</strong> , के तहत<strong> सामान्य</strong> , चुनें<strong> फॉर्म पर नेविगेट करें</strong>.</li>\n<li> के &nbsp;दाएं&nbsp;फलक से<strong> एक्शन एडिटर</strong> फॉर्म का चयन करें<strong> frmखाता</strong>.</li>\n<li> क्लिक करें<strong> सहेजें</strong>.</li>\n</ol>"
    },
    "navigationBar": {
      "left": {
        "text": " पिछला"
      },
      "right": {
        "text": " अगला"
      }
    }
  },
  "Card.VoltMX.addLoginServiceV9.addMapping": {
    "content": {
      "title": " लॉग इन ऑपरेशन को मैप करें",
      "body": "<ol><li> के ऊपर दाईं ओर से<b> एक्शन एडिटर</b> विंडो, चुनें<strong> डिज़ाइन दृश्य</strong>.</li>\n<li> एक्शन एडिटर कैनवास में,&nbsp;चुनें&nbsp;<strong> सेवा को आमंत्रित करें: उपयोगकर्ता प्रमाणीकरण $ लॉगिन</strong>.</li>\n<li> के दाएँ फलक से<strong> एक्शन एडिटर</strong> , क्लिक करें<strong> ओपन मैपिंग एडिटर</strong>.<br /> The<strong> मानचित्रण संपादक</strong> विंडो कैनवास के दाएँ फलक में दिखाई देती है।</li>\n<li> के बाएँ फलक से&nbsp;<strong> मानचित्रण संपादक</strong> , विस्तृत करें&nbsp;<strong> प्रपत्र</strong> &gt;&nbsp;<strong> frmLogin</strong>.</li>\n<li> के दाएँ फलक से&nbsp;<strong> मानचित्रण संपादक</strong> , विस्तृत करें&nbsp;<strong> सेवाएं</strong> &gt;&nbsp;<strong> सेवा &ndash; उपयोगकर्ता प्रमाणीकरण$लॉगिन</strong>.</li>\n</ol>"
    },
    "navigationBar": {
      "left": {
        "text": " पिछला"
      },
      "right": {
        "text": " अगला"
      }
    }
  },
  "Card.VoltMX.addLoginServiceV9.addService": {
    "content": {
      "title": " लॉगिन बटन में सेवा जोड़ें",
      "body": "<ol>\n<li> से<strong> परियोजना</strong> एक्सप्लोरर, विस्तृत करें<strong> मोबाइल</strong> &gt;<strong> प्रपत्र</strong> और चुनें<strong> frmLogin</strong>.</li>\n<li> से<strong> डेटा &amp; सेवाएं</strong> पैनल, विस्तार करें<strong> परियोजना सेवाएं</strong> &gt;<strong> उपयोगकर्ता प्रमाणीकरण</strong> &nbsp;और चुनें<strong> लॉगिन</strong> ऑपरेशन।</li>\n<li> खींचें और छोड़ें<strong> lo</strong><strong> जिन</strong> पर ऑपरेशन<strong> लॉगिन</strong> कैनवास पर बटन।<br /> आईरिस को आपके ऐप में सेवा जोड़ने में कुछ समय लग सकता है।</li>\n<li> क्रियाओं की सूची से, चुनें<strong> क्रिया: ऑनक्लिक</strong>.<br /> The<strong> एक्शन एडिटर</strong> &nbsp;विंडो दिखाई देती है।</li>\n</ol>"
    },
    "navigationBar": {
      "left": {
        "text": " पिछला"
      },
      "right": {
        "text": " अगला"
      }
    }
  },
  "Card.VoltMX.addLoginServiceV9.addUser": {
    "content": {
      "title": " प्रमाणीकरण के लिए उपयोगकर्ता जोड़ें",
      "body": "<ol>\n<li> क्लिक करें&nbsp;<strong> उपयोगकर्ता जोड़ें</strong>.<br /> The<strong> उपयोगकर्ता जोड़ें&nbsp;</strong> विंडो प्रकट होती है।</li>\n<li> संबंधित क्षेत्रों में निम्नलिखित मान दर्ज करें:<ul>\n<li> ईमेल/उपयोगकर्ता नाम:<strong> john.doe@woodburn.com</strong></li>\n<li> पहला नाम:<strong> जॉन</strong></li>\n<li> अंतिम नाम:<strong> Doe</strong></li>\n<li> पासवर्ड:<strong> VoltMX@123</strong></li>\n<li> पासवर्ड दोबारा दर्ज करें:<strong> VoltMX@123</strong></li>\n<li> से&nbsp;<strong> समूह जोड़ें/चुनें</strong> ,&nbsp के लिए चेकबॉक्स सुनिश्चित करें;<strong> सदस्य</strong> ड्रॉप-डाउन से चुना गया है।</li>\n</ul></li>\n<li> क्लिक करें&nbsp;<strong> उपयोगकर्ता जोड़ें</strong>.</li>\n</ol>\n<p> एक उपयोगकर्ता को रिपॉजिटरी में जोड़ा जाता है।<br /> परीक्षण के लिए लॉगिन क्रेडेंशियल नोट करें।</p>"
    },
    "navigationBar": {
      "left": {
        "text": " पिछला"
      },
      "right": {
        "text": " अगला"
      }
    }
  },
  "Card.VoltMX.addLoginServiceV9.ConfigureLogout": {
    "content": {
      "title": " लॉगआउट पैरामीटर कॉन्फ़िगर करें",
      "body": "<ol>\n<li> आपके&nbsp;<strong> एक्शन एडिटर</strong> विंडो, चुनें&nbsp;<strong> डिज़ाइन दृश्य</strong>.</li>\n<li> के बाएँ मेनू से&nbsp;<strong> एक्शन एडिटर</strong> , अंडर&nbsp;<strong> नेटवर्क</strong> , चुनें&nbsp;<strong> सेवा का आह्वान करें</strong>.</li>\n<li>&nbsp;के दाएँ फलक में&nbsp;<strong> एक्शन एडिटर</strong> , से<strong> सेवा का चयन करें</strong> ड्रॉप डाउन, चुनें<strong> UserAuthentication$logout</strong>.</li>\n</ol>"
    },
    "navigationBar": {
      "left": {
        "text": " पिछला"
      },
      "right": {
        "text": " अगला"
      }
    }
  },
  "Card.VoltMX.addLoginServiceV9.ConfigureLogout1": {
    "content": {
      "title": " लॉगआउट पैरामीटर कॉन्फ़िगर करें",
      "body": "<ol>\n<li> एक्शन एडिटर कैनवास से, नीचे<strong> इनवोक सर्विस: UserAuthentication$logout</strong> ,&nbsp;क्लिक करें<strong> सफलता</strong>.</li>\n<li> के बाएँ मेनू से&nbsp;<strong> एक्शन एडिटर</strong> , अंडर&nbsp;<strong> सामान्य</strong> , चुनें&nbsp;<strong> &nbsp;फ़ॉर्म पर नेविगेट करें</strong>.</li>\n<li>&nbsp;के दाएँ फलक में&nbsp;<strong> एक्शन एडिटर</strong> , चुनें<strong> frmLogin</strong>.</li>\n<li> क्लिक करें&nbsp;<strong> सहेजें</strong>.</li>\n</ol>"
    },
    "navigationBar": {
      "left": {
        "text": " पिछला"
      },
      "right": {
        "text": " अगला"
      }
    }
  },
  "Card.VoltMX.addLoginServiceV9.createService": {
    "content": {
      "title": " पहचान सेवा बनाएं",
      "body": "<ol>\n<li> से<strong> डेटा &amp; सेवाएं</strong><strong> &nbsp;</strong> आपके कैनवास के शीर्ष दाईं ओर पैनल, विस्तृत करें&nbsp;<strong> परियोजना सेवाएं</strong>.</li>\n<li> क्लिक करें&nbsp;<strong> नया कॉन्फ़िगर करें</strong> पहले से पैक की गई सेवाओं की सूची प्राप्त करने के लिए।</li>\n<li> के अंतर्गत&nbsp;<strong> प्रमाणित करें</strong> श्रेणी, चुनें&nbsp;<strong> उपयोगकर्ता भंडार</strong>.<br /> The<strong> पहचान सेवा कॉन्फ़िगर करें</strong> &nbsp;विंडो दिखाई देती है।</li>\n<li> सेवा का नाम दर्ज करें<strong> उपयोगकर्ता प्रमाणीकरण</strong>.</li>\n<li> क्लिक करें&nbsp;<strong> सहेजें</strong>.</li>\n</ol>"
    },
    "navigationBar": {
      "left": {
        "text": " पिछला"
      },
      "right": {
        "text": " अगला"
      }
    }
  },
  "Card.VoltMX.addLoginServiceV9.deleteActions": {
    "content": {
      "title": " अवांछित क्रियाएं हटाएं",
      "body": "<ol>\n<li> से<strong> एक्शन एडिटर</strong> कैनवास, पर जाएं<strong> फॉर्म frmअकाउंट पर नेविगेट करें</strong> . राइट-क्लिक करें और चुनें<strong> हटाएं</strong> इस क्रिया के लिए।</li>\n<li> से<strong> एक्शन एडिटर</strong> कैनवास, नेविगेट करें<strong> सेवा को आमंत्रित करें: उपयोगकर्ता प्रमाणीकरण $ लॉगिन</strong> &gt;<strong> सफलता</strong> &gt;<strong> अलर्ट दिखाएं</strong> .&nbsp;राइट-क्लिक करें और चुनें<strong> हटाएं</strong> इस क्रिया के लिए।</li>\n</ol>"
    },
    "navigationBar": {
      "left": {
        "text": " पिछला"
      },
      "right": {
        "text": " अगला"
      }
    }
  },
  "Card.VoltMX.addLoginServiceV9.done": {
    "content": {
      "title": " बधाई",
      "body": "<p> आपने सफलतापूर्वक:</p>\n<ul>\n<li><strong> एक पहचान सेवा बनाई गई</strong></li>\n<li><strong> इसे लॉगिन फॉर्म के साथ एकीकृत करें</strong></li>\n</ul>\n<p><br /> बैक-एंड डेटा के लिए सेवाएं बनाने के लिए कार्यक्षमता जोड़ने के लिए, अगली वृद्धि देखें:<a class=\"tour-link\" tour=\"a7a762t5-3eac-44r5-8bu2-89b781n1\"><strong> 4. बैक-एंड डेटा मोबाइल के लिए सेवाएं बनाना</strong></a>.</p>"
    },
    "navigationBar": {
      "left": {
        "text": " पिछला"
      },
      "right": {
        "text": " हो गया"
      }
    }
  },
  "Card.VoltMX.addLoginServiceV9.Intro": {
    "content": {
      "title": " ऐप में प्रमाणीकरण जोड़ें",
      "body": "<p><strong> चलिए शुरू करते हैं!</strong><br /> इस वृद्धि में, हम करेंगे:</p>\n<ul>\n<li> एक पहचान सेवा को कॉन्फ़िगर करना सीखें</li>\n<li> किसी ऐप के UI तत्वों के लिए पहचान सेवा को मैप करें</li>\n</ul>\n<p> आरंभ करने से पहले, इन हाइक को पूरा करें:</p>\n<ol><b>\n<li><a class=\"tour-link\" tour=\"7408efte-e2aa-4cr8-a9ub-d7ba36n8\"> आयात और amp; एक मूल ऐप लॉन्च करें</a></li><li><a class=\"tour-link\" tour=\"a617eft5-7ca8-4ard-8eu8-94cdean5\"> संग्रह से UI बनाएं</a></li></b>\n</ol>\n<p> सुनिश्चित करें कि आपने वही प्रोजेक्ट खोला है जिसे आपने पिछली हाइक में बनाया था।<br /> एक बंद परियोजना को खोलने के लिए, मुख्य मेनू से, नेविगेट करें<strong> परियोजना</strong> &gt;<strong> खुला</strong> &gt;<strong> एचसीएल संदर्भ वास्तुकला</strong> &gt;<strong> प्राप्तकर्ताMobApp</strong>.<br /> <br /> <strong> जब आप तैयार हों, तो स्टार्ट पर क्लिक करें!</strong></p>"
    },
    "navigationBar": {
      "left": {
        "text": " पिछला"
      },
      "right": {
        "text": " प्रारंभ"
      }
    }
  },
  "Card.VoltMX.addLoginServiceV9.launch": {
    "content": {
      "title": " ऐप लॉन्च करें",
      "body": "<ol>\n<li> बाएं नेविगेशन बार से, क्लिक करें<strong> भागो</strong>.<br /> आइरिस को प्रदर्शित होने में कुछ समय लग सकता है<strong> लाइव पूर्वावलोकन तैयार है</strong> window.</li>\n<li> आइरिस द्वारा ऐप चलाने के बाद, आपके<strong> वोल्ट एमएक्स ऐप</strong> , क्लिक करें<strong> लॉन्च</strong>.</li>\n<li> आप एक देख सकते हैं<strong> आवेदन का नाम:</strong> टेक्स्ट बॉक्स। यदि कोई टेक्स्ट बॉक्स है, तो दर्ज करें<strong> प्राप्तकर्ताMobApp</strong> और फिर क्लिक करें<strong> लॉन्च</strong>.</li>\n</ol>"
    },
    "navigationBar": {
      "left": {
        "text": " पिछला"
      },
      "right": {
        "text": " अगला"
      }
    }
  },
  "Card.VoltMX.addLoginServiceV9.launch1": {
    "content": {
      "title": " ऐप चलाएँ",
      "body": "<p> पिछली बढ़ोतरी में, आप बिना किसी क्रेडेंशियल के खाता फॉर्म तक पहुंच सकते थे। अब ऐप लॉगइन क्रेडेंशियल मांगेगा।</p>\n<ol>\n<li> अपने ऐप में निम्नलिखित लॉगिन क्रेडेंशियल दर्ज करें:<ul>\n<li> उपयोगकर्ता नाम:<strong> john.doe@woodburn.com</strong></li>\n<li> पासवर्ड:<strong> वोल्टएमएक्स@123</strong></li>\n</ul></li>\n<li> क्लिक करें<strong> लॉगिन</strong>.<br /> The<strong> खातों की सूची</strong> प्रकट होता है।</li>\n<li> क्लिक करें&nbsp;<strong> लॉगआउट</strong> .&nbsp;<br /> द&nbsp;<strong> लॉगिन फॉर्म</strong> प्रकट होता है।</li>\n<li> To<strong> बाहर निकलें</strong> आपके ऐप पर<strong> मोबाइल</strong> डिवाइस, दो अंगुलियों को बाएं से दाएं स्वाइप करें या अपने<strong> मोबाइल</strong> डिवाइस और क्लिक करें<strong> ऐप से बाहर निकलें</strong>.</li>\n</ol>"
    },
    "navigationBar": {
      "left": {
        "text": " पिछला"
      },
      "right": {
        "text": " अगला"
      }
    }
  },
  "Card.VoltMX.addLoginServiceV9.Logout": {
    "content": {
      "title": " UI के लिए मानचित्र लॉगआउट पैरामीटर",
      "body": "<ol>\n<li> से&nbsp;<strong> प्रोजेक्ट&nbsp;</strong> एक्सप्लोरर, विस्तृत करें&nbsp;<b> मोबाइल</b> &gt;<b> प्रपत्र</b> > <strong> frmखाता</strong> > <b> flexAccountList</b> &gt;<b> flexHeader</b> और चुनें<strong> हैडरबटनराइट</strong>.</li>\n<li> से<strong> गुण</strong> पैनल, पर नेविगेट करें<strong> क्रिया</strong> टैब।</li>\n<li> के लिए<strong> ऑनक्लिक</strong> घटना, क्लिक करें<strong> संपादित करें</strong>.<br /> The<strong> एक्शन एडिटर</strong> विंडो प्रकट होती है।</li>\n</ol>"
    },
    "navigationBar": {
      "left": {
        "text": " पिछला"
      },
      "right": {
        "text": " अगला"
      }
    }
  },
  "Card.VoltMX.addLoginServiceV9.mapping": {
    "content": {
      "title": " मानचित्र उपयोगकर्ता नाम और पासवर्ड",
      "body": "<p> निम्नलिखित तत्वों को बाएँ फलक से दाएँ फलक में मैप करें:</p>\n<ul>\n<li> बाएँ फलक से, विस्तृत करें<strong> TextField &ndash; txtउपयोगकर्ता नाम</strong> और चुनें<strong> टेक्स्ट {स्ट्रिंग}</strong> . दाएँ फलक से, चुनें<strong> उपयोगकर्ता आईडी {स्ट्रिंग}</strong></li>\n<li> बाएँ फलक से, विस्तृत करें<strong> टेक्स्टफ़ील्ड &ndash; txtपासवर्ड</strong> और चुनें<strong> टेक्स्ट {स्ट्रिंग}</strong> . दाएँ फलक से, चुनें<strong> पासवर्ड {स्ट्रिंग}</strong></li>\n</ul>"
    },
    "navigationBar": {
      "left": {
        "text": " पिछला"
      },
      "right": {
        "text": " अगला"
      }
    }
  },
  "Card.VoltMX.addLoginServiceV9.openApp": {
    "content": {
      "title": " वोल्ट एमएक्स ऐप",
      "body": "<ol>\n<li> USB केबल का उपयोग करके अपने मोबाइल डिवाइस को अपने कंप्यूटर से कनेक्ट करें।<br /> Android मोबाइल उपकरणों के लिए, सुनिश्चित करें कि USB का उपयोग इस प्रकार सेट है<strong> फ़ाइलें स्थानांतरित करें</strong>.<br /> आईओएस मोबाइल उपकरणों के लिए, सुनिश्चित करें कि &nbsp;<strong> विश्वास</strong> आपके डिवाइस और आपके कंप्यूटर के बीच स्थापित किया गया है।</li>\n<li> लॉन्च करें<strong> वोल्ट एमएक्स ऐप</strong> आपके मोबाइल डिवाइस पर।</li>\n<li> चुनें<strong> यूएसबी</strong> टैब।<br/> एक सफल कनेक्शन पर,<strong> आइरिस</strong> आपके कंप्यूटर पर एक सफलता संकेत दिखाता है।</li>\n</ol>"
    },
    "navigationBar": {
      "left": {
        "text": " पिछला"
      },
      "right": {
        "text": " अगला"
      }
    }
  },
  "Card.VoltMX.addLoginServiceV9.TestLogin": {
    "content": {
      "title": " अपने ऐप की सेवा का परीक्षण करें",
      "body": "<ol>\n<li> पर&nbsp;<strong> पहचान सेवा कॉन्फ़िगर करें</strong> विंडो, क्लिक करें&nbsp;<strong> परीक्षण लॉगिन</strong>.</li>\n<li> दर्ज करें&nbsp;<strong> यूजर आईडी</strong> (ईमेल) और&nbsp;<strong> पासवर्ड</strong> आपने बनाया है।</li>\n<li> क्लिक करें&nbsp;<strong> साइन इन करें</strong>.</li>\n<li> बंद करें&nbsp;<strong> पहचान सेवा कॉन्फ़िगर करें</strong> &nbsp;आपके आवेदन में सेवा जोड़ने के लिए विंडो।</li>\n</ol>"
    },
    "navigationBar": {
      "left": {
        "text": " पिछला"
      },
      "right": {
        "text": " अगला"
      }
    }
  }
}