{
    "kuid": "ab595ft2-6ba3-4fr1-9fub-3bb490n4",
    "id": "kony.EditPayeeMobile_v9.navEdit1",
    "content": {
        "title": "Navigating to the Edit Recipients Screen",
        "body": "<ol>\n<li>From the left menu of the <strong>Action Editor</strong>, under the <strong>General </strong>section, select <strong>Navigate to Form</strong>.</li>\n<li>From the right pane, select <strong>frmEditRecipient</strong> and then select <strong>Pass data with navigation</strong>.</li>\n<li>From the right pane, expand <strong>Forms </strong>&gt;<strong> frmDetails </strong>&gt;<strong> Label - lblRecipientIDValue</strong>, and select <strong>text {string}</strong>.</li>\n<li>Click <strong>Save</strong>.</li>\n</ol>"
    },
    "pointer": {
        "direction": "left",
        "element": {
            "module": "actioneditor",
            "itemType": "ae-action-type",
            "info": {
                "actionType": "Navigate to Form"
            }
        },
        "type": "default"
    },
    "navigationType": "manual",
    "navigationBar": {
        "left": {
            "text": "Previous",
            "enable": true,
            "hide": false
        },
        "right": {
            "text": "Next",
            "enable": true,
            "hide": false
        }
    },
    "navigationCondition": "",
    "position": "BOTTOM_RIGHT",
    "meta": {
        "Creator": "Rashmi Menon",
        "CreatedOn": "Fri, 28 Feb 2020 12:18:42 GMT"
    },
    "context": []
}