{
  "Tour.AddAuthenticationtoyourapp_v9": {
    "description": "向您的应用程序添加身份验证"
  },
  "Hike.VoltMX.AuthApp": {
    "description": "向应用程序添加身份验证"
  },
  "Card.VoltMX.AuthApp.AddUser": {
    "content": {
      "title": "将用户添加到存储库",
      "body": "<ol>\n<li>点击<strong>添加用户</strong>.<br /><strong>添加用户</strong>窗口出现。</li>\n<li>在相应字段中输入以下值：<ul>\n<li>电子邮件/用户名：<strong> &nbsp;john.doe@woodburn.com</strong></li>\n<li>名字：<strong>&nbsp;约翰</strong></li>\n<li>姓氏：<strong> &nbsp;Doe</strong></li>\n<li>密码：<strong>VoltMX@123</strong></li>\n<li>重新输入密码：<strong>VoltMX@123</strong></li>\n<li>输入电话号码是可选的</li>\n<li>来自<strong>添加/选择组</strong> ，确保复选框<strong>成员</strong>从下拉列表中选择。</li>\n</ul>\n</li>\n<li>点击<strong>添加用户</strong>.</li>\n</ol>\n<p>一个用户被添加到存储库。<br />注意<strong>登录</strong>测试凭证。</p>"
    },
    "navigationBar": {
      "left": {
        "text": "上一个"
      },
      "right": {
        "text": "下一个"
      }
    }
  },
  "Card.VoltMX.AuthApp.ConfigureActions": {
    "content": {
      "title": "配置新动作",
      "body": "<ol>\n<li>来自<strong>动作编辑器</strong>画布下<strong>调用服务：UserAuthentication$login</strong>选择<strong>成功</strong>.</li>\n<li>从左侧菜单<strong>动作编辑器</strong> , 在<strong>一般</strong>部分，选择<strong>导航到表单</strong>.</li>\n<li>从右侧窗格<strong>动作编辑器</strong>，选择<strong>frmAccount</strong>.</li>\n<li>点击<strong>保存</strong>.</li>\n</ol>"
    },
    "navigationBar": {
      "left": {
        "text": "上一个"
      },
      "right": {
        "text": "下一个"
      }
    }
  },
  "Card.VoltMX.AuthApp.ConfigureLogout": {
    "content": {
      "title": "配置注销参数",
      "body": "<ol>\n<li>从右上角<strong>动作编辑器</strong>窗口，选择<strong>设计视图</strong>.</li>\n<li>从左侧菜单<strong>动作编辑器</strong> , 在<strong>网络</strong>部分，选择<strong>调用服务</strong>.</li>\n<li>在右侧窗格中<strong>动作编辑器</strong> , 从<strong>选择服务</strong>下拉，选择<strong>UserAuthentication$注销</strong>.</li>\n</ol>"
    },
    "navigationBar": {
      "left": {
        "text": "上一个"
      },
      "right": {
        "text": "下一个"
      }
    }
  },
  "Card.VoltMX.AuthApp.ConfigureLogout_1": {
    "content": {
      "title": "配置注销参数",
      "body": "<ol>\n<li>从动作编辑器画布，在<strong>调用服务：UserAuthentication$logout</strong>,&nbsp;点击<strong>成功</strong>.</li>\n<li>从左侧菜单<strong>动作编辑器</strong> , 在<strong>一般</strong>部分，选择<strong>导航到表单</strong>.</li>\n<li>从右侧窗格<strong>动作编辑器</strong>，选择<strong>frmLogin</strong>.</li>\n<li>点击<strong>保存</strong>.</li>\n</ol>"
    },
    "navigationBar": {
      "left": {
        "text": "上一个"
      },
      "right": {
        "text": "下一个"
      }
    }
  },
  "Card.VoltMX.AuthApp.Congrats": {
    "content": {
      "title": "运行应用程序",
      "body": "<ol>\n<li>从 Iris 的左侧导航栏中，单击<b>运行</b>.</li><li>在之前的徒步旅行中，您无需任何凭据即可访问帐户表单。现在该应用程序将要求提供登录凭据。<br />在您的应用中输入以下登录凭据：<ul>\n<li>用户名：<strong>john.doe@woodburn.com</strong></li>\n<li>密码：<strong>VoltMX@123</strong></li>\n</ul></li>\n<li>点击<strong>登录</strong>.<br /><b>账户列表</b>出现。</li>\n<li>点击<b>注销</b>. <br /><b>登录表单</b>出现。</li>\n</ol>"
    },
    "navigationBar": {
      "left": {
        "text": "上一个"
      },
      "right": {
        "text": "下一个"
      }
    }
  },
  "Card.VoltMX.AuthApp.CreateRepository": {
    "content": {
      "title": "创建用户存储库",
      "body": "<ol>\n<li>来自&nbsp;<strong>数据&amp;服务</strong>画布右上角的面板，展开&nbsp;<strong>项目服务</strong>.</li>\n<li>点击<strong>配置新</strong>获取预先打包的服务列表。</li>\n<li>根据&nbsp;<strong>验证</strong>类别，选择&nbsp;<strong>用户存储库</strong>.<br /><strong>配置身份服务</strong> &nbsp;窗口出现。</li>\n<li>输入服务名称<strong>用户身份验证</strong>.</li>\n<li>点击<strong>保存</strong>.</li>\n</ol>"
    },
    "navigationBar": {
      "left": {
        "text": "上一个"
      },
      "right": {
        "text": "下一个"
      }
    }
  },
  "Card.VoltMX.AuthApp.DeleteUnwanted": {
    "content": {
      "title": "删除不需要的操作",
      "body": "<ol>\n<li>从右上角<strong>动作编辑器</strong>窗口，选择&nbsp;<strong>设计视图</strong>.</li>\n<li>来自<strong>动作编辑器</strong>画布，导航到<strong>导航到表单：frmAccount</strong>。右键单击并选择<strong>删除</strong>对于此操作。</li>\n<li>来自<strong>动作编辑器</strong>画布，导航到<strong>调用服务：UserAuthentication$login</strong>&gt;<strong>成功</strong>&gt;<strong>显示警报</strong>。右键单击并选择<strong>删除</strong>对于此操作。</li>\n</ol>"
    },
    "navigationBar": {
      "left": {
        "text": "上一个"
      },
      "right": {
        "text": "下一个"
      }
    }
  },
  "Card.VoltMX.AuthApp.done": {
    "content": {
      "title": " 恭喜",
      "body": "<p>您已成功：</p>\n<ul>\n<li><strong>创建身份服务</strong></li>\n<li><strong>将身份服务与登录表单集成</strong></li>\n</ul>\n<p><br />要了解如何创建后端服务并将它们链接到应用程序，请查看下一次加息：<a class=\"tour-link\" tour=\"a851b9t8-75a9-4ara-88ud-946004n9\"><strong> 4.为后端数据Web创建服务</strong></a>.</p>"
    },
    "navigationBar": {
      "left": {
        "text": "上一个"
      },
      "right": {
        "text": "完成"
      }
    }
  },
  "Card.VoltMX.AuthApp.Intro": {
    "content": {
      "title": "向应用程序添加身份验证",
      "body": "<p><strong>让我们开始吧！</strong><br />在这次徒步旅行中，我们将：</p>\n<ul>\n<li>学习配置身份服务</li>\n<li>将身份服务映射到应用程序的 UI 元素</li>\n</ul>\n<p>在开始之前，完成以下远足：</p>\n<ol><b>\n<li><a class=\"tour-link\" tour=\"5a3913t0-aba2-46rc-adub-832833n2\"> 进口 &amp;启动 Web 应用程序</a></li><li><a class=\"tour-link\" tour=\"220f01t3-bda6-40r0-92uf-56631bnb\">从集合创建用户界面</a></li></b>\n</ol>\n<p>确保您打开在之前的徒步旅行中创建的相同项目。<br />要打开一个关闭的项目，从主菜单，导航到<strong>项目</strong>&gt;<strong>打开</strong>&gt;<strong>HCL 参考架构</strong>&gt;<strong>RecipientsWebApp</strong>.</p>\n<p><strong>准备好后，单击开始！</strong></p>"
    },
    "navigationBar": {
      "left": {
        "text": "上一个"
      },
      "right": {
        "text": "开始"
      }
    }
  },
  "Card.VoltMX.AuthApp.MappingEditor": {
    "content": {
      "title": "将登录参数映射到 UI",
      "body": "<ol>\n<li>从动作编辑器画布中，右键单击<strong>调用服务：UserAuthentication$login</strong> ，然后选择&nbsp;<strong>打开映射编辑器</strong>.<br />映射编辑器出现在画布的右窗格中。</li>\n<li>从左侧窗格<strong>映射编辑器</strong>，展开<strong>表格</strong>&gt;<strong>frmLogin</strong>.</li>\n<li>从右侧窗格<strong>映射编辑器</strong>，展开<strong>服务</strong>&gt;<strong>服务用户身份验证$登录</strong>.</li>\n</ol>"
    },
    "navigationBar": {
      "left": {
        "text": "上一个"
      },
      "right": {
        "text": "下一个"
      }
    }
  },
  "Card.VoltMX.AuthApp.MappingLogout": {
    "content": {
      "title": "将注销参数映射到 UI",
      "body": "<ol>\n<li>来自<strong>项目</strong>资源管理器，展开<strong>响应式网页/桌面</strong>&gt;<strong>表格</strong>&gt;<strong>frmAccount</strong>&gt;<strong>flxAccountList</strong>&gt;<strong>flxHeader</strong>然后选择<strong>flxUserLogout</strong>.</li>\n<li>来自<strong>属性</strong>&nbsp;面板，导航到<strong>动作</strong>标签。</li>\n<li>对于<strong>点击</strong>事件，点击<strong>编辑</strong>.<br /><strong>动作编辑器</strong>窗口出现。</li>\n</ol>"
    },
    "navigationBar": {
      "left": {
        "text": "上一个"
      },
      "right": {
        "text": "下一个"
      }
    }
  },
  "Card.VoltMX.AuthApp.MappingLogout_1": {
    "content": {
      "title": "将注销参数映射到 UI",
      "body": "<ol>\n<li>来自<strong>项目</strong>资源管理器，展开<strong>响应式网页/桌面</strong>&gt;<strong>表格</strong>&gt;<strong>frmRecipients</strong>&gt;<strong>flxRecipientList</strong>&gt;<strong>flxHeader</strong>然后选择<strong>flxUserLogout</strong>.</li>\n<li>来自<strong>属性</strong>&nbsp;面板，导航到<strong>动作</strong>标签。</li>\n<li>对于<strong>点击</strong>事件，点击<strong>编辑</strong>.<br /><strong>动作编辑器</strong>窗口出现。</li>\n</ol>"
    },
    "navigationBar": {
      "left": {
        "text": "上一个"
      },
      "right": {
        "text": "下一个"
      }
    }
  },
  "Card.VoltMX.AuthApp.mappingV9": {
    "content": {
      "title": "映射用户名和密码",
      "body": "<p>将以下元素从左窗格映射到右窗格：</p><ul>\n<li>从左窗格中，展开<strong>TextField &ndash;用户名</strong>并选择<strong>文本{字符串}</strong>.<br />从右侧窗格中，选择<strong> 用户 ID {string}</strong>.</li>\n<li>从左窗格中，展开<strong>TextField &ndash; txt密码</strong>并选择<strong>文本{字符串}</strong>.<br />从右侧窗格中，选择<strong>密码{字符串}</strong>.</li>\n</ul>"
    },
    "navigationBar": {
      "left": {
        "text": "上一个"
      },
      "right": {
        "text": "下一个"
      }
    }
  },
  "Card.VoltMX.AuthApp.SelectLogin": {
    "content": {
      "title": "映射登录操作",
      "body": "<ol>\n<li>从项目资源管理器中，展开<strong>响应式网页/桌面</strong>&gt;<strong>表格</strong>并选择<strong>frmLogin</strong>.</li>\n<li>来自<strong>数据&amp;服务</strong>面板，展开<strong>项目服务</strong>&gt;<strong>用户身份验证</strong>&nbsp;并选择<strong>登录</strong>.</li>\n<li>拖动<strong>登录</strong>对<strong>登录</strong>按钮<strong>frmLogin</strong>在画布上。<br />Iris 将服务添加到您的应用程序可能需要一些时间。</li>\n<li>从操作列表中，选择<strong>动作：onClick</strong>.<br /><strong>动作编辑器</strong>窗口出现。</li>\n</ol>"
    },
    "navigationBar": {
      "left": {
        "text": "上一个"
      },
      "right": {
        "text": "下一个"
      }
    }
  },
  "Card.VoltMX.AuthApp.TestCreds": {
    "content": {
      "title": "测试登录凭据",
      "body": "<ol>\n<li>在&nbsp;<strong>配置身份服务</strong>窗口，点击&nbsp;<strong>测试登录</strong>.</li>\n<li>输入&nbsp;<strong>用户ID</strong>（电子邮件）和&nbsp;<strong>密码</strong>您创建的用户。</li>\n<li>点击<strong>登录</strong>.<br /><strong>身份响应</strong>选项卡出现。</li>\n<li>关闭&nbsp;<strong>配置身份服务</strong>&nbsp;窗口。</li>\n</ol>\n<p>Iris 可能需要一些时间将身份服务添加到<strong>项目服务</strong>部分。</p>"
    },
    "navigationBar": {
      "left": {
        "text": "上一个"
      },
      "right": {
        "text": "下一个"
      }
    }
  }
}