{
  "Tour.IntroductiontoNFIV9": {
    "description": "旅遊描述"
  },
  "Hike.VoltMX.IntroductiontoNFIV9": {
    "description": "徒步說明"
  },
  "Card.VoltMX.IntroductiontoNFIV9.addCode": {
    "content": {
      "title": "向控制器添加代碼",
      "body": "<ol>\n<li> 下載實現 NFI 的代碼<a href='#'onClick='javascript:openURL(\"https://github.com/HCL-TECH-SOFTWARE/volt-mx-tutorials/raw/master/public/samples/NFIpositioncode.zip\")'>這裡</a>.</li>\n<li>打開下載的文件並複制其內容。</li>\n<li>來自<strong>項目</strong>資源管理器，導航到<strong>手機</strong>&gt;<strong>控制器</strong>.</li>\n<li>選擇<strong>設備設置控制器</strong>.<br />文件在畫布上以編輯模式打開。</li>\n<li>輸入複製的代碼<strong>設備設置控制器</strong>.</li><li>從主菜單，導航到<b>項目</b>並選擇<b>全部保存</b>.</li>\n</ol>"
    },
    "navigationBar": {
      "left": {
        "text": "上一個"
      },
      "right": {
        "text": "下一個"
      }
    }
  },
  "Card.VoltMX.IntroductiontoNFIV9.addUi": {
    "content": {
      "title": "添加按鈕小部件",
      "body": "<ol>\n<li>從 Iris 的左下角，導航到<strong>默認庫</strong>然後單擊搜索圖標。在搜索欄中，輸入<strong>按鈕</strong>.</li>\n<li>從結果中，選擇<strong>按鈕</strong> ，然後將小部件放到<strong>設備設置</strong>在畫布中形成。</li>\n<li>從虹膜的左上角，在<strong>項目</strong>資源管理器，展開<strong>手機</strong>&gt;<strong>表格</strong>&gt;<strong>設備設置。</strong></li>\n<li>右鍵單擊新按鈕小部件並重命名按鈕<strong>btnSettings</strong>.</li>\n</ol>"
    },
    "navigationBar": {
      "left": {
        "text": "上一個"
      },
      "right": {
        "text": "下一個"
      }
    }
  },
  "Card.VoltMX.IntroductiontoNFIV9.addUI2": {
    "content": {
      "title": "設計按鈕小部件",
      "body": "<ol>\n<li>從 Iris 的右上角，在<strong>屬性</strong>面板，點擊<strong>看</strong></li>\n<li>修改以下屬性的值：<ul>\n<li> 在<strong>外觀</strong>部分，<strong>文本：訪問設備設置</strong></li>\n<li> 在<strong>彈性</strong>部分，<strong>中心X：50</strong>%</li>\n<li> 在<strong>彈性</strong>部分，<strong>中心Y</strong>: <strong>50</strong>%</li>\n</ul>\n</li>\n</ol>"
    },
    "navigationBar": {
      "left": {
        "text": "上一個"
      },
      "right": {
        "text": "下一個"
      }
    }
  },
  "Card.VoltMX.IntroductiontoNFIV9.eventCode": {
    "content": {
      "title": "將代碼鏈接到 UI 元素",
      "body": "<ol>\n<li>來自<strong>項目</strong>資源管理器，導航到<strong>手機</strong>&gt;<strong>表格</strong> > <b>設備設置</b>並選擇<strong>btnSettings</strong>.</li>\n<li>在畫布上，選擇按鈕。</li>\n<li>來自<strong>屬性面板</strong>導航到<strong>行動</strong>選項卡。</li>\n<li> 在<strong>一般</strong>部分，用於<strong>點擊</strong>事件，點擊<strong>編輯</strong>.<br/><b>動作編輯器</b>窗口出現。</li>\n</ol>"
    },
    "navigationBar": {
      "left": {
        "text": "上一個"
      },
      "right": {
        "text": "下一個"
      }
    }
  },
  "Card.VoltMX.IntroductiontoNFIV9.eventCode1": {
    "content": {
      "title": "將代碼鏈接到 UI 元素",
      "body": "<ol>\n<li>來自<strong>動作編輯器</strong>左側菜單，在<strong>功能</strong>部分，選擇<strong>調用函數</strong>.</li>\n<li>從右側窗格<strong>動作編輯器</strong> ，用於下拉<strong>函數名稱</strong>，選擇<strong>openDeviceSettings</strong>.</li>\n<li>點擊<strong>保存</strong>.</li>\n</ol>"
    },
    "navigationBar": {
      "left": {
        "text": "上一個"
      },
      "right": {
        "text": "下一個"
      }
    }
  },
  "Card.VoltMX.IntroductiontoNFIV9.Intro": {
    "content": {
      "title": "NFI簡介",
      "body": "<p><strong>本機功能接口（NFI）</strong>是 JavaScript 包裝器，可幫助應用程序開發人員在 Volt MX Iris 中實現 Android 或 iOS 特定功能。</p>\n<p>在這次徒步旅行中，使用 Android 特定的 NFI，您將能夠從應用程序訪問 Android 設備上的設備設置。</p>"
    },
    "navigationBar": {
      "left": {
        "text": "上一個"
      },
      "right": {
        "text": "開始"
      }
    }
  },
  "Card.VoltMX.IntroductiontoNFIV9.Intro1": {
    "content": {
      "title": "NFI簡介",
      "body": "<p><strong>讓我們開始吧！</strong></p>\n<p>在這次徒步旅行中，我們將：</p>\n<ul>\n<li>配置從使用 Volt MX Iris 的應用程序訪問 Android 設備上的設備設置所需的 Android Native Function API。</li>\n<li>在表單控制器中添加代碼以訪問設備設置</li>\n<li>構建、發布和查看應用程序。</li>\n</ul>\n<p><strong>準備好後，點擊下一步！</strong></p>"
    },
    "navigationBar": {
      "left": {
        "text": "上一個"
      },
      "right": {
        "text": "下一個"
      }
    }
  },
  "Card.VoltMX.IntroductiontoNFIV9.last": {
    "content": {
      "title": " 恭喜",
      "body": "<p>您已成功：</p>\n<ul><b>\n<li>將用於訪問 Android 設備上的設備設置的 Android NFI 添加到項目。</li>\n<li>添加了調用Android NFI的代碼。</li>\n<li>在 Android 設備上構建和查看應用程序。</li></b>\n</ul>\n\n<p>您也可以參考 NFI 的文檔<a href='#'onClick='javascript:openURL(\"https://opensource.hcltechsw.com/volt-mx-docs/docs/documentation/Iris/iris_nf_api_dev_guide/content/native_function.html\")'>這裡</a>.</p>"
    },
    "navigationBar": {
      "left": {
        "text": "上一個"
      },
      "right": {
        "text": "完成"
      }
    }
  },
  "Card.VoltMX.IntroductiontoNFIV9.NewProject1": {
    "content": {
      "title": "創建一個新項目",
      "body": "<ol>\n<li>導航到<strong>項目</strong>&gt;<strong>新項目</strong>.</li>\n<li>來自<strong> 你現在想從什麼開始？</strong>窗口，選擇<strong>本機應用程序</strong>.</li>\n<li>點擊<strong>下一個</strong>.<br/><b>您從本機應用程序開始</b>窗口打開。</li>\n</ol>"
    },
    "navigationBar": {
      "left": {
        "text": "上一個"
      },
      "right": {
        "text": "下一個"
      }
    }
  },
  "Card.VoltMX.IntroductiontoNFIV9.NewProject2": {
    "content": {
      "title": "創建一個新項目",
      "body": "<ol>\n<li>下<strong>項目名稱</strong>，輸入<strong>我的設備設置</strong>.</li>\n<li>點擊<strong>創建</strong>.<br />使用一個 flex 表單創建了一個新應用程序。<br />應用程序在<strong>故事板</strong>查看。</li>\n</ol>"
    },
    "navigationBar": {
      "left": {
        "text": "上一個"
      },
      "right": {
        "text": "下一個"
      }
    }
  },
  "Card.VoltMX.IntroductiontoNFIV9.openApp": {
    "content": {
      "title": "連接您的移動設備",
      "body": "<ol>\n<li>使用 USB 數據線將您的 Android 移動設備連接到您的計算機。<br />確保USB的使用設置為<strong>轉移</strong> <strong>文件</strong>.</li>\n</ol>"
    },
    "navigationBar": {
      "left": {
        "text": "上一個"
      },
      "right": {
        "text": "下一個"
      }
    }
  },
  "Card.VoltMX.IntroductiontoNFIV9.publish": {
    "content": {
      "title": "發布應用",
      "body": "<ol>\n<li>從主菜單，導航到<strong>構建</strong>.</li>\n<li>點擊<strong>構建和發布本機</strong>.<br /><strong>構建和發布本機</strong>窗口出現。</li>\n</ol>"
    },
    "navigationBar": {
      "left": {
        "text": "上一個"
      },
      "right": {
        "text": "下一個"
      }
    }
  },
  "Card.VoltMX.IntroductiontoNFIV9.publish1": {
    "content": {
      "title": "發布應用",
      "body": "<ol>\n<li>來自<strong>構建後操作</strong>下拉菜單，選擇<strong>在我的設備上運行</strong>.</li>\n<li>來自<strong>配置的設備</strong>部分，下<strong>手機</strong> ，選擇您的手機。</li>\n<li>來自<strong>構建模式</strong>下拉菜單，選擇<strong>調試</strong>.</li>\n<li>點擊<strong>構建</strong>.</li>\n</ol>\n<p>Iris 構建和啟動應用程序可能需要幾分鐘時間。</p>"
    },
    "navigationBar": {
      "left": {
        "text": "上一個"
      },
      "right": {
        "text": "下一個"
      }
    }
  },
  "Card.VoltMX.IntroductiontoNFIV9.rename": {
    "content": {
      "title": "重命名表單",
      "body": "<ol>\n<li>在<strong>故事板</strong>查看，在新表單上方，單擊<strong>Form1</strong>.</li>\n<li>重命名表單<strong>設備設置</strong>.</li>\n<li>要向表單添加小部件，請雙擊表單以在<strong>設計</strong>查看。</li>\n</ol>"
    },
    "navigationBar": {
      "left": {
        "text": "上一個"
      },
      "right": {
        "text": "下一個"
      }
    }
  },
  "Card.VoltMX.IntroductiontoNFIV9.view": {
    "content": {
      "title": "查看應用",
      "body": "<ol>\n<li>在您的移動設備上，成功啟動後，<strong>Volt MX JavaScript 調試器配置</strong>窗口出現。<br />點擊<strong>取消</strong>.</li>\n<li>點擊<strong>訪問設備設置</strong>.<br /><strong>設置</strong>應用程序<b>手機</b>設備打開。</li>\n</ol>"
    },
    "navigationBar": {
      "left": {
        "text": "上一個"
      },
      "right": {
        "text": "下一個"
      }
    }
  }
}