{
  "Tour.IntroductiontoNFIV9": {
    "description": "旅游描述"
  },
  "Hike.VoltMX.IntroductiontoNFIV9": {
    "description": "徒步说明"
  },
  "Card.VoltMX.IntroductiontoNFIV9.addCode": {
    "content": {
      "title": "向控制器添加代码",
      "body": "<ol>\n<li> 下载实现 NFI 的代码<a href='#'onClick='javascript:openURL(\"https://github.com/HCL-TECH-SOFTWARE/volt-mx-tutorials/raw/master/public/samples/NFIpositioncode.zip\")'>这里</a>.</li>\n<li>打开下载的文件并复制其内容。</li>\n<li>来自<strong>项目</strong>资源管理器，导航到<strong>手机</strong>&gt;<strong>控制器</strong>.</li>\n<li>选择<strong>设备设置控制器</strong>.<br />文件在画布上以编辑模式打开。</li>\n<li>输入复制的代码<strong>设备设置控制器</strong>.</li><li>从主菜单，导航到<b>项目</b>并选择<b>全部保存</b>.</li>\n</ol>"
    },
    "navigationBar": {
      "left": {
        "text": "上一个"
      },
      "right": {
        "text": "下一个"
      }
    }
  },
  "Card.VoltMX.IntroductiontoNFIV9.addUi": {
    "content": {
      "title": "添加按钮小部件",
      "body": "<ol>\n<li>从 Iris 的左下角，导航到<strong>默认库</strong>然后单击搜索图标。在搜索栏中，输入<strong>按钮</strong>.</li>\n<li>从结果中，选择<strong>按钮</strong> ，然后将小部件放到<strong>设备设置</strong>在画布中形成。</li>\n<li>从虹膜的左上角，在<strong>项目</strong>资源管理器，展开<strong>手机</strong>&gt;<strong>表格</strong>&gt;<strong>设备设置。</strong></li>\n<li>右键单击新按钮小部件并重命名按钮<strong>btnSettings</strong>.</li>\n</ol>"
    },
    "navigationBar": {
      "left": {
        "text": "上一个"
      },
      "right": {
        "text": "下一个"
      }
    }
  },
  "Card.VoltMX.IntroductiontoNFIV9.addUI2": {
    "content": {
      "title": "设计按钮小部件",
      "body": "<ol>\n<li>从 Iris 的右上角，在<strong>属性</strong>面板，点击<strong>看</strong></li>\n<li>修改以下属性的值：<ul>\n<li> 在<strong>外观</strong>部分，<strong>文本：访问设备设置</strong></li>\n<li> 在<strong>弹性</strong>部分，<strong>中心X：50</strong>%</li>\n<li> 在<strong>弹性</strong>部分，<strong>中心Y</strong>: <strong>50</strong>%</li>\n</ul>\n</li>\n</ol>"
    },
    "navigationBar": {
      "left": {
        "text": "上一个"
      },
      "right": {
        "text": "下一个"
      }
    }
  },
  "Card.VoltMX.IntroductiontoNFIV9.eventCode": {
    "content": {
      "title": "将代码链接到 UI 元素",
      "body": "<ol>\n<li>来自<strong>项目</strong>资源管理器，导航到<strong>手机</strong>&gt;<strong>表格</strong> > <b>设备设置</b>并选择<strong>btnSettings</strong>.</li>\n<li>在画布上，选择按钮。</li>\n<li>来自<strong>属性面板</strong>导航到<strong>行动</strong>选项卡。</li>\n<li> 在<strong>一般</strong>部分，用于<strong>点击</strong>事件，点击<strong>编辑</strong>.<br/><b>动作编辑器</b>窗口出现。</li>\n</ol>"
    },
    "navigationBar": {
      "left": {
        "text": "上一个"
      },
      "right": {
        "text": "下一个"
      }
    }
  },
  "Card.VoltMX.IntroductiontoNFIV9.eventCode1": {
    "content": {
      "title": "将代码链接到 UI 元素",
      "body": "<ol>\n<li>来自<strong>动作编辑器</strong>左侧菜单，在<strong>功能</strong>部分，选择<strong>调用函数</strong>.</li>\n<li>从右侧窗格<strong>动作编辑器</strong> ，用于下拉<strong>函数名称</strong>，选择<strong>openDeviceSettings</strong>.</li>\n<li>点击<strong>保存</strong>.</li>\n</ol>"
    },
    "navigationBar": {
      "left": {
        "text": "上一个"
      },
      "right": {
        "text": "下一个"
      }
    }
  },
  "Card.VoltMX.IntroductiontoNFIV9.Intro": {
    "content": {
      "title": "NFI简介",
      "body": "<p><strong>本机功能接口（NFI）</strong>是 JavaScript 包装器，可帮助应用程序开发人员在 Volt MX Iris 中实现 Android 或 iOS 特定功能。</p>\n<p>在这次徒步旅行中，使用 Android 特定的 NFI，您将能够从应用程序访问 Android 设备上的设备设置。</p>"
    },
    "navigationBar": {
      "left": {
        "text": "上一个"
      },
      "right": {
        "text": "开始"
      }
    }
  },
  "Card.VoltMX.IntroductiontoNFIV9.Intro1": {
    "content": {
      "title": "NFI简介",
      "body": "<p><strong>让我们开始吧！</strong></p>\n<p>在这次徒步旅行中，我们将：</p>\n<ul>\n<li>配置从使用 Volt MX Iris 的应用程序访问 Android 设备上的设备设置所需的 Android Native Function API。</li>\n<li>在表单控制器中添加代码以访问设备设置</li>\n<li>构建、发布和查看应用程序。</li>\n</ul>\n<p><strong>准备好后，点击下一步！</strong></p>"
    },
    "navigationBar": {
      "left": {
        "text": "上一个"
      },
      "right": {
        "text": "下一个"
      }
    }
  },
  "Card.VoltMX.IntroductiontoNFIV9.last": {
    "content": {
      "title": " 恭喜",
      "body": "<p>您已成功：</p>\n<ul><b>\n<li>将用于访问 Android 设备上的设备设置的 Android NFI 添加到项目。</li>\n<li>添加了调用Android NFI的代码。</li>\n<li>在 Android 设备上构建和查看应用程序。</li></b>\n</ul>\n\n<p>您还可以参考 NFI 的文档<a href='#'onClick='javascript:openURL(\"https://opensource.hcltechsw.com/volt-mx-docs/docs/documentation/Iris/iris_nf_api_dev_guide/content/native_function.html\")'>这里</a>.</p>"
    },
    "navigationBar": {
      "left": {
        "text": "上一个"
      },
      "right": {
        "text": "完成"
      }
    }
  },
  "Card.VoltMX.IntroductiontoNFIV9.NewProject1": {
    "content": {
      "title": "创建一个新项目",
      "body": "<ol>\n<li>导航到<strong>项目</strong>&gt;<strong>新项目</strong>.</li>\n<li>来自<strong> 你现在想从什么开始？</strong>窗口，选择<strong>本机应用程序</strong>.</li>\n<li>点击<strong>下一个</strong>.<br/><b>您从本机应用程序开始</b>窗口打开。</li>\n</ol>"
    },
    "navigationBar": {
      "left": {
        "text": "上一个"
      },
      "right": {
        "text": "下一个"
      }
    }
  },
  "Card.VoltMX.IntroductiontoNFIV9.NewProject2": {
    "content": {
      "title": "创建一个新项目",
      "body": "<ol>\n<li>下<strong>项目名称</strong>，输入<strong>我的设备设置</strong>.</li>\n<li>点击<strong>创建</strong>.<br />使用一个 flex 表单创建了一个新应用程序。<br />应用程序在<strong>故事板</strong>查看。</li>\n</ol>"
    },
    "navigationBar": {
      "left": {
        "text": "上一个"
      },
      "right": {
        "text": "下一个"
      }
    }
  },
  "Card.VoltMX.IntroductiontoNFIV9.openApp": {
    "content": {
      "title": "连接您的移动设备",
      "body": "<ol>\n<li>使用 USB 数据线将您的 Android 移动设备连接到您的计算机。<br />确保USB的使用设置为<strong>转移</strong> <strong>文件</strong>.</li>\n</ol>"
    },
    "navigationBar": {
      "left": {
        "text": "上一个"
      },
      "right": {
        "text": "下一个"
      }
    }
  },
  "Card.VoltMX.IntroductiontoNFIV9.publish": {
    "content": {
      "title": "发布应用",
      "body": "<ol>\n<li>从主菜单，导航到<strong>构建</strong>.</li>\n<li>点击<strong>构建和发布本机</strong>.<br /><strong>构建和发布本机</strong>窗口出现。</li>\n</ol>"
    },
    "navigationBar": {
      "left": {
        "text": "上一个"
      },
      "right": {
        "text": "下一个"
      }
    }
  },
  "Card.VoltMX.IntroductiontoNFIV9.publish1": {
    "content": {
      "title": "发布应用",
      "body": "<ol>\n<li>来自<strong>构建后操作</strong>下拉菜单，选择<strong>在我的设备上运行</strong>.</li>\n<li>来自<strong>配置的设备</strong>部分，下<strong>手机</strong> ，选择您的手机。</li>\n<li>来自<strong>构建模式</strong>下拉菜单，选择<strong>调试</strong>.</li>\n<li>点击<strong>构建</strong>.</li>\n</ol>\n<p>Iris 构建和启动应用程序可能需要几分钟时间。</p>"
    },
    "navigationBar": {
      "left": {
        "text": "上一个"
      },
      "right": {
        "text": "下一个"
      }
    }
  },
  "Card.VoltMX.IntroductiontoNFIV9.rename": {
    "content": {
      "title": "重命名表单",
      "body": "<ol>\n<li>在<strong>故事板</strong>查看，在新表单上方，单击<strong>Form1</strong>.</li>\n<li>重命名表单<strong>设备设置</strong>.</li>\n<li>要向表单添加小部件，请双击表单以在<strong>设计</strong>查看。</li>\n</ol>"
    },
    "navigationBar": {
      "left": {
        "text": "上一个"
      },
      "right": {
        "text": "下一个"
      }
    }
  },
  "Card.VoltMX.IntroductiontoNFIV9.view": {
    "content": {
      "title": "查看应用",
      "body": "<ol>\n<li>在您的移动设备上，成功启动后，<strong>Volt MX JavaScript 调试器配置</strong>窗口出现。<br />点击<strong>取消</strong>.</li>\n<li>点击<strong>访问设备设置</strong>.<br /><strong>设置</strong>应用程序<b>手机</b>设备打开。</li>\n</ol>"
    },
    "navigationBar": {
      "left": {
        "text": "上一个"
      },
      "right": {
        "text": "下一个"
      }
    }
  }
}