{
  "Tour.IntroductiontoNFIV9": {
    "description": " Description of Tour"
  },
  "Hike.VoltMX.IntroductiontoNFIV9": {
    "description": " Description of hike"
  },
  "Card.VoltMX.IntroductiontoNFIV9.addCode": {
    "content": {
      "title": "Add Code to the Controller",
      "body": "<ol>\n<li>Download the code that implements the NFI from <a href='#'onClick='javascript:openURL(\"https://github.com/HCL-TECH-SOFTWARE/volt-mx-tutorials/raw/master/public/samples/NFIpositioncode.zip\")'>here</a>.</li>\n<li>Open the downloaded file and copy its contents.</li>\n<li>From the <strong>Project </strong>explorer, navigate to <strong>Mobile </strong>&gt; <strong>Controllers</strong>.</li>\n<li>Select <strong>deviceSettingsController</strong>.<br />The file opens in edit mode on the canvas.</li>\n<li>Enter the copied code in <strong>deviceSettingsController</strong>.</li><li>From the main menu, navigate to <b>Project</b> and select <b>Save All</b>.</li>\n</ol>"
    },
    "navigationBar": {
      "left": {
        "text": "Previous"
      },
      "right": {
        "text": "Next"
      }
    }
  },
  "Card.VoltMX.IntroductiontoNFIV9.addUi": {
    "content": {
      "title": "Add a Button Widget",
      "body": "<ol>\n<li>From the lower-left corner of Iris, navigate to the <strong>Default Library </strong>and click on the search icon. In the search bar, enter <strong>Button</strong>.</li>\n<li>From the results, select <strong>Button</strong>, and drop the widget onto the <strong>deviceSettings</strong> form in the canvas.</li>\n<li>From the upper-left corner of Iris, in the <strong>Project</strong> explorer, expand <strong>Mobile</strong> &gt; <strong>Forms</strong> &gt;<strong> deviceSettings.</strong></li>\n<li>Right-click on the new button widget and rename the button <strong>btnSettings</strong>.</li>\n</ol>"
    },
    "navigationBar": {
      "left": {
        "text": "Previous"
      },
      "right": {
        "text": "Next"
      }
    }
  },
  "Card.VoltMX.IntroductiontoNFIV9.addUI2": {
    "content": {
      "title": "Design the Button Widget",
      "body": "<ol>\n<li>From the upper-right corner of Iris, in the<strong> Properties </strong>panel, click <strong>Look</strong></li>\n<li>Modify the value of the following properties:\n<ul>\n<li>Under the <strong>Appearance </strong>section, <strong>Text: Access Device Settings</strong></li>\n<li>Under the <strong>Flex </strong>section, <strong>Center X: 50 </strong>%</li>\n<li>Under the <strong>Flex </strong>section, <strong>Center Y</strong>: <strong>50 </strong>%</li>\n</ul>\n</li>\n</ol>"
    },
    "navigationBar": {
      "left": {
        "text": "Previous"
      },
      "right": {
        "text": "Next"
      }
    }
  },
  "Card.VoltMX.IntroductiontoNFIV9.eventCode": {
    "content": {
      "title": "Link the code to the UI Elements",
      "body": "<ol>\n<li>From the <strong>Project </strong>explorer, navigate to <strong>Mobile </strong>&gt; <strong>Forms</strong> > <b>deviceSettings</b> and select <strong>btnSettings</strong>.</li>\n<li>On the canvas, select the button.</li>\n<li>From the <strong>Properties panel </strong> navigate to the <strong>Action</strong> tab.</li>\n<li>Under the <strong>General</strong> section, for the <strong>onClick </strong>event, click <strong>Edit</strong>.<br/>The <b>Action Editor</b> window appears.</li>\n</ol>"
    },
    "navigationBar": {
      "left": {
        "text": "Previous"
      },
      "right": {
        "text": "Next"
      }
    }
  },
  "Card.VoltMX.IntroductiontoNFIV9.eventCode1": {
    "content": {
      "title": "Link the code to the UI Elements",
      "body": "<ol>\n<li>From the <strong>Action Editor</strong> left menu, under the <strong>Function</strong> section, select <strong>Invoke Function</strong>.</li>\n<li>From the right pane of the <strong>Action Editor</strong>, for the drop-down <strong>Function Name</strong>, select <strong>openDeviceSettings</strong>.</li>\n<li>Click <strong>Save</strong>.</li>\n</ol>"
    },
    "navigationBar": {
      "left": {
        "text": "Previous"
      },
      "right": {
        "text": "Next"
      }
    }
  },
  "Card.VoltMX.IntroductiontoNFIV9.Intro": {
    "content": {
      "title": "Introduction to NFI",
      "body": "<p><strong>Native Function Interfaces (NFIs)</strong> are JavaScript wrappers that help an app developer to implement Android or iOS specific features in Volt MX Iris.</p>\n<p>In this hike, using Android-specific NFIs, you will be able to access device settings on an Android device from an app.</p>"
    },
    "navigationBar": {
      "left": {
        "text": "Previous"
      },
      "right": {
        "text": "Start"
      }
    }
  },
  "Card.VoltMX.IntroductiontoNFIV9.Intro1": {
    "content": {
      "title": "Introduction to NFI",
      "body": "<p><strong>Let&rsquo;s get started!</strong></p>\n<p>In this hike, we will:</p>\n<ul>\n<li>Configure the Android Native Function APIs required to access Device settings on Android device from an app using Volt MX Iris.</li>\n<li>Add code in the form controller to access Device Settings</li>\n<li>Build, Publish, and View the app.</li>\n</ul>\n<p><strong>When you&rsquo;re ready, click Next!</strong></p>"
    },
    "navigationBar": {
      "left": {
        "text": "Previous"
      },
      "right": {
        "text": "Next"
      }
    }
  },
  "Card.VoltMX.IntroductiontoNFIV9.last": {
    "content": {
      "title": "Congratulations",
      "body": "<p>You have successfully:</p>\n<ul><b>\n<li>Added the Android NFIs for accessing the Device settings on an Android device to a project.</li>\n<li>Added the code to invoke the Android NFI.</li>\n<li>Built and viewed the application on an Android device.</li></b>\n</ul>\n\n<p>You can also refer the documentation for NFI <a href='#'onClick='javascript:openURL(\"https://opensource.hcltechsw.com/volt-mx-docs/docs/documentation/Iris/iris_nf_api_dev_guide/content/native_function.html\")'>here</a>.</p>"
    },
    "navigationBar": {
      "left": {
        "text": "Previous"
      },
      "right": {
        "text": "Done"
      }
    }
  },
  "Card.VoltMX.IntroductiontoNFIV9.NewProject1": {
    "content": {
      "title": "Create a New Project",
      "body": "<ol>\n<li>Navigate to <strong>Project</strong> &gt; <strong>New Project</strong>.</li>\n<li>From the <strong>What do you want to start with now? </strong>window, select <strong>Native App</strong>.</li>\n<li>Click <strong>Next</strong>.<br/>The <b>You started with a Native App</b> window opens. </li>\n</ol>"
    },
    "navigationBar": {
      "left": {
        "text": "Previous"
      },
      "right": {
        "text": "Next"
      }
    }
  },
  "Card.VoltMX.IntroductiontoNFIV9.NewProject2": {
    "content": {
      "title": "Create a New Project",
      "body": "<ol>\n<li>Under <strong>Project Name</strong>, enter <strong>MyDeviceSettings</strong>.</li>\n<li>Click <strong>Create</strong>.<br />A new application is created with one flex form. <br />The application opens in the <strong>Storyboard </strong>view.</li>\n</ol>"
    },
    "navigationBar": {
      "left": {
        "text": "Previous"
      },
      "right": {
        "text": "Next"
      }
    }
  },
  "Card.VoltMX.IntroductiontoNFIV9.openApp": {
    "content": {
      "title": "Connect your Mobile Device",
      "body": "<ol>\n<li>Connect your Android mobile device to your computer using a USB cable.<br />Ensure that the use of USB is set as <strong>Transfer</strong> <strong>files</strong>.</li>\n</ol>"
    },
    "navigationBar": {
      "left": {
        "text": "Previous"
      },
      "right": {
        "text": "Next"
      }
    }
  },
  "Card.VoltMX.IntroductiontoNFIV9.publish": {
    "content": {
      "title": "Publish the App",
      "body": "<ol>\n<li>From the main menu, navigate to <strong>Build</strong>.</li>\n<li>Click <strong>Build and Publish Native</strong>.<br /> The<strong> Build and Publish Native </strong>window appears.</li>\n</ol>"
    },
    "navigationBar": {
      "left": {
        "text": "Previous"
      },
      "right": {
        "text": "Next"
      }
    }
  },
  "Card.VoltMX.IntroductiontoNFIV9.publish1": {
    "content": {
      "title": "Publish the App",
      "body": "<ol>\n<li>From the <strong>Post Build Action </strong>drop-down menu, select <strong>Run on my Device</strong>.</li>\n<li>From the <strong>Configured Devices </strong>section, under <strong>Mobile</strong>, select your mobile.</li>\n<li>From the <strong>Build Mode </strong>drop-down menu, select <strong>Debug</strong>.</li>\n<li>Click <strong>Build</strong>.</li>\n</ol>\n<p>It may take a few minutes for Iris to build and launch the app.</p>"
    },
    "navigationBar": {
      "left": {
        "text": "Previous"
      },
      "right": {
        "text": "Next"
      }
    }
  },
  "Card.VoltMX.IntroductiontoNFIV9.rename": {
    "content": {
      "title": "Rename the Form",
      "body": "<ol>\n<li>In the <strong>Storyboard</strong> view, above the new Form, click <strong>Form1</strong>.</li>\n<li>Rename the form <strong>deviceSettings</strong>.</li>\n<li>To add widgets to the form, double-click on the form to open the form in <strong>Design </strong>view.</li>\n</ol>"
    },
    "navigationBar": {
      "left": {
        "text": "Previous"
      },
      "right": {
        "text": "Next"
      }
    }
  },
  "Card.VoltMX.IntroductiontoNFIV9.view": {
    "content": {
      "title": "View the App",
      "body": "<ol>\n<li>On your mobile device, after a successful launch, the <strong>Volt MX JavaScript Debugger Configuration </strong>window appears.<br />Click <strong>Cancel</strong>.</li>\n<li>Click <strong>Access Device Settings</strong>.<br />The <strong>Settings</strong> app in the <b>mobile</b> device opens.</li>\n</ol>"
    },
    "navigationBar": {
      "left": {
        "text": "Previous"
      },
      "right": {
        "text": "Next"
      }
    }
  }
}