<?xml version="1.0"?>
<Hike kuid="5788ccte-a3a7-4br3-a9uc-09f348nf" id="VoltMX.UseStorageServiceV9" title="VoltMX.UseStorageServiceV9">
    <Description> Description of hike</Description>
    <Meta>
        <Creator>Rashmi Menon</Creator>
        <Createdon>Wed, 27 Nov 2019 09:58:40 GMT</Createdon>
    </Meta>
    <Hikecard id="VoltMX.UseStorageServiceV9.Intro"/>
    <Hikecard id="VoltMX.UseStorageServiceV9.NewProject1"/>
    <Hikecard id="VoltMX.UseStorageServiceV9.NewProject2"/>
    <Hikecard id="VoltMX.UseStorageServiceV9.rename"/>
    <Hikecard id="VoltMX.UseStorageServiceV9.createObjService"/>
    <Hikecard id="VoltMX.UseStorageServiceV9.createObj1"/>
    <Hikecard id="VoltMX.UseStorageServiceV9.addDetails1"/>
    <Hikecard id="VoltMX.UseStorageServiceV9.addDetails2"/>
    <Hikecard id="VoltMX.UseStorageServiceV9.addDetails3"/>
    <Hikecard id="VoltMX.UseStorageServiceV9.configureObj"/>
    <Hikecard id="VoltMX.UseStorageServiceV9.template"/>
    <Hikecard id="VoltMX.UseStorageServiceV9.addUI"/>
    <Hikecard id="VoltMX.UseStorageServiceV9.run"/>
    <Hikecard id="VoltMX.UseStorageServiceV9.last"/>
</Hike>