<?xml version="1.0"?>
<Hike kuid="6023b6t5-edab-45r8-8cu0-a41470n8" id="VoltMX.EditPayeeWeb_v9" title="VoltMX.EditPayeeWeb_v9">
    <Description> Description of hike</Description>
    <Meta>
        <Creator>Rashmi Menon</Creator>
        <Createdon>Thu, 27 Feb 2020 11:49:33 GMT</Createdon>
    </Meta>
    <Hikecard id="VoltMX.EditPayeeWeb_v9.Intro"/>
    <Hikecard id="VoltMX.EditPayeeWeb_v9.createEditForm"/>
    <Hikecard id="VoltMX.EditPayeeWeb_v9.UIEdit"/>
    <Hikecard id="VoltMX.EditPayeeWeb_v9.btnedit"/>
    <Hikecard id="VoltMX.EditPayeeWeb_v9.edtbtn1"/>
    <Hikecard id="VoltMX.EditPayeeWeb_v9.editService"/>
    <Hikecard id="VoltMX.EditPayeeWeb_v9.editService1"/>
    <Hikecard id="VoltMX.EditPayeeWeb_v9.editService2"/>
    <Hikecard id="VoltMX.EditPayeeWeb_v9.editService3"/>
    <Hikecard id="VoltMX.EditPayeeWeb_v9.editService4"/>
    <Hikecard id="VoltMX.EditPayeeWeb_v9.mapEdit"/>
    <Hikecard id="VoltMX.EditPayeeWeb_v9.updateOp"/>
    <Hikecard id="VoltMX.EditPayeeWeb_v9.updateOp1"/>
    <Hikecard id="VoltMX.EditPayeeWeb_v9.updateOp2"/>
    <Hikecard id="VoltMX.EditPayeeWeb_v9.updateOp3"/>
    <Hikecard id="VoltMX.EditPayeeWeb_v9.successMsg"/>
    <Hikecard id="VoltMX.EditPayeeWeb_v9.successMsg3"/>
    <Hikecard id="VoltMX.EditPayeeWeb_v9.navDet"/>
    <Hikecard id="VoltMX.EditPayeeWeb_v9.navDet1"/>
    <Hikecard id="VoltMX.EditPayeeWeb_v9.navDet2"/>
    <Hikecard id="VoltMX.EditPayeeWeb_v9.navDet3"/>
    <Hikecard id="VoltMX.EditPayeeWeb_v9.navDet4"/>
    <Hikecard id="VoltMX.EditPayeeWeb_v9.navDet5"/>
    <Hikecard id="VoltMX.EditPayeeWeb_v9.navToolBar"/>
    <Hikecard id="VoltMX.EditPayeeWeb_v9.navToolBar1"/>
    <Hikecard id="VoltMX.EditPayeeWeb_v9.cancel"/>
    <Hikecard id="VoltMX.EditPayeeWeb_v9.cancel1"/>
    <Hikecard id="VoltMX.EditPayeeWeb_v9.accounts"/>
    <Hikecard id="VoltMX.EditPayeeWeb_v9.accounts1"/>
    <Hikecard id="VoltMX.EditPayeeWeb_v9.logout"/>
    <Hikecard id="VoltMX.EditPayeeWeb_v9.logout1"/>
    <Hikecard id="VoltMX.EditPayeeWeb_v9.logout2"/>
    <Hikecard id="VoltMX.EditPayeeWeb_v9.run"/>
    <Hikecard id="VoltMX.EditPayeeWeb_v9.done"/>
</Hike>