{
    "kuid": "f696e7te-f7a8-41r9-92u0-a39912n9",
    "id": "kony.AssignDatatotheSegmentV9.addServices",
    "content": {
        "title": "Add Services to the Employee List",
        "body": "<ol>\n<li>Expand <strong>Sample Services </strong>&gt; <strong>EmployeeServices </strong>&gt; <strong>employees.</strong></li>\n<li>Select <strong>get</strong>.</li>\n<li>Drag <strong>get </strong>from the <strong>Data & Services </strong>panel onto the <strong>Visualizer</strong> canvas.</li>\n<li>Expand <strong>Project Services </strong>&gt; <strong>Objects </strong>&gt; <strong>EmployeeServices </strong>&gt; <strong>employees</strong>.</li>\n<li>Next to <strong>get</strong>, click <strong>View Mapping</strong>.</li>\n</ol>"
    },
    "pointer": {
        "direction": "right",
        "element": {
            "module": "datapanel",
            "itemType": "dp_tree_entry",
            "context": {},
            "path": "PROJECT SERVICES\\Objects\\EmployeeServices\\employees"
        },
        "type": "default"
    },
    "navigationType": "manual",
    "navigationBar": {
        "left": {
            "text": "Previous",
            "enable": true,
            "hide": false
        },
        "right": {
            "text": "Next",
            "enable": true,
            "hide": false
        }
    },
    "navigationCondition": "",
    "position": "BOTTOM_RIGHT",
    "meta": {
        "Creator": "Rashmi Menon",
        "CreatedOn": "Mon, 25 Nov 2019 11:06:41 GMT"
    },
    "context": []
}