{
    "kuid": "4712d0t9-2eab-46ra-87u5-b407d7n4",
    "id": "VoltMX.NFIBarcodeV9.eventCode",
    "content": {
        "title": "Link Code to the UI",
        "body": "<ol>\n<li>From the <strong>Project </strong>explorer, navigate to <strong>Mobile </strong>&gt; <strong>Forms</strong>.</li>\n<li>Select <strong>barcodeScanner</strong>.</li>\n<li>From the <strong>Properties </strong>panel, and navigate to the <strong>Action</strong> tab.</li>\n<li>Under the <strong>General</strong> section, for the <strong>postShow </strong>event, click <strong>Edit</strong>.<br/>The <b>Action Editor</b> window appears.</li>\n</ol>"
    },
    "pointer": {
        "direction": "top",
        "element": {
            "module": "propertieswindow",
            "itemType": "pw-tab",
            "info": {
                "tabName": "Action"
            }
        },
        "type": "default"
    },
    "navigationType": "manual",
    "navigationBar": {
        "left": {
            "text": "Previous",
            "enable": true,
            "hide": false
        },
        "right": {
            "text": "Next",
            "enable": true,
            "hide": false
        }
    },
    "navigationCondition": "",
    "position": "BOTTOM_LEFT",
    "meta": {
        "Creator": "Rashmi Menon",
        "CreatedOn": "Thu, 28 Nov 2019 04:38:24 GMT"
    },
    "context": []
}