{
  "Tour.AssignDatatotheSegmentV9": {
    "description": " यात्रा का विवरण"
  },
  "Hike.VoltMX.AssignDatatotheSegmentV9": {
    "description": " वृद्धि का विवरण"
  },
  "Card.VoltMX.AssignDatatotheSegmentV9.addServices": {
    "content": {
      "title": " कर्मचारी सूची में सेवाएँ जोड़ें",
      "body": "<ol>\n<li> विस्तृत करें<strong> नमूना सेवाएं</strong> &gt;<strong> कर्मचारी सेवाएं</strong> &gt;<strong> कर्मचारी।</strong></li>\n<li> चुनें<strong> प्राप्त करें</strong>.</li>\n<li> खींचें<strong> प्राप्त करें</strong> से<strong> डेटा और सेवाएं</strong> पैनल पर<strong> आइरिस</strong> कैनवास।</li>\n<li> विस्तृत करें<strong> परियोजना सेवाएं</strong> &gt;<strong> वस्तुएँ</strong> &gt;<strong> कर्मचारी सेवाएं</strong> &gt;<strong> कर्मचारी</strong>.</li>\n<li> इसके आगे<strong> प्राप्त करें</strong> , क्लिक करें<strong> मानचित्रण देखें</strong>.</li>\n</ol>"
    },
    "navigationBar": {
      "left": {
        "text": " पिछला"
      },
      "right": {
        "text": " अगला"
      }
    }
  },
  "Card.VoltMX.AssignDatatotheSegmentV9.dupLabel1": {
    "content": {
      "title": " लेबल कर्मचारी का नाम डुप्लिकेट करें",
      "body": "<ol>\n<li> पर राइट-क्लिक करें<strong> कर्मचारी का नाम</strong> और चुनें<strong> डुप्लीकेट</strong>.</li>\n<li> नए लेबल पर राइट-क्लिक करें और चुनें<strong> नाम बदलें</strong>.</li>\n<li> लेबल का नाम बदलें<strong> empपदनाम</strong>.</li>\n</ol>"
    },
    "navigationBar": {
      "left": {
        "text": " पिछला"
      },
      "right": {
        "text": " अगला"
      }
    }
  },
  "Card.VoltMX.AssignDatatotheSegmentV9.dupLabel2": {
    "content": {
      "title": " लेबल empName को डुप्लिकेट करें",
      "body": "<ol>\n<li> पर राइट-क्लिक करें<strong> कर्मचारी का नाम</strong> और चुनें<strong> डुप्लीकेट</strong>.</li>\n<li> नए लेबल पर राइट-क्लिक करें और चुनें<strong> नाम बदलें</strong>.</li>\n<li> लेबल का नाम बदलें<strong> empविभाग</strong>.</li>\n</ol>"
    },
    "navigationBar": {
      "left": {
        "text": " पिछला"
      },
      "right": {
        "text": " अगला"
      }
    }
  },
  "Card.VoltMX.AssignDatatotheSegmentV9.Intro": {
    "content": {
      "title": " सेगमेंट को डेटा असाइन करें",
      "body": "<p><strong> चलिए शुरू करते हैं!</strong></p>\n<p> इस वृद्धि में, हम करेंगे:</p>\n<ul>\n<li> टेम्पलेट से खंड टेम्पलेट को संशोधित करें</li>\n<li> टेम्पलेट में विजेट को डेटा असाइन करें</li>\n</ul>\n<p> &nbsp;</p>\n<p> शुरू करने से पहले, सुनिश्चित करें कि आपने निम्नलिखित वृद्धि पूरी कर ली है:</p>\n<ol>\n<li><a class=\"tour-link\" tour=\"9b0f07t4-e9a8-49rb-83u2-876264n4\"><strong> खंड का परिचय</strong></a></li>\n</ol>\n<p> &nbsp;</p>\n<p> सुनिश्चित करें कि आपने वही प्रोजेक्ट खोला है जिसे आपने पिछली हाइक में बनाया था।</p>\n<p> एक बंद परियोजना को खोलने के लिए, मुख्य मेनू से, नेविगेट करें<strong> परियोजना</strong> &gt;<strong> खुला</strong> &gt;<strong> एचसीएल संदर्भ वास्तुकला</strong> &gt;<strong> कर्मचारी सूची</strong>.</p>\n<p> &nbsp;</p>\n<p><strong> जब आप तैयार हों, तो स्टार्ट पर क्लिक करें!</strong></p>"
    },
    "navigationBar": {
      "left": {
        "text": " पिछला"
      },
      "right": {
        "text": " प्रारंभ"
      }
    }
  },
  "Card.VoltMX.AssignDatatotheSegmentV9.last": {
    "content": {
      "title": " बधाई",
      "body": "<p><strong> अच्छा किया! आपने सफलतापूर्वक:</strong></p>\n<ul>\n<li> एक खंड के साथ एक प्रपत्र बनाया गया</li>\n<li> सेगमेंट में जोड़े गए विजेट</li>\n<li> सेगमेंट को डेटा असाइन किया गया</li>\n</ul>\n<br/>\n<p> वोल्ट एमएक्स आईरिस के साथ आप क्या कर सकते हैं, इसके बारे में अधिक जानने के लिए, यहां जाएं<a href='#'onClick='javascript:openURL(\"https://support.hcltechsw.com/\")'> बेस कैंप</a>.</p>"
    },
    "navigationBar": {
      "left": {
        "text": " पिछला"
      },
      "right": {
        "text": " हो गया"
      }
    }
  },
  "Card.VoltMX.AssignDatatotheSegmentV9.mapping1": {
    "content": {
      "title": " UI तत्वों के लिए मानचित्र सेवाएँ",
      "body": "<ol>\n<li> आप देख सकते हैं कि बाएँ फलक से दाएँ फलक तक मैपिंग संपादक पर निम्नलिखित मैपिंग पहले ही की जा चुकी हैं।<ul>\n<li> <strong> रिकॉर्ड {संग्रह}</strong> to<strong> पंक्ति डेटा {संग्रह}</strong>.</li>\n<li><strong> नाम {स्ट्रिंग}</strong> to<strong> लेबल-कर्मचारी का नाम</strong> &gt;<strong> टेक्स्ट {स्ट्रिंग}</strong></li>\n<li><strong> विभाग {स्ट्रिंग}</strong> to<strong> लेबल-एम्प विभाग</strong> &gt;<strong> टेक्स्ट {स्ट्रिंग}</strong></li>\n<li><strong> पदनाम {स्ट्रिंग}</strong> to<strong> लेबल-empपदनाम</strong> &gt;<strong> टेक्स्ट {स्ट्रिंग}</strong></li>\n</ul>\n</li>\n</ol>"
    },
    "navigationBar": {
      "left": {
        "text": " पिछला"
      },
      "right": {
        "text": " अगला"
      }
    }
  },
  "Card.VoltMX.AssignDatatotheSegmentV9.mapping2": {
    "content": {
      "title": " UI तत्वों के लिए मानचित्र सेवाएँ",
      "body": "<ol>\n<li> के लिए मैपिंग जोड़ें<b> कर्मचारी छवि</b> निम्नलिखित तरीके से:<ul>\n<li> बाएँ फलक से, चुनें<strong> Image_URL {स्ट्रिंग}</strong> और दाएँ फलक से, चुनें<strong> छवि कर्मचारी छवि</strong> &gt;<strong> src {स्ट्रिंग}</strong>.</li>\n</ul>\n</li>\n<li> क्लिक करें<strong> सहेजें</strong>.</li>\n</ol>"
    },
    "navigationBar": {
      "left": {
        "text": " पिछला"
      },
      "right": {
        "text": " अगला"
      }
    }
  },
  "Card.VoltMX.AssignDatatotheSegmentV9.mapServices": {
    "content": {
      "title": " UI तत्वों के लिए मानचित्र सेवाएँ",
      "body": "<ol>\n<li> के ऊपरी-दाएँ कोने से<strong> एक्शन एडिटर</strong> कैनवास, चुनें<strong> डिज़ाइन दृश्य</strong>.</li>\n<li> नेविगेट करें<strong> सेवा का नाम आमंत्रित करें: कर्मचारी सेवा $ कर्मचारी $ प्राप्त करें</strong> &gt;<strong> कॉलबैक</strong> &gt;&nbsp;<strong> IF</strong><strong> Employees.opstatus 0 के बराबर है</strong> और चुनें<strong> मैपिंग जोड़ें</strong>.<br /><strong> मानचित्रण संपादक</strong> दाएँ फलक पर खुलता है<strong> एक्शन एडिटर</strong>.</li>\n<li> के बाएँ फलक पर<strong> मानचित्रण संपादक</strong> , विस्तृत करें<strong> सेवाएं</strong> &gt;<strong> सेवा &ndash; कर्मचारी सेवाएं$कर्मचारी$प्राप्त करें</strong></li>\n<li> के दाएँ फलक पर<strong> मानचित्रण संपादक</strong> , विस्तृत करें<strong> प्रपत्र</strong> &gt;<strong> frmList</strong> &gt;<strong> खंड-कर्मचारी खंड</strong> &gt;<strong> मास्टरडेटामैप</strong>.</li>\n</ol>"
    },
    "navigationBar": {
      "left": {
        "text": " पिछला"
      },
      "right": {
        "text": " अगला"
      }
    }
  },
  "Card.VoltMX.AssignDatatotheSegmentV9.modifyUI": {
    "content": {
      "title": " खंड को संशोधित करें",
      "body": "<ol>\n<li> से<strong> परियोजना</strong> एक्सप्लोरर, विस्तार करें<strong> मोबाइल</strong> &gt;<strong> प्रपत्र</strong> &gt;<strong> frmList</strong> &gt;<strong> कर्मचारी खंड</strong>.</li>\n<li> चुनें<strong> कर्मचारी का नाम</strong>.</li>\n</ol>"
    },
    "navigationBar": {
      "left": {
        "text": " पिछला"
      },
      "right": {
        "text": " अगला"
      }
    }
  },
  "Card.VoltMX.AssignDatatotheSegmentV9.run": {
    "content": {
      "title": " ऐप चलाएँ",
      "body": "<ol><li> कनेक्ट करें<strong> मोबाइल</strong> USB केबल के साथ कंप्यूटर से डिवाइस।</li>\n<li> खुला<strong> वोल्ट एमएक्स ऐप</strong> अपने पर<strong> मोबाइल</strong> डिवाइस।</li>\n<li> चुनें<strong> यूएसबी</strong> टैब।<strong><br /></strong></li>\n<li> अपने आइरिस पर बाएं नेविगेशन बार से, क्लिक करें<strong> भागो</strong>.</li>\n<li> नाम दर्ज करें<strong> कर्मचारी सूची</strong> और क्लिक करें<strong> लॉन्च</strong>.<br /> आप कर्मचारी सूची को एक छवि, नाम, पद और विभाग के साथ देख सकते हैं।</li>\n</ol>"
    },
    "navigationBar": {
      "left": {
        "text": " पिछला"
      },
      "right": {
        "text": " अगला"
      }
    }
  },
  "Card.VoltMX.AssignDatatotheSegmentV9.services": {
    "content": {
      "title": " कर्मचारी सूची में सेवाएं जोड़ें",
      "body": "<ol>\n<li> प्रोजेक्ट एक्सप्लोरर से, विस्तृत करें<strong> मोबाइल</strong> &gt;<strong> प्रपत्र</strong> &gt;<strong> frmसूची</strong>.</li>\n<li> चुनें<strong> कर्मचारी खंड</strong>.</li>\n<li> क्लिक करें<strong> डेटा &amp; सेवाएं</strong> आइरिस के ऊपरी दाएं कोने पर पैनल।</li>\n</ol>"
    },
    "navigationBar": {
      "left": {
        "text": " पिछला"
      },
      "right": {
        "text": " अगला"
      }
    }
  },
  "Card.VoltMX.AssignDatatotheSegmentV9.uiLabel": {
    "content": {
      "title": " लेबल को स्थिति निर्दिष्ट करें",
      "body": "<ol>\n<li> से<strong> गुण</strong> पैनल, पर नेविगेट करें<strong> देखो</strong> टैब।</li>\n<li> के तहत<strong> फ्लेक्स</strong> अनुभाग, निम्नलिखित मान दर्ज करें:<ul>\n<li> बायां:<strong> 165 डीपी</strong></li>\n<li> केंद्र Y:<strong> 50%</strong></li>\n</ul>\n</li>\n</ol>"
    },
    "navigationBar": {
      "left": {
        "text": " पिछला"
      },
      "right": {
        "text": " अगला"
      }
    }
  },
  "Card.VoltMX.AssignDatatotheSegmentV9.uiLabel1": {
    "content": {
      "title": " लेबल को स्थिति निर्दिष्ट करें",
      "body": "<ol>\n<li> से<strong> गुण</strong> पैनल, पर नेविगेट करें<strong> देखो</strong> टैब।</li>\n<li> के तहत<strong> फ्लेक्स</strong> अनुभाग, निम्नलिखित मान दर्ज करें:<ul>\n<li> बायां:<strong> 165 डीपी</strong></li>\n<li> निचला: 2<strong> 3 डीपी<br /></strong></li>\n<li> के दाईं ओर दिए गए मान को हटा दें<strong> शीर्ष</strong></li>\n</ul>\n</li>\n</ol>"
    },
    "navigationBar": {
      "left": {
        "text": " पिछला"
      },
      "right": {
        "text": " अगला"
      }
    }
  }
}