{
  "Tour.AssignDatatotheSegmentV9": {
    "description": "旅遊描述"
  },
  "Hike.VoltMX.AssignDatatotheSegmentV9": {
    "description": "徒步說明"
  },
  "Card.VoltMX.AssignDatatotheSegmentV9.addServices": {
    "content": {
      "title": "將服務添加到員工列表",
      "body": "<ol>\n<li>展開<strong>示例服務</strong>&gt;<strong>員工服務</strong>&gt;<strong>員工。</strong></li>\n<li>選擇<strong>得到</strong>.</li>\n<li>拖動<strong>得到</strong>來自<strong>數據和服務</strong>面板到<strong>虹膜</strong>畫布。</li>\n<li>展開<strong>項目服務</strong>&gt;<strong>對象</strong>&gt;<strong>員工服務</strong>&gt;<strong>員工</strong>.</li>\n<li>旁邊<strong>得到</strong>，點擊<strong>視圖映射</strong>.</li>\n</ol>"
    },
    "navigationBar": {
      "left": {
        "text": "上一個"
      },
      "right": {
        "text": "下一個"
      }
    }
  },
  "Card.VoltMX.AssignDatatotheSegmentV9.dupLabel1": {
    "content": {
      "title": "複製標籤employeeName",
      "body": "<ol>\n<li>右鍵單擊<strong>員工姓名</strong>然後選擇<strong>重複</strong>.</li>\n<li>右鍵單擊新標籤並選擇<strong>重命名</strong>.</li>\n<li>重命名標籤<strong>emp指定</strong>.</li>\n</ol>"
    },
    "navigationBar": {
      "left": {
        "text": "上一個"
      },
      "right": {
        "text": "下一個"
      }
    }
  },
  "Card.VoltMX.AssignDatatotheSegmentV9.dupLabel2": {
    "content": {
      "title": "複製標籤empName",
      "body": "<ol>\n<li>右鍵單擊<strong>員工姓名</strong>並選擇<strong>重複</strong>.</li>\n<li>右鍵單擊新標籤並選擇<strong>重命名</strong>.</li>\n<li>重命名標籤<strong> empDepartment</strong>.</li>\n</ol>"
    },
    "navigationBar": {
      "left": {
        "text": "上一個"
      },
      "right": {
        "text": "下一個"
      }
    }
  },
  "Card.VoltMX.AssignDatatotheSegmentV9.Intro": {
    "content": {
      "title": "將數據分配給段",
      "body": "<p><strong>讓我們開始吧！</strong></p>\n<p> 在這次徒步旅行中，我們將：</p>\n<ul>\n<li> 從模板修改段模板</li>\n<li>將數據分配給模板中的小部件</li>\n</ul>\n<p> &nbsp;</p>\n<p>開始之前，請確保您已完成以下徒步旅行：</p>\n<ol>\n<li><a class=\"tour-link\" tour=\"9b0f07t4-e9a8-49rb-83u2-876264n4\"><strong>段介紹</strong></a></li>\n</ol>\n<p> &nbsp;</p>\n<p>確保您打開在之前的徒步旅行中創建的相同項目。</p>\n<p>要打開一個關閉的項目，從主菜單，導航到<strong>項目</strong>&gt;<strong>打開</strong>&gt;<strong>HCL 參考架構</strong>&gt;<strong>僱員名單</strong>.</p>\n<p> &nbsp;</p>\n<p><strong>準備好後，單擊開始！</strong></p>"
    },
    "navigationBar": {
      "left": {
        "text": "上一個"
      },
      "right": {
        "text": "開始"
      }
    }
  },
  "Card.VoltMX.AssignDatatotheSegmentV9.last": {
    "content": {
      "title": " 恭喜",
      "body": "<p><strong>幹得好！您已成功：</strong></p>\n<ul>\n<li>創建了一個帶有段的表單</li>\n<li>向段添加小部件</li>\n<li>分配給段的數據</li>\n</ul>\n<br/>\n<p>要了解有關 Volt MX Iris 的更多信息，請訪問<a href='#'onClick='javascript:openURL(\"https://support.hcltechsw.com/\")'>大本營</a>.</p>"
    },
    "navigationBar": {
      "left": {
        "text": "上一個"
      },
      "right": {
        "text": "完成"
      }
    }
  },
  "Card.VoltMX.AssignDatatotheSegmentV9.mapping1": {
    "content": {
      "title": "將服務映射到 UI 元素",
      "body": "<ol>\n<li> 可以看到映射編輯器從左窗格到右窗格已經完成了以下映射。<ul>\n<li> <strong>記錄{集合}</strong>到<strong>行數據{集合}</strong>.</li>\n<li><strong>名稱{字符串}</strong>到<strong>標籤員工姓名</strong>&gt;<strong>文本{字符串}</strong></li>\n<li><strong>部門{字符串}</strong>到<strong>標籤部門</strong>&gt;<strong>文本{字符串}</strong></li>\n<li><strong>名稱{字符串}</strong>到<strong>標籤-empDesignation</strong>&gt;<strong>文本{字符串}</strong></li>\n</ul>\n</li>\n</ol>"
    },
    "navigationBar": {
      "left": {
        "text": "上一個"
      },
      "right": {
        "text": "下一個"
      }
    }
  },
  "Card.VoltMX.AssignDatatotheSegmentV9.mapping2": {
    "content": {
      "title": "將服務映射到 UI 元素",
      "body": "<ol>\n<li>添加映射<b>employeeImage</b>以下列方式：<ul>\n<li>從左窗格中，選擇<strong>Image_URL {string}</strong>然後從右側窗格中選擇<strong> Image-employeeImage</strong>&gt;<strong> src {string}</strong>.</li>\n</ul>\n</li>\n<li>點擊<strong>保存</strong>.</li>\n</ol>"
    },
    "navigationBar": {
      "left": {
        "text": "上一個"
      },
      "right": {
        "text": "下一個"
      }
    }
  },
  "Card.VoltMX.AssignDatatotheSegmentV9.mapServices": {
    "content": {
      "title": "將服務映射到 UI 元素",
      "body": "<ol>\n<li>從右上角<strong>動作編輯器</strong>畫布，選擇<strong>設計視圖</strong>.</li>\n<li>導航到<strong>調用服務名稱：EmployeeServices$employees$get</strong>&gt;<strong>回調</strong>&gt;&nbsp;<strong>如果</strong><strong>employees.opstatus 等於 0</strong>並選擇<strong>添加映射</strong>.<br /><strong>映射編輯器</strong>在右側窗格中打開<strong>動作編輯器</strong>.</li>\n<li>在左側窗格中<strong>映射編輯器</strong>，展開<strong>服務</strong>&gt;<strong>服務EmployeeServices$employees$get</strong></li>\n<li>在右側窗格中<strong>映射編輯器</strong>，展開<strong>表格</strong>&gt;<strong>frmList</strong>&gt;<strong> Segment-employeeSegment</strong>&gt;<strong>主數據映射</strong>.</li>\n</ol>"
    },
    "navigationBar": {
      "left": {
        "text": "上一個"
      },
      "right": {
        "text": "下一個"
      }
    }
  },
  "Card.VoltMX.AssignDatatotheSegmentV9.modifyUI": {
    "content": {
      "title": "修改段",
      "body": "<ol>\n<li>來自<strong>項目</strong>資源管理器，展開<strong>手機</strong>&gt;<strong>表格</strong>&gt;<strong>frmList</strong>&gt;<strong>僱員段</strong>.</li>\n<li>選擇<strong>員工姓名</strong>.</li>\n</ol>"
    },
    "navigationBar": {
      "left": {
        "text": "上一個"
      },
      "right": {
        "text": "下一個"
      }
    }
  },
  "Card.VoltMX.AssignDatatotheSegmentV9.run": {
    "content": {
      "title": "運行應用程序",
      "body": "<ol><li>連接<strong>手機</strong>使用 USB 電纜將設備連接到計算機。</li>\n<li>打開<strong>Volt MX 應用程序</strong>在你的<strong>手機</strong>設備。</li>\n<li>選擇<strong>USB</strong>標籤。<strong><br /></strong></li>\n<li>從 Iris 的左側導航欄中，單擊<strong>運行</strong>.</li>\n<li>輸入名稱<strong>僱員名單</strong>然後點擊<strong>啟動</strong>.<br />您可以看到帶有圖像、姓名、職位和部門的員工列表。</li>\n</ol>"
    },
    "navigationBar": {
      "left": {
        "text": "上一個"
      },
      "right": {
        "text": "下一個"
      }
    }
  },
  "Card.VoltMX.AssignDatatotheSegmentV9.services": {
    "content": {
      "title": "將服務添加到EmployeeList",
      "body": "<ol>\n<li>從項目資源管理器中，展開<strong>手機</strong>&gt;<strong>表格</strong>&gt;<strong>frmList</strong>.</li>\n<li>選擇<strong>僱員段</strong>.</li>\n<li>點擊<strong>數據&amp;服務</strong>Iris 右上角的面板。</li>\n</ol>"
    },
    "navigationBar": {
      "left": {
        "text": "上一個"
      },
      "right": {
        "text": "下一個"
      }
    }
  },
  "Card.VoltMX.AssignDatatotheSegmentV9.uiLabel": {
    "content": {
      "title": "為標籤分配位置",
      "body": "<ol>\n<li>來自<strong>屬性</strong>面板，導航到<strong>看</strong>選項卡。</li>\n<li> 在<strong>彈性</strong> 部分，輸入以下值：<ul>\n<li>左：<strong>165 Dp</strong></li>\n<li>中心Y：<strong>50%</strong></li>\n</ul>\n</li>\n</ol>"
    },
    "navigationBar": {
      "left": {
        "text": "上一個"
      },
      "right": {
        "text": "下一個"
      }
    }
  },
  "Card.VoltMX.AssignDatatotheSegmentV9.uiLabel1": {
    "content": {
      "title": "為標籤分配位置",
      "body": "<ol>\n<li>來自<strong>屬性</strong>面板，導航到<strong>看</strong>選項卡。</li>\n<li> 在<strong>彈性</strong> 部分，輸入以下值：<ul>\n<li>左：<strong>165 Dp</strong></li>\n<li>底部：2<strong>3 Dp<br /></strong></li>\n<li>清除右側給出的值<strong>頂部</strong></li>\n</ul>\n</li>\n</ol>"
    },
    "navigationBar": {
      "left": {
        "text": "上一個"
      },
      "right": {
        "text": "下一個"
      }
    }
  }
}