{
    "kuid": "3cd0f0t7-49a8-4frf-b4ue-61d38bnd",
    "id": "VoltMX.CreateEmailIdCompV9.COmponentUI3",
    "content": {
        "title": "Design the TextBox Widget",
        "body": "<ol><li>From the upper-right corner of Iris, in the <b>Properties</b> panel, click <b>Look</b>.</li>\n<li>Under the <b>Flex</b> section, modify the values of the following properties:\n<ul><li> Top: <b>30 %</b></li>\n<li> Width: <b> 300 Dp</b></li>\n<li> Height: <b> 40 Dp</b></li>\n<li>Center X: <b> 50 %</b></li></ul></li></ol>"
    },
    "pointer": {
        "direction": "right",
        "element": {
            "module": "propertieswindow",
            "itemType": "pw-property",
            "info": {
                "propertyName": "Left",
                "sectionDOMId": "frmKonyLib_pwwgvbx-flex",
                "tabName": "Look"
            }
        },
        "type": "default"
    },
    "navigationType": "manual",
    "navigationBar": {
        "left": {
            "text": "Previous",
            "enable": true,
            "hide": false
        },
        "right": {
            "text": "Next",
            "enable": true,
            "hide": false
        }
    },
    "navigationCondition": "",
    "position": "BOTTOM_RIGHT",
    "meta": {
        "Creator": "Rashmi Menon",
        "CreatedOn": "Tue, 26 Nov 2019 06:12:38 GMT"
    },
    "context": []
}