{
    "kuid": "5ebc77t9-99a4-46r4-a3u2-7f31aanc",
    "id": "kony.IntroductiontoNFIV9.eventCode",
    "content": {
        "title": "Link the code to the UI Elements",
        "body": "<ol>\n<li>From the <strong>Project </strong>explorer, navigate to <strong>Mobile </strong>&gt; <strong>Forms</strong> > <b>deviceSettings</b> and select <strong>btnSettings</strong>.</li>\n<li>On the canvas, select the button.</li>\n<li>From the <strong>Properties panel </strong> navigate to the <strong>Action</strong> tab.</li>\n<li>Under the <strong>General</strong> section, for the <strong>onClick </strong>event, click <strong>Edit</strong>.<br/>The <b>Action Editor</b> window appears.</li>\n</ol>"
    },
    "pointer": {
        "direction": "top",
        "element": {
            "module": "propertieswindow",
            "itemType": "pw-tab",
            "info": {
                "tabName": "Action"
            }
        },
        "type": "default"
    },
    "navigationType": "manual",
    "navigationBar": {
        "left": {
            "text": "Previous",
            "enable": true,
            "hide": false
        },
        "right": {
            "text": "Next",
            "enable": true,
            "hide": false
        }
    },
    "navigationCondition": "",
    "position": "BOTTOM_RIGHT",
    "meta": {
        "Creator": "Rashmi Menon",
        "CreatedOn": "Wed, 27 Nov 2019 11:53:43 GMT"
    },
    "context": []
}