{
    "kuid": "4d33fdt2-93a8-40rf-a2u1-c7ea2en6",
    "id": "VoltMX.IntroductionToInternationalV9.KeyUN",
    "content": {
        "title": "Key-Value Pair for Username",
        "body": "<p>Let us provide some key value pairs for the various display texts for <strong>frmUserLogin</strong>.</p>\n<ol>\n<li>Click <strong>+</strong>.</li>\n<li>Under the column <strong>Key</strong>, enter: <strong>Username</strong></li>\n<li>Under the column <strong>en_US</strong>, enter: <strong>Username</strong></li>\n<li>Under the column <strong>es_US</strong>, enter: <strong>nombre de usuario</strong> <span hk-tooltip='Spanish Translation for Username'><img src=\"https://i.ibb.co/Dfkmg6k/Button-Info-icon.png\" alt=\"Button-Info-icon\" width=\"10\" height=\"10\" /></span></li>\n</ol>"
    },
    "pointer": {
        "direction": "left",
        "element": "",
        "type": "none"
    },
    "navigationType": "manual",
    "navigationBar": {
        "left": {
            "text": "Previous",
            "enable": true,
            "hide": false
        },
        "right": {
            "text": "Next",
            "enable": true,
            "hide": false
        }
    },
    "navigationCondition": "",
    "position": "BOTTOM_RIGHT",
    "meta": {
        "Creator": "Rashmi Menon",
        "CreatedOn": "Thu, 05 Dec 2019 05:52:16 GMT"
    },
    "context": []
}