<?xml version="1.0"?>
<Hike kuid="7309c4t3-30a0-4cra-a3u4-ac5b8cn1" id="HCL.IntroVoltMXIris" title="HCL.IntroVoltMXIris">
    <Description>Introduction to New Volt MX Iris</Description>
    <Meta>
        <Creator>michael angelo silva</Creator>
        <CreatedOn>Wed, 28 Apr 2021 12:33:56 GMT</CreatedOn>
    </Meta>
    <Hikecard id="HCL.IntroIris"/>
    <Hikecard id="HCL.IrisVisualChanges"/>
    <Hikecard id="HCL.IrisVisualChanges-2"/>
    <Hikecard id="HCL.IrisVisualChanges-3"/>
    <Hikecard id="HCL.IrisVisualChanges-4"/>
    <Hikecard id="HCL.IrisVisualChanges-5"/>
</Hike>