{
  "Tour.CreateUIfromCollections-Web": {
    "description": "旅游描述"
  },
  "Hike.VoltMX.CreateUIRWV9": {
    "description": ""
  },
  "Card.CreateUIRWV9.Intro": {
    "content": {
      "title": "响应式 Web 应用程序简介",
      "body": "<p><strong>让我们开始吧！</strong></p>\n<p>在这次徒步旅行中，我们将：</p>\n<ul>\n<li>使用 UI 元素创建桌面 Web 表单以进行用户交互</li>\n<li>添加导航以访问应用程序的不同形式</li>\n</ul><br/>\n<p>在开始之前，完成远足：</p>\n<ol><b>\n<li><a class=\"tour-link\" tour=\"5a3913t0-aba2-46rc-adub-832833n2\"> 进口 &amp;启动 Web 应用程序</a></li></b>\n</ol><br/>\n<p><strong>准备好后，单击开始！</strong></p>"
    },
    "navigationBar": {
      "left": {
        "text": "上一个"
      },
      "right": {
        "text": "开始"
      }
    }
  },
  "Card.VoltMX.CreateUIRWV9.addNav4": {
    "content": {
      "title": "向帐户屏幕添加导航",
      "body": "<ol><li>来自<strong>动作编辑器</strong>左侧菜单，在<strong>一般</strong>部分，选择<strong>导航到表单</strong><strong>.<br /></strong></li>\n<li>在右侧窗格中<strong>动作编辑器</strong>，选择<strong>frmAccount</strong>.</li><li>点击<strong>保存</strong>.</li>\n</ol>"
    },
    "navigationBar": {
      "left": {
        "text": "上一个"
      },
      "right": {
        "text": "下一个"
      }
    }
  },
  "Card.VoltMX.CreateUIRWV9.addNavigation": {
    "content": {
      "title": "从登录屏幕添加导航",
      "body": "<ol>\n<li>来自<strong>项目</strong>资源管理器，展开<strong>响应式网页/桌面</strong>&gt;<strong>表格</strong> > <strong>frmLogin</strong> > <b>flxUserLogin</b>并选择<strong> btnSignin</strong>.</li>\n<li>来自<strong>属性</strong>面板，导航到<strong>行动</strong>选项卡。</li>\n<li>对于<strong>点击</strong>事件，点击<strong>编辑</strong>.<br /><strong>动作编辑器</strong>窗口出现。</li>\n</ol>"
    },
    "navigationBar": {
      "left": {
        "text": "上一个"
      },
      "right": {
        "text": "下一个"
      }
    }
  },
  "Card.VoltMX.CreateUIRWV9.addNavigation1": {
    "content": {
      "title": "从登录屏幕添加导航",
      "body": "<ol>\n<li>来自<strong>动作编辑器</strong>左侧菜单，在<strong>一般</strong>部分，选择<strong>导航到表单</strong>.</li>\n<li>从右侧窗格<strong>动作编辑器</strong>，选择<strong>frmAccount</strong>.</li>\n<li>点击<strong>保存</strong>.</li>\n</ol>"
    },
    "navigationBar": {
      "left": {
        "text": "上一个"
      },
      "right": {
        "text": "下一个"
      }
    }
  },
  "Card.VoltMX.CreateUIRWV9.addNavigation2": {
    "content": {
      "title": "从帐户屏幕添加导航",
      "body": "<ol>\n<li>来自<strong>项目</strong>资源管理器，导航到<strong>响应式网页/桌面</strong>&gt;<strong>表格</strong>&gt;<strong>frmAccount</strong> \n > <strong>flxAccountList</strong> > <strong>flxMenu</strong>并选择<strong>flxRecipientTab</strong>.</li>\n<li>来自<strong>属性</strong>面板，导航到<strong>行动</strong>选项卡。</li>\n<li>对于<strong>点击</strong>事件，点击<strong>编辑</strong>.<br /><strong>动作编辑器</strong>窗口出现。</li>\n</ol>"
    },
    "navigationBar": {
      "left": {
        "text": "上一个"
      },
      "right": {
        "text": "下一个"
      }
    }
  },
  "Card.VoltMX.CreateUIRWV9.addNavigation3": {
    "content": {
      "title": "从帐户屏幕添加导航",
      "body": "<ol>\n<li>来自<strong>动作编辑器</strong>左侧菜单，在<strong>一般</strong>部分，选择<strong>导航到表单</strong><strong>.<br /></strong></li>\n<li>在右侧窗格中<strong>动作编辑器</strong>，选择<strong></strong><strong>frmRecipients</strong>.</li>\n<li>点击<strong>保存</strong>.</li>\n</ol>"
    },
    "navigationBar": {
      "left": {
        "text": "上一个"
      },
      "right": {
        "text": "下一个"
      }
    }
  },
  "Card.VoltMX.CreateUIRWV9.addNavigation4": {
    "content": {
      "title": "从收件人列表屏幕添加导航",
      "body": "<ol>\n<li>来自<strong>项目</strong>资源管理器，导航到<strong>响应式网页/桌面</strong>&gt;<strong>表格</strong>&gt;<strong>frmRecipients</strong>&gt;<strong>flxMenu</strong> ，然后选择<strong>flxAccountTab</strong>.</li>\n<li>来自<b>属性</b>面板，导航到<strong>行动</strong>选项卡。</li>\n<li>对于<strong>点击</strong>事件，点击<strong>编辑</strong>.<br /><strong>动作编辑器</strong>窗口出现。</li>\n</ol>"
    },
    "navigationBar": {
      "left": {
        "text": "上一个"
      },
      "right": {
        "text": "下一个"
      }
    }
  },
  "Card.VoltMX.CreateUIRWV9.addNavigation5": {
    "content": {
      "title": "从收件人列表屏幕添加导航",
      "body": "<ol>\n<li>来自<strong>项目</strong>资源管理器，导航到<strong>响应式网络/桌面</strong>&gt;<strong>表格</strong>&gt;<strong>frmRecipients</strong>&gt;<b>flxToolbar</b>并选择<strong>flxBack</strong>.</li>\n<li>来自<strong>属性面板</strong> ，导航到<strong>行动</strong>选项卡。</li>\n<li>对于<strong>点击</strong>事件，点击<strong>编辑</strong>.<br /><strong>动作编辑器</strong>窗口出现。</li>\n</ol>"
    },
    "navigationBar": {
      "left": {
        "text": "上一个"
      },
      "right": {
        "text": "下一个"
      }
    }
  },
  "Card.VoltMX.CreateUIRWV9.addNavigation6": {
    "content": {
      "title": "从收款人屏幕添加导航",
      "body": "<ol>\n<li>来自<strong>动作编辑器</strong>左侧菜单，在<strong>一般</strong>部分，选择<strong>导航到表单</strong>.</li>\n<li>在右侧窗格中<strong>动作编辑器</strong>，选择<strong>frmAccount</strong></li><li>点击<strong>保存</strong>.</li>\n</ol>"
    },
    "navigationBar": {
      "left": {
        "text": "上一个"
      },
      "right": {
        "text": "下一个"
      }
    }
  },
  "Card.VoltMX.CreateUIRWV9.createForm": {
    "content": {
      "title": "创建账户表格",
      "body": "<ol>\n<li>来自<b>故事板</b>查看，选择<strong>frmLogin，</strong>然后单击<strong>+</strong>图标。<br />Iris 创建一个新表单。</li>\n<li>在新表单上方，单击&nbsp;<strong>Form1</strong>.</li>\n<li>重命名表单<strong>frmAccount</strong>.</li>\n</ol>"
    },
    "navigationBar": {
      "left": {
        "text": "上一个"
      },
      "right": {
        "text": "下一个"
      }
    }
  },
  "Card.VoltMX.CreateUIRWV9.createPayees": {
    "content": {
      "title": "创建收件人列表表单",
      "body": "<ol>\n<li>来自<b>故事板</b>查看，选择<strong>frmAccount，</strong>然后单击<strong>+ </strong>图标。<br />Iris 创建了一个新表单。</li>\n<li> 在新表格上方，点击<strong>Form1</strong>.</li>\n<li>重命名表单<strong>frmRecipients</strong>.</li>\n</ol>"
    },
    "navigationBar": {
      "left": {
        "text": "上一个"
      },
      "right": {
        "text": "下一个"
      }
    }
  },
  "Card.VoltMX.CreateUIRWV9.createProject": {
    "content": {
      "title": "创建一个新项目",
      "body": "<ol>\n<li>从主菜单，导航到<strong>项目</strong>&nbsp;&gt;<strong>新项目</strong>.</li>\n<li>来自<strong> 你现在想从什么开始？</strong>窗口，选择<strong>网络应用</strong>.</li>\n<li>点击<strong>下一个</strong>.<br /><strong>您想首先开始构建哪种设备尺寸？</strong>窗口出现。</li>\n<li>选择<strong>桌面</strong> ，然后单击<strong>下一个</strong>.<br /><strong>您从一个 Web 应用程序开始。选择的设备大小是桌面</strong>。窗口出现。</li>\n<li>下<strong>项目名称</strong>，输入&nbsp;<strong>RecipientsWebApp</strong> ，然后点击&nbsp;<strong>创建</strong>.<br />使用&nbsp;创建了一个新应用程序<strong>Form1</strong>&nbsp;表格。<br />应用程序在<strong>故事板</strong>查看。</li>\n</ol>"
    },
    "navigationBar": {
      "left": {
        "text": "上一个"
      },
      "right": {
        "text": "下一个"
      }
    }
  },
  "Card.VoltMX.CreateUIRWV9.done": {
    "content": {
      "title": "探索应用",
      "body": "<p>您已成功：</p>\n<ul>\n<li><strong>为用户交互创建带有 UI 元素的表单</strong></li>\n<li><strong>在表单之间添加导航</strong></li>\n<li><strong>使用实时预览启动您的网络应用程序</strong></li>\n</ul>\n<p>要了解如何为此应用添加登录和注销操作，请查看下一次加息：<a class=\"tour-link\" tour=\"5e1da5td-37a0-44r6-beu6-374c3cn1\"><strong> 3.向应用程序添加身份验证</strong></a>.</p>"
    },
    "navigationBar": {
      "left": {
        "text": "上一个"
      },
      "right": {
        "text": "完成"
      }
    }
  },
  "Card.VoltMX.CreateUIRWV9.launch": {
    "content": {
      "title": "启动应用程序",
      "body": "<ol>\n<li>点击<strong>登录</strong> 用于查看表单上的按钮<strong>账户</strong>列表。<br />您不需要此应用程序的登录凭据。您将在以后的徒步旅行中向应用程序添加身份验证。</li>\n<li>单击收件人选项卡。<br /><b>收件人列表</b>出现。</li></ol>"
    },
    "navigationBar": {
      "left": {
        "text": "上一个"
      },
      "right": {
        "text": "下一个"
      }
    }
  },
  "Card.VoltMX.CreateUIRWV9.publish1": {
    "content": {
      "title": "运行应用程序",
      "body": "<ol>\n<li>来自<strong>实时预览设置</strong>窗下<strong>平台和渠道</strong> ，选中旁边的框<strong>响应式网站</strong>.<br />确保您已取消选中所有其他平台和频道的复选框。</li>\n<li>点击<strong>保存&amp;跑步</strong>.<br />Iris 运行应用程序可能需要一些时间。<br />构建完成后，示例应用程序将在<strong>虹膜预览</strong>窗口。</li>\n</ol>"
    },
    "navigationBar": {
      "left": {
        "text": "上一个"
      },
      "right": {
        "text": "下一个"
      }
    }
  },
  "Card.VoltMX.CreateUIRWV9.rename": {
    "content": {
      "title": "重命名表单",
      "body": "<ol>\n<li>在<strong>故事板</strong>查看，在新表单上方，单击<strong>Form1</strong>.</li>\n<li>重命名表单<strong>frmLogin</strong>.</li>\n</ol>"
    },
    "navigationBar": {
      "left": {
        "text": "上一个"
      },
      "right": {
        "text": "下一个"
      }
    }
  },
  "Card.VoltMX.CreateUIRWV9.Settings1": {
    "content": {
      "title": "实时预览的设置",
      "body": "<ol>\n<li>从主菜单中，选择<strong>构建</strong>.</li>\n<li>点击<strong>实时预览设置</strong>.</li>\n</ol>"
    },
    "navigationBar": {
      "left": {
        "text": "上一个"
      },
      "right": {
        "text": "下一个"
      }
    }
  },
  "Card.VoltMX.CreateUIRWV9.uiAccount": {
    "content": {
      "title": " 账户表单的用户界面",
      "body": "<ol>\n<li>从 Iris 画布的左角，导航到<strong>默认库</strong>.</li>\n<li>点击搜索图标。</li>\n<li>在出现的搜索栏中，输入<strong>账户</strong>.</li>\n<li>从结果来看，在<strong> RecipientsWeb</strong>集合，选择<strong>账户列表</strong>.</li>\n<li>拖动<strong>账户列表</strong>收集到<strong>frmAccount</strong>在画布上。</li>\n</ol>"
    },
    "navigationBar": {
      "left": {
        "text": "上一个"
      },
      "right": {
        "text": "下一个"
      }
    }
  },
  "Card.VoltMX.CreateUIRWV9.uiLogin": {
    "content": {
      "title": "登录界面的UI",
      "body": "<ol>\n<li>从 Iris 画布的左角，导航到<strong>默认库</strong>.</li>\n<li>点击搜索图标。</li>\n<li>在出现的搜索栏中，输入<strong>登录</strong>.</li>\n<li>从结果来看，在<strong> RecipientsWeb</strong>集合，选择<strong>用户登录</strong>.</li>\n<li>拖动<strong>用户登录</strong>收集到<strong>frmLogin</strong>在画布上。</li>\n</ol>"
    },
    "navigationBar": {
      "left": {
        "text": "上一个"
      },
      "right": {
        "text": "下一个"
      }
    }
  },
  "Card.VoltMX.CreateUIRWV9.uiPayees": {
    "content": {
      "title": " 收件人列表的用户界面",
      "body": "<ol>\n<li>从 Iris 的左下角，导航到<strong>默认库</strong>.</li>\n<li>点击搜索图标。</li>\n<li>在出现的搜索栏中，输入<strong>收件人</strong>.</li>\n<li>从结果来看，在<strong> RecipientsWeb</strong>集合，选择<strong>收件人列表</strong>.</li>\n<li>拖动<strong>收件人列表</strong>收集到<strong>frmRecipients</strong>在画布上。</li> <li>从 Iris 画布的顶部，选择<b>设计</b>选项卡打开<b>设计</b>查看。</li>\n</ol>"
    },
    "navigationBar": {
      "left": {
        "text": "上一个"
      },
      "right": {
        "text": "下一个"
      }
    }
  }
}