{
  "Tour.EditPayeeMobile_v9": {
    "description": " Description of Tour"
  },
  "Hike.VoltMX.EditPayeeMobile_v9": {
    "description": " Description of hike"
  },
  "Card.VoltMX.EditPayeeMobile_v9.back": {
    "content": {
      "title": "Navigation for Back Button",
      "body": "<ol>\n<li>From the <strong>Project explorer</strong>, navigate to <b>Mobile</b> > <b>Forms</b> > <strong>frmEditRecipient</strong> &gt; <strong>flexEditRecipient</strong> &gt; <strong>flexHeader,</strong> select <strong>headerButtonLeft</strong>.</li>\n<li>From the <strong>Properties</strong> panel, navigate to the <strong>Action </strong>tab.</li>\n<li>For the <strong>onClick</strong> event, click <strong>Edit</strong>. <br />The <strong>Action Editor</strong> window appears.</li>\n</ol>"
    },
    "navigationBar": {
      "left": {
        "text": "Previous"
      },
      "right": {
        "text": "Next"
      }
    }
  },
  "Card.VoltMX.EditPayeeMobile_v9.back1": {
    "content": {
      "title": "Navigation for Back Button",
      "body": "<ol>\n<li>From the <strong>Action Editor</strong> left menu, under the <strong>General</strong> section, select <strong>Navigate to Form</strong>.</li>\n<li>In the right pane of the <strong>Action Editor</strong>, select <strong>frmDetails</strong>.</li>\n<li>Click <strong>Save</strong>.</li>\n</ol>"
    },
    "navigationBar": {
      "left": {
        "text": "Previous"
      },
      "right": {
        "text": "Next"
      }
    }
  },
  "Card.VoltMX.EditPayeeMobile_v9.detMapping0": {
    "content": {
      "title": "Mapping in Details Screen",
      "body": "<ol><li>From the <b>Action Editor</b> canvas, select the <b>Callback</b> node. </li>\n<li>From the left menu of the&nbsp;<strong>Action Editor</strong>, under the&nbsp;<strong>Condition&nbsp;</strong>section, select&nbsp;<strong>Else If</strong>.</li>\n<li>From the right pane, select the following values from the drop-down:\n<ul>\n<li>Widget Property:&nbsp;<strong>Navigated From</strong></li>\n<li>Selected Source:&nbsp;<strong>frmEditRecipient &gt; btnSquared &gt; onClick</strong></li>\n</ul>\n</li>\n</ol>"
    },
    "navigationBar": {
      "left": {
        "text": "Previous"
      },
      "right": {
        "text": "Next"
      }
    }
  },
  "Card.VoltMX.EditPayeeMobile_v9.detMapping1": {
    "content": {
      "title": "Invoke Service Action",
      "body": "<ol>\n<li>From the left menu of the&nbsp;<strong>Action Editor</strong>, under the&nbsp;<strong>Network&nbsp;</strong>section, select&nbsp;<strong>Loading Indicator</strong>.</li>\n<li>From the left menu of the&nbsp;<strong>Action Editor</strong>, under the&nbsp;<strong>Network&nbsp;</strong>section, select&nbsp;<strong>Invoke Service</strong>.</li>\n<li>From the right pane of the <strong>Action Editor</strong>, select the following values from the drop-down list:\n<ul>\n<li>Select Service:&nbsp;<strong>RecipientStorage$Recipients</strong></li>\n<li>Select Method:&nbsp;<strong>get</strong></li>\n</ul>\n</li>\n<li>Click&nbsp;<strong>Construct Filter Query</strong>.<br /> The Mapping Editor window appears.</li>\n</ol>"
    },
    "navigationBar": {
      "left": {
        "text": "Previous"
      },
      "right": {
        "text": "Next"
      }
    }
  },
  "Card.VoltMX.EditPayeeMobile_v9.detMapping2": {
    "content": {
      "title": "Invoke Service Action",
      "body": "<ol>\n<li>From the left pane of the mapping editor, expand&nbsp;<strong>Navigation Object </strong>and select&nbsp;<strong>tbxPayeeID_text {string}</strong>.</li>\n<li>From the right pane of the mapping editor, expand&nbsp;<strong>Services&nbsp;</strong>&gt; <strong>Service - RecipientStorage$Recipients$get</strong> and select&nbsp;<strong>RecipientID {number}</strong>.<br /> Iris displays an alert regarding a mismatch of data types. Click&nbsp;<strong>OK</strong>.</li>\n<li>From the Action Editor canvas, select&nbsp;<strong>Callback</strong>.</li>\n</ol>"
    },
    "navigationBar": {
      "left": {
        "text": "Previous"
      },
      "right": {
        "text": "Next"
      }
    }
  },
  "Card.VoltMX.EditPayeeMobile_v9.detMapping3": {
    "content": {
      "title": "Invoke Service Action",
      "body": "<ol>\n<li>From the left menu of the&nbsp;<strong>Action Editor</strong>, under the&nbsp;<strong>Network&nbsp;</strong>section, select&nbsp;<strong>Loading Indicator</strong>.</li>\n<li>From the right pane of the&nbsp;<strong>Action Editor</strong>, set the&nbsp;<strong>Loading Indicator</strong>&nbsp;to&nbsp;<strong>Dismiss</strong>.</li>\n<li>From the left menu of the&nbsp;<strong>Action Editor</strong>, under the&nbsp;<strong>Mapping</strong>, select&nbsp;<strong>Add Mapping</strong>.<br /> The Mapping Editor window appears.</li>\n</ol>"
    },
    "navigationBar": {
      "left": {
        "text": "Previous"
      },
      "right": {
        "text": "Next"
      }
    }
  },
  "Card.VoltMX.EditPayeeMobile_v9.detMapping4": {
    "content": {
      "title": "Map the Service to the UI Elements",
      "body": "<ol>\n<li>From the left pane of the mapping editor, expand&nbsp;<strong>Services&nbsp;</strong>&gt;<strong> Service - RecipientStorage$Recipients$get&nbsp;</strong>&gt;<strong>&nbsp;records {collection}</strong>.<br/>\nFrom the right pane of the mapping editor, expand&nbsp;<strong>Forms&nbsp;</strong>&gt; <strong>frmDetails</strong>.</li>\n<li>In the mapping editor, map the following service parameters to the UI elements:\n<ul>\n<li>From the left pane select <strong>RecipientID {number}</strong>.<br /> From the right pane expand&nbsp;<strong>Label - lblRecipientIDValue</strong>,and select<strong>&nbsp;text {string}</strong>.<br /> Iris displays an alert regarding a mismatch of data types. <br />Click&nbsp;<strong>OK</strong>.</li>\n</ul>\n</li>\n</ol>"
    },
    "navigationBar": {
      "left": {
        "text": "Previous"
      },
      "right": {
        "text": "Next"
      }
    }
  },
  "Card.VoltMX.EditPayeeMobile_v9.detMapping5": {
    "content": {
      "title": "Map the Service to the UI Elements",
      "body": "<ul>\n<li>From the left pane select&nbsp;<strong>FirstName {string}</strong>.<br /> From the right pane expand&nbsp;<strong>Label - lblFirstNameValue</strong>, and select&nbsp;<strong>text {string}</strong>.</li>\n<li>From the left pane select&nbsp;<strong>LastName {string}</strong>.<br /> From the right pane expand&nbsp;<strong>Label - lblLastNameValue</strong>and select&nbsp;<strong>text {string}</strong>.</li>\n<li>From the left pane, select&nbsp;<strong>Nick Name {string}</strong>.&nbsp;<br /> From the right pane expand&nbsp;<strong>Label - lblNickNameValue</strong>and select&nbsp;<strong>text {string}</strong>.</li>\n<li>From the left pane, select&nbsp;<strong>Phone {string}</strong>.<br /> From the right pane expand&nbsp;<strong>Label - lblPhoneValue </strong>and select&nbsp;<strong>text {string}</strong>.</li>\n</ul>\n<ol start=\"3\">\n<li>Click&nbsp;<strong>Save</strong>.</li>\n</ol>"
    },
    "navigationBar": {
      "left": {
        "text": "Previous"
      },
      "right": {
        "text": "Next"
      }
    }
  },
  "Card.VoltMX.EditPayeeMobile_v9.done": {
    "content": {
      "title": "Congratulations",
      "body": "<p>You&rsquo;ve successfully:</p>\n<ul>\n<li><strong>Generated the Edit Recipients screen</strong></li>\n<li><strong>Created and customized the UI for the edit recipients screen</strong></li>\n<li><strong>Update the services with the data</strong></li>\n<li><strong>Added navigation to and from the edit Recipients screen<br /></strong></li>\n<li><strong>Added logout to the edit recipients screen</strong></li>\n</ul>\n<p>For more information on how to publish and share your app, check out the next hike: <a class=\"tour-link\" tour=\"ec5ceatd-50a0-4fre-b3u7-c3e41cn2\"><strong>9. Publish and Share the App</strong></a>.</p>"
    },
    "navigationBar": {
      "left": {
        "text": "Previous"
      },
      "right": {
        "text": "Done"
      }
    }
  },
  "Card.VoltMX.EditPayeeMobile_v9.frmedit": {
    "content": {
      "title": "Edit Recipient Screen",
      "body": "<ol>\n<li>From the <strong>Project</strong> explorer, expand <strong>Mobile </strong>&gt; <strong>Forms</strong></li>\n<li>Right-click <strong>Forms</strong> and select <strong>New Form</strong>.</li>\n<li>Right-click <strong>Form1</strong> and rename <strong>frmEditRecipient</strong>.</li>\n</ol>"
    },
    "navigationBar": {
      "left": {
        "text": "Previous"
      },
      "right": {
        "text": "Next"
      }
    }
  },
  "Card.VoltMX.EditPayeeMobile_v9.Intro": {
    "content": {
      "title": "Adding Edit Recipient Feature",
      "body": "<p><strong>Let&rsquo;s get started!</strong></p>\n<p>In this hike, you will learn how to:</p>\n<ul>\n<li>Generate a screen for editing recipient details</li>\n<li>Design the UI for the Edit Recipient form</li>\n<li>Connect the data from service to the UI elements</li>\n</ul><p>Before you get started, complete the following hikes: </p>\n<ol><b>\n<li><a class=\"tour-link\" tour=\"7408efte-e2aa-4cr8-a9ub-d7ba36n8\">Import &amp; Launch a Native App</a></li><li><a class=\"tour-link\" tour=\"a617eft5-7ca8-4ard-8eu8-94cdean5\">Create UI from Collections</a></li><li><a class=\"tour-link\" tour=\"15d8c7t4-cda7-40rb-afu7-345cfcnc\">Add Authentication to the App</a></li>\n<li><a class=\"tour-link\" tour=\"a7a762t5-3eac-44r5-8bu2-89b781n1\">Creating Services for a Native App</a> </li>\n<li><a class=\"tour-link\" tour=\"fab6d8ta-91ac-4frc-8fud-14a9f7na\">Connect App UI to Data in a Native App</a></li>\n<li><a class=\"tour-link\" tour=\"9837bat6-6daf-4cr7-a3u9-8aea36n0\">Creating Recipient Details and Delete Feature</a></li><li><a class=\"tour-link\" tour=\"da2bbctf-3ba6-49rf-b2u9-b842dand\">Add Create Recipient</a> </li></b>\n</ol><br/>\n<p>Ensure that you open the same project that you have created in the previous hikes.</p>\n<p>To open the <b>RecipientsMobApp</b>  project, from the main menu, navigate to <strong>Project</strong> &gt; <strong>Open</strong> &gt; <strong>HCL Reference Architecture</strong> &gt; <strong>RecipientsMobApp</strong>.</p>\n<p><strong>When you are ready, click Start!</strong></p>"
    },
    "navigationBar": {
      "left": {
        "text": "Previous"
      },
      "right": {
        "text": "Start"
      }
    }
  },
  "Card.VoltMX.EditPayeeMobile_v9.mapping": {
    "content": {
      "title": "Configuring onMapping Event",
      "body": "<ol>\n<li>From the <strong>Project</strong> explorer, navigate to <strong>Mobile</strong> &gt; <strong>Forms</strong>, and select <strong>frmEditRecipient</strong>.</li>\n<li>Navigate to the <strong>Properties </strong>panel and select the <strong>Action</strong>&nbsp;tab.</li>\n<li>Under the <strong>General </strong>section, for the <strong>onMapping </strong>event, click <strong>Edit</strong>. <br />The<strong> Action Editor</strong> window appears.</li>\n<li>From the top-right corner, select <strong>Design View</strong>.</li>\n</ol>"
    },
    "navigationBar": {
      "left": {
        "text": "Previous"
      },
      "right": {
        "text": "Next"
      }
    }
  },
  "Card.VoltMX.EditPayeeMobile_v9.mapping1": {
    "content": {
      "title": "Configuring the onMapping Event",
      "body": "<ol>\n<li>From the left menu of the <strong>Action Editor</strong>, under the <strong>Network </strong>section, select <strong>Loading Indicator</strong>.</li>\n<li>From the left menu of the <strong>Action Editor, </strong>under the <strong>Condition</strong>&nbsp;section, select <strong>If</strong>.</li>\n<li>Under <strong>Add Condition, </strong>set the following:\n<ul>\n<li>First Field: <strong>Navigated from</strong></li>\n<li>Second Field: <strong>frmDetails &gt; headerButtonRight &gt; onClick</strong></li>\n</ul>\n</li>\n</ol>"
    },
    "navigationBar": {
      "left": {
        "text": "Previous"
      },
      "right": {
        "text": "Next"
      }
    }
  },
  "Card.VoltMX.EditPayeeMobile_v9.mapping2": {
    "content": {
      "title": "Invoking Services for Update",
      "body": "<ol>\n<li>From the left menu of the <strong>Action Editor</strong>, under the <strong>Network</strong> section, select <strong>Invoke Service</strong>.</li>\n<li>From the right pane of the <strong>Action Editor</strong>, select the following values from the drop-down list:\n<ul>\n<li>Select Service: <strong>RecipientStorage$Recipients</strong></li>\n<li>Select Method: <strong>get</strong></li>\n</ul>\n</li>\n<li>Click <strong>Construct Filter Query</strong>.<br />The Mapping Editor window appears.</li>\n</ol>"
    },
    "navigationBar": {
      "left": {
        "text": "Previous"
      },
      "right": {
        "text": "Next"
      }
    }
  },
  "Card.VoltMX.EditPayeeMobile_v9.mapping3": {
    "content": {
      "title": "Configuring Actions for onMapping",
      "body": "<ol>\n<li>From the left pane of the mapping editor, expand <strong>Navigation Object</strong> and select <strong>lblFirstNameValue_text {string}</strong>.</li>\n<li>From the right pane of the mapping editor, expand <strong>Services</strong> &gt; <strong>Service &ndash; RecipientStorage$Recipients$get</strong> and select <strong> RecipientID{number}</strong>.</li>\n<li>From the Action Editor canvas, select <strong>Callback</strong>.</li>\n<li>From the left menu of <strong>Action Editor</strong>, under the <b>Network</b> section, select <strong>Loading Indicator</strong>.</li>\n<li>From the right pane, for <b>Loading Indicator</b> select <strong>Dismiss</strong>.</li>\n</ol>"
    },
    "navigationBar": {
      "left": {
        "text": "Previous"
      },
      "right": {
        "text": "Next"
      }
    }
  },
  "Card.VoltMX.EditPayeeMobile_v9.mapping4": {
    "content": {
      "title": "Configuring Actions for onMapping",
      "body": "<ol>\n<li>From the left menu of the <strong>Action Editor</strong>, under the <strong>Condition</strong> section, select <strong>If</strong>.</li>\n<li>From the right pane of the Action Editor, under Add Condition provide the following values:\n<ul>\n<li>First field &ndash; <strong>Value</strong></li>\n<li>Second field: <strong>Recipients.opstatus</strong></li>\n<li>Third field: <strong>Equals</strong></li>\n<li>Fourth field: <strong>Value</strong></li>\n<li>Fifth field:  <strong>0</strong></li>\n</ul>\n</li>\n<li>From the left menu of the <strong>Action Editor</strong>, under the <strong>Mapping</strong> section, select <strong>Add Mapping</strong>.<br />The Mapping Editor window appears.</li>\n</ol>"
    },
    "navigationBar": {
      "left": {
        "text": "Previous"
      },
      "right": {
        "text": "Next"
      }
    }
  },
  "Card.VoltMX.EditPayeeMobile_v9.mapping5": {
    "content": {
      "title": "Mapping the UI Elements",
      "body": "<ul>\n<li>From the left pane of the <strong>Mapping Editor</strong>, expand <strong>Services</strong> &gt; <strong>Service-RecipientStorage$Recipients$get</strong>, &gt; <strong>records{collection}</strong>. <br />From the right pane of the <strong>Mapping Editor</strong>, expand <strong>Forms </strong>&gt; <strong>frmEditRecipients</strong>.</li>\n<li>From the left pane of the <strong>Mapping Editor</strong> select <strong>RecipientID{number}</strong>. <br />From the right pane of the <strong>Mapping Editor</strong>, expand <strong>TextField - tbxPayeeID </strong>and select <strong>text{string}</strong>.</li>\n<li>From the left pane of the <strong>Mapping Editor</strong> select <strong>FirstName{string}</strong>. <br />From the right pane of the <strong>Mapping Editor</strong>, expand <strong>TextField - tbxFirstName </strong>and select <strong>text{string}</strong>.</li>\n</ul>"
    },
    "navigationBar": {
      "left": {
        "text": "Previous"
      },
      "right": {
        "text": "Next"
      }
    }
  },
  "Card.VoltMX.EditPayeeMobile_v9.mapping6": {
    "content": {
      "title": "Map the UI Elements",
      "body": "<ul>\n<li>From the left pane of the <strong>Mapping Editor</strong> select <strong>LastName{string}</strong>. <br />From the right pane of the <strong>Mapping Editor</strong>, expand <strong>TextField - tbxLastName </strong>and select <strong>text{string}</strong>.</li>\n<li>From the left pane of the <strong>Mapping Editor</strong> select <strong>NickName{string}</strong>. <br />From the right pane of the <strong>Mapping Editor</strong>, expand <strong>Label- TextField - tbxNickName </strong>and select <strong>text{string}</strong>.</li>\n<li>From the left pane of the <strong>Mapping Editor</strong> select <strong>Phone{string}</strong>. <br />From the right pane of the <strong>Mapping Editor</strong>, expand <strong>Label- TextField - tbxPhone </strong>and select <strong>text{string}</strong>.</li>\n</ul>"
    },
    "navigationBar": {
      "left": {
        "text": "Previous"
      },
      "right": {
        "text": "Next"
      }
    }
  },
  "Card.VoltMX.EditPayeeMobile_v9.mapping7": {
    "content": {
      "title": "Configuring Actions for onMapping",
      "body": "<ol>\n<li>From the <b>Action Editor</b> canvas, select the <b>IF: Recipients.opstatus is equal to 0</b> node. </li><li>From the left menu of the <strong>Action Editor</strong>, under the <strong>Condition</strong>, select <strong>Else</strong>.</li>\n<li>From the left menu of the <strong>Action Editor</strong>, under the <strong>Client</strong> section, select <strong>Show Alert</strong>.</li>\n<li>In the right pane of the <strong>Action Editor</strong>, provide the following fields:\n<ul>\n<li>Alert Type: <strong>Info</strong></li>\n<li>Alert Message: <strong>\"Sorry, your recipient details could not be loaded successfully. Please try again later\"</strong></li>\n</ul>\n</li>\n<li>Click <strong>Save</strong>.</li>\n</ol>"
    },
    "navigationBar": {
      "left": {
        "text": "Previous"
      },
      "right": {
        "text": "Next"
      }
    }
  },
  "Card.VoltMX.EditPayeeMobile_v9.navAcc": {
    "content": {
      "title": "Navigating to Accounts Screen",
      "body": "<ol>\n<li>From the <strong>Project</strong> explorer, navigate to <strong>Mobile</strong> &gt; <strong>Forms</strong> &gt; <strong>frmEditRecipients </strong>&gt; <b>flexEditRecipient</b> > <strong> flexFooter</strong>, and select <strong>flxAccounts</strong>.</li>\n<li>From the <strong>Properties</strong> panel, navigate to the <strong>Action </strong>tab.</li>\n<li>Under the <strong>General</strong> section, for the <strong>onClick</strong> event, click <strong>Edit</strong>.<br /> The <strong>Action Editor </strong>window appears.</li>\n</ol>"
    },
    "navigationBar": {
      "left": {
        "text": "Previous"
      },
      "right": {
        "text": "Next"
      }
    }
  },
  "Card.VoltMX.EditPayeeMobile_v9.navAcc1": {
    "content": {
      "title": "Navigating to Accounts Screen",
      "body": "<ol>\n<li>From the <strong>Action Editor</strong> left menu, under the <strong>General </strong>section, select <strong>Navigate to Form</strong>.</li>\n<li>From the right pane of the <strong>Action Editor</strong>, select <strong>frmAccount</strong>.</li>\n<li>Click <strong>Save</strong>.</li>\n</ol>"
    },
    "navigationBar": {
      "left": {
        "text": "Previous"
      },
      "right": {
        "text": "Next"
      }
    }
  },
  "Card.VoltMX.EditPayeeMobile_v9.navDet": {
    "content": {
      "title": "Mapping in Details Screen",
      "body": "<ol>\n<li>From the&nbsp;<strong>Project </strong> explorer, expand <strong>Mobile </strong> &gt;<strong>&nbsp;Forms</strong>, and select&nbsp;<strong>frmDetails</strong>.</li>\n<li>From the&nbsp;<strong>Properties </strong>panel, navigate to the&nbsp;<strong>Action&nbsp;</strong>tab.</li>\n<li>For the&nbsp;<strong>onMapping </strong>event, click&nbsp;<strong>Edit</strong>.<br /> The&nbsp;<strong>Action Editor&nbsp;</strong>window appears.</li>\n<li>From the top right of the&nbsp;<strong>Action Editor</strong>, select&nbsp;<strong>Design View</strong>.</li>\n</ol>"
    },
    "navigationBar": {
      "left": {
        "text": "Previous"
      },
      "right": {
        "text": "Next"
      }
    }
  },
  "Card.VoltMX.EditPayeeMobile_v9.navEdit": {
    "content": {
      "title": "Navigating From Recipients Details Screen",
      "body": "<ol>\n<li>From the <strong>Project</strong> explorer, expand <strong>Mobile</strong> &gt; <strong>Forms</strong> &gt; <strong>frmDetails</strong> &gt;  <strong>flexHeader</strong> and select <strong>headerButtonRight</strong>.</li>\n<li>From the <strong>Properties</strong> panel, navigate to the <strong>Action</strong> tab.</li>\n<li>Under the <b>General</b> section, for the <strong>onClick</strong> event click <strong>Edit</strong>.<br /> The <b>Action Editor</b> window appears.</li>\n</ol>"
    },
    "navigationBar": {
      "left": {
        "text": "Previous"
      },
      "right": {
        "text": "Next"
      }
    }
  },
  "Card.VoltMX.EditPayeeMobile_v9.navEdit1": {
    "content": {
      "title": "Navigating to the Edit Recipients Screen",
      "body": "<ol>\n<li>From the left menu of the <strong>Action Editor</strong>, under the <strong>General </strong>section, select <strong>Navigate to Form</strong>.</li>\n<li>From the right pane, select <strong>frmEditRecipient</strong> and then select <strong>Pass data with navigation</strong>.</li>\n<li>From the right pane, expand <strong>Forms </strong>&gt;<strong> frmDetails </strong>&gt;<strong> Label - lblRecipientIDValue</strong>, and select <strong>text {string}</strong>.</li>\n<li>Click <strong>Save</strong>.</li>\n</ol>"
    },
    "navigationBar": {
      "left": {
        "text": "Previous"
      },
      "right": {
        "text": "Next"
      }
    }
  },
  "Card.VoltMX.EditPayeeMobile_v9.navRec": {
    "content": {
      "title": "Navigating to the Recipients List Screen",
      "body": "<ol>\n<li>From the <strong>Project</strong> explorer, expand <strong>Mobile</strong> &gt; <strong>Forms</strong> &gt; \n <strong>frmEditRecipient </strong>&gt; <b>flexEditRecipient</b> > <strong> flexFooter</strong>, and select <strong>flexRecipientSelected</strong>.</li>\n<li>From the <strong>Properties</strong> panel, navigate to the <strong>Action</strong>&nbsp;tab.</li>\n<li>Under the <strong>General</strong> section, for the <strong>onClick</strong> event click <strong>Edit</strong>.<br /> The <strong>Action Editor </strong>window appears.</li>\n</ol>"
    },
    "navigationBar": {
      "left": {
        "text": "Previous"
      },
      "right": {
        "text": "Next"
      }
    }
  },
  "Card.VoltMX.EditPayeeMobile_v9.navRec1": {
    "content": {
      "title": "Navigating to the Recipients List Screen",
      "body": "<ol>\n<li>From the <strong>Action Editor</strong> left menu, under the <strong>General </strong>section, select <strong>Navigate to Form</strong>.</li>\n<li>From the right pane of the <strong>Action Editor</strong>, select <strong>frmRecipients</strong>.</li>\n<li>Click <strong>Save</strong>.</li>\n</ol>"
    },
    "navigationBar": {
      "left": {
        "text": "Previous"
      },
      "right": {
        "text": "Next"
      }
    }
  },
  "Card.VoltMX.EditPayeeMobile_v9.openapp": {
    "content": {
      "title": "Volt MX App",
      "body": "<ol>\n<li>Connect your mobile device to your computer using a USB cable.<br /> For an Android mobile device, ensure that the USB is set as <strong>Transfer files</strong>.<br /> For an iOS mobile device, ensure that <strong>trust </strong>has been established between device and computer.</li>\n<li>Launch your <strong>Volt MX App</strong> on your mobile device.</li>\n<li>Select the <strong>USB</strong> tab.<br/>On a successful connection, <strong>Iris</strong> on your computer shows a success prompt.</li>\n</ol>"
    },
    "navigationBar": {
      "left": {
        "text": "Previous"
      },
      "right": {
        "text": "Next"
      }
    }
  },
  "Card.VoltMX.EditPayeeMobile_v9.run": {
    "content": {
      "title": "Run the App",
      "body": "<ol>\n<li>From the left navigation bar, click <strong>Run</strong>.<br /> It will take some time for Iris to display the <strong>Live Preview is ready</strong> window.</li>\n<li>After Iris runs the app, on your <strong>Volt MX App</strong>, click <strong>Launch</strong>.</li>\n<li>You may see an <strong>Application Name </strong>text box. If there is a text box, enter <strong>RecipientsMobApp</strong>, and then click <strong>Launch</strong>.</li>\n</ol>"
    },
    "navigationBar": {
      "left": {
        "text": "Previous"
      },
      "right": {
        "text": "Next"
      }
    }
  },
  "Card.VoltMX.EditPayeeMobile_v9.uiedit": {
    "content": {
      "title": "UI for Edit Recipients Screen",
      "body": "<ol>\n<li>From the bottom-left corner of Iris, navigate to the <strong>Default Library</strong>.</li>\n<li>Next to the Default Library, you will see the <strong>My Libraries </strong>tab and a search icon. Click the search icon.</li>\n<li>In the search bar that appears, enter <strong>EditRecipient</strong>.</li>\n<li>From the results, under <strong>RecipientsMobile</strong>, select <strong>EditRecipient</strong>.</li>\n<li>Drag the <strong>EditRecipient</strong> collection onto the <strong>frmEditRecipient</strong> on the canvas.</li>\n</ol>"
    },
    "navigationBar": {
      "left": {
        "text": "Previous"
      },
      "right": {
        "text": "Next"
      }
    }
  },
  "Card.VoltMX.EditPayeeMobile_v9.update": {
    "content": {
      "title": "Configuring Update Operation",
      "body": "<ol>\n<li>From the <strong>Project</strong> explorer, navigate to <strong>Mobile</strong> &gt; <strong>Forms </strong>&gt;<strong> frmEditRecipient </strong>&gt; <b>flexEditRecipient</b> > <strong> flexFieldsContainer </strong>&gt;<strong> flexSave </strong>&gt;<strong> flexSquaredBorderedButton</strong>, and select <strong>btnSquared</strong>.</li>\n<li>Navigate to <strong>Properties </strong>panel and select the <strong>Action </strong>tab.</li>\n<li>Under the <strong>General </strong>section, for the <strong>onClick </strong>event click <strong>Edit</strong>. <br />The <strong>Action Editor </strong>window appears.</li>\n<li>From the top-right corner of the <strong>Action Editor</strong>, select <strong>Design View</strong>.</li>\n</ol>"
    },
    "navigationBar": {
      "left": {
        "text": "Previous"
      },
      "right": {
        "text": "Next"
      }
    }
  },
  "Card.VoltMX.EditPayeeMobile_v9.update1": {
    "content": {
      "title": "Configuring Update Operation",
      "body": "<ol>\n<li>From the left menu of the <strong>Action Editor</strong>, under the <strong>Network </strong>section, select <strong>Loading Indicator</strong>.</li>\n<li>From the left menu of the <strong>Action Editor</strong>, under the <strong>Network </strong>section, select <strong>Invoke Service</strong>.</li>\n<li>From the right pane of the <strong>Action Editor</strong>, select the following values from the drop-down list\n<ul>\n<li>Select Service: <strong>RecipientStorage$Recipients</strong></li>\n<li>Select Method: <strong>update</strong></li>\n</ul>\n</li>\n<li>Select <strong>Open Mapping Editor</strong>. <br />The mapping editor window appears.</li>\n</ol>"
    },
    "navigationBar": {
      "left": {
        "text": "Previous"
      },
      "right": {
        "text": "Next"
      }
    }
  },
  "Card.VoltMX.EditPayeeMobile_v9.update2": {
    "content": {
      "title": "Mapping the UI Elements to the Service",
      "body": "<ul>\n<li>From the left pane of the <strong>Mapping Editor</strong>, expand <strong>Forms </strong>&gt; <strong>frmEditRecipients</strong>. <br />From the right pane of the <strong>Mapping Editor</strong>, expand <strong>Services</strong> &gt; <strong>Service-RecipientStorage$Recipients$update</strong>.</li>\n<li>From the left pane of the <strong>Mapping Editor</strong>, expand <strong>TextField - tbxPayeeID </strong>and select <strong>text{string}</strong>. <br />From the right pane of the <strong>Mapping Editor</strong>, <strong>RecipientID{number}</strong>.</li>\n<li>From the left pane of the <strong>Mapping Editor</strong>, expand <strong>TextField - tbxFirstName </strong>and select <strong>text{string}</strong>. <br />From the right pane of the <strong>Mapping Editor</strong>, <strong>FirstName{string}</strong>.</li>\n</ul>"
    },
    "navigationBar": {
      "left": {
        "text": "Previous"
      },
      "right": {
        "text": "Next"
      }
    }
  },
  "Card.VoltMX.EditPayeeMobile_v9.update3": {
    "content": {
      "title": "Mapping the UI Elements to the Service",
      "body": "<ul>\n<li>From the left pane of the <strong>Mapping Editor</strong>, expand <strong>TextField - tbxLastName </strong>and select <strong>text{string}</strong>. <br />From the right pane of the <strong>Mapping Editor</strong>, <strong>LastName{string}</strong>.</li>\n<li>From the left pane of the <strong>Mapping Editor</strong>, expand <strong>TextField - tbxNickName </strong>and select <strong>text{string}</strong>. <br />From the right pane of the <strong>Mapping Editor</strong>, <strong>NickName{string}</strong>.</li>\n<li>From the left pane of the <strong>Mapping Editor</strong>, expand <strong>TextField - tbxPhone </strong>and select <strong>text{string}</strong>. <br />From the right pane of the <strong>Mapping Editor</strong>, <strong>Phone{string}</strong>.</li>\n</ul>"
    },
    "navigationBar": {
      "left": {
        "text": "Previous"
      },
      "right": {
        "text": "Next"
      }
    }
  },
  "Card.VoltMX.EditPayeeMobile_v9.update4": {
    "content": {
      "title": "Checking the Status of Service",
      "body": "<ol>\n<li>From the <strong>Action Editor</strong> canvas, under the <strong>Invoke Service</strong>, select <strong>Callback</strong>.</li>\n<li>From the left menu of the <strong>Action Editor</strong>, under the <strong>Network </strong>section, select <strong>Loading Indicator</strong>.</li>\n<li>From the right pane of the <strong>Action Editor</strong>, set the <strong>Loading Indicator</strong> to <strong>Dismiss</strong>.</li>\n<li>From the left menu of the <strong>Action Editor, </strong>under the <strong>Condition</strong> section, select <strong>If</strong>.</li>\n</ol>"
    },
    "navigationBar": {
      "left": {
        "text": "Previous"
      },
      "right": {
        "text": "Next"
      }
    }
  },
  "Card.VoltMX.EditPayeeMobile_v9.update5": {
    "content": {
      "title": "Navigating to the Recipients Screen",
      "body": "<ol>\n<li>From the right pane of the <strong>Action Editor</strong>, under <strong>Add Condition</strong> set the following:\n<ul>\n<li>First field &ndash; <strong>Value</strong>.</li>\n<li>Second field &ndash; Type <strong>Recipients.opstatus</strong></li>\n<li>Third field &ndash; <strong>Equals</strong></li>\n<li>Fourth field &ndash; <strong>Value</strong></li>\n<li>Fifth field - Type <strong>0</strong></li>\n</ul>\n</li>\n<li>From the left pane of the <strong>Action Editor</strong>, under the <strong>General </strong>section, select <strong>Navigate to Form</strong>.</li>\n<li>From the right pane of the <strong>Action Editor</strong>, select <strong>frmDetails</strong>.</li>\n<li>From the right pane of the <strong>Action Editor</strong>, select <strong>Pass data with navigation</strong>. <br />The Mapping Editor appears.</li>\n<li>From the Mapping Editor, expand <strong>frmEditRecipient</strong> &gt; <strong>TextField-tbxPayeeID</strong> and select <strong>text{string}</strong>.</li>\n</ol>"
    },
    "navigationBar": {
      "left": {
        "text": "Previous"
      },
      "right": {
        "text": "Next"
      }
    }
  },
  "Card.VoltMX.EditPayeeMobile_v9.update6": {
    "content": {
      "title": "Configuring the Else Condition",
      "body": "<ol><li>From the <b>Action Editor</b> canvas, select the <b>IF: Recipients.opstatus is equal to 0</b> node. </li>\n<li>From the left menu of the <strong>Action Editor, </strong>under the <strong>Condition</strong> section, select <strong>Else</strong>.</li>\n<li>From the left menu of the <strong>Action Editor</strong>, under the <strong>Client</strong> section, select <strong>Show Alert</strong>.</li>\n<li>In the right pane of the <strong>Action Editor</strong>, provide the following fields:\n<ul>\n<li>Alert Type: <strong>Info</strong></li>\n<li>Alert Message: <strong>\"Sorry, your recipient details could not be edited successfully. Please try again later\"</strong></li>\n</ul>\n</li>\n<li>Click <strong>Save</strong>.</li>\n</ol>"
    },
    "navigationBar": {
      "left": {
        "text": "Previous"
      },
      "right": {
        "text": "Next"
      }
    }
  },
  "Card.VoltMX.EditPayeeMobile_v9.view": {
    "content": {
      "title": "Launch the App",
      "body": "<ol>\n<li>Enter the following login credentials in your app.\n<ul>\n<li>Username: <strong>john.doe@woodburn.com</strong></li>\n<li>Password: <strong>VoltMX@123</strong></li>\n</ul>\n</li>\n<li>Click <strong>Login</strong>.<br /> The account list appears.</li>\n<li>Click the <strong>Recipients</strong> tab.<br /> The recipient list appears.</li>\n<li>Click the add <strong>(+) </strong>icon to add a recipient.</li>\n<li>Select a recipient from the list to view their details.</li>\n<li>From the Details page, click the <strong>Delete </strong>button to delete the recipient.</li>\n<li>From the Details page, click the <strong>Edit</strong> button to edit the recipient details.</li>\n<li>Click the Logout button on top of the screen to navigate to the login screen.</li>\n</ol>"
    },
    "navigationBar": {
      "left": {
        "text": "Previous"
      },
      "right": {
        "text": "Next"
      }
    }
  }
}