{
  "Tour.EditPayeeMobile_v9": {
    "description": "旅遊描述"
  },
  "Hike.VoltMX.EditPayeeMobile_v9": {
    "description": "徒步說明"
  },
  "Card.VoltMX.EditPayeeMobile_v9.back": {
    "content": {
      "title": "後退按鈕導航",
      "body": "<ol>\n<li>來自<strong>項目瀏覽器</strong> , 導航到<b>手機</b> > <b>表格</b> > <strong>frmEditRecipient</strong>&gt;<strong>flexEditRecipient</strong>&gt;<strong>flexHeader，</strong>選擇<strong>headerButtonLeft</strong>.</li>\n<li>來自<strong>屬性</strong>面板，導航到<strong>行動</strong>標籤。</li>\n<li>對於<strong>點擊</strong>事件，點擊<strong>編輯</strong>. <br /><strong>動作編輯器</strong>窗口出現。</li>\n</ol>"
    },
    "navigationBar": {
      "left": {
        "text": "上一個"
      },
      "right": {
        "text": "下一個"
      }
    }
  },
  "Card.VoltMX.EditPayeeMobile_v9.back1": {
    "content": {
      "title": "後退按鈕導航",
      "body": "<ol>\n<li>來自<strong>動作編輯器</strong>左側菜單，在<strong>一般</strong>部分，選擇<strong>導航到表單</strong>.</li>\n<li>在右側窗格中<strong>動作編輯器</strong>，選擇<strong>frmDetails</strong>.</li>\n<li>點擊<strong>保存</strong>.</li>\n</ol>"
    },
    "navigationBar": {
      "left": {
        "text": "上一個"
      },
      "right": {
        "text": "下一個"
      }
    }
  },
  "Card.VoltMX.EditPayeeMobile_v9.detMapping0": {
    "content": {
      "title": "詳細信息屏幕中的映射",
      "body": "<ol><li>來自<b>動作編輯器</b>畫布，選擇<b>回調</b>節點。</li>\n<li>從左側菜單<strong>動作編輯器</strong> , 在 &nbsp;<strong>條件</strong>部分，選擇&nbsp;<strong>否則如果</strong>.</li>\n<li>從右側窗格中，從下拉列表中選擇以下值：<ul>\n<li>小部件屬性：&nbsp;<strong>導航自</strong></li>\n<li>選定來源：&nbsp;<strong>frmEditRecipient &gt; btnSquared &gt;點擊</strong></li>\n</ul>\n</li>\n</ol>"
    },
    "navigationBar": {
      "left": {
        "text": "上一個"
      },
      "right": {
        "text": "下一個"
      }
    }
  },
  "Card.VoltMX.EditPayeeMobile_v9.detMapping1": {
    "content": {
      "title": "調用服務操作",
      "body": "<ol>\n<li>從左側菜單<strong>動作編輯器</strong> , 在 &nbsp;<strong>網絡</strong>部分，選擇&nbsp;<strong>加載指示器</strong>.</li>\n<li>從左側菜單<strong>動作編輯器</strong> , 在 &nbsp;<strong>網絡</strong>部分，選擇&nbsp;<strong>調用服務</strong>.</li>\n<li>從右側窗格<strong>動作編輯器</strong> ，從下拉列表中選擇以下值：<ul>\n<li>選擇服務：&nbsp;<strong>RecipientStorage$Recipients</strong></li>\n<li>選擇方法：&nbsp;<strong>得到</strong></li>\n</ul>\n</li>\n<li>點擊<strong>構造過濾器查詢</strong>.<br />出現映射編輯器窗口。</li>\n</ol>"
    },
    "navigationBar": {
      "left": {
        "text": "上一個"
      },
      "right": {
        "text": "下一個"
      }
    }
  },
  "Card.VoltMX.EditPayeeMobile_v9.detMapping2": {
    "content": {
      "title": "調用服務操作",
      "body": "<ol>\n<li>從映射編輯器的左窗格中，展開&nbsp;<strong>導航對象</strong>並選擇&nbsp;<strong>tbxPayeeID_text {string}</strong>.</li>\n<li>從映射編輯器的右窗格中，展開&nbsp;<strong>服務</strong>&gt;<strong>服務 - RecipientStorage$Recipients$get</strong>並選擇&nbsp;<strong> RecipientID {number}</strong>.<br />Iris 顯示有關數據類型不匹配的警報。點擊<strong>好的</strong>.</li>\n<li>從動作編輯器畫布中，選擇&nbsp;<strong>回調</strong>.</li>\n</ol>"
    },
    "navigationBar": {
      "left": {
        "text": "上一個"
      },
      "right": {
        "text": "下一個"
      }
    }
  },
  "Card.VoltMX.EditPayeeMobile_v9.detMapping3": {
    "content": {
      "title": "調用服務操作",
      "body": "<ol>\n<li>從左側菜單<strong>動作編輯器</strong> , 在 &nbsp;<strong>網絡</strong>部分，選擇&nbsp;<strong>加載指示器</strong>.</li>\n<li>從右側窗格中<strong>動作編輯器</strong>，設置&nbsp;<strong>加載指示器</strong>&nbsp;到&nbsp;<strong>解僱</strong>.</li>\n<li>從左側菜單<strong>動作編輯器</strong> , 在 &nbsp;<strong>映射</strong>，選擇&nbsp;<strong>添加映射</strong>.<br />出現映射編輯器窗口。</li>\n</ol>"
    },
    "navigationBar": {
      "left": {
        "text": "上一個"
      },
      "right": {
        "text": "下一個"
      }
    }
  },
  "Card.VoltMX.EditPayeeMobile_v9.detMapping4": {
    "content": {
      "title": "將服務映射到 UI 元素",
      "body": "<ol>\n<li>從映射編輯器的左窗格中，展開&nbsp;<strong>服務</strong>&gt;<strong>服務 - RecipientStorage$Recipients$get&nbsp;</strong>&gt;<strong>&nbsp;記錄{集合}</strong>.<br/>從映射編輯器的右窗格中，展開&nbsp;<strong>表格</strong>&gt;<strong>frmDetails</strong>.</li>\n<li>在映射編輯器中，將以下服務參數映射到 UI 元素：<ul>\n<li>從左窗格中選擇<strong> RecipientID {number}</strong>.<br />從右側窗格中展開&nbsp;<strong>標籤 - lblRecipientIDValue</strong>，然後選擇<strong> &nbsp;text {string}</strong>.<br />Iris 顯示有關數據類型不匹配的警報。<br />點擊<strong>好的</strong>.</li>\n</ul>\n</li>\n</ol>"
    },
    "navigationBar": {
      "left": {
        "text": "上一個"
      },
      "right": {
        "text": "下一個"
      }
    }
  },
  "Card.VoltMX.EditPayeeMobile_v9.detMapping5": {
    "content": {
      "title": "將服務映射到 UI 元素",
      "body": "<ul>\n<li>從左窗格中選擇&nbsp;<strong>名字{字符串}</strong>.<br />從右側窗格中展開&nbsp;<strong>標籤 - lblFirstNameValue</strong> ，然後選擇&nbsp;<strong>文本{字符串}</strong>.</li>\n<li>從左窗格中選擇&nbsp;<strong>姓氏{字符串}</strong>.<br />從右側窗格中展開&nbsp;<strong>標籤-lblLastNameValue</strong>並選擇&nbsp;<strong>文本{字符串}</strong>.</li>\n<li>從左側窗格中，選擇&nbsp;<strong>暱稱{string}</strong>.&nbsp;<br />從右側窗格中展開&nbsp;<strong>標籤-lblNickNameValue</strong>並選擇&nbsp;<strong>文本{字符串}</strong>.</li>\n<li>從左側窗格中，選擇&nbsp;<strong>電話{字符串}</strong>.<br />從右側窗格中展開&nbsp;<strong>標籤-lblPhoneValue</strong>並選擇&nbsp;<strong>文本{字符串}</strong>.</li>\n</ul>\n<ol start=\"3\">\n<li>點擊<strong>保存</strong>.</li>\n</ol>"
    },
    "navigationBar": {
      "left": {
        "text": "上一個"
      },
      "right": {
        "text": "下一個"
      }
    }
  },
  "Card.VoltMX.EditPayeeMobile_v9.done": {
    "content": {
      "title": " 恭喜",
      "body": "<p>你已經成功：</p>\n<ul>\n<li><strong>生成編輯收件人屏幕</strong></li>\n<li><strong>為編輯收件人屏幕創建和自定義用戶界面</strong></li>\n<li><strong>用數據更新服務</strong></li>\n<li><strong>添加了編輯收件人屏幕的導航<br /></strong></li>\n<li><strong>添加註銷到編輯收件人屏幕</strong></li>\n</ul>\n<p>有關如何發布和共享您的應用程序的更多信息，請查看下一次加息：<a class=\"tour-link\" tour=\"ec5ceatd-50a0-4fre-b3u7-c3e41cn2\"><strong> 9. 發布和分享應用</strong></a>.</p>"
    },
    "navigationBar": {
      "left": {
        "text": "上一個"
      },
      "right": {
        "text": "完成"
      }
    }
  },
  "Card.VoltMX.EditPayeeMobile_v9.frmedit": {
    "content": {
      "title": "編輯收件人屏幕",
      "body": "<ol>\n<li>來自<strong>項目</strong>資源管理器，展開<strong>手機</strong>&gt;<strong>表格</strong></li>\n<li>右擊<strong>表格</strong>並選擇<strong>新表格</strong>.</li>\n<li>右擊<strong>Form1</strong>並重命名<strong>frmEditRecipient</strong>.</li>\n</ol>"
    },
    "navigationBar": {
      "left": {
        "text": "上一個"
      },
      "right": {
        "text": "下一個"
      }
    }
  },
  "Card.VoltMX.EditPayeeMobile_v9.Intro": {
    "content": {
      "title": "添加編輯收件人功能",
      "body": "<p><strong>讓我們開始吧！</strong></p>\n<p>在這次徒步旅行中，您將學習如何：</p>\n<ul>\n<li>生成用於編輯收件人詳細信息的屏幕</li>\n<li>設計編輯收件人表單的用戶界面</li>\n<li>將數據從服務連接到 UI 元素</li>\n</ul><p>在開始之前，請完成以下遠足：</p>\n<ol><b>\n<li><a class=\"tour-link\" tour=\"7408efte-e2aa-4cr8-a9ub-d7ba36n8\">啟動您的第一個移動應用</a></li><li><a class=\"tour-link\" tour=\"a617eft5-7ca8-4ard-8eu8-94cdean5\">從集合創建用戶界面</a></li><li><a class=\"tour-link\" tour=\"15d8c7t4-cda7-40rb-afu7-345cfcnc\">向應用程序添加身份驗證</a></li>\n<li><a class=\"tour-link\" tour=\"a7a762t5-3eac-44r5-8bu2-89b781n1\">為原生應用創建服務</a> </li>\n<li><a class=\"tour-link\" tour=\"fab6d8ta-91ac-4frc-8fud-14a9f7na\">將應用程序 UI 連接到本機應用程序中的數據</a></li>\n<li><a class=\"tour-link\" tour=\"db7f07t9-c0a5-4erb-89u0-fab1ean8\">創建收件人詳細信息和刪除功能</a></li><li><a class=\"tour-link\" tour=\"da2bbctf-3ba6-49rf-b2u9-b842dand\">添加創建收件人</a> </li></b>\n</ol><br/>\n<p>確保您打開在之前的徒步旅行中創建的相同項目。</p>\n<p>打開<b>RecipientsMobApp</b>項目，從主菜單，導航到<strong>項目</strong>&gt;<strong>打開</strong>&gt;<strong>HCL 參考架構</strong>&gt;<strong>RecipientsMobApp</strong>.</p>\n<p><strong>準備好後，單擊開始！</strong></p>"
    },
    "navigationBar": {
      "left": {
        "text": "上一個"
      },
      "right": {
        "text": "開始"
      }
    }
  },
  "Card.VoltMX.EditPayeeMobile_v9.mapping": {
    "content": {
      "title": "配置onMapping事件",
      "body": "<ol>\n<li>來自<strong>項目</strong>資源管理器，導航到<strong>手機</strong>&gt;<strong>表格</strong> ，然後選擇<strong>frmEditRecipient</strong>.</li>\n<li>導航到<strong>屬性</strong>面板並選擇<strong>行動</strong>&nbsp;標籤。</li>\n<li> 在<strong>一般</strong>部分，用於<strong>onMapping</strong>事件，點擊<strong>編輯</strong>. <br /><strong>動作編輯器</strong>窗口出現。</li>\n<li>從右上角，選擇<strong>設計視圖</strong>.</li>\n</ol>"
    },
    "navigationBar": {
      "left": {
        "text": "上一個"
      },
      "right": {
        "text": "下一個"
      }
    }
  },
  "Card.VoltMX.EditPayeeMobile_v9.mapping1": {
    "content": {
      "title": "配置onMapping事件",
      "body": "<ol>\n<li>從左側菜單<strong>動作編輯器</strong> , 在<strong>網絡</strong>部分，選擇<strong>加載指示器</strong>.</li>\n<li>從左側菜單<strong>動作編輯器，</strong> 在<strong>條件</strong>&nbsp;部分，選擇<strong>如果</strong>.</li>\n<li>下<strong>添加條件，</strong>設置以下內容：<ul>\n<li>第一個字段：<strong>導航自</strong></li>\n<li>第二個字段：<strong>frmDetails &gt; headerButtonRight &gt;點擊</strong></li>\n</ul>\n</li>\n</ol>"
    },
    "navigationBar": {
      "left": {
        "text": "上一個"
      },
      "right": {
        "text": "下一個"
      }
    }
  },
  "Card.VoltMX.EditPayeeMobile_v9.mapping2": {
    "content": {
      "title": "調用更新服務",
      "body": "<ol>\n<li>從左側菜單<strong>動作編輯器</strong> , 在<strong>網絡</strong>部分，選擇<strong>調用服務</strong>.</li>\n<li>從右側窗格<strong>動作編輯器</strong> ，從下拉列表中選擇以下值：<ul>\n<li>選擇服務：<strong>RecipientStorage$Recipients</strong></li>\n<li>選擇方法：<strong>得到</strong></li>\n</ul>\n</li>\n<li>點擊<strong>構造過濾器查詢</strong>.<br />出現映射編輯器窗口。</li>\n</ol>"
    },
    "navigationBar": {
      "left": {
        "text": "上一個"
      },
      "right": {
        "text": "下一個"
      }
    }
  },
  "Card.VoltMX.EditPayeeMobile_v9.mapping3": {
    "content": {
      "title": "為onMapping配置操作",
      "body": "<ol>\n<li>從映射編輯器的左窗格中，展開<strong>導航對象</strong>並選擇<strong>lblFirstNameValue_text {string}</strong>.</li>\n<li>從映射編輯器的右窗格中，展開<strong>服務</strong>&gt;<strong>服務RecipientStorage$Recipients$get</strong>並選擇<strong>收件人ID{編號}</strong>.</li>\n<li>從動作編輯器畫布中，選擇<strong>回調</strong>.</li>\n<li>從左側菜單<strong>動作編輯器</strong> , 在<b>網絡</b>部分，選擇<strong>加載指示器</strong>.</li>\n<li>從右側窗格中，對於<b>加載指示器</b>選擇<strong>解僱</strong>.</li>\n</ol>"
    },
    "navigationBar": {
      "left": {
        "text": "上一個"
      },
      "right": {
        "text": "下一個"
      }
    }
  },
  "Card.VoltMX.EditPayeeMobile_v9.mapping4": {
    "content": {
      "title": "為onMapping配置操作",
      "body": "<ol>\n<li>從左側菜單<strong>動作編輯器</strong> , 在<strong>條件</strong>部分，選擇<strong>如果</strong>.</li>\n<li>在動作編輯器的右窗格中，在添加條件下提供以下值：<ul>\n<li>第一個字段<strong>值</strong></li>\n<li>第二個字段：<strong>Recipients.opstatus</strong></li>\n<li>第三個字段：<strong>等於</strong></li>\n<li>第四個字段：<strong>值</strong></li>\n<li>第五字段：<strong>0</strong></li>\n</ul>\n</li>\n<li>從左側菜單<strong>動作編輯器</strong> , 在<strong>映射</strong>部分，選擇<strong>添加映射</strong>.<br />出現映射編輯器窗口。</li>\n</ol>"
    },
    "navigationBar": {
      "left": {
        "text": "上一個"
      },
      "right": {
        "text": "下一個"
      }
    }
  },
  "Card.VoltMX.EditPayeeMobile_v9.mapping5": {
    "content": {
      "title": "映射UI元素",
      "body": "<ul>\n<li>從左側窗格<strong>映射編輯器</strong>，展開<strong>服務</strong>&gt;<strong>Service-RecipientStorage$Recipients$get</strong> &gt;<strong>記錄{集合}</strong>. <br />從右側窗格<strong>映射編輯器</strong>，展開<strong>表格</strong>&gt;<strong>frmEditRecipients</strong>.</li>\n<li>從左側窗格<strong>映射編輯器</strong>選擇<strong> RecipientID{number}</strong>. <br />從右側窗格<strong>映射編輯器</strong>，展開<strong>文本字段-tbxPayeeID</strong>然後選擇<strong>文本{字符串}</strong>.</li>\n<li>從左側窗格<strong>映射編輯器</strong>選擇<strong>名字{字符串}</strong>. <br />從右側窗格<strong>映射編輯器</strong>，展開<strong>文本字段-tbxFirstName</strong>然後選擇<strong>文本{字符串}</strong>.</li>\n</ul>"
    },
    "navigationBar": {
      "left": {
        "text": "上一個"
      },
      "right": {
        "text": "下一個"
      }
    }
  },
  "Card.VoltMX.EditPayeeMobile_v9.mapping6": {
    "content": {
      "title": "映射UI元素",
      "body": "<ul>\n<li>從左側窗格<strong>映射編輯器</strong>選擇<strong>姓氏{字符串}</strong>. <br />從右側窗格<strong>映射編輯器</strong>，展開<strong>文本字段-tbxLastName</strong>然後選擇<strong>文本{字符串}</strong>.</li>\n<li>從左側窗格<strong>映射編輯器</strong>選擇<strong>暱稱{字符串}</strong>. <br />從右側窗格<strong>映射編輯器</strong>，展開<strong>標籤-文本字段-tbxNickName</strong>然後選擇<strong>文本{字符串}</strong>.</li>\n<li>從左側窗格<strong>映射編輯器</strong>選擇<strong>電話{字符串}</strong>. <br />從右側窗格<strong>映射編輯器</strong>，展開<strong>標籤-文本字段-tbxPhone</strong>然後選擇<strong>文本{字符串}</strong>.</li>\n</ul>"
    },
    "navigationBar": {
      "left": {
        "text": "上一個"
      },
      "right": {
        "text": "下一個"
      }
    }
  },
  "Card.VoltMX.EditPayeeMobile_v9.mapping7": {
    "content": {
      "title": "為onMapping配置操作",
      "body": "<ol>\n<li>來自<b>動作編輯器</b>畫布，選擇<b>IF：Recipients.opstatus 等於 0</b>節點。</li><li>從左側菜單<strong>動作編輯器</strong> , 在<strong>條件</strong>，選擇<strong>其他</strong>.</li>\n<li>從左側菜單<strong>動作編輯器</strong> , 在<strong>客戶端</strong>部分，選擇<strong>顯示警報</strong>.</li>\n<li>在右側窗格中<strong>動作編輯器</strong> ，提供以下字段：<ul>\n<li>警報類型：<strong>信息</strong></li>\n<li>警報消息：<strong>“抱歉，無法成功加載您的收件人詳細信息。請稍後再試”</strong></li>\n</ul>\n</li>\n<li>點擊<strong>保存</strong>.</li>\n</ol>"
    },
    "navigationBar": {
      "left": {
        "text": "上一個"
      },
      "right": {
        "text": "下一個"
      }
    }
  },
  "Card.VoltMX.EditPayeeMobile_v9.navAcc": {
    "content": {
      "title": "導航到帳戶屏幕",
      "body": "<ol>\n<li>來自<strong>項目</strong>資源管理器，導航到<strong>手機</strong>&gt;<strong>表格</strong>&gt;<strong>frmEditRecipients</strong>&gt;<b>flexEditRecipient</b> > <strong>flexFooter</strong> ，然後選擇<strong>flxAccounts</strong>.</li>\n<li>來自<strong>屬性</strong>面板，導航到<strong>行動</strong>標籤。</li>\n<li> 在<strong>一般</strong>部分，用於<strong>點擊</strong>事件，點擊<strong>編輯</strong>.<br /><strong>動作編輯器</strong>窗口出現。</li>\n</ol>"
    },
    "navigationBar": {
      "left": {
        "text": "上一個"
      },
      "right": {
        "text": "下一個"
      }
    }
  },
  "Card.VoltMX.EditPayeeMobile_v9.navAcc1": {
    "content": {
      "title": "導航到帳戶屏幕",
      "body": "<ol>\n<li>來自<strong>動作編輯器</strong>左側菜單，在<strong>一般</strong>部分，選擇<strong>導航到表單</strong>.</li>\n<li>從右側窗格<strong>動作編輯器</strong>，選擇<strong>frmAccount</strong>.</li>\n<li>點擊<strong>保存</strong>.</li>\n</ol>"
    },
    "navigationBar": {
      "left": {
        "text": "上一個"
      },
      "right": {
        "text": "下一個"
      }
    }
  },
  "Card.VoltMX.EditPayeeMobile_v9.navDet": {
    "content": {
      "title": "詳細信息屏幕中的映射",
      "body": "<ol>\n<li>來自&nbsp;<strong>項目</strong>資源管理器，展開<strong>手機</strong>&gt;<strong>&nbsp;表格</strong> ，然後選擇&nbsp;<strong>frmDetails</strong>.</li>\n<li>來自&nbsp;<strong>屬性</strong>面板，導航到&nbsp;<strong>動作</strong>標籤。</li>\n<li>對於&nbsp;<strong>onMapping</strong>事件，點擊<strong>編輯</strong>.<br /><strong>動作編輯器</strong>窗口出現。</li>\n<li>從右上角<strong>動作編輯器</strong>，選擇&nbsp;<strong>設計視圖</strong>.</li>\n</ol>"
    },
    "navigationBar": {
      "left": {
        "text": "上一個"
      },
      "right": {
        "text": "下一個"
      }
    }
  },
  "Card.VoltMX.EditPayeeMobile_v9.navEdit": {
    "content": {
      "title": "從收件人詳細信息屏幕導航",
      "body": "<ol>\n<li>來自<strong>項目</strong>資源管理器，展開<strong>手機</strong>&gt;<strong>表格</strong>&gt;<strong>frmDetails</strong>&gt;<strong>flexHeader</strong>並選擇<strong>headerButtonRight</strong>.</li>\n<li>來自<strong>屬性</strong>面板，導航到<strong>行動</strong>選項卡。</li>\n<li> 在<b>一般</b>部分，用於<strong>點擊</strong>事件點擊<strong>編輯</strong>.<br /><b>動作編輯器</b>窗口出現。</li>\n</ol>"
    },
    "navigationBar": {
      "left": {
        "text": "上一個"
      },
      "right": {
        "text": "下一個"
      }
    }
  },
  "Card.VoltMX.EditPayeeMobile_v9.navEdit1": {
    "content": {
      "title": "導航到編輯收件人屏幕",
      "body": "<ol>\n<li>從左側菜單<strong>動作編輯器</strong> , 在<strong>一般</strong>部分，選擇<strong>導航到表單</strong>.</li>\n<li>從右側窗格中，選擇<strong>frmEditRecipient</strong>然後選擇<strong>通過導航傳遞數據</strong>.</li>\n<li>從右側窗格中，展開<strong>表格</strong>&gt;<strong>frmDetails</strong>&gt;<strong>標籤-lblRecipientIDValue</strong> ，然後選擇<strong>文本{字符串}</strong>.</li>\n<li>點擊<strong>保存</strong>.</li>\n</ol>"
    },
    "navigationBar": {
      "left": {
        "text": "上一個"
      },
      "right": {
        "text": "下一個"
      }
    }
  },
  "Card.VoltMX.EditPayeeMobile_v9.navRec": {
    "content": {
      "title": "導航到收件人列表屏幕",
      "body": "<ol>\n<li>來自<strong>項目</strong>資源管理器，展開<strong>手機</strong>&gt;<strong>表格</strong>&gt;<strong>frmEditRecipient</strong>&gt;<b>flexEditRecipient</b> > <strong>flexFooter</strong> ，然後選擇<strong> flexRecipientSelected</strong>.</li>\n<li>來自<strong>屬性</strong>面板，導航到<strong>行動</strong>&nbsp;標籤。</li>\n<li> 在<strong>一般</strong>部分，用於<strong>點擊</strong>事件點擊<strong>編輯</strong>.<br /><strong>動作編輯器</strong>窗口出現。</li>\n</ol>"
    },
    "navigationBar": {
      "left": {
        "text": "上一個"
      },
      "right": {
        "text": "下一個"
      }
    }
  },
  "Card.VoltMX.EditPayeeMobile_v9.navRec1": {
    "content": {
      "title": "導航到收件人列表屏幕",
      "body": "<ol>\n<li>來自<strong>動作編輯器</strong>左側菜單，在<strong>一般</strong>部分，選擇<strong>導航到表單</strong>.</li>\n<li>從右側窗格<strong>動作編輯器</strong>，選擇<strong>frmRecipients</strong>.</li>\n<li>點擊<strong>保存</strong>.</li>\n</ol>"
    },
    "navigationBar": {
      "left": {
        "text": "上一個"
      },
      "right": {
        "text": "下一個"
      }
    }
  },
  "Card.VoltMX.EditPayeeMobile_v9.openapp": {
    "content": {
      "title": "Volt MX 應用程序",
      "body": "<ol>\n<li>使用 USB 電纜將您的移動設備連接到您的計算機。<br /> 對於Android移動設備，確保USB設置為<strong>傳輸文件</strong>.<br />對於 iOS 移動設備，請確保<strong>信任</strong> 已在設備和計算機之間建立。</li>\n<li>啟動你的<strong>Volt MX 應用程序</strong>在您的移動設備上。</li>\n<li>選擇<strong>USB</strong>選項卡。<br/>連接成功後，<strong>虹膜</strong>在您的計算機上顯示成功提示。</li>\n</ol>"
    },
    "navigationBar": {
      "left": {
        "text": "上一個"
      },
      "right": {
        "text": "下一個"
      }
    }
  },
  "Card.VoltMX.EditPayeeMobile_v9.run": {
    "content": {
      "title": "運行應用程序",
      "body": "<ol>\n<li>從左側導航欄中，單擊<strong>運行</strong>.<br /> Iris 顯示需要一些時間<strong>實時預覽已準備就緒</strong>窗口。</li>\n<li>在 Iris 運行應用程序後，在您的<strong>Volt MX 應用程序</strong>，點擊<strong>啟動</strong>.</li>\n<li>您可能會看到<strong>應用程序名稱</strong>文本框。如果有文本框，輸入<strong>RecipientsMobApp</strong> ，然後單擊<strong>啟動</strong>.</li>\n</ol>"
    },
    "navigationBar": {
      "left": {
        "text": "上一個"
      },
      "right": {
        "text": "下一個"
      }
    }
  },
  "Card.VoltMX.EditPayeeMobile_v9.uiedit": {
    "content": {
      "title": "編輯收件人屏幕的用戶界面",
      "body": "<ol>\n<li>從 Iris 的左下角，導航到<strong>默認庫</strong>.</li>\n<li>在默認庫旁邊，您將看到<strong>我的圖書館</strong>選項卡和搜索圖標。單擊搜索圖標。</li>\n<li>在出現的搜索欄中，輸入<strong>編輯收件人</strong>.</li>\n<li>從結果來看，在<strong> RecipientsMobile</strong>，選擇<strong>編輯收件人</strong>.</li>\n<li>拖動<strong>編輯收件人</strong>收集到<strong>frmEditRecipient</strong>在畫布上。</li>\n</ol>"
    },
    "navigationBar": {
      "left": {
        "text": "上一個"
      },
      "right": {
        "text": "下一個"
      }
    }
  },
  "Card.VoltMX.EditPayeeMobile_v9.update": {
    "content": {
      "title": "配置更新操作",
      "body": "<ol>\n<li>來自<strong>項目</strong>資源管理器，導航到<strong>手機</strong>&gt;<strong>表格</strong>&gt;<strong>frmEditRecipient</strong>&gt;<b>flexEditRecipient</b> > <strong>flexFieldsContainer</strong>&gt;<strong>flexSave</strong>&gt;<strong>flexSquaredBorderedButton</strong> ，然後選擇<strong>btnSquared</strong>.</li>\n<li>導航到<strong>屬性</strong>面板並選擇<strong>行動</strong>標籤。</li>\n<li> 在<strong>一般</strong>部分，用於<strong>點擊</strong>事件點擊<strong>編輯</strong>. <br /><strong>動作編輯器</strong>窗口出現。</li>\n<li>從右上角<strong>動作編輯器</strong>，選擇<strong>設計視圖</strong>.</li>\n</ol>"
    },
    "navigationBar": {
      "left": {
        "text": "上一個"
      },
      "right": {
        "text": "下一個"
      }
    }
  },
  "Card.VoltMX.EditPayeeMobile_v9.update1": {
    "content": {
      "title": "配置更新操作",
      "body": "<ol>\n<li>從左側菜單<strong>動作編輯器</strong> , 在<strong>網絡</strong>部分，選擇<strong>加載指示器</strong>.</li>\n<li>從左側菜單<strong>動作編輯器</strong> , 在<strong>網絡</strong>部分，選擇<strong>調用服務</strong>.</li>\n<li>從右側窗格<strong>動作編輯器</strong> ，從下拉列表中選擇以下值<ul>\n<li>選擇服務：<strong>RecipientStorage$Recipients</strong></li>\n<li>選擇方法：<strong>更新</strong></li>\n</ul>\n</li>\n<li>選擇<strong>打開映射編輯器</strong>. <br />出現映射編輯器窗口。</li>\n</ol>"
    },
    "navigationBar": {
      "left": {
        "text": "上一個"
      },
      "right": {
        "text": "下一個"
      }
    }
  },
  "Card.VoltMX.EditPayeeMobile_v9.update2": {
    "content": {
      "title": "將 UI 元素映射到服務",
      "body": "<ul>\n<li>從左側窗格<strong>映射編輯器</strong>，展開<strong>表格</strong>&gt;<strong>frmEditRecipients</strong>. <br />從右側窗格<strong>映射編輯器</strong>，展開<strong>服務</strong>&gt;<strong>Service-RecipientStorage$Recipients$update</strong>.</li>\n<li>從左側窗格<strong>映射編輯器</strong>，展開<strong>文本字段-tbxPayeeID</strong>然後選擇<strong>文本{字符串}</strong>. <br />從右側窗格<strong>映射編輯器</strong>, <strong> RecipientID{number}</strong>.</li>\n<li>從左側窗格<strong>映射編輯器</strong>，展開<strong>文本字段-tbxFirstName</strong>然後選擇<strong>文本{字符串}</strong>. <br />從右側窗格<strong>映射編輯器</strong>, <strong>名字{字符串}</strong>.</li>\n</ul>"
    },
    "navigationBar": {
      "left": {
        "text": "上一個"
      },
      "right": {
        "text": "下一個"
      }
    }
  },
  "Card.VoltMX.EditPayeeMobile_v9.update3": {
    "content": {
      "title": "將 UI 元素映射到服務",
      "body": "<ul>\n<li>從左側窗格<strong>映射編輯器</strong>，展開<strong>文本字段-tbxLastName</strong>然後選擇<strong>文本{字符串}</strong>. <br />從右側窗格<strong>映射編輯器</strong>, <strong>姓氏{字符串}</strong>.</li>\n<li>從左側窗格<strong>映射編輯器</strong>，展開<strong>文本字段-tbxNickName</strong>然後選擇<strong>文本{字符串}</strong>. <br />從右側窗格<strong>映射編輯器</strong>, <strong>暱稱{字符串}</strong>.</li>\n<li>從左側窗格<strong>映射編輯器</strong>，展開<strong>文本字段-tbxPhone</strong>然後選擇<strong>文本{字符串}</strong>. <br />從右側窗格<strong>映射編輯器</strong>, <strong>電話{字符串}</strong>.</li>\n</ul>"
    },
    "navigationBar": {
      "left": {
        "text": "上一個"
      },
      "right": {
        "text": "下一個"
      }
    }
  },
  "Card.VoltMX.EditPayeeMobile_v9.update4": {
    "content": {
      "title": "檢查服務狀態",
      "body": "<ol>\n<li>來自<strong>動作編輯器</strong>畫布下<strong>調用服務</strong>，選擇<strong>回調</strong>.</li>\n<li>從左側菜單<strong>動作編輯器</strong> , 在<strong>網絡</strong>部分，選擇<strong>加載指示器</strong>.</li>\n<li>從右側窗格<strong>動作編輯器</strong>，設置<strong>加載指示器</strong>到<strong>解僱</strong>.</li>\n<li>從左側菜單<strong>動作編輯器，</strong> 在<strong>條件</strong>部分，選擇<strong>如果</strong>.</li>\n</ol>"
    },
    "navigationBar": {
      "left": {
        "text": "上一個"
      },
      "right": {
        "text": "下一個"
      }
    }
  },
  "Card.VoltMX.EditPayeeMobile_v9.update5": {
    "content": {
      "title": "導航到收件人屏幕",
      "body": "<ol>\n<li>從右側窗格<strong>動作編輯器</strong>，下<strong>添加條件</strong>設置以下內容：<ul>\n<li>第一個字段<strong>值</strong>.</li>\n<li>第二個字段類型<strong>Recipients.opstatus</strong></li>\n<li>第三場<strong>等於</strong></li>\n<li>第四場&ndash;<strong>值</strong></li>\n<li>第五字段 - 類型<strong>0</strong></li>\n</ul>\n</li>\n<li>從左側窗格<strong>動作編輯器</strong> , 在<strong>一般</strong>部分，選擇<strong>導航到表單</strong>.</li>\n<li>從右側窗格<strong>動作編輯器</strong>，選擇<strong>frmDetails</strong>.</li>\n<li>從右側窗格<strong>動作編輯器</strong>，選擇<strong>通過導航傳遞數據</strong>. <br />出現映射編輯器。</li>\n<li>從映射編輯器中，展開<strong>frmEditRecipient</strong>&gt;<strong>TextField-tbxPayeeID</strong>並選擇<strong>文本{字符串}</strong>.</li>\n</ol>"
    },
    "navigationBar": {
      "left": {
        "text": "上一個"
      },
      "right": {
        "text": "下一個"
      }
    }
  },
  "Card.VoltMX.EditPayeeMobile_v9.update6": {
    "content": {
      "title": "配置其他條件",
      "body": "<ol><li>來自<b>動作編輯器</b>畫布，選擇<b>IF：Recipients.opstatus 等於 0</b>節點。</li>\n<li>從左側菜單<strong>動作編輯器，</strong> 在<strong>條件</strong>部分，選擇<strong>其他</strong>.</li>\n<li>從左側菜單<strong>動作編輯器</strong> , 在<strong>客戶端</strong>部分，選擇<strong>顯示警報</strong>.</li>\n<li>在右側窗格中<strong>動作編輯器</strong> ，提供以下字段：<ul>\n<li>警報類型：<strong>信息</strong></li>\n<li>警報消息：<strong>“抱歉，您的收件人詳細信息無法成功編輯。請稍後再試”</strong></li>\n</ul>\n</li>\n<li>點擊<strong>保存</strong>.</li>\n</ol>"
    },
    "navigationBar": {
      "left": {
        "text": "上一個"
      },
      "right": {
        "text": "下一個"
      }
    }
  },
  "Card.VoltMX.EditPayeeMobile_v9.view": {
    "content": {
      "title": "啟動應用程序",
      "body": "<ol>\n<li>在您的應用中輸入以下登錄憑據。<ul>\n<li>用戶名：<strong>john.doe@woodburn.com</strong></li>\n<li>密碼：<strong>VoltMX@123</strong></li>\n</ul>\n</li>\n<li>點擊<strong>登錄</strong>.<br />出現帳戶列表。</li>\n<li>點擊<strong>收件人</strong>選項卡。<br />出現收件人列表。</li>\n<li>點擊添加<strong> (+)</strong> 添加收件人的圖標。</li>\n<li>從列表中選擇收件人以查看其詳細信息。</li>\n<li>從詳細信息頁面，單擊<strong>刪除</strong>刪除收件人的按鈕。</li>\n<li>從詳細信息頁面，單擊<strong>編輯</strong>用於編輯收件人詳細信息的按鈕。</li>\n<li>單擊屏幕頂部的註銷按鈕導航到登錄屏幕。</li>\n</ol>"
    },
    "navigationBar": {
      "left": {
        "text": "上一個"
      },
      "right": {
        "text": "下一個"
      }
    }
  }
}