{
  "Tour.EditPayeeMobile_v9": {
    "description": " यात्रा का विवरण"
  },
  "Hike.VoltMX.EditPayeeMobile_v9": {
    "description": " वृद्धि का विवरण"
  },
  "Card.VoltMX.EditPayeeMobile_v9.back": {
    "content": {
      "title": " बैक बटन के लिए नेविगेशन",
      "body": "<ol>\n<li> से<strong> प्रोजेक्ट एक्सप्लोरर</strong> नेविगेट करें<b> मोबाइल</b> > <b> प्रपत्र</b> > <strong> frmEditRecipient</strong> &gt;<strong> flexEditRecipient</strong> &gt;<strong> फ्लेक्सहेडर,</strong> चुनें<strong> हैडरबटनबाएं</strong>.</li>\n<li> से<strong> गुण</strong> पैनल, पर नेविगेट करें<strong> क्रिया</strong> टैब।</li>\n<li> के लिए<strong> ऑनक्लिक</strong> घटना, क्लिक करें<strong> संपादित करें</strong>. <br /> The<strong> एक्शन एडिटर</strong> विंडो प्रकट होती है।</li>\n</ol>"
    },
    "navigationBar": {
      "left": {
        "text": " पिछला"
      },
      "right": {
        "text": " अगला"
      }
    }
  },
  "Card.VoltMX.EditPayeeMobile_v9.back1": {
    "content": {
      "title": " बैक बटन के लिए नेविगेशन",
      "body": "<ol>\n<li> से<strong> एक्शन एडिटर</strong> बाएँ मेनू, के अंतर्गत<strong> सामान्य</strong> अनुभाग, चुनें<strong> फॉर्म पर नेविगेट करें</strong>.</li>\n<li> दाएँ फलक में<strong> एक्शन एडिटर</strong> , चुनें<strong> frm विवरण</strong>.</li>\n<li> क्लिक करें<strong> सहेजें</strong>.</li>\n</ol>"
    },
    "navigationBar": {
      "left": {
        "text": " पिछला"
      },
      "right": {
        "text": " अगला"
      }
    }
  },
  "Card.VoltMX.EditPayeeMobile_v9.detMapping0": {
    "content": {
      "title": " विवरण स्क्रीन में मानचित्रण",
      "body": "<ol><li> से<b> एक्शन एडिटर</b> कैनवास, का चयन करें<b> कॉलबैक</b> नोड.</li>\n<li> के बाएँ मेनू से&nbsp;<strong> एक्शन एडिटर</strong> , के अंतर्गत&nbsp;<strong> स्थिति&nbsp;</strong> अनुभाग, चुनें&nbsp;<strong> वरना अगर</strong>.</li>\n<li> दाएँ फलक से, ड्रॉप-डाउन से निम्नलिखित मानों का चयन करें:<ul>\n<li> विजेट संपत्ति:&nbsp;<strong> से नेविगेट किया गया</strong></li>\n<li> चयनित स्रोत:&nbsp;<strong> frmEditप्राप्तकर्ता &gt; बीटीएन स्क्वायर &gt; क्लिक पर</strong></li>\n</ul>\n</li>\n</ol>"
    },
    "navigationBar": {
      "left": {
        "text": " पिछला"
      },
      "right": {
        "text": " अगला"
      }
    }
  },
  "Card.VoltMX.EditPayeeMobile_v9.detMapping1": {
    "content": {
      "title": " सेवा कार्रवाई का आह्वान करें",
      "body": "<ol>\n<li> के बाएँ मेनू से&nbsp;<strong> एक्शन एडिटर</strong> , के अंतर्गत&nbsp;<strong> नेटवर्क&nbsp;</strong> अनुभाग, चुनें&nbsp;<strong> संकेतक लोड हो रहा है</strong>.</li>\n<li> के बाएँ मेनू से&nbsp;<strong> एक्शन एडिटर</strong> , के अंतर्गत&nbsp;<strong> नेटवर्क&nbsp;</strong> अनुभाग, चुनें&nbsp;<strong> सेवा का आह्वान करें</strong>.</li>\n<li> के दाएँ फलक से<strong> एक्शन एडिटर</strong> ड्रॉप-डाउन सूची से निम्नलिखित मानों का चयन करें:<ul>\n<li> सेवा का चयन करें:&nbsp;<strong> प्राप्तकर्तास्टोरेज$प्राप्तकर्ता</strong></li>\n<li> विधि चुनें:&nbsp;<strong> प्राप्त करें</strong></li>\n</ul>\n</li>\n<li> क्लिक करें&nbsp;<strong> फ़िल्टर क्वेरी बनाएँ</strong>.<br /> मैपिंग संपादक विंडो प्रकट होती है।</li>\n</ol>"
    },
    "navigationBar": {
      "left": {
        "text": " पिछला"
      },
      "right": {
        "text": " अगला"
      }
    }
  },
  "Card.VoltMX.EditPayeeMobile_v9.detMapping2": {
    "content": {
      "title": " सेवा कार्रवाई का आह्वान करें",
      "body": "<ol>\n<li> मैपिंग संपादक के बाएँ फलक से, विस्तृत करें&nbsp;<strong> नेविगेशन ऑब्जेक्ट</strong> और चुनें&nbsp;<strong> tbxPayeeID_text {स्ट्रिंग}</strong>.</li>\n<li> मैपिंग संपादक के दाएँ फलक से, विस्तृत करें&nbsp;<strong> सेवाएं&nbsp;</strong> &gt;<strong> सेवा - प्राप्तकर्तास्टोरेज$प्राप्तकर्ता$प्राप्त करें</strong> और चुनें&nbsp;<strong> प्राप्तकर्ता आईडी {संख्या}</strong>.<br /> आइरिस डेटा प्रकारों के बेमेल होने के संबंध में एक अलर्ट प्रदर्शित करता है। क्लिक करें&nbsp;<strong> ठीक है</strong>.</li>\n<li> एक्शन एडिटर कैनवास से,&nbsp;<strong> कॉलबैक</strong>.</li>\n</ol>"
    },
    "navigationBar": {
      "left": {
        "text": " पिछला"
      },
      "right": {
        "text": " अगला"
      }
    }
  },
  "Card.VoltMX.EditPayeeMobile_v9.detMapping3": {
    "content": {
      "title": " सेवा कार्रवाई का आह्वान करें",
      "body": "<ol>\n<li> के बाएँ मेनू से&nbsp;<strong> एक्शन एडिटर</strong> , के अंतर्गत&nbsp;<strong> नेटवर्क&nbsp;</strong> अनुभाग, चुनें&nbsp;<strong> संकेतक लोड हो रहा है</strong>.</li>\n<li> के दाएँ फलक से&nbsp;<strong> एक्शन एडिटर</strong> ,&nbsp;<strong> संकेतक लोड हो रहा है</strong> &nbsp;to&nbsp;<strong> खारिज करें</strong>.</li>\n<li> के बाएँ मेनू से&nbsp;<strong> एक्शन एडिटर</strong> , के अंतर्गत&nbsp;<strong> मैपिंग</strong> , चुनें&nbsp;<strong> मैपिंग जोड़ें</strong>.<br /> मैपिंग संपादक विंडो प्रकट होती है।</li>\n</ol>"
    },
    "navigationBar": {
      "left": {
        "text": " पिछला"
      },
      "right": {
        "text": " अगला"
      }
    }
  },
  "Card.VoltMX.EditPayeeMobile_v9.detMapping4": {
    "content": {
      "title": " UI तत्वों के लिए सेवा को मैप करें",
      "body": "<ol>\n<li> मैपिंग संपादक के बाएँ फलक से, विस्तृत करें&nbsp;<strong> सेवाएं&nbsp;</strong> &gt;<strong> सेवा - प्राप्तकर्तास्टोरेज$प्राप्तकर्ता$प्राप्त करें&nbsp;</strong> &gt;<strong> &nbsp;रिकॉर्ड {संग्रह}</strong>.<br/> मैपिंग संपादक के दाएँ फलक से, विस्तृत करें&nbsp;<strong> प्रपत्र&nbsp;</strong> &gt;<strong> frm विवरण</strong>.</li>\n<li> मैपिंग संपादक में, निम्न सेवा पैरामीटर को UI तत्वों से मैप करें:<ul>\n<li> बाएँ फलक से चयन करें<strong> प्राप्तकर्ता आईडी {संख्या}</strong>.<br /> दाएँ फलक से विस्तृत करें&nbsp;<strong> लेबल - lblRecipientIDValue</strong> और चुनें<strong> &nbsp;पाठ {स्ट्रिंग}</strong>.<br /> आइरिस डेटा प्रकारों के बेमेल होने के संबंध में एक अलर्ट प्रदर्शित करता है।<br /> क्लिक करें&nbsp;<strong> ठीक है</strong>.</li>\n</ul>\n</li>\n</ol>"
    },
    "navigationBar": {
      "left": {
        "text": " पिछला"
      },
      "right": {
        "text": " अगला"
      }
    }
  },
  "Card.VoltMX.EditPayeeMobile_v9.detMapping5": {
    "content": {
      "title": " UI तत्वों के लिए सेवा को मैप करें",
      "body": "<ul>\n<li> बाएँ फलक से &nbsp;<strong> पहला नाम {स्ट्रिंग}</strong>.<br /> दाएँ फलक से विस्तृत करें&nbsp;<strong> लेबल - lblFirstNameValue</strong> , और चुनें&nbsp;<strong> टेक्स्ट {स्ट्रिंग}</strong>.</li>\n<li> बाएँ फलक से &nbsp;<strong> अंतिम नाम {स्ट्रिंग}</strong>.<br /> दाएँ फलक से विस्तृत करें&nbsp;<strong> लेबल - lblLastNameValue</strong> और चुनें&nbsp;<strong> टेक्स्ट {स्ट्रिंग}</strong>.</li>\n<li> बाएँ फलक से,&nbsp;<strong> निक नेम {स्ट्रिंग}</strong> .&nbsp;<br /> दाएँ फलक से विस्तृत करें&nbsp;<strong> लेबल - lblNickNameValue</strong> और चुनें&nbsp;<strong> टेक्स्ट {स्ट्रिंग}</strong>.</li>\n<li> बाएँ फलक से,&nbsp;<strong> फ़ोन {स्ट्रिंग}</strong>.<br /> दाएँ फलक से विस्तृत करें&nbsp;<strong> लेबल - lblPhoneValue</strong> और चुनें&nbsp;<strong> टेक्स्ट {स्ट्रिंग}</strong>.</li>\n</ul>\n<ol start=\"3\">\n<li> क्लिक करें&nbsp;<strong> सहेजें</strong>.</li>\n</ol>"
    },
    "navigationBar": {
      "left": {
        "text": " पिछला"
      },
      "right": {
        "text": " अगला"
      }
    }
  },
  "Card.VoltMX.EditPayeeMobile_v9.done": {
    "content": {
      "title": " बधाई",
      "body": "<p> आपने सफलतापूर्वक:</p>\n<ul>\n<li><strong> संपादित प्राप्तकर्ता स्क्रीन उत्पन्न की</strong></li>\n<li><strong> संपादन प्राप्तकर्ता स्क्रीन के लिए UI बनाया और अनुकूलित किया गया</strong></li>\n<li><strong> डेटा के साथ सेवाओं को अपडेट करें</strong></li>\n<li><strong> संपादन प्राप्तकर्ता स्क्रीन से और उसमें नेविगेशन जोड़ा गया<br /></strong></li>\n<li><strong> संपादन प्राप्तकर्ता स्क्रीन पर लॉगआउट जोड़ा गया</strong></li>\n</ul>\n<p> अपने ऐप को कैसे प्रकाशित और साझा करें, इस बारे में अधिक जानकारी के लिए, अगली बढ़ोतरी देखें:<a class=\"tour-link\" tour=\"ec5ceatd-50a0-4fre-b3u7-c3e41cn2\"><strong> 9. ऐप को प्रकाशित और साझा करें</strong></a>.</p>"
    },
    "navigationBar": {
      "left": {
        "text": " पिछला"
      },
      "right": {
        "text": " हो गया"
      }
    }
  },
  "Card.VoltMX.EditPayeeMobile_v9.frmedit": {
    "content": {
      "title": " प्राप्तकर्ता स्क्रीन संपादित करें",
      "body": "<ol>\n<li> से<strong> परियोजना</strong> एक्सप्लोरर, विस्तृत करें<strong> मोबाइल</strong> &gt;<strong> प्रपत्र</strong></li>\n<li> राइट-क्लिक करें<strong> प्रपत्र</strong> और चुनें<strong> नया फॉर्म</strong>.</li>\n<li> राइट-क्लिक करें<strong> फॉर्म1</strong> और नाम बदलें<strong> frmEditRecipient</strong>.</li>\n</ol>"
    },
    "navigationBar": {
      "left": {
        "text": " पिछला"
      },
      "right": {
        "text": " अगला"
      }
    }
  },
  "Card.VoltMX.EditPayeeMobile_v9.Intro": {
    "content": {
      "title": " प्राप्तकर्ता सुविधा संपादित करें जोड़ना",
      "body": "<p><strong> चलिए शुरू करते हैं!</strong></p>\n<p> इस वृद्धि में, आप सीखेंगे कि कैसे:</p>\n<ul>\n<li> प्राप्तकर्ता विवरण संपादित करने के लिए एक स्क्रीन उत्पन्न करें</li>\n<li> प्राप्तकर्ता प्रपत्र संपादित करने के लिए UI डिज़ाइन करें</li>\n<li> सेवा से डेटा को UI तत्वों से कनेक्ट करें</li>\n</ul><p> आरंभ करने से पहले, निम्नलिखित हाइक को पूरा करें:</p>\n<ol><b>\n<li><a class=\"tour-link\" tour=\"7408efte-e2aa-4cr8-a9ub-d7ba36n8\"> आयात और amp; एक मूल ऐप लॉन्च करें</a></li><li><a class=\"tour-link\" tour=\"a617eft5-7ca8-4ard-8eu8-94cdean5\"> संग्रह से UI बनाएं</a></li><li><a class=\"tour-link\" tour=\"15d8c7t4-cda7-40rb-afu7-345cfcnc\"> ऐप में प्रमाणीकरण जोड़ें</a></li>\n<li><a class=\"tour-link\" tour=\"a7a762t5-3eac-44r5-8bu2-89b781n1\"> एक नेटिव ऐप के लिए सेवाएं बनाना</a> </li>\n<li><a class=\"tour-link\" tour=\"fab6d8ta-91ac-4frc-8fud-14a9f7na\"> ऐप UI को किसी नेटिव ऐप में डेटा से कनेक्ट करें</a></li>\n<li><a class=\"tour-link\" tour=\"9837bat6-6daf-4cr7-a3u9-8aea36n0\"> प्राप्तकर्ता विवरण बनाना और सुविधा हटाना</a></li><li><a class=\"tour-link\" tour=\"da2bbctf-3ba6-49rf-b2u9-b842dand\"> प्राप्तकर्ता बनाएँ जोड़ें</a> </li></b>\n</ol><br/>\n<p> सुनिश्चित करें कि आपने वही प्रोजेक्ट खोला है जिसे आपने पिछली हाइक में बनाया था।</p>\n<p> खोलने के लिए<b> प्राप्तकर्ताMobApp</b> प्रोजेक्ट, मुख्य मेनू से नेविगेट करें<strong> परियोजना</strong> &gt;<strong> खुला</strong> &gt;<strong> एचसीएल संदर्भ वास्तुकला</strong> &gt;<strong> प्राप्तकर्ताMobApp</strong>.</p>\n<p><strong> जब आप तैयार हों, तो स्टार्ट पर क्लिक करें!</strong></p>"
    },
    "navigationBar": {
      "left": {
        "text": " पिछला"
      },
      "right": {
        "text": " प्रारंभ"
      }
    }
  },
  "Card.VoltMX.EditPayeeMobile_v9.mapping": {
    "content": {
      "title": " मैपिंग इवेंट पर कॉन्फ़िगर करना",
      "body": "<ol>\n<li> से<strong> परियोजना</strong> एक्सप्लोरर, नेविगेट करें<strong> मोबाइल</strong> &gt;<strong> प्रपत्र</strong> , और चुनें<strong> frmEditRecipient</strong>.</li>\n<li> पर नेविगेट करें<strong> गुण</strong> पैनल और चुनें<strong> क्रिया</strong> &nbsp;tab.</li>\n<li> के तहत<strong> सामान्य</strong> अनुभाग, के लिए<strong> मानचित्रण पर</strong> घटना, क्लिक करें<strong> संपादित करें</strong>. <br /> The<strong> एक्शन एडिटर</strong> विंडो प्रकट होती है।</li>\n<li> ऊपरी-दाएँ कोने से, चुनें<strong> डिज़ाइन दृश्य</strong>.</li>\n</ol>"
    },
    "navigationBar": {
      "left": {
        "text": " पिछला"
      },
      "right": {
        "text": " अगला"
      }
    }
  },
  "Card.VoltMX.EditPayeeMobile_v9.mapping1": {
    "content": {
      "title": " ऑनमैपिंग इवेंट को कॉन्फ़िगर करना",
      "body": "<ol>\n<li> के बाएं मेनू से<strong> एक्शन एडिटर</strong> , के तहत<strong> नेटवर्क</strong> अनुभाग, चुनें<strong> संकेतक लोड हो रहा है</strong>.</li>\n<li> के बाएं मेनू से<strong> एक्शन एडिटर,</strong> के तहत<strong> शर्त</strong> &nbsp;अनुभाग, चुनें<strong> यदि</strong>.</li>\n<li> अंडर<strong> शर्त जोड़ें,</strong> निम्नलिखित सेट करें:<ul>\n<li> पहला क्षेत्र:<strong> से नेविगेट किया गया</strong></li>\n<li> दूसरा क्षेत्र:<strong> frm विवरण &gt; हेडरबटनराइट &gt; क्लिक पर</strong></li>\n</ul>\n</li>\n</ol>"
    },
    "navigationBar": {
      "left": {
        "text": " पिछला"
      },
      "right": {
        "text": " अगला"
      }
    }
  },
  "Card.VoltMX.EditPayeeMobile_v9.mapping2": {
    "content": {
      "title": " अद्यतन के लिए सेवाओं का आह्वान",
      "body": "<ol>\n<li> के बाएं मेनू से<strong> एक्शन एडिटर</strong> , के तहत<strong> नेटवर्क</strong> अनुभाग, चुनें<strong> सेवा का आह्वान करें</strong>.</li>\n<li> के दाएँ फलक से<strong> एक्शन एडिटर</strong> ड्रॉप-डाउन सूची से निम्नलिखित मानों का चयन करें:<ul>\n<li> सेवा का चयन करें:<strong> प्राप्तकर्तास्टोरेज$प्राप्तकर्ता</strong></li>\n<li> विधि का चयन करें:<strong> प्राप्त करें</strong></li>\n</ul>\n</li>\n<li> क्लिक करें<strong> फ़िल्टर क्वेरी बनाएँ</strong>.<br /> मैपिंग संपादक विंडो प्रकट होती है।</li>\n</ol>"
    },
    "navigationBar": {
      "left": {
        "text": " पिछला"
      },
      "right": {
        "text": " अगला"
      }
    }
  },
  "Card.VoltMX.EditPayeeMobile_v9.mapping3": {
    "content": {
      "title": " ऑनमैपिंग के लिए क्रियाओं को कॉन्फ़िगर करना",
      "body": "<ol>\n<li> मैपिंग संपादक के बाएँ फलक से, विस्तृत करें<strong> नेविगेशन ऑब्जेक्ट</strong> और चुनें<strong> lblFirstNameValue_text {स्ट्रिंग}</strong>.</li>\n<li> मैपिंग संपादक के दाएँ फलक से, विस्तृत करें<strong> सेवाएं</strong> &gt;<strong> सेवा &ndash; RecipientStorage$Recipients$get</strong> और चुनें<strong> प्राप्तकर्ता आईडी {संख्या}</strong>.</li>\n<li> एक्शन एडिटर कैनवास से, चुनें<strong> कॉलबैक</strong>.</li>\n<li> के बाएं मेनू से<strong> एक्शन एडिटर</strong> , के तहत<b> नेटवर्क</b> अनुभाग, चुनें<strong> संकेतक लोड हो रहा है</strong>.</li>\n<li> दाएँ फलक से, के लिए<b> संकेतक लोड हो रहा है</b> चुनें<strong> खारिज करें</strong>.</li>\n</ol>"
    },
    "navigationBar": {
      "left": {
        "text": " पिछला"
      },
      "right": {
        "text": " अगला"
      }
    }
  },
  "Card.VoltMX.EditPayeeMobile_v9.mapping4": {
    "content": {
      "title": " ऑनमैपिंग के लिए क्रियाओं को कॉन्फ़िगर करना",
      "body": "<ol>\n<li> के बाएं मेनू से<strong> एक्शन एडिटर</strong> , के तहत<strong> शर्त</strong> अनुभाग, चुनें<strong> यदि</strong>.</li>\n<li> एक्शन एडिटर के दाएँ फलक से, ऐड कंडीशन के तहत निम्नलिखित मान प्रदान करें:<ul>\n<li> पहला क्षेत्र &ndash;<strong> मान</strong></li>\n<li> दूसरा क्षेत्र:<strong> प्राप्तकर्ता.opstatus</strong></li>\n<li> तीसरा क्षेत्र:<strong> बराबर</strong></li>\n<li> चौथा क्षेत्र:<strong> मान</strong></li>\n<li> पांचवां क्षेत्र:<strong>0</strong></li>\n</ul>\n</li>\n<li> के बाएं मेनू से<strong> एक्शन एडिटर</strong> , के तहत<strong> मैपिंग</strong> अनुभाग, चुनें<strong> मैपिंग जोड़ें</strong>.<br /> मैपिंग संपादक विंडो प्रकट होती है।</li>\n</ol>"
    },
    "navigationBar": {
      "left": {
        "text": " पिछला"
      },
      "right": {
        "text": " अगला"
      }
    }
  },
  "Card.VoltMX.EditPayeeMobile_v9.mapping5": {
    "content": {
      "title": " UI तत्वों का मानचित्रण",
      "body": "<ul>\n<li> के बाएँ फलक से<strong> मानचित्रण संपादक</strong> , विस्तृत करें<strong> सेवाएं</strong> &gt;<strong> सेवा-प्राप्तकर्तास्टोरेज$प्राप्तकर्ता$प्राप्त करें</strong> , &gt;<strong> रिकॉर्ड {संग्रह}</strong>. <br /> के दाएँ फलक से<strong> मानचित्रण संपादक</strong> , विस्तृत करें<strong> प्रपत्र</strong> &gt;<strong> frmसंपादित करेंप्राप्तकर्ता</strong>.</li>\n<li> के बाएँ फलक से<strong> मानचित्रण संपादक</strong> चुनें<strong> प्राप्तकर्ता आईडी {संख्या}</strong>. <br /> के दाएँ फलक से<strong> मानचित्रण संपादक</strong> , विस्तृत करें<strong> टेक्स्टफ़ील्ड - tbxPayeeID</strong> और चुनें<strong> पाठ {स्ट्रिंग}</strong>.</li>\n<li> के बाएँ फलक से<strong> मानचित्रण संपादक</strong> चुनें<strong> पहला नाम {स्ट्रिंग}</strong>. <br /> के दाएँ फलक से<strong> मानचित्रण संपादक</strong> , विस्तृत करें<strong> टेक्स्टफिल्ड - tbxFirstName</strong> और चुनें<strong> पाठ {स्ट्रिंग}</strong>.</li>\n</ul>"
    },
    "navigationBar": {
      "left": {
        "text": " पिछला"
      },
      "right": {
        "text": " अगला"
      }
    }
  },
  "Card.VoltMX.EditPayeeMobile_v9.mapping6": {
    "content": {
      "title": " UI तत्वों को मैप करें",
      "body": "<ul>\n<li> के बाएँ फलक से<strong> मानचित्रण संपादक</strong> चुनें<strong> अंतिम नाम {स्ट्रिंग}</strong>. <br /> के दाएँ फलक से<strong> मानचित्रण संपादक</strong> , विस्तृत करें<strong> टेक्स्टफिल्ड - tbxLastName</strong> और चुनें<strong> पाठ {स्ट्रिंग}</strong>.</li>\n<li> के बाएँ फलक से<strong> मानचित्रण संपादक</strong> चुनें<strong> उपनाम {स्ट्रिंग}</strong>. <br /> के दाएँ फलक से<strong> मानचित्रण संपादक</strong> , विस्तृत करें<strong> लेबल- टेक्स्टफ़ील्ड - tbxNickName</strong> और चुनें<strong> पाठ {स्ट्रिंग}</strong>.</li>\n<li> के बाएँ फलक से<strong> मानचित्रण संपादक</strong> चुनें<strong> फ़ोन {स्ट्रिंग}</strong>. <br /> के दाएँ फलक से<strong> मानचित्रण संपादक</strong> , विस्तृत करें<strong> लेबल- टेक्स्टफिल्ड - tbxPhone</strong> और चुनें<strong> पाठ {स्ट्रिंग}</strong>.</li>\n</ul>"
    },
    "navigationBar": {
      "left": {
        "text": " पिछला"
      },
      "right": {
        "text": " अगला"
      }
    }
  },
  "Card.VoltMX.EditPayeeMobile_v9.mapping7": {
    "content": {
      "title": " ऑनमैपिंग के लिए क्रियाओं को कॉन्फ़िगर करना",
      "body": "<ol>\n<li> से<b> एक्शन एडिटर</b> कैनवास, का चयन करें<b> IF: प्राप्तकर्ता.opstatus 0 के बराबर है</b> नोड.</li><li> के बाएं मेनू से<strong> एक्शन एडिटर</strong> , के तहत<strong> शर्त</strong> , चुनें<strong> अन्य</strong>.</li>\n<li> के बाएं मेनू से<strong> एक्शन एडिटर</strong> , के तहत<strong> ग्राहक</strong> अनुभाग, चुनें<strong> अलर्ट दिखाएं</strong>.</li>\n<li> दाएँ फलक में<strong> एक्शन एडिटर</strong> , निम्नलिखित फ़ील्ड प्रदान करें:<ul>\n<li> अलर्ट प्रकार:<strong> जानकारी</strong></li>\n<li> अलर्ट संदेश:<strong> \"क्षमा करें, आपका प्राप्तकर्ता विवरण सफलतापूर्वक लोड नहीं किया जा सका। कृपया बाद में पुनः प्रयास करें\"</strong></li>\n</ul>\n</li>\n<li> क्लिक करें<strong> सहेजें</strong>.</li>\n</ol>"
    },
    "navigationBar": {
      "left": {
        "text": " पिछला"
      },
      "right": {
        "text": " अगला"
      }
    }
  },
  "Card.VoltMX.EditPayeeMobile_v9.navAcc": {
    "content": {
      "title": " लेखा स्क्रीन पर नेविगेट करना",
      "body": "<ol>\n<li> से<strong> परियोजना</strong> एक्सप्लोरर, नेविगेट करें<strong> मोबाइल</strong> &gt;<strong> प्रपत्र</strong> &gt;<strong> frmसंपादित करेंप्राप्तकर्ता</strong> &gt;<b> flexEditRecipient</b> > <strong> flexFooter</strong> , और चुनें<strong> flxखाते</strong>.</li>\n<li> से<strong> गुण</strong> पैनल, पर नेविगेट करें<strong> क्रिया</strong> टैब।</li>\n<li> के तहत<strong> सामान्य</strong> अनुभाग, के लिए<strong> ऑनक्लिक</strong> घटना, क्लिक करें<strong> संपादित करें</strong>.<br /> The<strong> एक्शन एडिटर</strong> विंडो प्रकट होती है।</li>\n</ol>"
    },
    "navigationBar": {
      "left": {
        "text": " पिछला"
      },
      "right": {
        "text": " अगला"
      }
    }
  },
  "Card.VoltMX.EditPayeeMobile_v9.navAcc1": {
    "content": {
      "title": " लेखा स्क्रीन पर नेविगेट करना",
      "body": "<ol>\n<li> से<strong> एक्शन एडिटर</strong> बाएँ मेनू, के अंतर्गत<strong> सामान्य</strong> अनुभाग, चुनें<strong> फॉर्म पर नेविगेट करें</strong>.</li>\n<li> के दाएँ फलक से<strong> एक्शन एडिटर</strong> , चुनें<strong> frmखाता</strong>.</li>\n<li> क्लिक करें<strong> सहेजें</strong>.</li>\n</ol>"
    },
    "navigationBar": {
      "left": {
        "text": " पिछला"
      },
      "right": {
        "text": " अगला"
      }
    }
  },
  "Card.VoltMX.EditPayeeMobile_v9.navDet": {
    "content": {
      "title": " विवरण स्क्रीन में मानचित्रण",
      "body": "<ol>\n<li> से&nbsp;<strong> परियोजना</strong> एक्सप्लोरर, विस्तृत करें<strong> मोबाइल</strong> &gt;<strong> &nbsp;फॉर्म</strong> , और चुनें&nbsp;<strong> frm विवरण</strong>.</li>\n<li> से&nbsp;<strong> गुण</strong> पैनल, पर नेविगेट करें&nbsp;<strong> क्रिया&nbsp;</strong> टैब।</li>\n<li> के लिए&nbsp;<strong> मानचित्रण पर</strong> घटना, क्लिक करें&nbsp;<strong> संपादित करें</strong>.<br /> द&nbsp;<strong> एक्शन एडिटर&nbsp;</strong> विंडो प्रकट होती है।</li>\n<li> &nbsp;<strong> एक्शन एडिटर</strong> , चुनें&nbsp;<strong> डिज़ाइन दृश्य</strong>.</li>\n</ol>"
    },
    "navigationBar": {
      "left": {
        "text": " पिछला"
      },
      "right": {
        "text": " अगला"
      }
    }
  },
  "Card.VoltMX.EditPayeeMobile_v9.navEdit": {
    "content": {
      "title": " प्राप्तकर्ता विवरण स्क्रीन से नेविगेट करना",
      "body": "<ol>\n<li> से<strong> परियोजना</strong> एक्सप्लोरर, विस्तृत करें<strong> मोबाइल</strong> &gt;<strong> प्रपत्र</strong> &gt;<strong> frm विवरण</strong> &gt;<strong> flexHeader</strong> और चुनें<strong> हैडरबटनराइट</strong>.</li>\n<li> से<strong> गुण</strong> पैनल, पर नेविगेट करें<strong> क्रिया</strong> टैब।</li>\n<li> के तहत<b> सामान्य</b> अनुभाग, के लिए<strong> ऑनक्लिक</strong> घटना क्लिक<strong> संपादित करें</strong>.<br /> The<b> एक्शन एडिटर</b> विंडो प्रकट होती है।</li>\n</ol>"
    },
    "navigationBar": {
      "left": {
        "text": " पिछला"
      },
      "right": {
        "text": " अगला"
      }
    }
  },
  "Card.VoltMX.EditPayeeMobile_v9.navEdit1": {
    "content": {
      "title": " संपादित प्राप्तकर्ता स्क्रीन पर नेविगेट करना",
      "body": "<ol>\n<li> के बाएं मेनू से<strong> एक्शन एडिटर</strong> , के तहत<strong> सामान्य</strong> अनुभाग, चुनें<strong> फॉर्म पर नेविगेट करें</strong>.</li>\n<li> दाएँ फलक से, चुनें<strong> frmEditRecipient</strong> और फिर चुनें<strong> नेविगेशन के साथ डेटा पास करें</strong>.</li>\n<li> दाएँ फलक से, विस्तृत करें<strong> प्रपत्र</strong> &gt;<strong> frmविवरण</strong> &gt;<strong> लेबल - lblRecipientIDValue</strong> , और चुनें<strong> टेक्स्ट {स्ट्रिंग}</strong>.</li>\n<li> क्लिक करें<strong> सहेजें</strong>.</li>\n</ol>"
    },
    "navigationBar": {
      "left": {
        "text": " पिछला"
      },
      "right": {
        "text": " अगला"
      }
    }
  },
  "Card.VoltMX.EditPayeeMobile_v9.navRec": {
    "content": {
      "title": " प्राप्तकर्ता सूची स्क्रीन पर नेविगेट करना",
      "body": "<ol>\n<li> से<strong> परियोजना</strong> एक्सप्लोरर, विस्तृत करें<strong> मोबाइल</strong> &gt;<strong> प्रपत्र</strong> &gt;<strong> frmEditRecipient</strong> &gt;<b> flexEditRecipient</b> > <strong> flexFooter</strong> , और चुनें<strong> फ्लेक्स प्राप्तकर्ता चयनित</strong>.</li>\n<li> से<strong> गुण</strong> पैनल, पर नेविगेट करें<strong> क्रिया</strong> &nbsp;tab.</li>\n<li> के तहत<strong> सामान्य</strong> अनुभाग, के लिए<strong> ऑनक्लिक</strong> घटना क्लिक<strong> संपादित करें</strong>.<br /> The<strong> एक्शन एडिटर</strong> विंडो प्रकट होती है।</li>\n</ol>"
    },
    "navigationBar": {
      "left": {
        "text": " पिछला"
      },
      "right": {
        "text": " अगला"
      }
    }
  },
  "Card.VoltMX.EditPayeeMobile_v9.navRec1": {
    "content": {
      "title": " प्राप्तकर्ता सूची स्क्रीन पर नेविगेट करना",
      "body": "<ol>\n<li> से<strong> एक्शन एडिटर</strong> बाएँ मेनू, के अंतर्गत<strong> सामान्य</strong> अनुभाग, चुनें<strong> फॉर्म पर नेविगेट करें</strong>.</li>\n<li> के दाएँ फलक से<strong> एक्शन एडिटर</strong> , चुनें<strong> frmप्राप्तकर्ता</strong>.</li>\n<li> क्लिक करें<strong> सहेजें</strong>.</li>\n</ol>"
    },
    "navigationBar": {
      "left": {
        "text": " पिछला"
      },
      "right": {
        "text": " अगला"
      }
    }
  },
  "Card.VoltMX.EditPayeeMobile_v9.openapp": {
    "content": {
      "title": " वोल्ट एमएक्स ऐप",
      "body": "<ol>\n<li> USB केबल का उपयोग करके अपने मोबाइल डिवाइस को अपने कंप्यूटर से कनेक्ट करें।<br /> Android मोबाइल डिवाइस के लिए, सुनिश्चित करें कि USB के रूप में सेट है<strong> फ़ाइलें स्थानांतरित करें</strong>.<br /> आईओएस मोबाइल डिवाइस के लिए, सुनिश्चित करें कि<strong> विश्वास</strong> डिवाइस और कंप्यूटर के बीच स्थापित किया गया है।</li>\n<li> अपना लॉन्च करें<strong> वोल्ट एमएक्स ऐप</strong> आपके मोबाइल डिवाइस पर।</li>\n<li> चुनें<strong> यूएसबी</strong> टैब।<br/> एक सफल कनेक्शन पर,<strong> आइरिस</strong> आपके कंप्यूटर पर एक सफलता संकेत दिखाता है।</li>\n</ol>"
    },
    "navigationBar": {
      "left": {
        "text": " पिछला"
      },
      "right": {
        "text": " अगला"
      }
    }
  },
  "Card.VoltMX.EditPayeeMobile_v9.run": {
    "content": {
      "title": " ऐप चलाएँ",
      "body": "<ol>\n<li> बाएं नेविगेशन बार से, क्लिक करें<strong> भागो</strong>.<br /> आइरिस को प्रदर्शित होने में कुछ समय लगेगा<strong> लाइव पूर्वावलोकन तैयार है</strong> window.</li>\n<li> आइरिस द्वारा ऐप चलाने के बाद, आपके<strong> वोल्ट एमएक्स ऐप</strong> , क्लिक करें<strong> लॉन्च</strong>.</li>\n<li> आप एक देख सकते हैं<strong> आवेदन का नाम:</strong> टेक्स्ट बॉक्स। यदि कोई टेक्स्ट बॉक्स है, तो दर्ज करें<strong> प्राप्तकर्ताMobApp</strong> और फिर क्लिक करें<strong> लॉन्च</strong>.</li>\n</ol>"
    },
    "navigationBar": {
      "left": {
        "text": " पिछला"
      },
      "right": {
        "text": " अगला"
      }
    }
  },
  "Card.VoltMX.EditPayeeMobile_v9.uiedit": {
    "content": {
      "title": " संपादन प्राप्तकर्ता स्क्रीन के लिए UI",
      "body": "<ol>\n<li> आइरिस के निचले-बाएँ कोने से, पर नेविगेट करें<strong> डिफ़ॉल्ट लाइब्रेरी</strong>.</li>\n<li> डिफ़ॉल्ट लाइब्रेरी के आगे, आप देखेंगे<strong> मेरी लाइब्रेरी</strong> टैब और एक खोज आइकन। खोज आइकन पर क्लिक करें।</li>\n<li> दिखाई देने वाले खोज बार में, दर्ज करें<strong> संपादित प्राप्तकर्ता</strong>.</li>\n<li> परिणामों से, के तहत<strong> प्राप्तकर्तामोबाइल</strong> , चुनें<strong> संपादित प्राप्तकर्ता</strong>.</li>\n<li> खींचें<strong> संपादित प्राप्तकर्ता</strong> पर संग्रह<strong> frmEditRecipient</strong> कैनवास पर।</li>\n</ol>"
    },
    "navigationBar": {
      "left": {
        "text": " पिछला"
      },
      "right": {
        "text": " अगला"
      }
    }
  },
  "Card.VoltMX.EditPayeeMobile_v9.update": {
    "content": {
      "title": " अपडेट ऑपरेशन को कॉन्फ़िगर करना",
      "body": "<ol>\n<li> से<strong> परियोजना</strong> एक्सप्लोरर, नेविगेट करें<strong> मोबाइल</strong> &gt;<strong> प्रपत्र</strong> &gt;<strong> frmसंपादित करेंप्राप्तकर्ता</strong> &gt;<b> flexEditRecipient</b> > <strong> flexFieldsContainer</strong> &gt;<strong> flexSave</strong> &gt;<strong> flexSquaredBorderedButton</strong> , और चुनें<strong> btnवर्ग</strong>.</li>\n<li> नेविगेट करें<strong> गुण</strong> पैनल और चुनें<strong> क्रिया</strong> टैब।</li>\n<li> के तहत<strong> सामान्य</strong> अनुभाग, के लिए<strong> ऑनक्लिक</strong> घटना क्लिक<strong> संपादित करें</strong>. <br /> The<strong> एक्शन एडिटर</strong> विंडो प्रकट होती है।</li>\n<li> के ऊपरी-दाएँ कोने से<strong> एक्शन एडिटर</strong> , चुनें<strong> डिज़ाइन दृश्य</strong>.</li>\n</ol>"
    },
    "navigationBar": {
      "left": {
        "text": " पिछला"
      },
      "right": {
        "text": " अगला"
      }
    }
  },
  "Card.VoltMX.EditPayeeMobile_v9.update1": {
    "content": {
      "title": " अपडेट ऑपरेशन को कॉन्फ़िगर करना",
      "body": "<ol>\n<li> के बाएं मेनू से<strong> एक्शन एडिटर</strong> , के तहत<strong> नेटवर्क</strong> अनुभाग, चुनें<strong> संकेतक लोड हो रहा है</strong>.</li>\n<li> के बाएं मेनू से<strong> एक्शन एडिटर</strong> , के तहत<strong> नेटवर्क</strong> अनुभाग, चुनें<strong> सेवा का आह्वान करें</strong>.</li>\n<li> के दाएँ फलक से<strong> एक्शन एडिटर</strong> ड्रॉप-डाउन सूची से निम्न मानों का चयन करें<ul>\n<li> सेवा का चयन करें:<strong> प्राप्तकर्तास्टोरेज$प्राप्तकर्ता</strong></li>\n<li> विधि का चयन करें:<strong> अद्यतन</strong></li>\n</ul>\n</li>\n<li> चुनें<strong> ओपन मैपिंग एडिटर</strong>. <br /> मैपिंग संपादक विंडो प्रकट होती है।</li>\n</ol>"
    },
    "navigationBar": {
      "left": {
        "text": " पिछला"
      },
      "right": {
        "text": " अगला"
      }
    }
  },
  "Card.VoltMX.EditPayeeMobile_v9.update2": {
    "content": {
      "title": " सेवा में UI तत्वों का मानचित्रण",
      "body": "<ul>\n<li> के बाएँ फलक से<strong> मानचित्रण संपादक</strong> , विस्तृत करें<strong> प्रपत्र</strong> &gt;<strong> frmसंपादित करेंप्राप्तकर्ता</strong>. <br /> के दाएँ फलक से<strong> मानचित्रण संपादक</strong> , विस्तृत करें<strong> सेवाएं</strong> &gt;<strong> सेवा-प्राप्तकर्तास्टोरेज$प्राप्तकर्ता$अपडेट</strong>.</li>\n<li> के बाएँ फलक से<strong> मानचित्रण संपादक</strong> , विस्तृत करें<strong> टेक्स्टफ़ील्ड - tbxPayeeID</strong> और चुनें<strong> पाठ {स्ट्रिंग}</strong>. <br /> के दाएँ फलक से<strong> मानचित्रण संपादक</strong>, <strong> प्राप्तकर्ता आईडी {संख्या}</strong>.</li>\n<li> के बाएँ फलक से<strong> मानचित्रण संपादक</strong> , विस्तृत करें<strong> टेक्स्टफिल्ड - tbxFirstName</strong> और चुनें<strong> पाठ {स्ट्रिंग}</strong>. <br /> के दाएँ फलक से<strong> मानचित्रण संपादक</strong>, <strong> पहला नाम {स्ट्रिंग}</strong>.</li>\n</ul>"
    },
    "navigationBar": {
      "left": {
        "text": " पिछला"
      },
      "right": {
        "text": " अगला"
      }
    }
  },
  "Card.VoltMX.EditPayeeMobile_v9.update3": {
    "content": {
      "title": " सेवा में UI तत्वों का मानचित्रण",
      "body": "<ul>\n<li> के बाएँ फलक से<strong> मानचित्रण संपादक</strong> , विस्तृत करें<strong> टेक्स्टफिल्ड - tbxLastName</strong> और चुनें<strong> पाठ {स्ट्रिंग}</strong>. <br /> के दाएँ फलक से<strong> मानचित्रण संपादक</strong>, <strong> अंतिम नाम {स्ट्रिंग}</strong>.</li>\n<li> के बाएँ फलक से<strong> मानचित्रण संपादक</strong> , विस्तृत करें<strong> टेक्स्टफिल्ड - tbxNickName</strong> और चुनें<strong> पाठ {स्ट्रिंग}</strong>. <br /> के दाएँ फलक से<strong> मानचित्रण संपादक</strong>, <strong> उपनाम {स्ट्रिंग}</strong>.</li>\n<li> के बाएँ फलक से<strong> मानचित्रण संपादक</strong> , विस्तृत करें<strong> टेक्स्टफिल्ड - tbxPhone</strong> और चुनें<strong> पाठ {स्ट्रिंग}</strong>. <br /> के दाएँ फलक से<strong> मानचित्रण संपादक</strong>, <strong> फ़ोन {स्ट्रिंग}</strong>.</li>\n</ul>"
    },
    "navigationBar": {
      "left": {
        "text": " पिछला"
      },
      "right": {
        "text": " अगला"
      }
    }
  },
  "Card.VoltMX.EditPayeeMobile_v9.update4": {
    "content": {
      "title": " सेवा की स्थिति की जाँच करना",
      "body": "<ol>\n<li> से<strong> एक्शन एडिटर</strong> कैनवास, नीचे<strong> सेवा का आह्वान करें</strong> , चुनें<strong> कॉलबैक</strong>.</li>\n<li> के बाएं मेनू से<strong> एक्शन एडिटर</strong> , के तहत<strong> नेटवर्क</strong> अनुभाग, चुनें<strong> संकेतक लोड हो रहा है</strong>.</li>\n<li> के दाएँ फलक से<strong> एक्शन एडिटर</strong> , सेट करें<strong> संकेतक लोड हो रहा है</strong> to<strong> खारिज करें</strong>.</li>\n<li> के बाएं मेनू से<strong> एक्शन एडिटर,</strong> के तहत<strong> शर्त</strong> अनुभाग, चुनें<strong> यदि</strong>.</li>\n</ol>"
    },
    "navigationBar": {
      "left": {
        "text": " पिछला"
      },
      "right": {
        "text": " अगला"
      }
    }
  },
  "Card.VoltMX.EditPayeeMobile_v9.update5": {
    "content": {
      "title": " प्राप्तकर्ता स्क्रीन पर नेविगेट करना",
      "body": "<ol>\n<li> के दाएँ फलक से<strong> एक्शन एडिटर</strong> , के तहत<strong> शर्त जोड़ें</strong> निम्नलिखित सेट करें:<ul>\n<li> पहला क्षेत्र &ndash;<strong> मान</strong>.</li>\n<li> दूसरा क्षेत्र &ndash; प्रकार<strong> प्राप्तकर्ता.opstatus</strong></li>\n<li> तीसरा क्षेत्र &ndash;<strong> बराबर</strong></li>\n<li> चौथा क्षेत्र &ndash;<strong> मान</strong></li>\n<li> पांचवां क्षेत्र - प्रकार<strong>0</strong></li>\n</ul>\n</li>\n<li> के बाएँ फलक से<strong> एक्शन एडिटर</strong> , के तहत<strong> सामान्य</strong> अनुभाग, चुनें<strong> फॉर्म पर नेविगेट करें</strong>.</li>\n<li> के दाएँ फलक से<strong> एक्शन एडिटर</strong> , चुनें<strong> frm विवरण</strong>.</li>\n<li> के दाएँ फलक से<strong> एक्शन एडिटर</strong> , चुनें<strong> नेविगेशन के साथ डेटा पास करें</strong>. <br /> मैपिंग संपादक प्रकट होता है।</li>\n<li> मैपिंग संपादक से, विस्तृत करें<strong> frmEditRecipient</strong> &gt;<strong> TextField-tbxPayeeID</strong> और चुनें<strong> पाठ {स्ट्रिंग}</strong>.</li>\n</ol>"
    },
    "navigationBar": {
      "left": {
        "text": " पिछला"
      },
      "right": {
        "text": " अगला"
      }
    }
  },
  "Card.VoltMX.EditPayeeMobile_v9.update6": {
    "content": {
      "title": " अन्य शर्त को कॉन्फ़िगर करना",
      "body": "<ol><li> से<b> एक्शन एडिटर</b> कैनवास, का चयन करें<b> IF: प्राप्तकर्ता.opstatus 0 के बराबर है</b> नोड.</li>\n<li> के बाएं मेनू से<strong> एक्शन एडिटर,</strong> के तहत<strong> शर्त</strong> अनुभाग, चुनें<strong> अन्य</strong>.</li>\n<li> के बाएं मेनू से<strong> एक्शन एडिटर</strong> , के तहत<strong> ग्राहक</strong> अनुभाग, चुनें<strong> अलर्ट दिखाएं</strong>.</li>\n<li> दाएँ फलक में<strong> एक्शन एडिटर</strong> , निम्नलिखित फ़ील्ड प्रदान करें:<ul>\n<li> अलर्ट प्रकार:<strong> जानकारी</strong></li>\n<li> अलर्ट संदेश:<strong> \"क्षमा करें, आपका प्राप्तकर्ता विवरण सफलतापूर्वक संपादित नहीं किया जा सका। कृपया बाद में पुन: प्रयास करें\"</strong></li>\n</ul>\n</li>\n<li> क्लिक करें<strong> सहेजें</strong>.</li>\n</ol>"
    },
    "navigationBar": {
      "left": {
        "text": " पिछला"
      },
      "right": {
        "text": " अगला"
      }
    }
  },
  "Card.VoltMX.EditPayeeMobile_v9.view": {
    "content": {
      "title": " ऐप लॉन्च करें",
      "body": "<ol>\n<li> अपने ऐप में निम्नलिखित लॉगिन क्रेडेंशियल दर्ज करें।<ul>\n<li> उपयोगकर्ता नाम:<strong> john.doe@woodburn.com</strong></li>\n<li> पासवर्ड:<strong> वोल्टएमएक्स@123</strong></li>\n</ul>\n</li>\n<li> क्लिक करें<strong> लॉगिन</strong>.<br /> खाता सूची प्रकट होती है।</li>\n<li> क्लिक करें<strong> प्राप्तकर्ता</strong> टैब।<br /> प्राप्तकर्ता सूची प्रकट होती है।</li>\n<li> ऐड पर क्लिक करें<strong> (+)</strong> प्राप्तकर्ता जोड़ने के लिए आइकन।</li>\n<li> प्राप्तकर्ता का विवरण देखने के लिए सूची से उसका चयन करें।</li>\n<li> विवरण पृष्ठ से, क्लिक करें<strong> हटाएं</strong> प्राप्तकर्ता को हटाने के लिए बटन।</li>\n<li> विवरण पृष्ठ से, क्लिक करें<strong> संपादित करें</strong> प्राप्तकर्ता विवरण संपादित करने के लिए बटन।</li>\n<li> लॉगिन स्क्रीन पर नेविगेट करने के लिए स्क्रीन के शीर्ष पर लॉगआउट बटन पर क्लिक करें।</li>\n</ol>"
    },
    "navigationBar": {
      "left": {
        "text": " पिछला"
      },
      "right": {
        "text": " अगला"
      }
    }
  }
}