{
    "kuid": "ed624bt4-1ba1-4er6-beu7-8f524fn8",
    "id": "kony.UseStorageServiceV9.addDetails1",
    "content": {
        "title": "Add Details-Employee",
        "body": "<ol>\n<li>From the left pane, under <strong>Data Model</strong>, expand <strong>employees</strong> and select <strong>Fields</strong>.</li>\n<li>In the right pane, click <strong>+ Add</strong> and enter the following details:\n<ul>\n<li>Name: <strong>EmployeeID</strong></li>\n<li>Type: <strong>Number</strong></li>\n<li>Primary key: <strong>True</strong></li>\n</ul>\n</li>\n</ol>"
    },
    "pointer": {
        "direction": "left",
        "element": "",
        "type": "none"
    },
    "navigationType": "manual",
    "navigationBar": {
        "left": {
            "text": "Previous",
            "enable": true,
            "hide": false
        },
        "right": {
            "text": "Next",
            "enable": true,
            "hide": false
        }
    },
    "navigationCondition": "",
    "position": "BOTTOM_RIGHT",
    "meta": {
        "Creator": "Rashmi Menon",
        "CreatedOn": "Wed, 27 Nov 2019 10:10:26 GMT"
    },
    "context": []
}