{
    "kuid": "e1cdfft2-62a0-4br8-88uc-61fdbcna",
    "id": "kony.ConnectAppUItoDataMob_v9.run",
    "content": {
        "title": "Run the App",
        "body": "<ol>\n<li>From the left Navigation bar, click&nbsp;<strong>Run</strong>.<br /> It will take some time for Visualizer to display the&nbsp;<strong>Live Preview is ready</strong></li>\n<li>After Visualizer runs the app, on your <strong>Quantum App</strong>, click&nbsp;<strong>Launch</strong>.</li>\n<li>You may see an&nbsp;<strong>Application Name&nbsp;</strong>text box. If there is a text box, enter&nbsp;<strong>RecipientsMobApp</strong>, and then click&nbsp;<strong>Launch</strong>.</li>\n</ol>"
    },
    "pointer": {
        "direction": "left",
        "element": {
            "module": "shortcutbar",
            "itemId": "frmKonyLib_preview"
        },
        "type": "default"
    },
    "navigationType": "manual",
    "navigationBar": {
        "left": {
            "text": "Previous",
            "enable": true,
            "hide": false
        },
        "right": {
            "text": "Next",
            "enable": true,
            "hide": false
        }
    },
    "navigationCondition": "",
    "position": "BOTTOM_RIGHT",
    "meta": {
        "Creator": "Rashmi Menon",
        "CreatedOn": "Mon, 23 Mar 2020 08:47:36 GMT"
    },
    "context": []
}