{
    "kuid": "1f5b43tb-e5a5-4br9-b1ub-52d7e0n2",
    "id": "kony.IntrotoActionEditorV9.view",
    "content": {
        "title": "View the App",
        "body": "<ol>\n<li>On your <strong>Quantum App</strong>, click <strong>Launch</strong>.</li>\n<li>You may see an <strong>Application Name</strong> text box. If there is a text box, enter <strong>QuantumACME</strong> and then click <strong>Launch</strong>.<br /> The form with the login screen appears.</li>\n</ol>"
    },
    "pointer": {
        "direction": "left",
        "element": "",
        "type": "none"
    },
    "navigationType": "manual",
    "navigationBar": {
        "left": {
            "text": "Previous",
            "enable": true,
            "hide": false
        },
        "right": {
            "text": "Next",
            "enable": true,
            "hide": false
        }
    },
    "navigationCondition": "",
    "position": "BOTTOM_RIGHT",
    "meta": {
        "Creator": "Rashmi Menon",
        "CreatedOn": "Tue, 26 Nov 2019 05:32:30 GMT"
    },
    "context": []
}