{
    "kuid": "13086et2-a1af-4ar1-9fuf-41d76enb",
    "id": "kony.CreateDetailsScreen_v9.createUIDetails2",
    "content": {
        "title": "UI for Recipients Details Screen",
        "body": "<ol>\n<li>From the <strong>What would you like to generate?</strong> window, select <strong>Details Using Response</strong>.</li>\n<li>Click <strong>OK</strong>.<br />A new window appears, asking whether you want to generate navigation from <strong>frmRecipients</strong>.</li>\n<li>Click <strong>Yes</strong>.<br />Visualizer may take some time to load the parameters and generate the UI.</li>\n</ol>"
    },
    "pointer": {
        "direction": "left",
        "element": "",
        "type": "default"
    },
    "navigationType": "manual",
    "navigationBar": {
        "left": {
            "text": "Previous",
            "enable": true,
            "hide": false
        },
        "right": {
            "text": "Next",
            "enable": true,
            "hide": false
        }
    },
    "navigationCondition": "",
    "position": "BOTTOM_RIGHT",
    "meta": {
        "Creator": "Rashmi Menon",
        "CreatedOn": "Wed, 19 Feb 2020 11:27:09 GMT"
    },
    "context": []
}