<?xml version="1.0"?>
<Hike kuid="405ed7t8-74a3-4fra-94u2-70d23ena" id="VoltMX.NFIBarcodeV9" title="VoltMX.NFIBarcodeV9">
    <Description> Description of hike</Description>
    <Meta>
        <Creator>Rashmi Menon</Creator>
        <Createdon>Thu, 28 Nov 2019 04:24:01 GMT</Createdon>
    </Meta>
    <Hikecard id="VoltMX.NFIBarcodeV9.intro"/>
    <Hikecard id="VoltMX.NFIBarcodeV9.intro1"/>
    <Hikecard id="VoltMX.NFIBarcodeV9.NewProject1"/>
    <Hikecard id="VoltMX.NFIBarcodeV9.NewProject2"/>
    <Hikecard id="VoltMX.NFIBarcodeV9.rename"/>
    <Hikecard id="VoltMX.NFIBarcodeV9.addCollection"/>
    <Hikecard id="VoltMX.NFIBarcodeV9.uiForm"/>
    <Hikecard id="VoltMX.NFIBarcodeV9.addFramework"/>
    <Hikecard id="VoltMX.NFIBarcodeV9.addFramework1"/>
    <Hikecard id="VoltMX.NFIBarcodeV9.addCode"/>
    <Hikecard id="VoltMX.NFIBarcodeV9.eventCode"/>
    <Hikecard id="VoltMX.NFIBarcodeV9.eventCode1"/>
    <Hikecard id="VoltMX.NFIBarcodeV9.eventCodeClick"/>
    <Hikecard id="VoltMX.NFIBarcodeV9.eventCodeClick1"/>
    <Hikecard id="VoltMX.NFIBarcodeV9.connectDevice"/>
    <Hikecard id="VoltMX.NFIBarcodeV9.publish"/>
    <Hikecard id="VoltMX.NFIBarcodeV9.publishApp1"/>
    <Hikecard id="VoltMX.NFIBarcodeV9.view"/>
    <Hikecard id="VoltMX.NFIBarcodeV9.done"/>
</Hike>