{
    "kuid": "c46e1bt6-29ae-4cr6-9eu2-b39144nf",
    "id": "kony.createUIMobV9.newProject1",
    "content": {
        "title": "Create a New Project",
        "body": "<ol>\n<li>From the main menu, navigate to&nbsp;<strong>Project</strong>&nbsp;&gt;&nbsp;<strong>New Project</strong>.</li>\n<li>From the&nbsp;<strong>What do you want to start with now?&nbsp;</strong>window, select&nbsp;<strong>Native App</strong>.</li>\n<li>Click&nbsp;<strong>Next</strong>.<br />The&nbsp;<strong>You started with a Native App</strong>&nbsp;window appears.</li>\n<li>Under&nbsp;<strong>Project&nbsp;</strong>Name, enter <strong>RecipientsMobApp</strong>.</li>\n<li>Click&nbsp;<strong>Create</strong>.<br />A new application is created with&nbsp;<strong>Form1</strong>&nbsp;form.<br />The application opens in the&nbsp;<strong>Storyboard</strong>&nbsp;view.</li>\n</ol>"
    },
    "pointer": {
        "direction": "left",
        "element": "",
        "type": "none"
    },
    "navigationType": "manual",
    "navigationBar": {
        "left": {
            "text": "Previous",
            "enable": true,
            "hide": false
        },
        "right": {
            "text": "Next",
            "enable": true,
            "hide": false
        }
    },
    "navigationCondition": "",
    "position": "BOTTOM_RIGHT",
    "meta": {
        "Creator": "Rashmi Menon",
        "CreatedOn": "Wed, 18 Dec 2019 06:49:06 GMT"
    },
    "context": []
}