{
  "Tour.EditPayeeWeb_v9": {
    "description": "旅遊描述"
  },
  "Hike.VoltMX.EditPayeeWeb_v9": {
    "description": "徒步說明"
  },
  "Card.VoltMX.EditPayeeWeb_v9.accounts": {
    "content": {
      "title": "導航到帳戶屏幕",
      "body": "<ol>\n<li>來自<strong>項目</strong>資源管理器，展開<strong>響應式網頁/桌面</strong>&gt;<strong>表格</strong>&gt;<strong>frmEditRecipient</strong>&gt;<strong>flxEditRecipient</strong>&gt;<strong>flxMenu</strong> ，然後選擇<strong>flxAccountTab</strong>.</li>\n<li>來自<strong>屬性</strong>面板，導航到<strong>行動</strong>標籤。</li>\n<li>對於<strong>點擊</strong>事件，點擊<strong>編輯</strong>.<br /><strong>動作編輯器</strong>窗口出現。</li>\n</ol>"
    },
    "navigationBar": {
      "left": {
        "text": "上一個"
      },
      "right": {
        "text": "下一個"
      }
    }
  },
  "Card.VoltMX.EditPayeeWeb_v9.accounts1": {
    "content": {
      "title": "導航到帳戶屏幕",
      "body": "<ol>\n<li>從左側菜單<strong>動作編輯器</strong> , 在<strong>一般</strong>部分，選擇<strong>導航到表單</strong>.</li>\n<li>從右側窗格中，選擇<strong>frmAccount</strong>.</li>\n<li>點擊<strong>保存</strong>.</li>\n</ol>"
    },
    "navigationBar": {
      "left": {
        "text": "上一個"
      },
      "right": {
        "text": "下一個"
      }
    }
  },
  "Card.VoltMX.EditPayeeWeb_v9.btnedit": {
    "content": {
      "title": "導航到編輯收件人屏幕",
      "body": "<ol>\n<li>來自<strong>項目</strong>資源管理器，展開<strong>響應式網頁/桌面</strong>&gt;<strong>表格</strong>&gt;<strong>frmDetails</strong>&gt;<strong>flexFieldsContainer</strong>&gt;&nbsp;<strong>flxButtons</strong> ，然後選擇<strong>btnEdit</strong>.</li>\n<li>來自<strong>屬性</strong>面板，導航到<strong>行動</strong>選項卡。</li>\n<li>對於<strong>點擊</strong>事件，點擊<strong>編輯</strong>.<br /><strong>動作編輯器</strong>窗口出現。</li>\n</ol>"
    },
    "navigationBar": {
      "left": {
        "text": "上一個"
      },
      "right": {
        "text": "下一個"
      }
    }
  },
  "Card.VoltMX.EditPayeeWeb_v9.cancel": {
    "content": {
      "title": "配置取消按鈕",
      "body": "<ol>\n<li>來自<strong>項目</strong>資源管理器，展開<strong>響應式網頁/桌面</strong>&gt;<strong>表格</strong>&gt;<strong>frmEditRecipient</strong>&gt;<strong>flxEditRecipient</strong>&gt;<strong>flxEntryFields</strong>&gt;<strong>flxButtons</strong> ，然後選擇<strong>btnCancel</strong>.</li>\n<li>來自&nbsp;<strong>屬性</strong>面板，導航到<strong>行動</strong>標籤。</li>\n<li>對於<strong>點擊</strong>事件，點擊<strong>編輯</strong>.<br /><strong>動作編輯器</strong>窗口出現。</li>\n</ol>"
    },
    "navigationBar": {
      "left": {
        "text": "上一個"
      },
      "right": {
        "text": "下一個"
      }
    }
  },
  "Card.VoltMX.EditPayeeWeb_v9.cancel1": {
    "content": {
      "title": "配置取消按鈕",
      "body": "<ol>\n<li>從左側菜單<strong>動作編輯器</strong> , 在<strong>一般</strong>部分，選擇<strong>導航到表單</strong>.</li>\n<li>從右側窗格中，選擇<strong>frmDetails</strong>.</li>\n<li>點擊<strong>保存</strong>.</li>\n</ol>"
    },
    "navigationBar": {
      "left": {
        "text": "上一個"
      },
      "right": {
        "text": "下一個"
      }
    }
  },
  "Card.VoltMX.EditPayeeWeb_v9.createEditForm": {
    "content": {
      "title": "編輯收件人屏幕",
      "body": "<ol>\n<li>來自<strong>項目</strong>資源管理器，展開<strong>響應式網頁/桌面</strong>.</li>\n<li>右擊<strong>表格</strong>並選擇<strong>新表格</strong>.</li>\n<li>重命名新表格<strong>frmEditRecipient</strong>.</li>\n</ol>"
    },
    "navigationBar": {
      "left": {
        "text": "上一個"
      },
      "right": {
        "text": "下一個"
      }
    }
  },
  "Card.VoltMX.EditPayeeWeb_v9.done": {
    "content": {
      "title": " 恭喜",
      "body": "<p>你已經成功：</p>\n<ul>\n<li><strong>生成編輯收件人屏幕</strong></li>\n<li><strong>為編輯收件人屏幕創建和自定義用戶界面</strong></li>\n<li><strong>用數據更新服務</strong></li>\n<li><strong>添加了編輯收件人屏幕的導航<br /></strong></li>\n<li><strong>添加註銷到編輯收件人屏幕</strong></li>\n</ul>\n<p>有關如何使您的網絡應用程序響應的更多信息，請查看下一次加息：<a class=\"tour-link\" tour=\"f31910t6-a4a7-42rd-a4ud-07a264n3\"><strong> 9. 響應式 Web 斷點</strong></a>.</p>"
    },
    "navigationBar": {
      "left": {
        "text": "上一個"
      },
      "right": {
        "text": "完成"
      }
    }
  },
  "Card.VoltMX.EditPayeeWeb_v9.editService": {
    "content": {
      "title": "為編輯收件人配置服務",
      "body": "<ol>\n<li>來自<strong>項目</strong>資源管理器，展開<strong>響應式/桌面Web</strong>&gt;<strong>表格</strong> ，然後選擇<strong>frmEditRecipient</strong>.</li>\n<li>來自<strong>屬性</strong>面板，導航到<strong>行動</strong>標籤。</li>\n<li>對於<strong>預演</strong>事件，點擊<strong>編輯</strong>. <br /><strong>動作編輯器</strong>出現。</li>\n<li>從動作編輯器的右上角，選擇<strong>設計視圖</strong>.</li>\n</ol>"
    },
    "navigationBar": {
      "left": {
        "text": "上一個"
      },
      "right": {
        "text": "下一個"
      }
    }
  },
  "Card.VoltMX.EditPayeeWeb_v9.editService1": {
    "content": {
      "title": "為編輯收件人配置服務",
      "body": "<ol>\n<li>從左側菜單<strong>動作編輯器</strong> , 在<strong>條件</strong>部分，選擇<strong>如果</strong>.</li>\n<li>修改以下字段：<ul>\n<li>第一個字段：<strong>導航自</strong></li>\n<li>選擇來源：選擇<strong>frmDetails &gt; btnEdit &gt;點擊</strong></li>\n</ul>\n</li>\n<li>來自<b>動作編輯器</b>左側菜單，在<strong>網絡</strong>部分，選擇<strong>調用服務</strong>.</li>\n<li>從動作編輯器的右窗格中，從下拉列表中選擇以下值。<br />\n<ul>\n<li>選擇服務：<strong>RecipientStorage$Recipients</strong></li>\n<li>選擇方法：<strong>得到</strong></li>\n</ul>\n</li>\n</ol>"
    },
    "navigationBar": {
      "left": {
        "text": "上一個"
      },
      "right": {
        "text": "下一個"
      }
    }
  },
  "Card.VoltMX.EditPayeeWeb_v9.editService2": {
    "content": {
      "title": "為編輯收件人配置服務",
      "body": "<ol>\n<li>從右側窗格<strong>動作編輯器</strong>，點擊<strong>構造過濾器查詢</strong>.<br /><strong>映射編輯器</strong>出現。</li>\n<li>從映射編輯器的左窗格中，展開<strong>導航對象</strong> ，然後選擇<strong>lblRecipientIDValue_text {string}</strong>.</li>\n<li>從映射編輯器的右窗格中，展開<strong>服務</strong>&gt;<strong>服務 - RecipientStorage$Recipients$get</strong> ，然後選擇<strong> RecipientID {number}</strong>.<br />Iris 顯示有關數據類型不匹配的警報。</li><li>點擊<strong>好的</strong>.</li>\n</ol>"
    },
    "navigationBar": {
      "left": {
        "text": "上一個"
      },
      "right": {
        "text": "下一個"
      }
    }
  },
  "Card.VoltMX.EditPayeeWeb_v9.editService3": {
    "content": {
      "title": "為編輯收件人配置服務",
      "body": "<ol>\n<li>從動作編輯器畫布中，選擇<strong>回調</strong>.</li>\n<li>從左側菜單<strong>動作編輯器</strong> , 在<strong>映射</strong>部分，選擇<strong>添加映射</strong>.</li>\n<li>從映射編輯器的左窗格中，展開<strong>服務</strong>&gt;<strong>服務 - RecipientStorage$Recipients$get</strong>&gt;<strong>記錄{集合}</strong>.</li>\n<li>從映射編輯器的右窗格中，展開<strong>表格</strong>&gt;<strong>frmEditRecipient</strong>.</li>\n</ol>"
    },
    "navigationBar": {
      "left": {
        "text": "上一個"
      },
      "right": {
        "text": "下一個"
      }
    }
  },
  "Card.VoltMX.EditPayeeWeb_v9.editService4": {
    "content": {
      "title": "為編輯收件人配置服務",
      "body": "<ol>\n<li>在映射編輯器中，將左窗格中的以下服務參數映射到右窗格中的小部件：<ul>\n<li>從左窗格中選擇<strong> RecipientID {number}</strong>.<br />從右側窗格中展開<strong>標籤 - lblPayeeID</strong> ，然後選擇<strong>文本{字符串}</strong>.<br />Iris 顯示有關數據類型不匹配的警報，單擊<strong>好的</strong>.</li>\n<li>從左窗格中選擇<strong>名字{字符串}</strong>.<br />從右側窗格中展開<strong>TextField-tbxFirstName</strong> ，然後選擇<strong>文本{字符串}</strong>.</li>\n</ul>\n</li>\n</ol>"
    },
    "navigationBar": {
      "left": {
        "text": "上一個"
      },
      "right": {
        "text": "下一個"
      }
    }
  },
  "Card.VoltMX.EditPayeeWeb_v9.edtbtn1": {
    "content": {
      "title": "導航到編輯收件人屏幕",
      "body": "<ol>\n<li>來自&nbsp;<strong>動作編輯器</strong>左側菜單，在<strong>一般</strong>部分，選擇<strong>導航到表單</strong>.</li>\n<li>從右側窗格中，選擇<strong>frmEditRecipient</strong>.</li>\n<li>選擇檢查<strong>通過導航傳遞數據。</strong></li>\n<li>在右側窗格中，展開<strong>表格</strong>&gt;<strong>frmDetails</strong>&gt;<strong>標籤-lblRecipientIDValue</strong> ，然後選擇<strong>文本{字符串}</strong>.</li>\n<li>點擊<strong>保存</strong>.</li>\n</ol>"
    },
    "navigationBar": {
      "left": {
        "text": "上一個"
      },
      "right": {
        "text": "下一個"
      }
    }
  },
  "Card.VoltMX.EditPayeeWeb_v9.Intro": {
    "content": {
      "title": "添加編輯收件人功能",
      "body": "<p><strong>讓我們開始吧！</strong></p>\n<p>在這次徒步旅行中，您將學習如何：</p>\n<ul>\n<li>生成用於編輯收件人詳細信息的屏幕</li>\n<li>設計編輯收件人表單的用戶界面</li>\n<li>將數據從服務連接到 UI 元素</li>\n</ul>\n<p>在開始之前，請完成以下遠足：</p>\n<ol><b>\n<li><a class=\"tour-link\" tour=\"5a3913t0-aba2-46rc-adub-832833n2\"> 進口 &amp;啟動 Web 應用程序</a></li><li><a class=\"tour-link\" tour=\"220f01t3-bda6-40r0-92uf-56631bnb\">從集合創建用戶界面</a></li><li><a class=\"tour-link\" tour=\"5e1da5td-37a0-44r6-beu6-374c3cn1\">向應用程序添加身份驗證</a></li>\n<li><a class=\"tour-link\" tour=\"a851b9t8-75a9-4ara-88ud-946004n9\">為 Web 應用程序創建服務</a></li>\n<li><a class=\"tour-link\" tour=\"ca148ftd-07a9-4ard-98ud-6163d4nc\">將應用程序 UI 連接到 Web 應用程序中的數據</a></li><li><a class=\"tour-link\" tour=\"082af3t0-74a2-4ere-a6u3-749d59n5\">創建收件人詳細信息和刪除功能</a></li>\n<li><a class=\"tour-link\" tour=\"547395tb-d8ae-4fr9-b1ub-5033a6nb\">添加創建收件人</a></li></b>\n</ol>\n<p> &nbsp;</p>\n<p>確保您打開在之前的徒步旅行中創建的相同項目。</p>\n<p>要打開一個關閉的項目，從主菜單，導航到<strong>項目</strong>&gt;<strong>打開</strong>&gt;<strong>HCL 參考架構</strong>&gt;<strong>RecipientsWebApp</strong>.</p>\n<p><strong>準備好後，單擊開始！</strong></p>"
    },
    "navigationBar": {
      "left": {
        "text": "上一個"
      },
      "right": {
        "text": "開始"
      }
    }
  },
  "Card.VoltMX.EditPayeeWeb_v9.logout": {
    "content": {
      "title": "配置註銷",
      "body": "<ol>\n<li>來自<strong>項目</strong>資源管理器，展開<strong>frmEditRecipient</strong>&gt;<strong>flxEditRecipient</strong>&gt;<strong>flxHeader</strong> ，然後選擇<strong>flxUserLogout</strong>.</li>\n<li>來自<strong>屬性</strong>面板，導航到<strong>行動</strong>標籤。</li>\n<li>對於<strong>點擊</strong>操作，點擊<strong>編輯</strong>.<br /><strong>動作編輯器</strong>窗口出現。</li>\n<li>從動作編輯器的右上角，選擇<strong>設計視圖</strong>.</li>\n</ol>"
    },
    "navigationBar": {
      "left": {
        "text": "上一個"
      },
      "right": {
        "text": "下一個"
      }
    }
  },
  "Card.VoltMX.EditPayeeWeb_v9.logout1": {
    "content": {
      "title": "配置註銷",
      "body": "<ol>\n<li>從左側菜單<strong>動作編輯器</strong> , 在<strong>網絡</strong>部分，選擇<strong>調用服務</strong>.</li>\n<li>從動作編輯器的右窗格中，從下拉列表中選擇以下值：<ul>\n<li>選擇服務：&nbsp;<strong>UserAuthentication$註銷</strong></li>\n</ul>\n</li>\n<li>從動作編輯器畫布中，單擊<strong>成功</strong>.</li>\n</ol>"
    },
    "navigationBar": {
      "left": {
        "text": "上一個"
      },
      "right": {
        "text": "下一個"
      }
    }
  },
  "Card.VoltMX.EditPayeeWeb_v9.logout2": {
    "content": {
      "title": "導航到登錄屏幕",
      "body": "<ol>\n<li>從左側菜單<strong>動作編輯器</strong> , 在<strong>一般</strong>部分，選擇<strong>導航到表單</strong>.</li>\n<li>從右側窗格中，選擇<strong>frmLogin</strong>.</li>\n<li>點擊<strong>保存</strong>.</li>\n</ol>"
    },
    "navigationBar": {
      "left": {
        "text": "上一個"
      },
      "right": {
        "text": "下一個"
      }
    }
  },
  "Card.VoltMX.EditPayeeWeb_v9.mapEdit": {
    "content": {
      "title": "將數據映射到服務",
      "body": "<ul>\n<li>從左窗格中選擇<strong>姓氏{字符串}</strong>.<br />從右側窗格中展開<strong>TextField-tbxLastName</strong> ，然後選擇<strong>文本{字符串}</strong>.</li>\n<li>從左窗格中選擇<strong>暱稱{字符串}</strong>.<br />從右側窗格中展開<strong>TextField-tbxNickName</strong> ，然後選擇<strong>文本{字符串}</strong>.</li>\n<li>從左窗格中選擇<strong>電話{字符串}</strong>.<br />從右側窗格中展開<strong>TextField-tbxPhone</strong> ，然後選擇<strong>文本{字符串}</strong>.</li>\n</ul>\n<ol start=\"2\">\n<li>點擊<strong>保存</strong>.</li>\n</ol>"
    },
    "navigationBar": {
      "left": {
        "text": "上一個"
      },
      "right": {
        "text": "下一個"
      }
    }
  },
  "Card.VoltMX.EditPayeeWeb_v9.navDet": {
    "content": {
      "title": "從詳細信息屏幕導航",
      "body": "<ol>\n<li>來自<strong>項目</strong>資源管理器，展開<strong>響應式網頁/桌面</strong>&gt;<strong>表格</strong> ，然後選擇<strong>frmDetails</strong>.</li>\n<li>來自<strong>屬性</strong>面板，導航到<strong>行動</strong>標籤。</li>\n<li>對於<strong>onMapping</strong>事件，點擊<strong>編輯</strong>.<br /><strong>動作編輯器</strong>窗口出現。</li>\n<li>從右上角<strong>動作編輯器</strong>，選擇<strong>設計視圖</strong>.</li>\n</ol>"
    },
    "navigationBar": {
      "left": {
        "text": "上一個"
      },
      "right": {
        "text": "下一個"
      }
    }
  },
  "Card.VoltMX.EditPayeeWeb_v9.navDet1": {
    "content": {
      "title": "從詳細信息屏幕導航",
      "body": "<ol>\n<li>從左側菜單<strong>動作編輯器</strong> , 在<strong>條件</strong>部分，選擇<strong>否則如果</strong>.</li>\n<li>從右側窗格中，從下拉列表中選擇以下值：<ul>\n<li>小部件屬性：&nbsp;<strong>導航自</strong></li>\n<li>選擇的來源：<strong>frmEditRecipient &gt; btnDone >點擊</strong></li>\n</ul>\n</li>\n</ol>"
    },
    "navigationBar": {
      "left": {
        "text": "上一個"
      },
      "right": {
        "text": "下一個"
      }
    }
  },
  "Card.VoltMX.EditPayeeWeb_v9.navDet2": {
    "content": {
      "title": "調用服務",
      "body": "<ol>\n<li>從左側菜單<strong>動作編輯器</strong> , 在<strong>網絡</strong>部分，選擇<strong>調用服務</strong>.</li>\n<li>從動作編輯器的右窗格中，從下拉列表中選擇以下值：<ul>\n<li>選擇服務：<strong>RecipientStorage$Recipients</strong></li>\n<li>選擇方法：<strong>得到</strong></li>\n</ul>\n</li>\n<li>點擊<strong>構造過濾器查詢</strong>.<br /><b>映射編輯器</b>窗口出現。</li>\n</ol>"
    },
    "navigationBar": {
      "left": {
        "text": "上一個"
      },
      "right": {
        "text": "下一個"
      }
    }
  },
  "Card.VoltMX.EditPayeeWeb_v9.navDet3": {
    "content": {
      "title": "調用服務",
      "body": "<ol>\n<li>從映射編輯器的左窗格中，展開<strong>導航對象</strong>並選擇<strong>lblPayeeID_text {string}</strong>.</li>\n<li>從映射編輯器的右窗格中，展開<strong>服務</strong>&gt;<strong>服務 - RecipientStorage$Recipients$get</strong>並選擇<strong> RecipientID {number}</strong>.<br />Iris 顯示有關數據類型不匹配的警報，單擊<strong>好的</strong>.</li>\n<li>從動作編輯器畫布中，選擇<strong>回調</strong>.</li>\n<li>從左側菜單<strong>動作編輯器</strong> , 在<strong>映射</strong>，選擇<strong>添加映射</strong>.<br /><b>映射編輯器</b>窗口出現。</li>\n</ol>"
    },
    "navigationBar": {
      "left": {
        "text": "上一個"
      },
      "right": {
        "text": "下一個"
      }
    }
  },
  "Card.VoltMX.EditPayeeWeb_v9.navDet4": {
    "content": {
      "title": "將服務映射到 UI 元素",
      "body": "<ol>\n<li>從映射編輯器的左窗格中，展開<strong>服務</strong>&gt;<strong>服務 - RecipientStorage$Recipients$get</strong>&gt;<strong>記錄{集合}</strong>.</li>\n<li>從映射編輯器的右窗格中，展開<strong>表格</strong>&gt;<strong>frmDetails</strong>.</li>\n<li>在映射編輯器中，將以下服務參數映射到 UI 元素：<ul>\n<li>從左窗格中選擇<strong> RecipientID {number}</strong>.<br />從右側窗格中展開<strong>標籤 - lblRecipientIDValue</strong>並選擇<strong>文本{字符串}</strong><br />Iris 顯示有關數據類型不匹配的警報，單擊<strong>好的</strong>.</li>\n</ul>\n</li>\n</ol>"
    },
    "navigationBar": {
      "left": {
        "text": "上一個"
      },
      "right": {
        "text": "下一個"
      }
    }
  },
  "Card.VoltMX.EditPayeeWeb_v9.navDet5": {
    "content": {
      "title": "將服務映射到 UI 元素",
      "body": "<ul>\n<li>從左窗格中選擇<strong>名字{字符串}</strong>.<br />從右側窗格中展開<strong>標籤 - lblFirstNameValue</strong>並選擇<strong>文本{字符串}</strong>.</li>\n<li>從左窗格中選擇<strong>姓氏{字符串}</strong>.<br />從右側窗格中展開<strong>標籤-lblLastNameValue</strong>並選擇<strong>文本{字符串}</strong>.</li>\n<li>從左窗格中選擇<strong>暱稱{string}</strong>. <br />從右側窗格中展開<strong>標籤-lblNickNameValue</strong>並選擇<strong>文本{字符串}</strong>.</li>\n<li>從左窗格中選擇<strong>電話{字符串}</strong>.<br />從右側窗格中展開<strong>標籤-lblPhoneValue</strong>並選擇<strong>文本{字符串}</strong>.</li>\n</ul>\n<ol start=\"4\">\n<li>點擊<strong>保存</strong>.</li>\n</ol>"
    },
    "navigationBar": {
      "left": {
        "text": "上一個"
      },
      "right": {
        "text": "下一個"
      }
    }
  },
  "Card.VoltMX.EditPayeeWeb_v9.navToolBar": {
    "content": {
      "title": "從工具欄導航",
      "body": "<ol>\n<li>來自<strong>項目</strong>資源管理器，展開<strong>響應式網頁/桌面</strong>&gt;<strong>表格</strong>&gt;<strong>frmEditRecipient</strong>&gt;<strong>flxEditRecipient</strong>&gt;<strong>flxToolbar</strong> ，然後選擇<strong>flxBack</strong>.</li>\n<li>來自<strong>屬性</strong>面板，導航到<strong>行動</strong>標籤。</li>\n<li>對於<strong>點擊</strong>事件，點擊<strong>編輯</strong>.<br /><strong>動作編輯器</strong>窗口出現。</li>\n</ol>"
    },
    "navigationBar": {
      "left": {
        "text": "上一個"
      },
      "right": {
        "text": "下一個"
      }
    }
  },
  "Card.VoltMX.EditPayeeWeb_v9.navToolBar1": {
    "content": {
      "title": "從工具欄導航",
      "body": "<ol>\n<li>從左側菜單<strong>動作編輯器</strong> , 在<strong>一般</strong>部分，選擇<strong>導航到表單</strong>.</li>\n<li>從右側窗格中，選擇<strong>frmDetails</strong>.</li>\n<li>點擊<strong>保存</strong>.</li>\n</ol>"
    },
    "navigationBar": {
      "left": {
        "text": "上一個"
      },
      "right": {
        "text": "下一個"
      }
    }
  },
  "Card.VoltMX.EditPayeeWeb_v9.run": {
    "content": {
      "title": "運行應用程序",
      "body": "<ol>\n<li>從左側導航欄中，單擊<strong>運行</strong>.<br /> Iris 顯示需要一些時間<strong>實時預覽已準備就緒</strong>窗口。<br />虹膜預覽窗口啟動您的應用程序。</li>\n<li>在您的應用中輸入以下登錄憑據。<ul>\n<li>用戶名：<strong>john.doe@woodburn.com</strong></li>\n<li>密碼：<strong>VoltMX@123</strong></li>\n</ul>\n</li>\n<li>點擊<strong>登錄</strong>.<br />出現帳戶列表。</li>\n<li>點擊<strong>收件人</strong>選項卡。<br />出現收件人列表。</li>\n<li>點擊添加<strong> (+)</strong> 添加收件人的圖標。</li>\n<li>從列表中選擇收件人以查看其詳細信息。</li>\n<li>從詳細信息頁面，單擊<strong>刪除</strong>刪除收件人的按鈕。</li>\n<li>從詳細信息頁面，單擊<strong>編輯</strong>用於編輯收件人詳細信息的按鈕。</li>\n<li>單擊屏幕頂部的註銷按鈕以導航到登錄屏幕。</li>\n</ol>"
    },
    "navigationBar": {
      "left": {
        "text": "上一個"
      },
      "right": {
        "text": "下一個"
      }
    }
  },
  "Card.VoltMX.EditPayeeWeb_v9.successMsg": {
    "content": {
      "title": "成功消息",
      "body": "<ol>\n<li>來自<strong>項目</strong>資源管理器，展開<strong>響應式網頁/桌面</strong>&gt;<strong>表格</strong>&gt;<strong>frmEditRecipient</strong>&gt;<strong>flexSuccess</strong>&gt;<strong>flexSuccessAlert</strong> ，然後選擇<strong> btnDone</strong>.</li>\n<li>來自<strong>屬性</strong>面板，導航到<strong>行動</strong>標籤。</li>\n<li>對於<strong>點擊</strong>事件，點擊<strong>編輯</strong>.<br />出現動作編輯器窗口。</li>\n</ol>"
    },
    "navigationBar": {
      "left": {
        "text": "上一個"
      },
      "right": {
        "text": "下一個"
      }
    }
  },
  "Card.VoltMX.EditPayeeWeb_v9.successMsg3": {
    "content": {
      "title": "導航到詳細信息屏幕",
      "body": "<ol>\n<li>從左側菜單<strong>動作編輯器</strong> , 在<strong>一般</strong>部分，選擇<strong>導航到表單</strong>.</li>\n<li>從右側窗格中，選擇<strong>frmDetails</strong>.</li>\n<li>檢查選項<strong>通過導航傳遞數據</strong>.</li>\n<li>從右側窗格中，展開<strong>表格</strong>&gt;<strong>frmEditRecipient</strong>&gt;<strong>標籤 - lblPayeeID</strong> ，然後選擇<strong>文本{字符串}</strong>.</li>\n<li>點擊<strong>保存</strong>.</li>\n</ol>"
    },
    "navigationBar": {
      "left": {
        "text": "上一個"
      },
      "right": {
        "text": "下一個"
      }
    }
  },
  "Card.VoltMX.EditPayeeWeb_v9.UIEdit": {
    "content": {
      "title": "編輯收件人的用戶界面",
      "body": "<ol>\n<li>從 Iris 的左下面板，導航到<strong>默認庫</strong>.</li>\n<li> 旁邊<strong>默認庫</strong> ，您將看到選項卡<strong>我的圖書館</strong>和一個搜索圖標。<br />點擊搜索圖標。</li>\n<li>在出現的搜索欄中，輸入<strong>編輯收件人</strong>.</li>\n<li>來自<strong> RecipientsWeb</strong>，選擇<strong>編輯收件人</strong>並將其放到<strong>frmEditRecipient</strong>畫布上的表格。</li>\n<li>在<strong>已解決的衝突</strong>對話框，點擊<strong>關閉</strong>.</li>\n</ol>"
    },
    "navigationBar": {
      "left": {
        "text": "上一個"
      },
      "right": {
        "text": "下一個"
      }
    }
  },
  "Card.VoltMX.EditPayeeWeb_v9.updateOp": {
    "content": {
      "title": "配置更新操作",
      "body": "<ol>\n<li>來自<strong>項目</strong>資源管理器，展開<strong>響應式網頁/桌面</strong>&gt;<strong>表格</strong>&gt;<strong>frmEditRecipient</strong>&gt;<strong>flxEntryFields</strong>&gt;<strong>flxButtons</strong> ，然後選擇<strong>btnUpdate</strong>.</li>\n<li>來自<strong>數據&amp;服務</strong>面板，展開<strong>項目服務</strong>&gt;<strong>收件人存儲</strong>&gt;<strong>收件人</strong>.</li>\n<li>選擇<strong>更新</strong>操作並將其放到<strong>更新</strong>畫布上的按鈕。</li>\n<li>從操作列表中，選擇<strong>動作：onClick</strong>.<br /><strong>動作編輯器</strong>窗口出現在右窗格中，帶有映射編輯器。</li><li>從右上角<b>動作編輯器</b>窗口，選擇<b>設計視圖</b>.</li>\n</ol>"
    },
    "navigationBar": {
      "left": {
        "text": "上一個"
      },
      "right": {
        "text": "下一個"
      }
    }
  },
  "Card.VoltMX.EditPayeeWeb_v9.updateOp1": {
    "content": {
      "title": "映射更新操作",
      "body": "<ol>\n<li>在<strong>動作編輯器</strong>窗口，從映射編輯器的左窗格中，展開<strong>表格</strong>&gt;<strong>frmEditRecipient</strong>.</li>\n<li>從映射編輯器的右窗格中，展開<strong>服務</strong>&gt;<strong>RecipientStorage$Recipients$update</strong>.</li>\n<li>在映射編輯器中，將以下 UI 元素映射到服務參數：<br />\n<ul>\n<li>從左窗格中展開<strong>標籤 - lblPayeeID</strong>並選擇<strong>文本{字符串}。<br /></strong>從右側窗格中選擇<strong> RecipientID {number}</strong>.<br />Iris 顯示有關數據類型不匹配的警報，單擊<strong>好的</strong>.</li>\n</ul>\n</li>\n</ol>"
    },
    "navigationBar": {
      "left": {
        "text": "上一個"
      },
      "right": {
        "text": "下一個"
      }
    }
  },
  "Card.VoltMX.EditPayeeWeb_v9.updateOp2": {
    "content": {
      "title": "將UI元素映射到UI",
      "body": "<ul>\n<li>從左窗格中展開<strong>文本字段-tbxFirstName</strong>並選擇<strong>文本</strong> <strong>{字符串}</strong>.<br />從右側窗格中選擇<strong>名字{字符串}</strong>.</li>\n<li>從左窗格中展開<strong>文本字段-tbxLastName</strong>並選擇<strong>文本{字符串}</strong>.<br />從右側窗格中選擇<strong>姓氏{字符串}</strong>.</li>\n<li>從左窗格中展開<strong>文本字段-tbxNickName</strong>並選擇<strong>文本{字符串}</strong>.<br />從右側窗格中選擇<strong>暱稱{string}</strong>.</li>\n<li>從左窗格中展開<strong>文本字段-tbxPhone</strong>並選擇<strong>文本{字符串}</strong>. <br />從右側窗格中選擇<strong>電話{字符串}</strong>.</li>\n</ul>"
    },
    "navigationBar": {
      "left": {
        "text": "上一個"
      },
      "right": {
        "text": "下一個"
      }
    }
  },
  "Card.VoltMX.EditPayeeWeb_v9.updateOp3": {
    "content": {
      "title": "配置更新操作",
      "body": "<ol><li>來自<b>動作編輯器</b>畫布，選擇<b>如果 Recipients.opstatus 等於 0</b>.</li>\n<li>從左側菜單<strong>動作編輯器</strong> , 在<strong>小工具</strong>部分，選擇<strong>設置小部件屬性</strong>.</li>\n<li>從右側窗格中，展開<strong>桌面表格</strong>&gt;<strong>frmEditRecipient</strong>&gt;<strong>flxEditRecipient</strong>並選擇<strong>flexSuccess</strong>.</li>\n<li>在最後一個窗格中，修改以下字段：<ul>\n<li>屬性：<strong>可見</strong></li>\n<li>可見性：<strong>真</strong></li>\n</ul>\n</li>\n<li>從左側菜單<strong>動作編輯器</strong> , 在<strong>功能</strong>部分，選擇<strong>添加代碼段</strong>.</li>\n<li>在右側窗格中，鍵入以下代碼：<br /><span style=\"background-color: #999999;\">self.view.forceLayout（）；</span></li>\n<li>點擊<strong>保存</strong>.</li>\n</ol>"
    },
    "navigationBar": {
      "left": {
        "text": "上一個"
      },
      "right": {
        "text": "下一個"
      }
    }
  }
}