{
  "Tour.EditPayeeWeb_v9": {
    "description": " Description of Tour"
  },
  "Hike.VoltMX.EditPayeeWeb_v9": {
    "description": " Description of hike"
  },
  "Card.VoltMX.EditPayeeWeb_v9.accounts": {
    "content": {
      "title": "Navigating to Accounts Screen",
      "body": "<ol>\n<li>From the <strong>Project</strong> explorer, expand <strong>Responsive Web/ Desktop </strong>&gt;<strong> Forms</strong> &gt; <strong>frmEditRecipient </strong>&gt;<strong> flxEditRecipient </strong>&gt;<strong> flxMenu</strong>, and select <strong>flxAccountTab</strong>.</li>\n<li>From the <strong>Properties</strong> panel, navigate to the <strong>Action </strong>tab.</li>\n<li>For the <strong>onClick</strong> event, click <strong>Edit</strong>.<br /> The <strong>Action Editor</strong> window appears.</li>\n</ol>"
    },
    "navigationBar": {
      "left": {
        "text": "Previous"
      },
      "right": {
        "text": "Next"
      }
    }
  },
  "Card.VoltMX.EditPayeeWeb_v9.accounts1": {
    "content": {
      "title": "Navigating to Accounts Screen",
      "body": "<ol>\n<li>From the left menu of the&nbsp;<strong>Action Editor</strong>, under the <strong>General </strong>section, select <strong>Navigate to Form</strong>.</li>\n<li>From the right pane, select <strong>frmAccount</strong>.</li>\n<li>Click <strong>Save</strong>.</li>\n</ol>"
    },
    "navigationBar": {
      "left": {
        "text": "Previous"
      },
      "right": {
        "text": "Next"
      }
    }
  },
  "Card.VoltMX.EditPayeeWeb_v9.btnedit": {
    "content": {
      "title": "Navigating to the Edit Recipients Screen",
      "body": "<ol>\n<li>From the <strong>Project</strong> explorer, expand <strong>Responsive Web/ Desktop </strong>&gt;<strong> Forms</strong> &gt; <strong>frmDetails </strong>&gt; <strong> flexFieldsContainer</strong> &gt;&nbsp;<strong>flxButtons</strong>, and select <strong>btnEdit</strong>.</li>\n<li>From the <strong>Properties</strong> panel, navigate to the <strong>Action</strong> tab.</li>\n<li>For the <strong>onClick</strong> event, click <strong>Edit</strong>.<br /> The <strong>Action Editor</strong> window appears.</li>\n</ol>"
    },
    "navigationBar": {
      "left": {
        "text": "Previous"
      },
      "right": {
        "text": "Next"
      }
    }
  },
  "Card.VoltMX.EditPayeeWeb_v9.cancel": {
    "content": {
      "title": "Configuring Cancel Button",
      "body": "<ol>\n<li>From the <strong>Project</strong> explorer, expand <strong>Responsive Web/ Desktop </strong>&gt;<strong> Forms</strong> &gt; <strong>frmEditRecipient </strong>&gt;<strong> flxEditRecipient </strong>&gt;<strong> flxEntryFields </strong>&gt;<strong> flxButtons</strong>, and select <strong>btnCancel</strong>.</li>\n<li>From the&nbsp;<strong>Properties</strong> panel, navigate to the <strong>Action </strong>tab.</li>\n<li>For the <strong>onClick</strong> event, click <strong>Edit</strong>.<br /> The <strong>Action Editor</strong> window appears.</li>\n</ol>"
    },
    "navigationBar": {
      "left": {
        "text": "Previous"
      },
      "right": {
        "text": "Next"
      }
    }
  },
  "Card.VoltMX.EditPayeeWeb_v9.cancel1": {
    "content": {
      "title": "Configuring Cancel Button",
      "body": "<ol>\n<li>From the left menu of the&nbsp;<strong>Action Editor</strong>, under the <strong>General </strong>section, select <strong>Navigate to Form</strong>.</li>\n<li>From the right pane, select <strong>frmDetails</strong>.</li>\n<li>Click <strong>Save</strong>.</li>\n</ol>"
    },
    "navigationBar": {
      "left": {
        "text": "Previous"
      },
      "right": {
        "text": "Next"
      }
    }
  },
  "Card.VoltMX.EditPayeeWeb_v9.createEditForm": {
    "content": {
      "title": "Edit Recipient Screen",
      "body": "<ol>\n<li>From the <strong>Project</strong> explorer, expand <strong>Responsive Web/ Desktop</strong>.</li>\n<li>Right-click <strong>Forms</strong> and select <strong>New Form</strong>.</li>\n<li>Rename the new form <strong>frmEditRecipient</strong>.</li>\n</ol>"
    },
    "navigationBar": {
      "left": {
        "text": "Previous"
      },
      "right": {
        "text": "Next"
      }
    }
  },
  "Card.VoltMX.EditPayeeWeb_v9.done": {
    "content": {
      "title": "Congratulations",
      "body": "<p>You&rsquo;ve successfully:</p>\n<ul>\n<li><strong>Generated the Edit Recipients screen</strong></li>\n<li><strong>Created and customized the UI for the edit recipients screen</strong></li>\n<li><strong>Update the services with the data</strong></li>\n<li><strong>Added navigation to and from the edit Recipients screen<br /></strong></li>\n<li><strong>Added logout to the edit recipients screen</strong></li>\n</ul>\n<p>For more information on how to make your web app responsive, check out the next hike: <a class=\"tour-link\" tour=\"f31910t6-a4a7-42rd-a4ud-07a264n3\"><strong>9. Responsive Web Breakpoints</strong></a>.</p>"
    },
    "navigationBar": {
      "left": {
        "text": "Previous"
      },
      "right": {
        "text": "Done"
      }
    }
  },
  "Card.VoltMX.EditPayeeWeb_v9.editService": {
    "content": {
      "title": "Configuring Services for Edit Recipients",
      "body": "<ol>\n<li>From the <strong>Project</strong> explorer, expand <strong>Responsive / Desktop Web </strong>&gt;<strong> Forms</strong>, and select <strong>frmEditRecipient</strong>.</li>\n<li>From the <strong>Properties</strong> panel, navigate to the <strong>Action </strong>tab.</li>\n<li>For the <strong>preShow</strong> event, click <strong>Edit</strong>. <br /> The <strong>Action Editor</strong> appears.</li>\n<li>From the top right of the Action Editor, select <strong>Design View</strong>.</li>\n</ol>"
    },
    "navigationBar": {
      "left": {
        "text": "Previous"
      },
      "right": {
        "text": "Next"
      }
    }
  },
  "Card.VoltMX.EditPayeeWeb_v9.editService1": {
    "content": {
      "title": "Configuring Services for Edit Recipients",
      "body": "<ol>\n<li>From the left menu of the&nbsp;<strong>Action Editor</strong>, under the <strong>Condition</strong> section, select <strong>If</strong>.</li>\n<li>Modify the following fields:\n<ul>\n<li>First Field: <strong>Navigated From</strong></li>\n<li>Select Source: select <strong>frmDetails &gt; btnEdit &gt; onClick</strong></li>\n</ul>\n</li>\n<li>From the <b>Action Editor</b> left menu, under the \n <strong>Network </strong>section, select <strong>Invoke Service</strong>.</li>\n<li>From the right pane of the Action Editor, select the following values from the drop-down lists.<br />\n<ul>\n<li>Select Service: <strong>RecipientStorage$Recipients</strong></li>\n<li>Select Method: <strong>get</strong></li>\n</ul>\n</li>\n</ol>"
    },
    "navigationBar": {
      "left": {
        "text": "Previous"
      },
      "right": {
        "text": "Next"
      }
    }
  },
  "Card.VoltMX.EditPayeeWeb_v9.editService2": {
    "content": {
      "title": "Configuring Services for Edit Recipients",
      "body": "<ol>\n<li>From the right pane of the <strong>Action Editor</strong>, click <strong>Construct Filter Query</strong>.<br />The <strong>Mapping Editor</strong> appears.</li>\n<li>From the left pane of the mapping editor, expand <strong>Navigation Object</strong>, and select <strong>lblRecipientIDValue_text {string}</strong>.</li>\n<li>From the right pane of the mapping editor, expand <strong>Services </strong>&gt;<strong> Service - RecipientStorage$Recipients$get</strong>, and select <strong>RecipientID {number}</strong>.<br /> Iris displays an alert regarding a mismatch of data types.</li><li> Click <strong>OK</strong>.</li>\n</ol>"
    },
    "navigationBar": {
      "left": {
        "text": "Previous"
      },
      "right": {
        "text": "Next"
      }
    }
  },
  "Card.VoltMX.EditPayeeWeb_v9.editService3": {
    "content": {
      "title": "Configuring Services for Edit Recipients",
      "body": "<ol>\n<li>From the Action Editor canvas, select <strong>Callback</strong>.</li>\n<li>From the left menu of the <strong>Action Editor</strong>, under the <strong>Mapping </strong>section, select <strong>Add Mapping</strong>.</li>\n<li>From the left pane of the mapping editor, expand <strong>Services </strong>&gt;<strong> Service - RecipientStorage$Recipients$get </strong>&gt;<strong> records {collection}</strong>.</li>\n<li>From the right pane of the mapping editor, expand <strong>Forms </strong>&gt;<strong> frmEditRecipient</strong>.</li>\n</ol>"
    },
    "navigationBar": {
      "left": {
        "text": "Previous"
      },
      "right": {
        "text": "Next"
      }
    }
  },
  "Card.VoltMX.EditPayeeWeb_v9.editService4": {
    "content": {
      "title": "Configuring Services for Edit Recipients",
      "body": "<ol>\n<li>In the Mapping Editor, map the following service parameters from the left pane to the widgets on the right pane:\n<ul>\n<li>From the left pane select <strong>RecipientID {number}</strong>.<br />From the right pane expand<strong> Label - lblPayeeID</strong>, and select<strong> text {string}</strong>.<br /> Iris displays an alert regarding a mismatch of data types, click <strong>OK</strong>.</li>\n<li>From the left pane select <strong>FirstName {string}</strong>.<br />From the right pane expand<strong> TextField- tbxFirstName</strong>, and select<strong> text {string}</strong>.</li>\n</ul>\n</li>\n</ol>"
    },
    "navigationBar": {
      "left": {
        "text": "Previous"
      },
      "right": {
        "text": "Next"
      }
    }
  },
  "Card.VoltMX.EditPayeeWeb_v9.edtbtn1": {
    "content": {
      "title": "Navigating to Edit Recipients Screen",
      "body": "<ol>\n<li>From the&nbsp;<strong>Action Editor&nbsp;</strong>left menu, under the <strong>General </strong>section, select <strong>Navigate to Form</strong>.</li>\n<li>From the right pane, select <strong>frmEditRecipient</strong>.</li>\n<li>Select the check for <strong>Pass data with navigation.</strong></li>\n<li>On the right pane, expand <strong>Forms </strong>&gt;<strong> frmDetails </strong>&gt;<strong> Label - lblRecipientIDValue</strong>, and select <strong>text {string}</strong>.</li>\n<li>Click <strong>Save</strong>.</li>\n</ol>"
    },
    "navigationBar": {
      "left": {
        "text": "Previous"
      },
      "right": {
        "text": "Next"
      }
    }
  },
  "Card.VoltMX.EditPayeeWeb_v9.Intro": {
    "content": {
      "title": "Adding Edit Recipient Feature",
      "body": "<p><strong>Let&rsquo;s get started!</strong></p>\n<p>In this hike, you will learn how to:</p>\n<ul>\n<li>Generate a screen for editing recipient details</li>\n<li>Design the UI for the Edit Recipient form</li>\n<li>Connect the data from the services to the UI elements</li>\n</ul>\n<p>Before you get started, complete the following hikes:</p>\n<ol><b>\n<li><a class=\"tour-link\" tour=\"5a3913t0-aba2-46rc-adub-832833n2\">Import &amp; Launch a Web App</a></li><li><a class=\"tour-link\" tour=\"220f01t3-bda6-40r0-92uf-56631bnb\">Create UI from Collections</a></li><li><a class=\"tour-link\" tour=\"5e1da5td-37a0-44r6-beu6-374c3cn1\">Add Authentication to the App</a></li>\n<li><a class=\"tour-link\" tour=\"a851b9t8-75a9-4ara-88ud-946004n9\">Creating Services for a Web App</a></li>\n<li><a class=\"tour-link\" tour=\"ca148ftd-07a9-4ard-98ud-6163d4nc\">Connect App UI to Data in a Web App</a></li><li><a class=\"tour-link\" tour=\"082af3t0-74a2-4ere-a6u3-749d59n5\">Creating Recipient Details and Delete Feature</a></li>\n<li><a class=\"tour-link\" tour=\"547395tb-d8ae-4fr9-b1ub-5033a6nb\">Add Create Recipient</a></li></b>\n</ol>\n<p>&nbsp;</p>\n<p>Ensure that you open the same project that you have created in the previous hikes.</p>\n<p>To open a closed project, from the main menu, navigate to <strong>Project</strong> &gt; <strong>Open</strong> &gt; <strong>HCL Reference Architecture</strong> &gt; <strong>RecipientsWebApp</strong>.</p>\n<p><strong>When you are ready, click Start!</strong></p>"
    },
    "navigationBar": {
      "left": {
        "text": "Previous"
      },
      "right": {
        "text": "Start"
      }
    }
  },
  "Card.VoltMX.EditPayeeWeb_v9.logout": {
    "content": {
      "title": "Configuring Logout",
      "body": "<ol>\n<li>From the <strong>Project</strong> explorer, expand <strong>frmEditRecipient </strong>&gt;<strong> flxEditRecipient </strong>&gt;<strong> flxHeader</strong>, and select <strong>flxUserLogout</strong>.</li>\n<li>From the <strong>Properties</strong> panel, navigate to the <strong>Action </strong>tab.</li>\n<li>For the <strong>onClick </strong>operation, click <strong>Edit</strong>.<br /> The <strong>Action Editor</strong> window appears.</li>\n<li>From the top right of the Action Editor, select <strong>Design View</strong>.</li>\n</ol>"
    },
    "navigationBar": {
      "left": {
        "text": "Previous"
      },
      "right": {
        "text": "Next"
      }
    }
  },
  "Card.VoltMX.EditPayeeWeb_v9.logout1": {
    "content": {
      "title": "Configuring Logout",
      "body": "<ol>\n<li>From the left menu of the <strong>Action Editor</strong>, under the <strong>Network </strong>section, select <strong>Invoke Service</strong>.</li>\n<li>From the right pane of the Action Editor, select the following values from the drop-down list:\n<ul>\n<li>Select Service:&nbsp;<strong>UserAuthentication$logout</strong></li>\n</ul>\n</li>\n<li>From the Action Editor canvas, click <strong>Success</strong>.</li>\n</ol>"
    },
    "navigationBar": {
      "left": {
        "text": "Previous"
      },
      "right": {
        "text": "Next"
      }
    }
  },
  "Card.VoltMX.EditPayeeWeb_v9.logout2": {
    "content": {
      "title": "Navigating to Login Screen",
      "body": "<ol>\n<li>From the left menu of the <strong>Action Editor</strong>, under the <strong>General </strong>section, select <strong>Navigate to Form</strong>.</li>\n<li>From the right pane, select <strong>frmLogin</strong>.</li>\n<li>Click <strong>Save</strong>.</li>\n</ol>"
    },
    "navigationBar": {
      "left": {
        "text": "Previous"
      },
      "right": {
        "text": "Next"
      }
    }
  },
  "Card.VoltMX.EditPayeeWeb_v9.mapEdit": {
    "content": {
      "title": "Mapping the Data to Services",
      "body": "<ul>\n<li>From the left pane select <strong>LastName {string}</strong>.<br />From the right pane expand<strong> TextField- tbxLastName</strong>, and select<strong> text {string}</strong>.</li>\n<li>From the left pane select <strong>NickName {string}</strong>.<br />From the right pane expand<strong> TextField- tbxNickName</strong>, and select<strong> text {string}</strong>.</li>\n<li>From the left pane select <strong>Phone{string}</strong>.<br />From the right pane expand<strong> TextField- tbxPhone</strong>, and select<strong> text {string}</strong>.</li>\n</ul>\n<ol start=\"2\">\n<li>Click <strong>Save</strong>.</li>\n</ol>"
    },
    "navigationBar": {
      "left": {
        "text": "Previous"
      },
      "right": {
        "text": "Next"
      }
    }
  },
  "Card.VoltMX.EditPayeeWeb_v9.navDet": {
    "content": {
      "title": "Navigation from Details Screen",
      "body": "<ol>\n<li>From the <strong>Project</strong> explorer, expand <strong>Responsive Web/ Desktop </strong>&gt;<strong> Forms</strong>, and select <strong>frmDetails</strong>.</li>\n<li>From the <strong>Properties</strong> panel, navigate to the <strong>Action </strong>tab.</li>\n<li>For the <strong>onMapping</strong> event, click <strong>Edit</strong>.<br /> The <strong>Action Editor </strong>window appears.</li>\n<li>From the top right of the <strong>Action Editor</strong>, select <strong>Design View</strong>.</li>\n</ol>"
    },
    "navigationBar": {
      "left": {
        "text": "Previous"
      },
      "right": {
        "text": "Next"
      }
    }
  },
  "Card.VoltMX.EditPayeeWeb_v9.navDet1": {
    "content": {
      "title": "Navigation from Details Screen",
      "body": "<ol>\n<li>From the left menu of the <strong>Action Editor</strong>, under the <strong>Condition </strong>section, select <strong>Else If</strong>.</li>\n<li>From the right pane, select the following values from the drop-down:\n<ul>\n<li>Widget Property:&nbsp;<strong>Navigated From</strong></li>\n<li>Selected Source: <strong>frmEditRecipient &gt; btnDone &gt; onClick</strong></li>\n</ul>\n</li>\n</ol>"
    },
    "navigationBar": {
      "left": {
        "text": "Previous"
      },
      "right": {
        "text": "Next"
      }
    }
  },
  "Card.VoltMX.EditPayeeWeb_v9.navDet2": {
    "content": {
      "title": "Invoking Services",
      "body": "<ol>\n<li>From the left menu of the <strong>Action Editor</strong>, under the <strong>Network </strong>section, select <strong>Invoke Service</strong>.</li>\n<li>From the right pane of the Action Editor, select the following values from the drop-down list:\n<ul>\n<li>Select Service: <strong>RecipientStorage$Recipients</strong></li>\n<li>Select Method: <strong>get</strong></li>\n</ul>\n</li>\n<li>Click <strong>Construct Filter Query</strong>.<br />The <b>Mapping Editor</b> window appears.</li>\n</ol>"
    },
    "navigationBar": {
      "left": {
        "text": "Previous"
      },
      "right": {
        "text": "Next"
      }
    }
  },
  "Card.VoltMX.EditPayeeWeb_v9.navDet3": {
    "content": {
      "title": "Invoking Services",
      "body": "<ol>\n<li>From the left pane of the mapping editor, expand <strong>Navigation Object</strong> and select <strong>lblPayeeID_text {string}</strong>.</li>\n<li>From the right pane of the mapping editor, expand <strong>Services </strong>&gt;<strong> Service - RecipientStorage$Recipients$get</strong> and select <strong>RecipientID {number}</strong>.<br /> Iris displays an alert regarding a mismatch of data types, click <strong>OK</strong>.</li>\n<li>From the Action Editor canvas, select <strong>Callback</strong>.</li>\n<li>From the left menu of the <strong>Action Editor</strong>, under the <strong>Mapping</strong>, select <strong>Add Mapping</strong>.<br />The <b>Mapping Editor</b> window appears.</li>\n</ol>"
    },
    "navigationBar": {
      "left": {
        "text": "Previous"
      },
      "right": {
        "text": "Next"
      }
    }
  },
  "Card.VoltMX.EditPayeeWeb_v9.navDet4": {
    "content": {
      "title": "Mapping Services to UI Elements",
      "body": "<ol>\n<li>From the left pane of the mapping editor, expand <strong>Services </strong>&gt;<strong> Service - RecipientStorage$Recipients$get </strong>&gt;<strong> records {collection}</strong>.</li>\n<li>From the right pane of the mapping editor, expand <strong>Forms </strong>&gt;<strong> frmDetails</strong>.</li>\n<li>In the Mapping Editor, map the following service parameters to the UI elements:\n<ul>\n<li>From the left pane select<strong> RecipientID {number}</strong>.<br />From the right pane expand <strong>Label - lblRecipientIDValue</strong> and select<strong> text {string}</strong><br /> Iris displays an alert regarding a mismatch of data types, click <strong>OK</strong>.</li>\n</ul>\n</li>\n</ol>"
    },
    "navigationBar": {
      "left": {
        "text": "Previous"
      },
      "right": {
        "text": "Next"
      }
    }
  },
  "Card.VoltMX.EditPayeeWeb_v9.navDet5": {
    "content": {
      "title": "Mapping Services to UI Elements",
      "body": "<ul>\n<li>From the left pane select <strong>FirstName {string}</strong>.<br />From the right pane expand <strong>Label - lblFirstNameValue</strong> and select <strong>text {string}</strong>.</li>\n<li>From the left pane select <strong>LastName {string}</strong>.<br />From the right pane expand <strong>Label - lblLastNameValue</strong> and select <strong>text {string}</strong>.</li>\n<li>From the left pane select <strong>Nick Name {string}</strong>. <br />From the right pane expand <strong>Label - lblNickNameValue</strong> and select <strong>text {string}</strong>.</li>\n<li>From the left pane select <strong>Phone {string}</strong>.<br />From the right pane expand <strong>Label - lblPhoneValue</strong> and select <strong>text {string}</strong>.</li>\n</ul>\n<ol start=\"4\">\n<li>Click <strong>Save</strong>.</li>\n</ol>"
    },
    "navigationBar": {
      "left": {
        "text": "Previous"
      },
      "right": {
        "text": "Next"
      }
    }
  },
  "Card.VoltMX.EditPayeeWeb_v9.navToolBar": {
    "content": {
      "title": "Navigation from ToolBar",
      "body": "<ol>\n<li>From the <strong>Project</strong> explorer, expand <strong>Responsive Web/ Desktop </strong>&gt;<strong> Forms</strong> &gt; <strong>frmEditRecipient </strong>&gt;<strong> flxEditRecipient </strong>&gt;<strong> flxToolbar</strong>, and select <strong>flxBack</strong>.</li>\n<li>From the <strong>Properties</strong> panel, navigate to the <strong>Action </strong>tab.</li>\n<li>For the <strong>onClick</strong> event, click <strong>Edit</strong>.<br /> The <strong>Action Editor</strong> window appears.</li>\n</ol>"
    },
    "navigationBar": {
      "left": {
        "text": "Previous"
      },
      "right": {
        "text": "Next"
      }
    }
  },
  "Card.VoltMX.EditPayeeWeb_v9.navToolBar1": {
    "content": {
      "title": "Navigation from ToolBar",
      "body": "<ol>\n<li>From the left menu of the <strong>Action Editor</strong>, under the <strong>General </strong>section, select <strong>Navigate to Form</strong>.</li>\n<li>From the right pane, select <strong>frmDetails</strong>.</li>\n<li>Click <strong>Save</strong>.</li>\n</ol>"
    },
    "navigationBar": {
      "left": {
        "text": "Previous"
      },
      "right": {
        "text": "Next"
      }
    }
  },
  "Card.VoltMX.EditPayeeWeb_v9.run": {
    "content": {
      "title": "Run the App",
      "body": "<ol>\n<li>From the left navigation bar, click <strong>Run</strong>.<br /> It will take some time for Iris to display the <strong>Live Preview is ready</strong> window.<br /> The Iris Preview window launches your application.</li>\n<li>Enter the following login credentials in your app.\n<ul>\n<li>Username: <strong>john.doe@woodburn.com</strong></li>\n<li>Password: <strong>VoltMX@123</strong></li>\n</ul>\n</li>\n<li>Click <strong>Login</strong>.<br /> The account list appears.</li>\n<li>Click the <strong>Recipients</strong> tab.<br /> The recipient list appears.</li>\n<li>Click the add <strong>(+) </strong>icon to add a recipient.</li>\n<li>Select a recipient from the list to view their details.</li>\n<li>From the details page, click the <strong>Delete </strong>button to delete the recipient.</li>\n<li>From the details page, click the <strong>Edit</strong> button to edit the recipient details.</li>\n<li>Click the logout button on top of the screen to navigate to the login screen.</li>\n</ol>"
    },
    "navigationBar": {
      "left": {
        "text": "Previous"
      },
      "right": {
        "text": "Next"
      }
    }
  },
  "Card.VoltMX.EditPayeeWeb_v9.successMsg": {
    "content": {
      "title": "Success Message",
      "body": "<ol>\n<li>From the <strong>Project</strong> explorer, expand <strong>Responsive Web/ Desktop </strong>&gt;<strong> Forms</strong> &gt; <strong>frmEditRecipient </strong>&gt;<strong> flexSuccess </strong>&gt;<strong> flexSuccessAlert</strong>, and select <strong>btnDone</strong>.</li>\n<li>From the <strong>Properties</strong> panel, navigate to the <strong>Action </strong>tab.</li>\n<li>For the <strong>onClick</strong> event, click <strong>Edit</strong>.<br /> The Action Editor window appears.</li>\n</ol>"
    },
    "navigationBar": {
      "left": {
        "text": "Previous"
      },
      "right": {
        "text": "Next"
      }
    }
  },
  "Card.VoltMX.EditPayeeWeb_v9.successMsg3": {
    "content": {
      "title": "Navigation to Details Screen",
      "body": "<ol>\n<li>From the left menu of the <strong>Action Editor</strong>, under the <strong>General </strong>section, select <strong>Navigate to Form</strong>.</li>\n<li>From the right pane, select <strong>frmDetails</strong>.</li>\n<li>Check the option for <strong>Pass data with navigation</strong>.</li>\n<li>From the right pane, expand <strong>Forms </strong>&gt;<strong> frmEditRecipient </strong>&gt;<strong> Label - lblPayeeID</strong>, and select <strong>text {string}</strong>.</li>\n<li>Click <strong>Save</strong>.</li>\n</ol>"
    },
    "navigationBar": {
      "left": {
        "text": "Previous"
      },
      "right": {
        "text": "Next"
      }
    }
  },
  "Card.VoltMX.EditPayeeWeb_v9.UIEdit": {
    "content": {
      "title": "UI for Edit Recipient",
      "body": "<ol>\n<li>From the bottom left panel of Iris, navigate to<strong> Default Library</strong>.</li>\n<li>Next to the <strong>Default Library</strong>, you will see the tab for <strong>My Libraries</strong> and a search icon.<br />Click the search icon.</li>\n<li>In the search bar that appears, enter <strong>EditRecipient</strong>.</li>\n<li>From the <strong>RecipientsWeb</strong>, select <strong>EditRecipient</strong> and drop it onto <strong>frmEditRecipient </strong> form on the canvas.</li>\n<li>On the <strong>Resolved Conflicts</strong> dialog box, click <strong>Close</strong>.</li>\n</ol>"
    },
    "navigationBar": {
      "left": {
        "text": "Previous"
      },
      "right": {
        "text": "Next"
      }
    }
  },
  "Card.VoltMX.EditPayeeWeb_v9.updateOp": {
    "content": {
      "title": "Configuring Update Operation",
      "body": "<ol>\n<li>From the <strong>Project</strong> explorer, expand <strong>Responsive Web/ Desktop </strong>&gt;<strong> Forms</strong> &gt; <strong>frmEditRecipient </strong>&gt;<strong> flxEntryFields </strong>&gt;<strong> flxButtons</strong>, and select <strong>btnUpdate</strong>.</li>\n<li>From the <strong>Data &amp; Services</strong> panel, expand <strong>Project Services </strong>&gt;<strong> RecipientStorage </strong>&gt;<strong> Recipients</strong>.</li>\n<li>Select the <strong>update</strong> operation and drop it onto the <strong>Update</strong> button on the canvas.</li>\n<li>From the list of actions, select <strong>Action: onClick</strong>.<br />The <strong>Action Editor </strong>window appears with a mapping editor on the right pane.</li><li>From the top-right corner of the <b>Action Editor</b> window, select <b>Design View</b>.</li>\n</ol>"
    },
    "navigationBar": {
      "left": {
        "text": "Previous"
      },
      "right": {
        "text": "Next"
      }
    }
  },
  "Card.VoltMX.EditPayeeWeb_v9.updateOp1": {
    "content": {
      "title": "Mapping the Update Operation",
      "body": "<ol>\n<li>In the <strong>Action Editor </strong>window, from the left pane of the mapping editor, expand <strong>Forms </strong>&gt;<strong> frmEditRecipient</strong>.</li>\n<li>From the right pane of the mapping editor, expand <strong>Services </strong>&gt;<strong> RecipientStorage$Recipients$update</strong>.</li>\n<li>In the mapping editor, map the following UI elements to the service parameters:<br />\n<ul>\n<li>From the left pane expand<strong> Label - lblPayeeID</strong> and select<strong> text {string}.<br /></strong> From the right pane select <strong>RecipientID {number}</strong>.<br />Iris displays an alert regarding a mismatch of data types, click <strong>OK</strong>.</li>\n</ul>\n</li>\n</ol>"
    },
    "navigationBar": {
      "left": {
        "text": "Previous"
      },
      "right": {
        "text": "Next"
      }
    }
  },
  "Card.VoltMX.EditPayeeWeb_v9.updateOp2": {
    "content": {
      "title": "Mapping UI Elements to UI",
      "body": "<ul>\n<li>From the left pane expand <strong>TextField - tbxFirstName</strong> and select<strong> text</strong> <strong>{string}</strong>.<br />From the right pane select <strong>FirstName {string}</strong>.</li>\n<li>From the left pane expand<strong> TextField - tbxLastName</strong> and select<strong> text {string}</strong>.<br />From the right pane select <strong>LastName {string}</strong>.</li>\n<li>From the left pane expand<strong> TextField - tbxNickName</strong> and select<strong> text {string}</strong>.<br /> From the right pane select <strong>Nick Name {string}</strong>.</li>\n<li>From the left pane expand<strong> TextField - tbxPhone</strong> and select<strong> text {string}</strong>. <br />From the right pane select <strong>Phone {string}</strong>.</li>\n</ul>"
    },
    "navigationBar": {
      "left": {
        "text": "Previous"
      },
      "right": {
        "text": "Next"
      }
    }
  },
  "Card.VoltMX.EditPayeeWeb_v9.updateOp3": {
    "content": {
      "title": "Configuring Update Operation",
      "body": "<ol><li>From the <b>Action Editor</b> canvas, select <b>IF Recipients.opstatus is equal to 0</b>.</li>\n<li>From the left menu of the <strong>Action Editor</strong>, under the <strong>Widget </strong>section, select <strong>Set Widget Property</strong>.</li>\n<li>From the right pane, expand <strong>Desktop Forms</strong> &gt; <strong>frmEditRecipient</strong> &gt; <strong>flxEditRecipient</strong> and select <strong>flexSuccess</strong>.</li>\n<li>In the last pane, modify the following fields:\n<ul>\n<li>Property: <strong>Visible</strong></li>\n<li>Visibility: <strong>True</strong></li>\n</ul>\n</li>\n<li>From the left menu of the <strong>Action Editor</strong>, under the <strong>Function&nbsp;</strong>section, select <strong>Add Snippet</strong>.</li>\n<li>In the right pane, type the following code:<br /><span style=\"background-color: #999999;\"> self.view.forceLayout();</span></li>\n<li>Click <strong>Save</strong>.</li>\n</ol>"
    },
    "navigationBar": {
      "left": {
        "text": "Previous"
      },
      "right": {
        "text": "Next"
      }
    }
  }
}