{
  "Tour.EditPayeeWeb_v9": {
    "description": " यात्रा का विवरण"
  },
  "Hike.VoltMX.EditPayeeWeb_v9": {
    "description": " वृद्धि का विवरण"
  },
  "Card.VoltMX.EditPayeeWeb_v9.accounts": {
    "content": {
      "title": " लेखा स्क्रीन पर नेविगेट करना",
      "body": "<ol>\n<li> से<strong> परियोजना</strong> एक्सप्लोरर, विस्तृत करें<strong> उत्तरदायी वेब/डेस्कटॉप</strong> &gt;<strong> प्रपत्र</strong> &gt;<strong> frmEditRecipient</strong> &gt;<strong> flxसंपादित करेंप्राप्तकर्ता</strong> &gt;<strong> flxMenu</strong> , और चुनें<strong> flxखाताटैब</strong>.</li>\n<li> से<strong> गुण</strong> पैनल, पर नेविगेट करें<strong> क्रिया</strong> टैब।</li>\n<li> के लिए<strong> ऑनक्लिक</strong> घटना, क्लिक करें<strong> संपादित करें</strong>.<br /> The<strong> एक्शन एडिटर</strong> विंडो प्रकट होती है।</li>\n</ol>"
    },
    "navigationBar": {
      "left": {
        "text": " पिछला"
      },
      "right": {
        "text": " अगला"
      }
    }
  },
  "Card.VoltMX.EditPayeeWeb_v9.accounts1": {
    "content": {
      "title": " लेखा स्क्रीन पर नेविगेट करना",
      "body": "<ol>\n<li> के बाएँ मेनू से&nbsp;<strong> एक्शन एडिटर</strong> , के तहत<strong> सामान्य</strong> अनुभाग, चुनें<strong> फॉर्म पर नेविगेट करें</strong>.</li>\n<li> दाएँ फलक से, चुनें<strong> frmखाता</strong>.</li>\n<li> क्लिक करें<strong> सहेजें</strong>.</li>\n</ol>"
    },
    "navigationBar": {
      "left": {
        "text": " पिछला"
      },
      "right": {
        "text": " अगला"
      }
    }
  },
  "Card.VoltMX.EditPayeeWeb_v9.btnedit": {
    "content": {
      "title": " संपादित प्राप्तकर्ता स्क्रीन पर नेविगेट करना",
      "body": "<ol>\n<li> से<strong> परियोजना</strong> एक्सप्लोरर, विस्तृत करें<strong> उत्तरदायी वेब/डेस्कटॉप</strong> &gt;<strong> प्रपत्र</strong> &gt;<strong> frmविवरण</strong> &gt;<strong> flexFieldsContainer</strong> &gt;&nbsp;<strong> flxButtons</strong> , और चुनें<strong> btnसंपादित करें</strong>.</li>\n<li> से<strong> गुण</strong> पैनल, पर नेविगेट करें<strong> क्रिया</strong> टैब।</li>\n<li> के लिए<strong> ऑनक्लिक</strong> घटना, क्लिक करें<strong> संपादित करें</strong>.<br /> The<strong> एक्शन एडिटर</strong> विंडो प्रकट होती है।</li>\n</ol>"
    },
    "navigationBar": {
      "left": {
        "text": " पिछला"
      },
      "right": {
        "text": " अगला"
      }
    }
  },
  "Card.VoltMX.EditPayeeWeb_v9.cancel": {
    "content": {
      "title": " रद्द करें बटन को कॉन्फ़िगर करना",
      "body": "<ol>\n<li> से<strong> परियोजना</strong> एक्सप्लोरर, विस्तृत करें<strong> उत्तरदायी वेब/डेस्कटॉप</strong> &gt;<strong> प्रपत्र</strong> &gt;<strong> frmEditRecipient</strong> &gt;<strong> flxसंपादित करेंप्राप्तकर्ता</strong> &gt;<strong> flxEntryFields</strong> &gt;<strong> flxButtons</strong> , और चुनें<strong> btnरद्द करें</strong>.</li>\n<li> से&nbsp;<strong> गुण</strong> पैनल, पर नेविगेट करें<strong> क्रिया</strong> टैब।</li>\n<li> के लिए<strong> ऑनक्लिक</strong> घटना, क्लिक करें<strong> संपादित करें</strong>.<br /> The<strong> एक्शन एडिटर</strong> विंडो प्रकट होती है।</li>\n</ol>"
    },
    "navigationBar": {
      "left": {
        "text": " पिछला"
      },
      "right": {
        "text": " अगला"
      }
    }
  },
  "Card.VoltMX.EditPayeeWeb_v9.cancel1": {
    "content": {
      "title": " रद्द करें बटन को कॉन्फ़िगर करना",
      "body": "<ol>\n<li> के बाएँ मेनू से&nbsp;<strong> एक्शन एडिटर</strong> , के तहत<strong> सामान्य</strong> अनुभाग, चुनें<strong> फॉर्म पर नेविगेट करें</strong>.</li>\n<li> दाएँ फलक से, चुनें<strong> frm विवरण</strong>.</li>\n<li> क्लिक करें<strong> सहेजें</strong>.</li>\n</ol>"
    },
    "navigationBar": {
      "left": {
        "text": " पिछला"
      },
      "right": {
        "text": " अगला"
      }
    }
  },
  "Card.VoltMX.EditPayeeWeb_v9.createEditForm": {
    "content": {
      "title": " प्राप्तकर्ता स्क्रीन संपादित करें",
      "body": "<ol>\n<li> से<strong> परियोजना</strong> एक्सप्लोरर, विस्तृत करें<strong> उत्तरदायी वेब/डेस्कटॉप</strong>.</li>\n<li> राइट-क्लिक करें<strong> प्रपत्र</strong> और चुनें<strong> नया फॉर्म</strong>.</li>\n<li> नए फॉर्म का नाम बदलें<strong> frmEditRecipient</strong>.</li>\n</ol>"
    },
    "navigationBar": {
      "left": {
        "text": " पिछला"
      },
      "right": {
        "text": " अगला"
      }
    }
  },
  "Card.VoltMX.EditPayeeWeb_v9.done": {
    "content": {
      "title": " बधाई",
      "body": "<p> आपने सफलतापूर्वक:</p>\n<ul>\n<li><strong> संपादित प्राप्तकर्ता स्क्रीन उत्पन्न की</strong></li>\n<li><strong> संपादन प्राप्तकर्ता स्क्रीन के लिए UI बनाया और अनुकूलित किया गया</strong></li>\n<li><strong> डेटा के साथ सेवाओं को अपडेट करें</strong></li>\n<li><strong> संपादन प्राप्तकर्ता स्क्रीन से और उसमें नेविगेशन जोड़ा गया<br /></strong></li>\n<li><strong> संपादन प्राप्तकर्ता स्क्रीन पर लॉगआउट जोड़ा गया</strong></li>\n</ul>\n<p> अपने वेब ऐप को उत्तरदायी बनाने के तरीके के बारे में अधिक जानकारी के लिए, अगली वृद्धि देखें:<a class=\"tour-link\" tour=\"f31910t6-a4a7-42rd-a4ud-07a264n3\"><strong> 9. उत्तरदायी वेब ब्रेकप्वाइंट</strong></a>.</p>"
    },
    "navigationBar": {
      "left": {
        "text": " पिछला"
      },
      "right": {
        "text": " हो गया"
      }
    }
  },
  "Card.VoltMX.EditPayeeWeb_v9.editService": {
    "content": {
      "title": " प्राप्तकर्ताओं को संपादित करने के लिए सेवाओं को कॉन्फ़िगर करना",
      "body": "<ol>\n<li> से<strong> परियोजना</strong> एक्सप्लोरर, विस्तृत करें<strong> उत्तरदायी / डेस्कटॉप वेब</strong> &gt;<strong> प्रपत्र</strong> , और चुनें<strong> frmEditRecipient</strong>.</li>\n<li> से<strong> गुण</strong> पैनल, पर नेविगेट करें<strong> क्रिया</strong> टैब।</li>\n<li> के लिए<strong> प्रीशो</strong> घटना, क्लिक करें<strong> संपादित करें</strong>. <br /> The<strong> एक्शन एडिटर</strong> प्रकट होता है।</li>\n<li> एक्शन एडिटर के ऊपर दाईं ओर से, चुनें<strong> डिज़ाइन दृश्य</strong>.</li>\n</ol>"
    },
    "navigationBar": {
      "left": {
        "text": " पिछला"
      },
      "right": {
        "text": " अगला"
      }
    }
  },
  "Card.VoltMX.EditPayeeWeb_v9.editService1": {
    "content": {
      "title": " प्राप्तकर्ताओं को संपादित करने के लिए सेवाओं को कॉन्फ़िगर करना",
      "body": "<ol>\n<li> के बाएँ मेनू से&nbsp;<strong> एक्शन एडिटर</strong> , के तहत<strong> शर्त</strong> अनुभाग, चुनें<strong> यदि</strong>.</li>\n<li> निम्नलिखित क्षेत्रों को संशोधित करें:<ul>\n<li> पहला क्षेत्र:<strong> से नेविगेट किया गया</strong></li>\n<li> स्रोत चुनें: चुनें<strong> frm विवरण &gt; बीटीएन संपादित करें &gt; क्लिक पर</strong></li>\n</ul>\n</li>\n<li> से<b> एक्शन एडिटर</b> बाएँ मेनू, के अंतर्गत<strong> नेटवर्क</strong> अनुभाग, चुनें<strong> सेवा का आह्वान करें</strong>.</li>\n<li> एक्शन एडिटर के दाएँ फलक से, ड्रॉप-डाउन सूची से निम्नलिखित मानों का चयन करें।<br />\n<ul>\n<li> सेवा का चयन करें:<strong> प्राप्तकर्तास्टोरेज$प्राप्तकर्ता</strong></li>\n<li> विधि का चयन करें:<strong> प्राप्त करें</strong></li>\n</ul>\n</li>\n</ol>"
    },
    "navigationBar": {
      "left": {
        "text": " पिछला"
      },
      "right": {
        "text": " अगला"
      }
    }
  },
  "Card.VoltMX.EditPayeeWeb_v9.editService2": {
    "content": {
      "title": " प्राप्तकर्ताओं को संपादित करने के लिए सेवाओं को कॉन्फ़िगर करना",
      "body": "<ol>\n<li> के दाएँ फलक से<strong> एक्शन एडिटर</strong> , क्लिक करें<strong> फ़िल्टर क्वेरी बनाएँ</strong>.<br /> The<strong> मानचित्रण संपादक</strong> प्रकट होता है।</li>\n<li> मैपिंग संपादक के बाएँ फलक से, विस्तृत करें<strong> नेविगेशन ऑब्जेक्ट</strong> , और चुनें<strong> lblRecipientIDValue_text {स्ट्रिंग}</strong>.</li>\n<li> मैपिंग संपादक के दाएँ फलक से, विस्तृत करें<strong> सेवाएं</strong> &gt;<strong> सेवा - प्राप्तकर्तास्टोरेज$प्राप्तकर्ता$प्राप्त करें</strong> , और चुनें<strong> प्राप्तकर्ता आईडी {संख्या}</strong>.<br /> आइरिस डेटा प्रकारों के बेमेल होने के संबंध में एक अलर्ट प्रदर्शित करता है।</li><li> क्लिक करें<strong> ठीक है</strong>.</li>\n</ol>"
    },
    "navigationBar": {
      "left": {
        "text": " पिछला"
      },
      "right": {
        "text": " अगला"
      }
    }
  },
  "Card.VoltMX.EditPayeeWeb_v9.editService3": {
    "content": {
      "title": " प्राप्तकर्ताओं को संपादित करने के लिए सेवाओं को कॉन्फ़िगर करना",
      "body": "<ol>\n<li> एक्शन एडिटर कैनवास से, चुनें<strong> कॉलबैक</strong>.</li>\n<li> के बाएं मेनू से<strong> एक्शन एडिटर</strong> , के तहत<strong> मैपिंग</strong> अनुभाग, चुनें<strong> मैपिंग जोड़ें</strong>.</li>\n<li> मैपिंग संपादक के बाएँ फलक से, विस्तृत करें<strong> सेवाएं</strong> &gt;<strong> सेवा - प्राप्तकर्तास्टोरेज$प्राप्तकर्ता$प्राप्त करें</strong> &gt;<strong> रिकॉर्ड {संग्रह}</strong>.</li>\n<li> मैपिंग संपादक के दाएँ फलक से, विस्तृत करें<strong> प्रपत्र</strong> &gt;<strong> frmसंपादित करेंप्राप्तकर्ता</strong>.</li>\n</ol>"
    },
    "navigationBar": {
      "left": {
        "text": " पिछला"
      },
      "right": {
        "text": " अगला"
      }
    }
  },
  "Card.VoltMX.EditPayeeWeb_v9.editService4": {
    "content": {
      "title": " प्राप्तकर्ताओं को संपादित करने के लिए सेवाओं को कॉन्फ़िगर करना",
      "body": "<ol>\n<li> मानचित्रण संपादक में, बाएँ फलक से दाएँ फलक के विजेट में निम्नलिखित सेवा पैरामीटर मैप करें:<ul>\n<li> बाएँ फलक से चयन करें<strong> प्राप्तकर्ता आईडी {संख्या}</strong>.<br /> दाएँ फलक से विस्तार करें<strong> लेबल - lblPayeeID</strong> , और चुनें<strong> टेक्स्ट {स्ट्रिंग}</strong>.<br /> आइरिस डेटा प्रकारों के बेमेल होने के संबंध में एक अलर्ट प्रदर्शित करता है, क्लिक करें<strong> ठीक है</strong>.</li>\n<li> बाएँ फलक से चयन करें<strong> पहला नाम {स्ट्रिंग}</strong>.<br /> दाएँ फलक से विस्तार करें<strong> टेक्स्टफील्ड- tbxFirstName</strong> , और चुनें<strong> टेक्स्ट {स्ट्रिंग}</strong>.</li>\n</ul>\n</li>\n</ol>"
    },
    "navigationBar": {
      "left": {
        "text": " पिछला"
      },
      "right": {
        "text": " अगला"
      }
    }
  },
  "Card.VoltMX.EditPayeeWeb_v9.edtbtn1": {
    "content": {
      "title": " प्राप्तकर्ता स्क्रीन संपादित करने के लिए नेविगेट करना",
      "body": "<ol>\n<li> से&nbsp;<strong> एक्शन एडिटर&nbsp;</strong> बाएँ मेनू, के अंतर्गत<strong> सामान्य</strong> अनुभाग, चुनें<strong> फॉर्म पर नेविगेट करें</strong>.</li>\n<li> दाएँ फलक से, चुनें<strong> frmEditRecipient</strong>.</li>\n<li> के लिए चेक का चयन करें<strong> नेविगेशन के साथ डेटा पास करें।</strong></li>\n<li> दाएँ फलक पर, विस्तृत करें<strong> प्रपत्र</strong> &gt;<strong> frmविवरण</strong> &gt;<strong> लेबल - lblRecipientIDValue</strong> , और चुनें<strong> टेक्स्ट {स्ट्रिंग}</strong>.</li>\n<li> क्लिक करें<strong> सहेजें</strong>.</li>\n</ol>"
    },
    "navigationBar": {
      "left": {
        "text": " पिछला"
      },
      "right": {
        "text": " अगला"
      }
    }
  },
  "Card.VoltMX.EditPayeeWeb_v9.Intro": {
    "content": {
      "title": " प्राप्तकर्ता सुविधा संपादित करें जोड़ना",
      "body": "<p><strong> चलिए शुरू करते हैं!</strong></p>\n<p> इस वृद्धि में, आप सीखेंगे कि कैसे:</p>\n<ul>\n<li> प्राप्तकर्ता विवरण संपादित करने के लिए एक स्क्रीन उत्पन्न करें</li>\n<li> प्राप्तकर्ता प्रपत्र संपादित करने के लिए UI डिज़ाइन करें</li>\n<li> सेवाओं से डेटा को UI तत्वों से कनेक्ट करें</li>\n</ul>\n<p> आरंभ करने से पहले, निम्नलिखित हाइक को पूरा करें:</p>\n<ol><b>\n<li><a class=\"tour-link\" tour=\"5a3913t0-aba2-46rc-adub-832833n2\"> आयात &amp; एक वेब ऐप लॉन्च करें</a></li><li><a class=\"tour-link\" tour=\"220f01t3-bda6-40r0-92uf-56631bnb\"> संग्रह से UI बनाएं</a></li><li><a class=\"tour-link\" tour=\"5e1da5td-37a0-44r6-beu6-374c3cn1\"> ऐप में प्रमाणीकरण जोड़ें</a></li>\n<li><a class=\"tour-link\" tour=\"a851b9t8-75a9-4ara-88ud-946004n9\"> वेब ऐप के लिए सेवाएं बनाना</a></li>\n<li><a class=\"tour-link\" tour=\"ca148ftd-07a9-4ard-98ud-6163d4nc\"> किसी वेब ऐप में ऐप UI को डेटा से कनेक्ट करें</a></li><li><a class=\"tour-link\" tour=\"082af3t0-74a2-4ere-a6u3-749d59n5\"> प्राप्तकर्ता विवरण बनाना और सुविधा हटाना</a></li>\n<li><a class=\"tour-link\" tour=\"547395tb-d8ae-4fr9-b1ub-5033a6nb\"> प्राप्तकर्ता बनाएँ जोड़ें</a></li></b>\n</ol>\n<p> &nbsp;</p>\n<p> सुनिश्चित करें कि आपने वही प्रोजेक्ट खोला है जिसे आपने पिछली हाइक में बनाया था।</p>\n<p> एक बंद परियोजना को खोलने के लिए, मुख्य मेनू से, नेविगेट करें<strong> परियोजना</strong> &gt;<strong> खुला</strong> &gt;<strong> एचसीएल संदर्भ वास्तुकला</strong> &gt;<strong> प्राप्तकर्तावेबएप</strong>.</p>\n<p><strong> जब आप तैयार हों, तो स्टार्ट पर क्लिक करें!</strong></p>"
    },
    "navigationBar": {
      "left": {
        "text": " पिछला"
      },
      "right": {
        "text": " प्रारंभ"
      }
    }
  },
  "Card.VoltMX.EditPayeeWeb_v9.logout": {
    "content": {
      "title": " लॉगआउट को कॉन्फ़िगर करना",
      "body": "<ol>\n<li> से<strong> परियोजना</strong> एक्सप्लोरर, विस्तृत करें<strong> frmEditRecipient</strong> &gt;<strong> flxसंपादित करेंप्राप्तकर्ता</strong> &gt;<strong> flxHeader</strong> , और चुनें<strong> flxUserLogout</strong>.</li>\n<li> से<strong> गुण</strong> पैनल, पर नेविगेट करें<strong> क्रिया</strong> टैब।</li>\n<li> के लिए<strong> ऑनक्लिक</strong> ऑपरेशन, क्लिक करें<strong> संपादित करें</strong>.<br /> The<strong> एक्शन एडिटर</strong> विंडो प्रकट होती है।</li>\n<li> एक्शन एडिटर के ऊपर दाईं ओर से, चुनें<strong> डिज़ाइन दृश्य</strong>.</li>\n</ol>"
    },
    "navigationBar": {
      "left": {
        "text": " पिछला"
      },
      "right": {
        "text": " अगला"
      }
    }
  },
  "Card.VoltMX.EditPayeeWeb_v9.logout1": {
    "content": {
      "title": " लॉगआउट को कॉन्फ़िगर करना",
      "body": "<ol>\n<li> के बाएं मेनू से<strong> एक्शन एडिटर</strong> , के तहत<strong> नेटवर्क</strong> अनुभाग, चुनें<strong> सेवा का आह्वान करें</strong>.</li>\n<li> एक्शन एडिटर के दाएँ फलक से, ड्रॉप-डाउन सूची से निम्नलिखित मानों का चयन करें:<ul>\n<li> सेवा का चयन करें:&nbsp;<strong> UserAuthentication$logout</strong></li>\n</ul>\n</li>\n<li> एक्शन एडिटर कैनवास से, क्लिक करें<strong> सफलता</strong>.</li>\n</ol>"
    },
    "navigationBar": {
      "left": {
        "text": " पिछला"
      },
      "right": {
        "text": " अगला"
      }
    }
  },
  "Card.VoltMX.EditPayeeWeb_v9.logout2": {
    "content": {
      "title": " लॉगिन स्क्रीन पर नेविगेट करना",
      "body": "<ol>\n<li> के बाएं मेनू से<strong> एक्शन एडिटर</strong> , के तहत<strong> सामान्य</strong> अनुभाग, चुनें<strong> फॉर्म पर नेविगेट करें</strong>.</li>\n<li> दाएँ फलक से, चुनें<strong> frmLogin</strong>.</li>\n<li> क्लिक करें<strong> सहेजें</strong>.</li>\n</ol>"
    },
    "navigationBar": {
      "left": {
        "text": " पिछला"
      },
      "right": {
        "text": " अगला"
      }
    }
  },
  "Card.VoltMX.EditPayeeWeb_v9.mapEdit": {
    "content": {
      "title": " डेटा को सेवाओं में मैप करना",
      "body": "<ul>\n<li> बाएँ फलक से चयन करें<strong> अंतिम नाम {स्ट्रिंग}</strong>.<br /> दाएँ फलक से विस्तार करें<strong> टेक्स्टफिल्ड- tbxLastName</strong> , और चुनें<strong> टेक्स्ट {स्ट्रिंग}</strong>.</li>\n<li> बाएँ फलक से चयन करें<strong> उपनाम {स्ट्रिंग}</strong>.<br /> दाएँ फलक से विस्तार करें<strong> TextField- tbxNickName</strong> , और चुनें<strong> टेक्स्ट {स्ट्रिंग}</strong>.</li>\n<li> बाएँ फलक से चयन करें<strong> फ़ोन {स्ट्रिंग}</strong>.<br /> दाएँ फलक से विस्तार करें<strong> टेक्स्टफील्ड- tbxPhone</strong> , और चुनें<strong> टेक्स्ट {स्ट्रिंग}</strong>.</li>\n</ul>\n<ol start=\"2\">\n<li> क्लिक करें<strong> सहेजें</strong>.</li>\n</ol>"
    },
    "navigationBar": {
      "left": {
        "text": " पिछला"
      },
      "right": {
        "text": " अगला"
      }
    }
  },
  "Card.VoltMX.EditPayeeWeb_v9.navDet": {
    "content": {
      "title": " विवरण स्क्रीन से नेविगेशन",
      "body": "<ol>\n<li> से<strong> परियोजना</strong> एक्सप्लोरर, विस्तृत करें<strong> उत्तरदायी वेब/डेस्कटॉप</strong> &gt;<strong> प्रपत्र</strong> , और चुनें<strong> frm विवरण</strong>.</li>\n<li> से<strong> गुण</strong> पैनल, पर नेविगेट करें<strong> क्रिया</strong> टैब।</li>\n<li> के लिए<strong> मानचित्रण पर</strong> घटना, क्लिक करें<strong> संपादित करें</strong>.<br /> The<strong> एक्शन एडिटर</strong> विंडो प्रकट होती है।</li>\n<li> के ऊपर दाईं ओर से<strong> एक्शन एडिटर</strong> , चुनें<strong> डिज़ाइन दृश्य</strong>.</li>\n</ol>"
    },
    "navigationBar": {
      "left": {
        "text": " पिछला"
      },
      "right": {
        "text": " अगला"
      }
    }
  },
  "Card.VoltMX.EditPayeeWeb_v9.navDet1": {
    "content": {
      "title": " विवरण स्क्रीन से नेविगेशन",
      "body": "<ol>\n<li> के बाएं मेनू से<strong> एक्शन एडिटर</strong> , के तहत<strong> शर्त</strong> अनुभाग, चुनें<strong> वरना अगर</strong>.</li>\n<li> दाएँ फलक से, ड्रॉप-डाउन से निम्नलिखित मानों का चयन करें:<ul>\n<li> विजेट संपत्ति:&nbsp;<strong> से नेविगेट किया गया</strong></li>\n<li> चयनित स्रोत:<strong> frmEditRecipient &gt; बीटीएन हो गया &gt; क्लिक पर</strong></li>\n</ul>\n</li>\n</ol>"
    },
    "navigationBar": {
      "left": {
        "text": " पिछला"
      },
      "right": {
        "text": " अगला"
      }
    }
  },
  "Card.VoltMX.EditPayeeWeb_v9.navDet2": {
    "content": {
      "title": " सेवाओं का आह्वान",
      "body": "<ol>\n<li> के बाएं मेनू से<strong> एक्शन एडिटर</strong> , के तहत<strong> नेटवर्क</strong> अनुभाग, चुनें<strong> सेवा का आह्वान करें</strong>.</li>\n<li> एक्शन एडिटर के दाएँ फलक से, ड्रॉप-डाउन सूची से निम्नलिखित मानों का चयन करें:<ul>\n<li> सेवा का चयन करें:<strong> प्राप्तकर्तास्टोरेज$प्राप्तकर्ता</strong></li>\n<li> विधि का चयन करें:<strong> प्राप्त करें</strong></li>\n</ul>\n</li>\n<li> क्लिक करें<strong> फ़िल्टर क्वेरी बनाएँ</strong>.<br /> The<b> मानचित्रण संपादक</b> विंडो प्रकट होती है।</li>\n</ol>"
    },
    "navigationBar": {
      "left": {
        "text": " पिछला"
      },
      "right": {
        "text": " अगला"
      }
    }
  },
  "Card.VoltMX.EditPayeeWeb_v9.navDet3": {
    "content": {
      "title": " सेवाओं का आह्वान",
      "body": "<ol>\n<li> मैपिंग संपादक के बाएँ फलक से, विस्तृत करें<strong> नेविगेशन ऑब्जेक्ट</strong> और चुनें<strong> lblPayeeID_text {स्ट्रिंग}</strong>.</li>\n<li> मैपिंग संपादक के दाएँ फलक से, विस्तृत करें<strong> सेवाएं</strong> &gt;<strong> सेवा - प्राप्तकर्तास्टोरेज$प्राप्तकर्ता$प्राप्त करें</strong> और चुनें<strong> प्राप्तकर्ता आईडी {संख्या}</strong>.<br /> आइरिस डेटा प्रकारों के बेमेल होने के संबंध में एक अलर्ट प्रदर्शित करता है, क्लिक करें<strong> ठीक है</strong>.</li>\n<li> एक्शन एडिटर कैनवास से, चुनें<strong> कॉलबैक</strong>.</li>\n<li> के बाएं मेनू से<strong> एक्शन एडिटर</strong> , के तहत<strong> मैपिंग</strong> , चुनें<strong> मैपिंग जोड़ें</strong>.<br /> The<b> मानचित्रण संपादक</b> विंडो प्रकट होती है।</li>\n</ol>"
    },
    "navigationBar": {
      "left": {
        "text": " पिछला"
      },
      "right": {
        "text": " अगला"
      }
    }
  },
  "Card.VoltMX.EditPayeeWeb_v9.navDet4": {
    "content": {
      "title": " UI तत्वों के लिए सेवाओं का मानचित्रण",
      "body": "<ol>\n<li> मैपिंग संपादक के बाएँ फलक से, विस्तृत करें<strong> सेवाएं</strong> &gt;<strong> सेवा - प्राप्तकर्तास्टोरेज$प्राप्तकर्ता$प्राप्त करें</strong> &gt;<strong> रिकॉर्ड {संग्रह}</strong>.</li>\n<li> मैपिंग संपादक के दाएँ फलक से, विस्तृत करें<strong> प्रपत्र</strong> &gt;<strong> frmविवरण</strong>.</li>\n<li> मैपिंग संपादक में, UI तत्वों के लिए निम्न सेवा पैरामीटर मैप करें:<ul>\n<li> बाएँ फलक से चयन करें<strong> प्राप्तकर्ता आईडी {संख्या}</strong>.<br /> दाएँ फलक से विस्तार करें<strong> लेबल - lblRecipientIDValue</strong> और चुनें<strong> टेक्स्ट {स्ट्रिंग}</strong><br /> आइरिस डेटा प्रकारों के बेमेल होने के संबंध में एक अलर्ट प्रदर्शित करता है, क्लिक करें<strong> ठीक है</strong>.</li>\n</ul>\n</li>\n</ol>"
    },
    "navigationBar": {
      "left": {
        "text": " पिछला"
      },
      "right": {
        "text": " अगला"
      }
    }
  },
  "Card.VoltMX.EditPayeeWeb_v9.navDet5": {
    "content": {
      "title": " UI तत्वों के लिए सेवाओं का मानचित्रण",
      "body": "<ul>\n<li> बाएँ फलक से चयन करें<strong> पहला नाम {स्ट्रिंग}</strong>.<br /> दाएँ फलक से विस्तार करें<strong> लेबल - lblFirstNameValue</strong> और चुनें<strong> टेक्स्ट {स्ट्रिंग}</strong>.</li>\n<li> बाएँ फलक से चयन करें<strong> अंतिम नाम {स्ट्रिंग}</strong>.<br /> दाएँ फलक से विस्तार करें<strong> लेबल - lblLastNameValue</strong> और चुनें<strong> टेक्स्ट {स्ट्रिंग}</strong>.</li>\n<li> बाएँ फलक से चयन करें<strong> निक नेम {स्ट्रिंग}</strong>. <br /> दाएँ फलक से विस्तार करें<strong> लेबल - lblNickNameValue</strong> और चुनें<strong> टेक्स्ट {स्ट्रिंग}</strong>.</li>\n<li> बाएँ फलक से चयन करें<strong> फ़ोन {स्ट्रिंग}</strong>.<br /> दाएँ फलक से विस्तार करें<strong> लेबल - lblPhoneValue</strong> और चुनें<strong> टेक्स्ट {स्ट्रिंग}</strong>.</li>\n</ul>\n<ol start=\"4\">\n<li> क्लिक करें<strong> सहेजें</strong>.</li>\n</ol>"
    },
    "navigationBar": {
      "left": {
        "text": " पिछला"
      },
      "right": {
        "text": " अगला"
      }
    }
  },
  "Card.VoltMX.EditPayeeWeb_v9.navToolBar": {
    "content": {
      "title": " टूलबार से नेविगेशन",
      "body": "<ol>\n<li> से<strong> परियोजना</strong> एक्सप्लोरर, विस्तृत करें<strong> उत्तरदायी वेब/डेस्कटॉप</strong> &gt;<strong> प्रपत्र</strong> &gt;<strong> frmEditRecipient</strong> &gt;<strong> flxसंपादित करेंप्राप्तकर्ता</strong> &gt;<strong> flxToolbar</strong> , और चुनें<strong> flxBack</strong>.</li>\n<li> से<strong> गुण</strong> पैनल, पर नेविगेट करें<strong> क्रिया</strong> टैब।</li>\n<li> के लिए<strong> ऑनक्लिक</strong> घटना, क्लिक करें<strong> संपादित करें</strong>.<br /> The<strong> एक्शन एडिटर</strong> विंडो प्रकट होती है।</li>\n</ol>"
    },
    "navigationBar": {
      "left": {
        "text": " पिछला"
      },
      "right": {
        "text": " अगला"
      }
    }
  },
  "Card.VoltMX.EditPayeeWeb_v9.navToolBar1": {
    "content": {
      "title": " टूलबार से नेविगेशन",
      "body": "<ol>\n<li> के बाएं मेनू से<strong> एक्शन एडिटर</strong> , के तहत<strong> सामान्य</strong> अनुभाग, चुनें<strong> फॉर्म पर नेविगेट करें</strong>.</li>\n<li> दाएँ फलक से, चुनें<strong> frm विवरण</strong>.</li>\n<li> क्लिक करें<strong> सहेजें</strong>.</li>\n</ol>"
    },
    "navigationBar": {
      "left": {
        "text": " पिछला"
      },
      "right": {
        "text": " अगला"
      }
    }
  },
  "Card.VoltMX.EditPayeeWeb_v9.run": {
    "content": {
      "title": " ऐप चलाएँ",
      "body": "<ol>\n<li> बाएं नेविगेशन बार से, क्लिक करें<strong> भागो</strong>.<br /> आइरिस को प्रदर्शित होने में कुछ समय लगेगा<strong> लाइव पूर्वावलोकन तैयार है</strong> window.<br /> आइरिस प्रीव्यू विंडो आपका एप्लिकेशन लॉन्च करती है।</li>\n<li> अपने ऐप में निम्नलिखित लॉगिन क्रेडेंशियल दर्ज करें।<ul>\n<li> उपयोगकर्ता नाम:<strong> john.doe@woodburn.com</strong></li>\n<li> पासवर्ड:<strong> वोल्टएमएक्स@123</strong></li>\n</ul>\n</li>\n<li> क्लिक करें<strong> लॉगिन</strong>.<br /> खाता सूची प्रकट होती है।</li>\n<li> क्लिक करें<strong> प्राप्तकर्ता</strong> टैब।<br /> प्राप्तकर्ता सूची प्रकट होती है।</li>\n<li> ऐड पर क्लिक करें<strong> (+)</strong> प्राप्तकर्ता जोड़ने के लिए आइकन।</li>\n<li> प्राप्तकर्ता का विवरण देखने के लिए सूची से उसका चयन करें।</li>\n<li> विवरण पृष्ठ से, क्लिक करें<strong> हटाएं</strong> प्राप्तकर्ता को हटाने के लिए बटन।</li>\n<li> विवरण पृष्ठ से, क्लिक करें<strong> संपादित करें</strong> प्राप्तकर्ता विवरण संपादित करने के लिए बटन।</li>\n<li> लॉगिन स्क्रीन पर नेविगेट करने के लिए स्क्रीन के शीर्ष पर लॉगआउट बटन पर क्लिक करें।</li>\n</ol>"
    },
    "navigationBar": {
      "left": {
        "text": " पिछला"
      },
      "right": {
        "text": " अगला"
      }
    }
  },
  "Card.VoltMX.EditPayeeWeb_v9.successMsg": {
    "content": {
      "title": " सफलता संदेश",
      "body": "<ol>\n<li> से<strong> परियोजना</strong> एक्सप्लोरर, विस्तृत करें<strong> उत्तरदायी वेब/डेस्कटॉप</strong> &gt;<strong> प्रपत्र</strong> &gt;<strong> frmEditRecipient</strong> &gt;<strong> flexSuccess</strong> &gt;<strong> flexSuccessAlert</strong> , और चुनें<strong> बीटीएन हो गया</strong>.</li>\n<li> से<strong> गुण</strong> पैनल, पर नेविगेट करें<strong> क्रिया</strong> टैब।</li>\n<li> के लिए<strong> ऑनक्लिक</strong> घटना, क्लिक करें<strong> संपादित करें</strong>.<br /> एक्शन एडिटर विंडो प्रकट होती है।</li>\n</ol>"
    },
    "navigationBar": {
      "left": {
        "text": " पिछला"
      },
      "right": {
        "text": " अगला"
      }
    }
  },
  "Card.VoltMX.EditPayeeWeb_v9.successMsg3": {
    "content": {
      "title": " विवरण स्क्रीन पर नेविगेशन",
      "body": "<ol>\n<li> के बाएं मेनू से<strong> एक्शन एडिटर</strong> , के तहत<strong> सामान्य</strong> अनुभाग, चुनें<strong> फॉर्म पर नेविगेट करें</strong>.</li>\n<li> दाएँ फलक से, चुनें<strong> frm विवरण</strong>.</li>\n<li> के लिए विकल्प की जाँच करें<strong> नेविगेशन के साथ डेटा पास करें</strong>.</li>\n<li> दाएँ फलक से, विस्तृत करें<strong> प्रपत्र</strong> &gt;<strong> frmसंपादित करेंप्राप्तकर्ता</strong> &gt;<strong> लेबल - lblPayeeID</strong> , और चुनें<strong> टेक्स्ट {स्ट्रिंग}</strong>.</li>\n<li> क्लिक करें<strong> सहेजें</strong>.</li>\n</ol>"
    },
    "navigationBar": {
      "left": {
        "text": " पिछला"
      },
      "right": {
        "text": " अगला"
      }
    }
  },
  "Card.VoltMX.EditPayeeWeb_v9.UIEdit": {
    "content": {
      "title": " संपादन प्राप्तकर्ता के लिए UI",
      "body": "<ol>\n<li> आइरिस के निचले बाएं पैनल से नेविगेट करें<strong> डिफ़ॉल्ट लाइब्रेरी</strong>.</li>\n<li> के आगे<strong> डिफ़ॉल्ट लाइब्रेरी</strong> , आप के लिए टैब देखेंगे<strong> मेरी लाइब्रेरी</strong> और एक खोज आइकन।<br /> खोज आइकन पर क्लिक करें।</li>\n<li> दिखाई देने वाले खोज बार में, दर्ज करें<strong> संपादित प्राप्तकर्ता</strong>.</li>\n<li> से<strong> प्राप्तकर्तावेब</strong> , चुनें<strong> संपादित प्राप्तकर्ता</strong> और इसे छोड़ दें<strong> frmEditRecipient</strong> कैनवास पर प्रपत्र।</li>\n<li> पर<strong> विवादों का समाधान</strong> डायलॉग बॉक्स, क्लिक करें<strong> बंद करें</strong>.</li>\n</ol>"
    },
    "navigationBar": {
      "left": {
        "text": " पिछला"
      },
      "right": {
        "text": " अगला"
      }
    }
  },
  "Card.VoltMX.EditPayeeWeb_v9.updateOp": {
    "content": {
      "title": " अपडेट ऑपरेशन को कॉन्फ़िगर करना",
      "body": "<ol>\n<li> से<strong> परियोजना</strong> एक्सप्लोरर, विस्तृत करें<strong> उत्तरदायी वेब/डेस्कटॉप</strong> &gt;<strong> प्रपत्र</strong> &gt;<strong> frmEditRecipient</strong> &gt;<strong> flxEntryFields</strong> &gt;<strong> flxButtons</strong> , और चुनें<strong> btnअपडेट करें</strong>.</li>\n<li> से<strong> डेटा &amp; सेवाएं</strong> पैनल, विस्तार करें<strong> परियोजना सेवाएं</strong> &gt;<strong> प्राप्तकर्ता भंडारण</strong> &gt;<strong> प्राप्तकर्ता</strong>.</li>\n<li> चुनें<strong> अद्यतन</strong> ऑपरेशन करें और इसे इस पर छोड़ दें<strong> अद्यतन</strong> कैनवास पर बटन।</li>\n<li> क्रियाओं की सूची से, चुनें<strong> क्रिया: ऑनक्लिक</strong>.<br /> The<strong> एक्शन एडिटर</strong> विंडो दाएँ फलक पर मैपिंग संपादक के साथ दिखाई देती है।</li><li> के ऊपरी-दाएँ कोने से<b> एक्शन एडिटर</b> विंडो, चुनें<b> डिज़ाइन दृश्य</b>.</li>\n</ol>"
    },
    "navigationBar": {
      "left": {
        "text": " पिछला"
      },
      "right": {
        "text": " अगला"
      }
    }
  },
  "Card.VoltMX.EditPayeeWeb_v9.updateOp1": {
    "content": {
      "title": " अद्यतन कार्रवाई का मानचित्रण",
      "body": "<ol>\n<li> में<strong> एक्शन एडिटर</strong> विंडो, मैपिंग संपादक के बाएँ फलक से, विस्तृत करें<strong> प्रपत्र</strong> &gt;<strong> frmसंपादित करेंप्राप्तकर्ता</strong>.</li>\n<li> मैपिंग संपादक के दाएँ फलक से, विस्तृत करें<strong> सेवाएं</strong> &gt;<strong> RecipientStorage$Recipients$update</strong>.</li>\n<li> मानचित्रण संपादक में, निम्न UI तत्वों को सेवा मापदंडों के अनुसार मैप करें:<br />\n<ul>\n<li> बाएँ फलक से विस्तृत करें<strong> लेबल - lblPayeeID</strong> और चुनें<strong> टेक्स्ट {स्ट्रिंग}।<br /></strong> दाएँ फलक से चयन करें<strong> प्राप्तकर्ता आईडी {संख्या}</strong>.<br /> आइरिस डेटा प्रकारों के बेमेल होने के संबंध में एक अलर्ट प्रदर्शित करता है, क्लिक करें<strong> ठीक है</strong>.</li>\n</ul>\n</li>\n</ol>"
    },
    "navigationBar": {
      "left": {
        "text": " पिछला"
      },
      "right": {
        "text": " अगला"
      }
    }
  },
  "Card.VoltMX.EditPayeeWeb_v9.updateOp2": {
    "content": {
      "title": " UI तत्वों को UI में मैप करना",
      "body": "<ul>\n<li> बाएँ फलक से विस्तृत करें<strong> टेक्स्टफिल्ड - tbxFirstName</strong> और चुनें<strong> पाठ</strong> <strong> {स्ट्रिंग}</strong>.<br /> दाएँ फलक से चयन करें<strong> पहला नाम {स्ट्रिंग}</strong>.</li>\n<li> बाएँ फलक से विस्तृत करें<strong> टेक्स्टफिल्ड - tbxLastName</strong> और चुनें<strong> टेक्स्ट {स्ट्रिंग}</strong>.<br /> दाएँ फलक से चयन करें<strong> अंतिम नाम {स्ट्रिंग}</strong>.</li>\n<li> बाएँ फलक से विस्तृत करें<strong> टेक्स्टफिल्ड - tbxNickName</strong> और चुनें<strong> टेक्स्ट {स्ट्रिंग}</strong>.<br /> दाएँ फलक से चयन करें<strong> निक नेम {स्ट्रिंग}</strong>.</li>\n<li> बाएँ फलक से विस्तृत करें<strong> टेक्स्टफिल्ड - tbxPhone</strong> और चुनें<strong> टेक्स्ट {स्ट्रिंग}</strong>. <br /> दाएँ फलक से चयन करें<strong> फ़ोन {स्ट्रिंग}</strong>.</li>\n</ul>"
    },
    "navigationBar": {
      "left": {
        "text": " पिछला"
      },
      "right": {
        "text": " अगला"
      }
    }
  },
  "Card.VoltMX.EditPayeeWeb_v9.updateOp3": {
    "content": {
      "title": " अपडेट ऑपरेशन को कॉन्फ़िगर करना",
      "body": "<ol><li> से<b> एक्शन एडिटर</b> कैनवास, चुनें<b> यदि प्राप्तकर्ता.opstatus 0 के बराबर है</b>.</li>\n<li> के बाएं मेनू से<strong> एक्शन एडिटर</strong> , के तहत<strong> विजेट</strong> अनुभाग, चुनें<strong> विजेट संपत्ति सेट करें</strong>.</li>\n<li> दाएँ फलक से, विस्तृत करें<strong> डेस्कटॉप प्रपत्र</strong> &gt;<strong> frmEditRecipient</strong> &gt;<strong> flxसंपादित करेंप्राप्तकर्ता</strong> और चुनें<strong> flexSuccess</strong>.</li>\n<li> अंतिम फलक में, निम्न फ़ील्ड संशोधित करें:<ul>\n<li> संपत्ति:<strong> दर्शनीय</strong></li>\n<li> दृश्यता:<strong> सच</strong></li>\n</ul>\n</li>\n<li> के बाएं मेनू से<strong> एक्शन एडिटर</strong> , के तहत<strong> फंक्शन&nbsp;</strong> अनुभाग, चुनें<strong> स्निपेट जोड़ें</strong>.</li>\n<li> दाएँ फलक में, निम्न कोड टाइप करें:<br /><span style=\"background-color: #999999;\"> self.view.forceLayout();</span></li>\n<li> क्लिक करें<strong> सहेजें</strong>.</li>\n</ol>"
    },
    "navigationBar": {
      "left": {
        "text": " पिछला"
      },
      "right": {
        "text": " अगला"
      }
    }
  }
}