{
  "Tour.EditPayeeWeb_v9": {
    "description": "旅游描述"
  },
  "Hike.VoltMX.EditPayeeWeb_v9": {
    "description": "徒步说明"
  },
  "Card.VoltMX.EditPayeeWeb_v9.accounts": {
    "content": {
      "title": "导航到帐户屏幕",
      "body": "<ol>\n<li>来自<strong>项目</strong>资源管理器，展开<strong>响应式网页/桌面</strong>&gt;<strong>表格</strong>&gt;<strong>frmEditRecipient</strong>&gt;<strong>flxEditRecipient</strong>&gt;<strong>flxMenu</strong> ，然后选择<strong>flxAccountTab</strong>.</li>\n<li>来自<strong>属性</strong>面板，导航到<strong>行动</strong>标签。</li>\n<li>对于<strong>点击</strong>事件，点击<strong>编辑</strong>.<br /><strong>动作编辑器</strong>窗口出现。</li>\n</ol>"
    },
    "navigationBar": {
      "left": {
        "text": "上一个"
      },
      "right": {
        "text": "下一个"
      }
    }
  },
  "Card.VoltMX.EditPayeeWeb_v9.accounts1": {
    "content": {
      "title": "导航到帐户屏幕",
      "body": "<ol>\n<li>从左侧菜单<strong>动作编辑器</strong> , 在<strong>一般</strong>部分，选择<strong>导航到表单</strong>.</li>\n<li>从右侧窗格中，选择<strong>frmAccount</strong>.</li>\n<li>点击<strong>保存</strong>.</li>\n</ol>"
    },
    "navigationBar": {
      "left": {
        "text": "上一个"
      },
      "right": {
        "text": "下一个"
      }
    }
  },
  "Card.VoltMX.EditPayeeWeb_v9.btnedit": {
    "content": {
      "title": "导航到编辑收件人屏幕",
      "body": "<ol>\n<li>来自<strong>项目</strong>资源管理器，展开<strong>响应式网页/桌面</strong>&gt;<strong>表格</strong>&gt;<strong>frmDetails</strong>&gt;<strong>flexFieldsContainer</strong>&gt;&nbsp;<strong>flxButtons</strong> ，然后选择<strong>btnEdit</strong>.</li>\n<li>来自<strong>属性</strong>面板，导航到<strong>行动</strong>选项卡。</li>\n<li>对于<strong>点击</strong>事件，点击<strong>编辑</strong>.<br /><strong>动作编辑器</strong>窗口出现。</li>\n</ol>"
    },
    "navigationBar": {
      "left": {
        "text": "上一个"
      },
      "right": {
        "text": "下一个"
      }
    }
  },
  "Card.VoltMX.EditPayeeWeb_v9.cancel": {
    "content": {
      "title": "配置取消按钮",
      "body": "<ol>\n<li>来自<strong>项目</strong>资源管理器，展开<strong>响应式网页/桌面</strong>&gt;<strong>表格</strong>&gt;<strong>frmEditRecipient</strong>&gt;<strong>flxEditRecipient</strong>&gt;<strong>flxEntryFields</strong>&gt;<strong>flxButtons</strong> ，然后选择<strong>btnCancel</strong>.</li>\n<li>来自&nbsp;<strong>属性</strong>面板，导航到<strong>行动</strong>标签。</li>\n<li>对于<strong>点击</strong>事件，点击<strong>编辑</strong>.<br /><strong>动作编辑器</strong>窗口出现。</li>\n</ol>"
    },
    "navigationBar": {
      "left": {
        "text": "上一个"
      },
      "right": {
        "text": "下一个"
      }
    }
  },
  "Card.VoltMX.EditPayeeWeb_v9.cancel1": {
    "content": {
      "title": "配置取消按钮",
      "body": "<ol>\n<li>从左侧菜单<strong>动作编辑器</strong> , 在<strong>一般</strong>部分，选择<strong>导航到表单</strong>.</li>\n<li>从右侧窗格中，选择<strong>frmDetails</strong>.</li>\n<li>点击<strong>保存</strong>.</li>\n</ol>"
    },
    "navigationBar": {
      "left": {
        "text": "上一个"
      },
      "right": {
        "text": "下一个"
      }
    }
  },
  "Card.VoltMX.EditPayeeWeb_v9.createEditForm": {
    "content": {
      "title": "编辑收件人屏幕",
      "body": "<ol>\n<li>来自<strong>项目</strong>资源管理器，展开<strong>响应式网页/桌面</strong>.</li>\n<li>右击<strong>表格</strong>并选择<strong>新表格</strong>.</li>\n<li>重命名新表格<strong>frmEditRecipient</strong>.</li>\n</ol>"
    },
    "navigationBar": {
      "left": {
        "text": "上一个"
      },
      "right": {
        "text": "下一个"
      }
    }
  },
  "Card.VoltMX.EditPayeeWeb_v9.done": {
    "content": {
      "title": " 恭喜",
      "body": "<p>你已经成功：</p>\n<ul>\n<li><strong>生成编辑收件人屏幕</strong></li>\n<li><strong>为编辑收件人屏幕创建和自定义用户界面</strong></li>\n<li><strong>用数据更新服务</strong></li>\n<li><strong>添加了往返编辑收件人屏幕的导航<br /></strong></li>\n<li><strong>添加注销到编辑收件人屏幕</strong></li>\n</ul>\n<p>有关如何使您的网络应用程序响应的更多信息，请查看下一次加息：<a class=\"tour-link\" tour=\"f31910t6-a4a7-42rd-a4ud-07a264n3\"><strong> 9. 响应式 Web 断点</strong></a>.</p>"
    },
    "navigationBar": {
      "left": {
        "text": "上一个"
      },
      "right": {
        "text": "完成"
      }
    }
  },
  "Card.VoltMX.EditPayeeWeb_v9.editService": {
    "content": {
      "title": "为编辑收件人配置服务",
      "body": "<ol>\n<li>来自<strong>项目</strong>资源管理器，展开<strong>响应式/桌面Web</strong>&gt;<strong>表格</strong> ，然后选择<strong>frmEditRecipient</strong>.</li>\n<li>来自<strong>属性</strong>面板，导航到<strong>行动</strong>标签。</li>\n<li>对于<strong>预演</strong>事件，点击<strong>编辑</strong>. <br /><strong>动作编辑器</strong>出现。</li>\n<li>从动作编辑器的右上角，选择<strong>设计视图</strong>.</li>\n</ol>"
    },
    "navigationBar": {
      "left": {
        "text": "上一个"
      },
      "right": {
        "text": "下一个"
      }
    }
  },
  "Card.VoltMX.EditPayeeWeb_v9.editService1": {
    "content": {
      "title": "为编辑收件人配置服务",
      "body": "<ol>\n<li>从左侧菜单<strong>动作编辑器</strong> , 在<strong>条件</strong>部分，选择<strong>如果</strong>.</li>\n<li>修改以下字段：<ul>\n<li>第一个字段：<strong>导航自</strong></li>\n<li>选择来源：选择<strong>frmDetails &gt; btnEdit &gt;点击</strong></li>\n</ul>\n</li>\n<li>来自<b>动作编辑器</b>左侧菜单，在<strong>网络</strong>部分，选择<strong>调用服务</strong>.</li>\n<li>从动作编辑器的右窗格中，从下拉列表中选择以下值。<br />\n<ul>\n<li>选择服务：<strong>RecipientStorage$Recipients</strong></li>\n<li>选择方法：<strong>得到</strong></li>\n</ul>\n</li>\n</ol>"
    },
    "navigationBar": {
      "left": {
        "text": "上一个"
      },
      "right": {
        "text": "下一个"
      }
    }
  },
  "Card.VoltMX.EditPayeeWeb_v9.editService2": {
    "content": {
      "title": "为编辑收件人配置服务",
      "body": "<ol>\n<li>从右侧窗格<strong>动作编辑器</strong>，点击<strong>构造过滤器查询</strong>.<br /><strong>映射编辑器</strong>出现。</li>\n<li>从映射编辑器的左窗格中，展开<strong>导航对象</strong> ，然后选择<strong>lblRecipientIDValue_text {string}</strong>.</li>\n<li>从映射编辑器的右窗格中，展开<strong>服务</strong>&gt;<strong>服务 - RecipientStorage$Recipients$get</strong> ，然后选择<strong> RecipientID {number}</strong>.<br />Iris 显示有关数据类型不匹配的警报。</li><li>点击<strong>好的</strong>.</li>\n</ol>"
    },
    "navigationBar": {
      "left": {
        "text": "上一个"
      },
      "right": {
        "text": "下一个"
      }
    }
  },
  "Card.VoltMX.EditPayeeWeb_v9.editService3": {
    "content": {
      "title": "为编辑收件人配置服务",
      "body": "<ol>\n<li>从动作编辑器画布中，选择<strong>回调</strong>.</li>\n<li>从左侧菜单<strong>动作编辑器</strong> , 在<strong>映射</strong>部分，选择<strong>添加映射</strong>.</li>\n<li>从映射编辑器的左窗格中，展开<strong>服务</strong>&gt;<strong>服务 - RecipientStorage$Recipients$get</strong>&gt;<strong>记录{集合}</strong>.</li>\n<li>从映射编辑器的右窗格中，展开<strong>表格</strong>&gt;<strong>frmEditRecipient</strong>.</li>\n</ol>"
    },
    "navigationBar": {
      "left": {
        "text": "上一个"
      },
      "right": {
        "text": "下一个"
      }
    }
  },
  "Card.VoltMX.EditPayeeWeb_v9.editService4": {
    "content": {
      "title": "为编辑收件人配置服务",
      "body": "<ol>\n<li>在映射编辑器中，将左窗格中的以下服务参数映射到右窗格中的小部件：<ul>\n<li>从左窗格中选择<strong> RecipientID {number}</strong>.<br />从右侧窗格中展开<strong>标签 - lblPayeeID</strong> ，然后选择<strong>文本{字符串}</strong>.<br />Iris 显示有关数据类型不匹配的警报，单击<strong>好的</strong>.</li>\n<li>从左窗格中选择<strong>名字{字符串}</strong>.<br />从右侧窗格中展开<strong>TextField-tbxFirstName</strong> ，然后选择<strong>文本{字符串}</strong>.</li>\n</ul>\n</li>\n</ol>"
    },
    "navigationBar": {
      "left": {
        "text": "上一个"
      },
      "right": {
        "text": "下一个"
      }
    }
  },
  "Card.VoltMX.EditPayeeWeb_v9.edtbtn1": {
    "content": {
      "title": "导航到编辑收件人屏幕",
      "body": "<ol>\n<li>来自&nbsp;<strong>动作编辑器</strong>左侧菜单，在<strong>一般</strong>部分，选择<strong>导航到表单</strong>.</li>\n<li>从右侧窗格中，选择<strong>frmEditRecipient</strong>.</li>\n<li>选择检查<strong>通过导航传递数据。</strong></li>\n<li>在右侧窗格中，展开<strong>表格</strong>&gt;<strong>frmDetails</strong>&gt;<strong>标签-lblRecipientIDValue</strong> ，然后选择<strong>文本{字符串}</strong>.</li>\n<li>点击<strong>保存</strong>.</li>\n</ol>"
    },
    "navigationBar": {
      "left": {
        "text": "上一个"
      },
      "right": {
        "text": "下一个"
      }
    }
  },
  "Card.VoltMX.EditPayeeWeb_v9.Intro": {
    "content": {
      "title": "添加编辑收件人功能",
      "body": "<p><strong>让我们开始吧！</strong></p>\n<p>在这次徒步旅行中，您将学习如何：</p>\n<ul>\n<li>生成用于编辑收件人详细信息的屏幕</li>\n<li>设计编辑收件人表单的用户界面</li>\n<li>将数据从服务连接到 UI 元素</li>\n</ul>\n<p>在开始之前，请完成以下远足：</p>\n<ol><b>\n<li><a class=\"tour-link\" tour=\"5a3913t0-aba2-46rc-adub-832833n2\"> 进口 &amp;启动 Web 应用程序</a></li><li><a class=\"tour-link\" tour=\"220f01t3-bda6-40r0-92uf-56631bnb\">从集合创建用户界面</a></li><li><a class=\"tour-link\" tour=\"5e1da5td-37a0-44r6-beu6-374c3cn1\">向应用程序添加身份验证</a></li>\n<li><a class=\"tour-link\" tour=\"a851b9t8-75a9-4ara-88ud-946004n9\">为 Web 应用程序创建服务</a></li>\n<li><a class=\"tour-link\" tour=\"ca148ftd-07a9-4ard-98ud-6163d4nc\">将应用程序 UI 连接到 Web 应用程序中的数据</a></li><li><a class=\"tour-link\" tour=\"082af3t0-74a2-4ere-a6u3-749d59n5\">创建收件人详细信息和删除功能</a></li>\n<li><a class=\"tour-link\" tour=\"547395tb-d8ae-4fr9-b1ub-5033a6nb\">添加创建收件人</a></li></b>\n</ol>\n<p> &nbsp;</p>\n<p>确保您打开在之前的徒步旅行中创建的相同项目。</p>\n<p>要打开一个关闭的项目，从主菜单，导航到<strong>项目</strong>&gt;<strong>打开</strong>&gt;<strong>HCL 参考架构</strong>&gt;<strong>RecipientsWebApp</strong>.</p>\n<p><strong>准备好后，单击开始！</strong></p>"
    },
    "navigationBar": {
      "left": {
        "text": "上一个"
      },
      "right": {
        "text": "开始"
      }
    }
  },
  "Card.VoltMX.EditPayeeWeb_v9.logout": {
    "content": {
      "title": "配置注销",
      "body": "<ol>\n<li>来自<strong>项目</strong>资源管理器，展开<strong>frmEditRecipient</strong>&gt;<strong>flxEditRecipient</strong>&gt;<strong>flxHeader</strong> ，然后选择<strong>flxUserLogout</strong>.</li>\n<li>来自<strong>属性</strong>面板，导航到<strong>行动</strong>标签。</li>\n<li>对于<strong>点击</strong>操作，点击<strong>编辑</strong>.<br /><strong>动作编辑器</strong>窗口出现。</li>\n<li>从动作编辑器的右上角，选择<strong>设计视图</strong>.</li>\n</ol>"
    },
    "navigationBar": {
      "left": {
        "text": "上一个"
      },
      "right": {
        "text": "下一个"
      }
    }
  },
  "Card.VoltMX.EditPayeeWeb_v9.logout1": {
    "content": {
      "title": "配置注销",
      "body": "<ol>\n<li>从左侧菜单<strong>动作编辑器</strong> , 在<strong>网络</strong>部分，选择<strong>调用服务</strong>.</li>\n<li>从动作编辑器的右窗格中，从下拉列表中选择以下值：<ul>\n<li>选择服务：&nbsp;<strong>UserAuthentication$注销</strong></li>\n</ul>\n</li>\n<li>从动作编辑器画布中，单击<strong>成功</strong>.</li>\n</ol>"
    },
    "navigationBar": {
      "left": {
        "text": "上一个"
      },
      "right": {
        "text": "下一个"
      }
    }
  },
  "Card.VoltMX.EditPayeeWeb_v9.logout2": {
    "content": {
      "title": "导航到登录屏幕",
      "body": "<ol>\n<li>从左侧菜单<strong>动作编辑器</strong> , 在<strong>一般</strong>部分，选择<strong>导航到表单</strong>.</li>\n<li>从右侧窗格中，选择<strong>frmLogin</strong>.</li>\n<li>点击<strong>保存</strong>.</li>\n</ol>"
    },
    "navigationBar": {
      "left": {
        "text": "上一个"
      },
      "right": {
        "text": "下一个"
      }
    }
  },
  "Card.VoltMX.EditPayeeWeb_v9.mapEdit": {
    "content": {
      "title": "将数据映射到服务",
      "body": "<ul>\n<li>从左窗格中选择<strong>姓氏{字符串}</strong>.<br />从右侧窗格中展开<strong>TextField-tbxLastName</strong> ，然后选择<strong>文本{字符串}</strong>.</li>\n<li>从左窗格中选择<strong>昵称{字符串}</strong>.<br />从右侧窗格中展开<strong>TextField-tbxNickName</strong> ，然后选择<strong>文本{字符串}</strong>.</li>\n<li>从左窗格中选择<strong>电话{字符串}</strong>.<br />从右侧窗格中展开<strong>TextField-tbxPhone</strong> ，然后选择<strong>文本{字符串}</strong>.</li>\n</ul>\n<ol start=\"2\">\n<li>点击<strong>保存</strong>.</li>\n</ol>"
    },
    "navigationBar": {
      "left": {
        "text": "上一个"
      },
      "right": {
        "text": "下一个"
      }
    }
  },
  "Card.VoltMX.EditPayeeWeb_v9.navDet": {
    "content": {
      "title": "从详细信息屏幕导航",
      "body": "<ol>\n<li>来自<strong>项目</strong>资源管理器，展开<strong>响应式网页/桌面</strong>&gt;<strong>表格</strong> ，然后选择<strong>frmDetails</strong>.</li>\n<li>来自<strong>属性</strong>面板，导航到<strong>行动</strong>标签。</li>\n<li>对于<strong>onMapping</strong>事件，点击<strong>编辑</strong>.<br /><strong>动作编辑器</strong>窗口出现。</li>\n<li>从右上角<strong>动作编辑器</strong>，选择<strong>设计视图</strong>.</li>\n</ol>"
    },
    "navigationBar": {
      "left": {
        "text": "上一个"
      },
      "right": {
        "text": "下一个"
      }
    }
  },
  "Card.VoltMX.EditPayeeWeb_v9.navDet1": {
    "content": {
      "title": "从详细信息屏幕导航",
      "body": "<ol>\n<li>从左侧菜单<strong>动作编辑器</strong> , 在<strong>条件</strong>部分，选择<strong>否则如果</strong>.</li>\n<li>从右侧窗格中，从下拉列表中选择以下值：<ul>\n<li>小部件属性：&nbsp;<strong>导航自</strong></li>\n<li>选择的来源：<strong>frmEditRecipient &gt; btnDone >点击</strong></li>\n</ul>\n</li>\n</ol>"
    },
    "navigationBar": {
      "left": {
        "text": "上一个"
      },
      "right": {
        "text": "下一个"
      }
    }
  },
  "Card.VoltMX.EditPayeeWeb_v9.navDet2": {
    "content": {
      "title": "调用服务",
      "body": "<ol>\n<li>从左侧菜单<strong>动作编辑器</strong> , 在<strong>网络</strong>部分，选择<strong>调用服务</strong>.</li>\n<li>从动作编辑器的右窗格中，从下拉列表中选择以下值：<ul>\n<li>选择服务：<strong>RecipientStorage$Recipients</strong></li>\n<li>选择方法：<strong>得到</strong></li>\n</ul>\n</li>\n<li>点击<strong>构造过滤器查询</strong>.<br /><b>映射编辑器</b>窗口出现。</li>\n</ol>"
    },
    "navigationBar": {
      "left": {
        "text": "上一个"
      },
      "right": {
        "text": "下一个"
      }
    }
  },
  "Card.VoltMX.EditPayeeWeb_v9.navDet3": {
    "content": {
      "title": "调用服务",
      "body": "<ol>\n<li>从映射编辑器的左窗格中，展开<strong>导航对象</strong>并选择<strong>lblPayeeID_text {string}</strong>.</li>\n<li>从映射编辑器的右窗格中，展开<strong>服务</strong>&gt;<strong>服务 - RecipientStorage$Recipients$get</strong>并选择<strong> RecipientID {number}</strong>.<br />Iris 显示有关数据类型不匹配的警报，单击<strong>好的</strong>.</li>\n<li>从动作编辑器画布中，选择<strong>回调</strong>.</li>\n<li>从左侧菜单<strong>动作编辑器</strong> , 在<strong>映射</strong>，选择<strong>添加映射</strong>.<br /><b>映射编辑器</b>窗口出现。</li>\n</ol>"
    },
    "navigationBar": {
      "left": {
        "text": "上一个"
      },
      "right": {
        "text": "下一个"
      }
    }
  },
  "Card.VoltMX.EditPayeeWeb_v9.navDet4": {
    "content": {
      "title": "将服务映射到 UI 元素",
      "body": "<ol>\n<li>从映射编辑器的左窗格中，展开<strong>服务</strong>&gt;<strong>服务 - RecipientStorage$Recipients$get</strong>&gt;<strong>记录{集合}</strong>.</li>\n<li>从映射编辑器的右窗格中，展开<strong>表格</strong>&gt;<strong>frmDetails</strong>.</li>\n<li>在映射编辑器中，将以下服务参数映射到 UI 元素：<ul>\n<li>从左窗格中选择<strong> RecipientID {number}</strong>.<br />从右侧窗格中展开<strong>标签 - lblRecipientIDValue</strong>并选择<strong>文本{字符串}</strong><br />Iris 显示有关数据类型不匹配的警报，单击<strong>好的</strong>.</li>\n</ul>\n</li>\n</ol>"
    },
    "navigationBar": {
      "left": {
        "text": "上一个"
      },
      "right": {
        "text": "下一个"
      }
    }
  },
  "Card.VoltMX.EditPayeeWeb_v9.navDet5": {
    "content": {
      "title": "将服务映射到 UI 元素",
      "body": "<ul>\n<li>从左窗格中选择<strong>名字{字符串}</strong>.<br />从右侧窗格中展开<strong>标签 - lblFirstNameValue</strong>并选择<strong>文本{字符串}</strong>.</li>\n<li>从左窗格中选择<strong>姓氏{字符串}</strong>.<br />从右侧窗格中展开<strong>标签-lblLastNameValue</strong>并选择<strong>文本{字符串}</strong>.</li>\n<li>从左窗格中选择<strong>昵称{string}</strong>. <br />从右侧窗格中展开<strong>标签-lblNickNameValue</strong>并选择<strong>文本{字符串}</strong>.</li>\n<li>从左窗格中选择<strong>电话{字符串}</strong>.<br />从右侧窗格中展开<strong>标签-lblPhoneValue</strong>并选择<strong>文本{字符串}</strong>.</li>\n</ul>\n<ol start=\"4\">\n<li>点击<strong>保存</strong>.</li>\n</ol>"
    },
    "navigationBar": {
      "left": {
        "text": "上一个"
      },
      "right": {
        "text": "下一个"
      }
    }
  },
  "Card.VoltMX.EditPayeeWeb_v9.navToolBar": {
    "content": {
      "title": "从工具栏导航",
      "body": "<ol>\n<li>来自<strong>项目</strong>资源管理器，展开<strong>响应式网页/桌面</strong>&gt;<strong>表格</strong>&gt;<strong>frmEditRecipient</strong>&gt;<strong>flxEditRecipient</strong>&gt;<strong>flxToolbar</strong> ，然后选择<strong>flxBack</strong>.</li>\n<li>来自<strong>属性</strong>面板，导航到<strong>行动</strong>标签。</li>\n<li>对于<strong>点击</strong>事件，点击<strong>编辑</strong>.<br /><strong>动作编辑器</strong>窗口出现。</li>\n</ol>"
    },
    "navigationBar": {
      "left": {
        "text": "上一个"
      },
      "right": {
        "text": "下一个"
      }
    }
  },
  "Card.VoltMX.EditPayeeWeb_v9.navToolBar1": {
    "content": {
      "title": "从工具栏导航",
      "body": "<ol>\n<li>从左侧菜单<strong>动作编辑器</strong> , 在<strong>一般</strong>部分，选择<strong>导航到表单</strong>.</li>\n<li>从右侧窗格中，选择<strong>frmDetails</strong>.</li>\n<li>点击<strong>保存</strong>.</li>\n</ol>"
    },
    "navigationBar": {
      "left": {
        "text": "上一个"
      },
      "right": {
        "text": "下一个"
      }
    }
  },
  "Card.VoltMX.EditPayeeWeb_v9.run": {
    "content": {
      "title": "运行应用程序",
      "body": "<ol>\n<li>从左侧导航栏中，单击<strong>运行</strong>.<br /> Iris 显示需要一些时间<strong>实时预览已准备就绪</strong>窗口。<br />虹膜预览窗口启动您的应用程序。</li>\n<li>在您的应用中输入以下登录凭据。<ul>\n<li>用户名：<strong>john.doe@woodburn.com</strong></li>\n<li>密码：<strong>VoltMX@123</strong></li>\n</ul>\n</li>\n<li>点击<strong>登录</strong>.<br />出现帐户列表。</li>\n<li>点击<strong>收件人</strong>选项卡。<br />出现收件人列表。</li>\n<li>点击添加<strong> (+)</strong> 添加收件人的图标。</li>\n<li>从列表中选择收件人以查看其详细信息。</li>\n<li>从详细信息页面，单击<strong>删除</strong>删除收件人的按钮。</li>\n<li>从详细信息页面，单击<strong>编辑</strong>用于编辑收件人详细信息的按钮。</li>\n<li>单击屏幕顶部的注销按钮以导航到登录屏幕。</li>\n</ol>"
    },
    "navigationBar": {
      "left": {
        "text": "上一个"
      },
      "right": {
        "text": "下一个"
      }
    }
  },
  "Card.VoltMX.EditPayeeWeb_v9.successMsg": {
    "content": {
      "title": "成功消息",
      "body": "<ol>\n<li>来自<strong>项目</strong>资源管理器，展开<strong>响应式网页/桌面</strong>&gt;<strong>表格</strong>&gt;<strong>frmEditRecipient</strong>&gt;<strong>flexSuccess</strong>&gt;<strong>flexSuccessAlert</strong> ，然后选择<strong> btnDone</strong>.</li>\n<li>来自<strong>属性</strong>面板，导航到<strong>行动</strong>标签。</li>\n<li>对于<strong>点击</strong>事件，点击<strong>编辑</strong>.<br />出现动作编辑器窗口。</li>\n</ol>"
    },
    "navigationBar": {
      "left": {
        "text": "上一个"
      },
      "right": {
        "text": "下一个"
      }
    }
  },
  "Card.VoltMX.EditPayeeWeb_v9.successMsg3": {
    "content": {
      "title": "导航到详细信息屏幕",
      "body": "<ol>\n<li>从左侧菜单<strong>动作编辑器</strong> , 在<strong>一般</strong>部分，选择<strong>导航到表单</strong>.</li>\n<li>从右侧窗格中，选择<strong>frmDetails</strong>.</li>\n<li>检查选项<strong>通过导航传递数据</strong>.</li>\n<li>从右侧窗格中，展开<strong>表格</strong>&gt;<strong>frmEditRecipient</strong>&gt;<strong>标签 - lblPayeeID</strong> ，然后选择<strong>文本{字符串}</strong>.</li>\n<li>点击<strong>保存</strong>.</li>\n</ol>"
    },
    "navigationBar": {
      "left": {
        "text": "上一个"
      },
      "right": {
        "text": "下一个"
      }
    }
  },
  "Card.VoltMX.EditPayeeWeb_v9.UIEdit": {
    "content": {
      "title": "编辑收件人的用户界面",
      "body": "<ol>\n<li>从 Iris 的左下面板，导航到<strong>默认库</strong>.</li>\n<li> 旁边<strong>默认库</strong> ，您将看到选项卡<strong>我的图书馆</strong>和一个搜索图标。<br />点击搜索图标。</li>\n<li>在出现的搜索栏中，输入<strong>编辑收件人</strong>.</li>\n<li>来自<strong> RecipientsWeb</strong>，选择<strong>编辑收件人</strong>并将其放到<strong>frmEditRecipient</strong>画布上的表格。</li>\n<li>在<strong>已解决的冲突</strong>对话框，点击<strong>关闭</strong>.</li>\n</ol>"
    },
    "navigationBar": {
      "left": {
        "text": "上一个"
      },
      "right": {
        "text": "下一个"
      }
    }
  },
  "Card.VoltMX.EditPayeeWeb_v9.updateOp": {
    "content": {
      "title": "配置更新操作",
      "body": "<ol>\n<li>来自<strong>项目</strong>资源管理器，展开<strong>响应式网页/桌面</strong>&gt;<strong>表格</strong>&gt;<strong>frmEditRecipient</strong>&gt;<strong>flxEntryFields</strong>&gt;<strong>flxButtons</strong> ，然后选择<strong>btnUpdate</strong>.</li>\n<li>来自<strong>数据&amp;服务</strong>面板，展开<strong>项目服务</strong>&gt;<strong>收件人存储</strong>&gt;<strong>收件人</strong>.</li>\n<li>选择<strong>更新</strong>操作并将其放到<strong>更新</strong>画布上的按钮。</li>\n<li>从操作列表中，选择<strong>动作：onClick</strong>.<br /><strong>动作编辑器</strong>窗口出现在右窗格中，带有映射编辑器。</li><li>从右上角<b>动作编辑器</b>窗口，选择<b>设计视图</b>.</li>\n</ol>"
    },
    "navigationBar": {
      "left": {
        "text": "上一个"
      },
      "right": {
        "text": "下一个"
      }
    }
  },
  "Card.VoltMX.EditPayeeWeb_v9.updateOp1": {
    "content": {
      "title": "映射更新操作",
      "body": "<ol>\n<li>在<strong>动作编辑器</strong>窗口，从映射编辑器的左窗格中，展开<strong>表格</strong>&gt;<strong>frmEditRecipient</strong>.</li>\n<li>从映射编辑器的右窗格中，展开<strong>服务</strong>&gt;<strong>RecipientStorage$Recipients$update</strong>.</li>\n<li>在映射编辑器中，将以下 UI 元素映射到服务参数：<br />\n<ul>\n<li>从左窗格中展开<strong>标签 - lblPayeeID</strong>并选择<strong>文本{字符串}。<br /></strong>从右侧窗格中选择<strong> RecipientID {number}</strong>.<br />Iris 显示有关数据类型不匹配的警报，单击<strong>好的</strong>.</li>\n</ul>\n</li>\n</ol>"
    },
    "navigationBar": {
      "left": {
        "text": "上一个"
      },
      "right": {
        "text": "下一个"
      }
    }
  },
  "Card.VoltMX.EditPayeeWeb_v9.updateOp2": {
    "content": {
      "title": "将UI元素映射到UI",
      "body": "<ul>\n<li>从左窗格中展开<strong>文本字段-tbxFirstName</strong>并选择<strong>文本</strong> <strong>{字符串}</strong>.<br />从右侧窗格中选择<strong>名字{字符串}</strong>.</li>\n<li>从左窗格中展开<strong>文本字段-tbxLastName</strong>并选择<strong>文本{字符串}</strong>.<br />从右侧窗格中选择<strong>姓氏{字符串}</strong>.</li>\n<li>从左窗格中展开<strong>文本字段-tbxNickName</strong>并选择<strong>文本{字符串}</strong>.<br />从右侧窗格中选择<strong>昵称{string}</strong>.</li>\n<li>从左窗格中展开<strong>文本字段-tbxPhone</strong>并选择<strong>文本{字符串}</strong>. <br />从右侧窗格中选择<strong>电话{字符串}</strong>.</li>\n</ul>"
    },
    "navigationBar": {
      "left": {
        "text": "上一个"
      },
      "right": {
        "text": "下一个"
      }
    }
  },
  "Card.VoltMX.EditPayeeWeb_v9.updateOp3": {
    "content": {
      "title": "配置更新操作",
      "body": "<ol><li>来自<b>动作编辑器</b>画布，选择<b>如果 Recipients.opstatus 等于 0</b>.</li>\n<li>从左侧菜单<strong>动作编辑器</strong> , 在<strong>小工具</strong>部分，选择<strong>设置小部件属性</strong>.</li>\n<li>从右侧窗格中，展开<strong>桌面表格</strong>&gt;<strong>frmEditRecipient</strong>&gt;<strong>flxEditRecipient</strong>并选择<strong>flexSuccess</strong>.</li>\n<li>在最后一个窗格中，修改以下字段：<ul>\n<li>属性：<strong>可见</strong></li>\n<li>可见性：<strong>真</strong></li>\n</ul>\n</li>\n<li>从左侧菜单<strong>动作编辑器</strong> , 在<strong>功能</strong>部分，选择<strong>添加代码段</strong>.</li>\n<li>在右侧窗格中，键入以下代码：<br /><span style=\"background-color: #999999;\">self.view.forceLayout（）；</span></li>\n<li>点击<strong>保存</strong>.</li>\n</ol>"
    },
    "navigationBar": {
      "left": {
        "text": "上一个"
      },
      "right": {
        "text": "下一个"
      }
    }
  }
}