{
    "kuid": "623c5ct0-13a1-4erd-a5u0-42d34bn1",
    "id": "VoltMX.IntroductiontoSegmentV9.addImage",
    "content": {
        "title": "Add Image Widget to Segment",
        "body": "<ol>\n<li>From the bottom left of your Iris, navigate to the <strong>Default Library</strong> tab.</li>\n<li>Next to the <strong>Default Library</strong>, you will see the <strong>My Libraries</strong> tab and a search icon <img src=\"https://i.ibb.co/gmMPVjC/search-Icon.png\" alt=\"search icon\" width=\"14\" height=\"14\" />. Click the search icon.</li>\n<li>In the search bar that appears, enter <strong>Image</strong>.</li>\n<li>From the results, under <strong>Default</strong>, select <strong>Image</strong>.</li>\n<li>Drag the <strong>Image</strong> widget onto <strong>employeeSegment</strong> on the canvas.</li>\n<li>From the <strong>Project</strong> explorer, right-click on the new image and select <strong>Rename</strong>.</li>\n<li>Rename the Image <strong>employeeImage</strong>.</li>\n</ol>"
    },
    "pointer": {
        "direction": "left",
        "element": {
            "module": "konylibrary",
            "path": "default-body\\widgets\\default\\Image"
        },
        "type": "default"
    },
    "navigationType": "manual",
    "navigationBar": {
        "left": {
            "text": "Previous",
            "enable": true,
            "hide": false
        },
        "right": {
            "text": "Next",
            "enable": true,
            "hide": false
        }
    },
    "navigationCondition": "",
    "position": "BOTTOM_RIGHT",
    "meta": {
        "Creator": "Rashmi Menon",
        "CreatedOn": "Mon, 25 Nov 2019 10:13:23 GMT"
    },
    "context": []
}