{
    "kuid": "9ef82ct8-3faa-46r4-9cu8-2a251cn5",
    "id": "VoltMX.IntrotoActionEditorV9.condBeh1",
    "content": {
        "title": "Adding Sign Up",
        "body": "<ol>\n<li>Select the<strong> Sign Up </strong>button on canvas.</li>\n<li>In the <strong>Action</strong> tab, for the <strong>onClick</strong> action, click <strong>Edit</strong>.<strong><br /></strong>The <strong>Action Editor</strong> window appears.</li>\n</ol>"
    },
    "pointer": {
        "direction": "left",
        "element": {
            "module": "appcanvas",
            "paneId": "ac-area-one",
            "itemType": "ac-highlighted-widget"
        },
        "type": "default"
    },
    "navigationType": "manual",
    "navigationBar": {
        "left": {
            "text": "Previous",
            "enable": true,
            "hide": false
        },
        "right": {
            "text": "Next",
            "enable": true,
            "hide": false
        }
    },
    "navigationCondition": "",
    "position": "BOTTOM_LEFT",
    "meta": {
        "Creator": "Rashmi Menon",
        "CreatedOn": "Tue, 26 Nov 2019 04:43:47 GMT"
    },
    "context": []
}