{
    "kuid": "68edebt2-0ba0-45re-a9ud-5fe90bn6",
    "id": "Kony.CreateUIRWV9.createPayees",
    "content": {
        "title": "Create Recipient List Form",
        "body": "<ol>\n<li>From the <b>Storyboard</b> view, select <strong>frmAccount,</strong> and then click the <strong>+ </strong>icon.<br />Visualizer creates a new form.</li>\n<li>Above the new form, click <strong>Form1</strong>.</li>\n<li>Rename the form \n <strong>frmRecipients</strong>.</li>\n</ol>"
    },
    "pointer": {
        "direction": "left",
        "element": {
            "module": "projectexplorer",
            "path": "project-body\\project\\Responsive Web / Desktop\\Forms"
        },
        "type": "default"
    },
    "navigationType": "manual",
    "navigationBar": {
        "left": {
            "text": "Previous",
            "enable": true,
            "hide": false
        },
        "right": {
            "text": "Next",
            "enable": true,
            "hide": false
        }
    },
    "navigationCondition": "",
    "position": "BOTTOM_RIGHT",
    "meta": {
        "Creator": "Prem Garudadri",
        "CreatedOn": "Wed, 18 Dec 2019 16:22:49 GMT"
    },
    "context": []
}