{
  "Tour.CreateDetailsNative_v9": {
    "description": "旅游描述"
  },
  "Hike.VoltMX.CreateDetailsNative_v9": {
    "description": "徒步说明"
  },
  "Card.VoltMX.CreateDetailsNative_v9.deleteFeature": {
    "content": {
      "title": "添加删除功能",
      "body": "<ol>\n<li>来自<strong>项目</strong>资源管理器，展开<strong>手机</strong>&gt;<strong>表格</strong>并选择<strong>frmDetails</strong>.</li>\n<li>来自<strong>数据&amp;服务</strong>面板，展开<strong>项目服务</strong>&gt;<strong>收件人存储</strong>&gt;<strong>收件人</strong>并选择<b>删除</b>操作。</li>\n<li>删除<strong>删除</strong>在画布上操作。<br />这将创建<strong>删除</strong>按钮。</li>\n</ol>"
    },
    "navigationBar": {
      "left": {
        "text": "上一个"
      },
      "right": {
        "text": "下一个"
      }
    }
  },
  "Card.VoltMX.CreateDetailsNative_v9.deleteFeature1": {
    "content": {
      "title": "添加删除功能",
      "body": "<ol>\n<li>来自<strong>项目资源管理器</strong>，展开<strong>手机</strong>&gt;<strong>表格</strong>&gt;<strong>frmDetails</strong>&gt;<strong>flexFieldsContainer</strong>并选择<strong>btnSquared</strong>.</li>\n<li>来自<strong>属性</strong>面板，导航到<strong>行动</strong>选项卡。</li>\n<li>对于<strong>点击</strong>事件，点击<strong>编辑</strong>.<br /><strong>动作编辑器</strong>窗口出现。</li>\n</ol>"
    },
    "navigationBar": {
      "left": {
        "text": "上一个"
      },
      "right": {
        "text": "下一个"
      }
    }
  },
  "Card.VoltMX.CreateDetailsNative_v9.deleteFeature11": {
    "content": {
      "title": "添加删除功能",
      "body": "<ol>\n<li>从右上角<strong>动作编辑器</strong>窗口，选择<strong>设计视图</strong>.</li>\n<li>来自<strong>动作编辑器</strong>画布，选择<strong>调用服务</strong> (姓名：<strong>RecipientStorage$Recipients$delete</strong>)。</li>\n<li>从动作编辑器的右窗格中，选择<strong>打开映射编辑器</strong>. <br />出现映射编辑器窗口。</li>\n</ol>"
    },
    "navigationBar": {
      "left": {
        "text": "上一个"
      },
      "right": {
        "text": "下一个"
      }
    }
  },
  "Card.VoltMX.CreateDetailsNative_v9.deleteFeature2": {
    "content": {
      "title": "添加删除功能",
      "body": "<ol>\n<li>从映射编辑器的左窗格中，展开<strong>表格</strong>&gt;<strong>frmDetails</strong>&gt;<strong>标签 - lblRecipientIDValue</strong> ，然后选择<strong>文本{字符串}</strong>.</li>\n<li>从映射编辑器的右窗格中，展开<strong>服务</strong>&gt;<strong>RecipientStorage$Recipients$delete</strong> ，然后选择<strong> RecipientID {number}</strong>.</li>\n<li>来自<strong>动作编辑器</strong>画布，选择<strong>如果</strong>条件。</li>\n</ol>"
    },
    "navigationBar": {
      "left": {
        "text": "上一个"
      },
      "right": {
        "text": "下一个"
      }
    }
  },
  "Card.VoltMX.CreateDetailsNative_v9.deleteFeature21": {
    "content": {
      "title": "添加删除功能",
      "body": "<ol>\n<li>从左侧菜单<strong>动作编辑器</strong> , 在<strong>小工具</strong>部分，选择<strong>设置小部件属性</strong>.</li>\n<li>从右窗格中，在<strong>手机</strong> <strong>表格</strong>&gt;<strong>frmDetails</strong>&gt;<strong>flexFieldsContainer</strong>，选择<strong>flexDeleteSuccessHeader</strong>.</li>\n<li>在映射编辑器的右窗格中，提供以下值。<ul>\n<li>属性：<strong>可见</strong></li>\n<li>值：<strong>真</strong></li>\n</ul>\n</li>\n</ol>"
    },
    "navigationBar": {
      "left": {
        "text": "上一个"
      },
      "right": {
        "text": "下一个"
      }
    }
  },
  "Card.VoltMX.CreateDetailsNative_v9.deleteFeature3": {
    "content": {
      "title": "添加删除功能",
      "body": "<ol>\n<li>从左侧菜单<strong>动作编辑器</strong> , 在<strong>小工具</strong>部分，选择<strong>设置小部件属性</strong>.</li>\n<li>从右窗格中，在<strong>移动表单</strong>&gt;<strong>frmDetails</strong>&gt;<strong>flexFieldsContainer</strong> ，然后选择<strong>btnSquared</strong>.</li>\n<li>在映射编辑器的右窗格中，提供以下值。<ul>\n<li>属性：<strong>不透明度</strong></li>\n<li>值：<strong>60%</strong></li>\n</ul>\n</li>\n</ol>"
    },
    "navigationBar": {
      "left": {
        "text": "上一个"
      },
      "right": {
        "text": "下一个"
      }
    }
  },
  "Card.VoltMX.CreateDetailsNative_v9.deleteFeature4": {
    "content": {
      "title": "添加删除功能",
      "body": "<ol>\n<li>从动作编辑器的左侧菜单中，在<strong>功能</strong>，选择<strong>添加代码段</strong>.</li>\n<li>在动作编辑器的右侧窗格中，提供以下代码：<br /><span style=\"background-color: #999999;\"><strong>self.view.forceLayout()；</strong></span></li>\n<li>从动作编辑器的左侧菜单中，在<strong>一般，</strong>选择<strong>设置超时</strong>.</li>\n<li>在映射编辑器的右窗格中，提供以下值：<ul>\n<li>延迟：<strong>2</strong></li>\n</ul>\n</li>\n</ol>"
    },
    "navigationBar": {
      "left": {
        "text": "上一个"
      },
      "right": {
        "text": "下一个"
      }
    }
  },
  "Card.VoltMX.CreateDetailsNative_v9.deleteFeature5": {
    "content": {
      "title": "添加删除功能",
      "body": "<ol>\n<li>从左侧菜单<strong>动作编辑器</strong> , 在<strong>小工具</strong>部分，选择<strong>设置小部件属性</strong>.</li>\n<li>从右窗格中，在<strong>手机</strong> <strong>表格</strong>&gt;<strong>frmDetails</strong>&gt;<strong>flexFieldsContainer</strong>，选择<strong>flexDeleteSuccessHeader</strong>.</li>\n<li>在映射编辑器的右窗格中，提供以下值。<ul>\n<li>属性：<strong>可见</strong></li>\n<li>值：<strong>假</strong></li>\n</ul>\n</li>\n</ol>"
    },
    "navigationBar": {
      "left": {
        "text": "上一个"
      },
      "right": {
        "text": "下一个"
      }
    }
  },
  "Card.VoltMX.CreateDetailsNative_v9.deleteFeature6": {
    "content": {
      "title": "添加删除功能",
      "body": "<ol>\n<li>从左侧菜单<strong>动作编辑器</strong> , 在<strong>小工具</strong>部分，选择<strong>设置小部件属性</strong>.</li>\n<li>从右窗格中，在<strong>移动表单</strong>&gt;<strong>frmDetails</strong>&gt;<strong>frmFieldsContainer</strong> ，然后选择<strong>btnSquared</strong>.</li>\n<li>在映射编辑器的右窗格中，提供以下值。<ul>\n<li>属性：<strong>不透明度</strong></li>\n<li>值：<strong>100%</strong></li>\n</ul>\n</li>\n</ol>"
    },
    "navigationBar": {
      "left": {
        "text": "上一个"
      },
      "right": {
        "text": "下一个"
      }
    }
  },
  "Card.VoltMX.CreateDetailsNative_v9.deletFeature7": {
    "content": {
      "title": "添加删除功能",
      "body": "<ol>\n<li>从左侧菜单<strong>动作编辑器</strong>，下<strong>功能</strong>，选择&nbsp;<strong>添加代码段</strong>.</li>\n<li>在动作编辑器的右窗格中，提供以下代码：<br /><span style=\"background-color: #999999;\"><strong>self.view.forceLayout()；</strong></span></li>\n<li>从动作编辑器的左侧菜单中，在<strong>一般</strong>，选择<strong>导航到表单</strong>.</li>\n<li>从动作编辑器的右窗格中，选择<strong>frmDetails</strong>.</li>\n<li>点击<strong>保存</strong>.</li>\n</ol>"
    },
    "navigationBar": {
      "left": {
        "text": "上一个"
      },
      "right": {
        "text": "下一个"
      }
    }
  },
  "Card.VoltMX.CreateDetailsNative_v9.done": {
    "content": {
      "title": " 恭喜",
      "body": "<p>你已经成功：</p>\n<ul>\n<li><strong>创建收件人详细信息屏幕</strong></li>\n<li><strong>将收件人详细信息 UI 映射到服务<br /></strong></li>\n<li><strong>实现了应用程序中所有其他表单的导航</strong></li>\n<li><strong>在收件人详细信息表单中实现注销<br /></strong></li>\n</ul>\n<p>有关创建收件人的更多信息，请查看下一次加息：<a class=\"tour-link\" tour=\"da2bbctf-3ba6-49rf-b2u9-b842dand\"><strong> 7. 添加收件人</strong></a>.</p>"
    },
    "navigationBar": {
      "left": {
        "text": "上一个"
      },
      "right": {
        "text": "完成"
      }
    }
  },
  "Card.VoltMX.CreateDetailsNative_v9.finalChanges": {
    "content": {
      "title": "删除额外的FlexContainers",
      "body": "<ol>\n<li>来自<strong>项目</strong> <strong>资源管理器</strong>，展开<strong>手机</strong>&gt;<strong>表格</strong>&gt;<b>frmDetails</b> > <strong>flexFieldsContainer</strong> ，然后选择<strong>flexFieldsContainer1</strong>.</li>\n<li>右键删除<strong>flexFieldsContainer1</strong>.</li>\n</ol>"
    },
    "navigationBar": {
      "left": {
        "text": "上一个"
      },
      "right": {
        "text": "下一个"
      }
    }
  },
  "Card.VoltMX.CreateDetailsNative_v9.finalChanges1": {
    "content": {
      "title": "自定义用户界面",
      "body": "<ol>\n<li>来自<strong>项目</strong> <strong>资源管理器</strong>，展开<strong>手机</strong>&gt;<strong>表格</strong>&gt;<b>frmDetails</b> >\n <strong>flexFieldsContainer</strong>&gt;<strong>flexFooter1</strong>&gt;<strong>flexSquaredBorderedButton</strong> ，然后选择<strong>btnSquared。</strong></li>\n<li>右键单击并剪切<strong>btnSquared</strong>.</li>\n<li>来自<strong>项目</strong> <strong>资源管理器</strong>，展开<strong>手机</strong>&gt;<strong>表格</strong>&gt;<b>frmDetails</b> > <strong>flexFieldsContainer</strong>并选择<b>粘贴</b>.</li>\n</ol>"
    },
    "navigationBar": {
      "left": {
        "text": "上一个"
      },
      "right": {
        "text": "下一个"
      }
    }
  },
  "Card.VoltMX.CreateDetailsNative_v9.finalChanges2": {
    "content": {
      "title": "自定义用户界面",
      "body": "<ol>\n<li>来自<strong>项目</strong> <strong>资源管理器</strong>，展开<strong>手机</strong>&gt;<strong>表格</strong>&gt;<b>frmDetails</b> > <strong>flexFieldsContainer</strong> ，然后选择<strong>flexFooter1</strong>.</li>\n<li>右键删除<strong>flexFooter1</strong>.</li>\n<li>从项目资源管理器中，展开<strong>手机</strong>&gt;<strong>表格</strong>&gt;<b>frmDetails</b> > <strong>flexFieldsContainer</strong>并选择<strong>btnSquared</strong>.</li>\n<li>来自<strong>属性</strong>面板，导航到<strong>看</strong>选项卡。</li>\n<li> 在<strong>弹性</strong> 部分，提供以下值：<ul>\n<li>顶部：<strong>30%</strong></li>\n<li>宽度：<strong>89%</strong></li>\n<li>身高：<strong>7%</strong></li>\n<li>中心X：<strong>50%</strong></li>\n<li>中心Y：<strong>默认</strong></li>\n</ul>\n</li>\n</ol>"
    },
    "navigationBar": {
      "left": {
        "text": "上一个"
      },
      "right": {
        "text": "下一个"
      }
    }
  },
  "Card.VoltMX.CreateDetailsNative_v9.footer": {
    "content": {
      "title": "配置详细信息屏幕的页脚",
      "body": "<ol>\n<li>来自<strong>项目</strong>资源管理器，展开<strong>手机</strong>&gt;&nbsp;<strong>表格</strong> ，然后选择<strong>frmDetails</strong>.</li>\n<li>从画布的左下角，导航到<strong>默认库</strong>.</li>\n<li> 旁边<strong>默认库</strong> ，你会看到<strong>我的图书馆</strong>选项卡和搜索图标。<br />点击搜索图标。</li>\n<li>在出现的搜索栏中，输入<strong>页脚</strong>.</li>\n</ol>"
    },
    "navigationBar": {
      "left": {
        "text": "上一个"
      },
      "right": {
        "text": "下一个"
      }
    }
  },
  "Card.VoltMX.CreateDetailsNative_v9.footer1": {
    "content": {
      "title": "配置详细信息屏幕的页脚",
      "body": "<ol>\n<li>从结果来看，在<strong> RecipientsMobile</strong>，右击<strong> 详情页脚</strong>然后选择<strong>插入</strong>.</li>\n<li><b> 详情页脚</b>添加到<b>frmDetails</b>表格。</li>\n<li>点击<strong>关闭</strong>在<strong>解决冲突</strong>窗口。</li>\n</ol>"
    },
    "navigationBar": {
      "left": {
        "text": "上一个"
      },
      "right": {
        "text": "下一个"
      }
    }
  },
  "Card.VoltMX.CreateDetailsNative_v9.header": {
    "content": {
      "title": "配置详细信息屏幕的标题",
      "body": "<ol>\n<li>来自<strong>项目</strong>资源管理器，展开<strong>手机</strong>&gt;&nbsp;<strong>表格</strong> ，然后选择<strong>frmDetails</strong>.</li>\n<li>从画布的左下角，导航到<strong>默认库</strong>.</li>\n<li> 旁边<strong>默认库</strong> ，你会看到<strong>我的图书馆</strong>选项卡和搜索图标。<br />点击搜索图标。</li>\n<li>在出现的搜索栏中，输入<strong>标题</strong>.</li>\n</ol>"
    },
    "navigationBar": {
      "left": {
        "text": "上一个"
      },
      "right": {
        "text": "下一个"
      }
    }
  },
  "Card.VoltMX.CreateDetailsNative_v9.header1": {
    "content": {
      "title": "配置详细信息屏幕的标题",
      "body": "<ol>\n<li>从结果来看，在<strong> RecipientsMobile</strong>收藏，右键单击<strong>DetailsHeader</strong>然后选择<strong>插入</strong>.</li>\n<li><b>DetailsHeader</b>添加到<b>frmDetails</b>表格。</li>\n<li>点击<strong>关闭</strong>在<strong>解决冲突</strong>窗口。</li>\n</ol>"
    },
    "navigationBar": {
      "left": {
        "text": "上一个"
      },
      "right": {
        "text": "下一个"
      }
    }
  },
  "Card.VoltMX.CreateDetailsNative_v9.Intro": {
    "content": {
      "title": "创建收件人详细信息屏幕",
      "body": "<p><strong>让我们开始吧！</strong></p>\n<p>在这次徒步旅行中，您将学习如何：</p>\n<ul>\n<li>创建收件人详细信息表单</li>\n<li>使用服务为创建收件人详细信息表单创建 UI</li>\n<li> 添加删除收件人功能</li>\n</ul>\n<p>在开始之前，请完成以下远足：</p>\n<ol><b>\n<li><a class=\"tour-link\" tour=\"7408efte-e2aa-4cr8-a9ub-d7ba36n8\"> 进口 &amp;启动本机应用程序</a></li><li><a class=\"tour-link\" tour=\"a617eft5-7ca8-4ard-8eu8-94cdean5\">从集合创建用户界面</a></li><li><a class=\"tour-link\" tour=\"15d8c7t4-cda7-40rb-afu7-345cfcnc\">向应用程序添加身份验证</a></li>\n<li><a class=\"tour-link\" tour=\"a7a762t5-3eac-44r5-8bu2-89b781n1\">为原生应用创建服务</a> </li>\n<li><a class=\"tour-link\" tour=\"fab6d8ta-91ac-4frc-8fud-14a9f7na\">将应用程序 UI 连接到本机应用程序中的数据</a></li></b>\n</ol><br/>\n<p>确保您打开在之前的徒步旅行中创建的相同项目。</p>\n<p>要打开一个关闭的项目，从主菜单导航到<strong>项目</strong>&gt;<strong>打开</strong>&gt;<strong>HCL 参考架构</strong>&gt;<strong>RecipientsMobApp</strong>.</p><br/>\n<p><strong>准备好后，单击开始！</strong></p>"
    },
    "navigationBar": {
      "left": {
        "text": "上一个"
      },
      "right": {
        "text": "开始"
      }
    }
  },
  "Card.VoltMX.CreateDetailsNative_v9.mapping": {
    "content": {
      "title": "更新映射编辑器",
      "body": "<ol>\n<li>来自<b>项目</b>资源管理器，选择<strong>frmDetails</strong>.</li>\n<li>来自<strong>属性</strong>面板，导航到<strong>行动</strong>选项卡。</li>\n<li>对于<strong>onMapping</strong>事件，点击<strong>编辑</strong>.<br /><b>动作编辑器</b>窗口出现。</li>\n</ol>"
    },
    "navigationBar": {
      "left": {
        "text": "上一个"
      },
      "right": {
        "text": "下一个"
      }
    }
  },
  "Card.VoltMX.CreateDetailsNative_v9.mapping1": {
    "content": {
      "title": "更新映射编辑器",
      "body": "<ol>\n<li>从右上角<strong>动作编辑器</strong>窗口，选择<strong>设计视图</strong>.</li>\n<li>选择<strong>调用服务名称：RecipientStorage$Recipients$get</strong>.</li>\n<li>从右侧窗格中，选择<strong>更新过滤器查询。&nbsp;<br /></strong><strong>映射编辑器</strong>窗口出现。</li>\n<li>从右侧窗格<strong>映射编辑器</strong>，展开<strong>服务</strong>&gt;<strong>服务RecipientStorage$Recipients$get</strong>.</li>\n<li>右键单击并选择<strong>解除绑定</strong>对于以下字段：<ul>\n<li><strong>名字{字符串}</strong></li>\n<li><strong>姓氏{字符串}</strong></li>\n<li><strong>昵称{字符串}</strong></li>\n<li><strong>电话{字符串}</strong></li>\n</ul></li>\n<li>点击<strong>保存</strong>.</li>\n</ol>"
    },
    "navigationBar": {
      "left": {
        "text": "上一个"
      },
      "right": {
        "text": "下一个"
      }
    }
  },
  "Card.VoltMX.CreateDetailsNative_v9.nav": {
    "content": {
      "title": "向收件人屏幕添加导航",
      "body": "<ol>\n<li>来自<strong>项目</strong>资源管理器，导航到<strong>手机</strong>&gt;<strong>表格</strong>&gt;<strong>frmDetails</strong>&gt;<strong>flexFooter</strong>并选择<strong> flxRecipientSelected</strong>.</li>\n<li>来自<strong>属性</strong>面板，导航到<strong>行动</strong>标签。</li>\n<li>对于<strong>点击</strong>事件，点击<strong>编辑</strong>. <br /><strong>动作编辑器</strong>窗口出现。</li>\n</ol>"
    },
    "navigationBar": {
      "left": {
        "text": "上一个"
      },
      "right": {
        "text": "下一个"
      }
    }
  },
  "Card.VoltMX.CreateDetailsNative_v9.nav1": {
    "content": {
      "title": "向收件人屏幕添加导航",
      "body": "<ol>\n<li>来自<strong>动作编辑器</strong>左侧菜单，在<strong>一般</strong>部分，选择<strong>导航到表单</strong>.</li>\n<li>在右侧窗格中<strong>动作编辑器</strong>，选择<strong>frmRecipients</strong>.</li>\n<li>点击<strong>保存</strong>.</li>\n</ol>"
    },
    "navigationBar": {
      "left": {
        "text": "上一个"
      },
      "right": {
        "text": "下一个"
      }
    }
  },
  "Card.VoltMX.CreateDetailsNative_v9.nav2": {
    "content": {
      "title": "导航到帐户屏幕",
      "body": "<ol>\n<li>来自<strong>项目浏览器</strong> , 导航到<strong>手机</strong>&gt;<strong>表格</strong>&gt;<strong>frmDetails</strong>&gt;<strong>flexFooter</strong>并选择<strong>flxAccounts</strong>.</li>\n<li>来自<strong>属性</strong>面板，导航到<strong>行动</strong>标签。</li>\n<li>对于<strong>点击</strong>事件，点击<strong>编辑</strong>. <br /><strong>动作编辑器</strong>窗口出现。</li>\n</ol>"
    },
    "navigationBar": {
      "left": {
        "text": "上一个"
      },
      "right": {
        "text": "下一个"
      }
    }
  },
  "Card.VoltMX.CreateDetailsNative_v9.nav3": {
    "content": {
      "title": "将导航添加到帐户屏幕",
      "body": "<ol>\n<li>来自<strong>动作编辑器</strong>左侧菜单，在<strong>一般</strong>部分，选择<strong>导航到表单</strong>.</li>\n<li>在右侧窗格中<strong>动作编辑器</strong>，选择<strong>frmAccount</strong>.</li>\n<li>点击<strong>保存</strong>.</li>\n</ol>"
    },
    "navigationBar": {
      "left": {
        "text": "上一个"
      },
      "right": {
        "text": "下一个"
      }
    }
  },
  "Card.VoltMX.CreateDetailsNative_v9.nav4": {
    "content": {
      "title": "为后退按钮添加导航",
      "body": "<ol>\n<li>来自<strong>项目浏览器</strong> , 导航到<strong>frmDetails</strong>&gt;<strong>flexHeader，</strong>选择<strong>headerButtonLeft</strong>.</li>\n<li>来自<strong>属性</strong>面板，导航到<strong>行动</strong>标签。</li>\n<li>对于<strong>点击</strong>事件，点击<strong>编辑</strong>. <br /><strong>动作编辑器</strong>窗口出现。</li>\n</ol>"
    },
    "navigationBar": {
      "left": {
        "text": "上一个"
      },
      "right": {
        "text": "下一个"
      }
    }
  },
  "Card.VoltMX.CreateDetailsNative_v9.nav5": {
    "content": {
      "title": "为后退按钮添加导航",
      "body": "<ol>\n<li>来自<strong>动作编辑器</strong>左侧菜单，在<strong>一般</strong>部分，选择<strong>导航到表单</strong>.</li>\n<li>从右侧窗格<strong>动作编辑器</strong>，选择<strong>frmRecipients</strong>.</li>\n<li>点击<strong>保存</strong>.</li>\n</ol>"
    },
    "navigationBar": {
      "left": {
        "text": "上一个"
      },
      "right": {
        "text": "下一个"
      }
    }
  },
  "Card.VoltMX.CreateDetailsNative_v9.successheader": {
    "content": {
      "title": "添加成功标题",
      "body": "<ol>\n<li>来自<strong>项目</strong>资源管理器，展开<strong>手机</strong>&gt;&nbsp;<strong>表格</strong> ，然后选择<strong>frmDetails</strong>.</li>\n<li>从画布的左下角，导航到<strong>默认库</strong>.</li>\n<li> 旁边<strong>默认库</strong> ，你会看到<strong>我的图书馆</strong>选项卡和搜索图标。<br />点击搜索图标。</li>\n<li>在出现的搜索栏中，输入<strong>标题</strong>.</li>\n</ol>"
    },
    "navigationBar": {
      "left": {
        "text": "上一个"
      },
      "right": {
        "text": "下一个"
      }
    }
  },
  "Card.VoltMX.CreateDetailsNative_v9.successheader1": {
    "content": {
      "title": "添加成功标题",
      "body": "<ol>\n<li>从结果来看，在<strong> RecipientsMobile</strong>收藏，右键单击<strong>DeleteSuccessHeader</strong>然后选择<strong>插入</strong>.</li>\n<li><b>DeleteSuccessHeader</b>添加到<b>frmDetails</b>表格。</li>\n<li>点击<strong>关闭</strong>在<strong>解决冲突</strong>窗口。</li>\n</ol>"
    },
    "navigationBar": {
      "left": {
        "text": "上一个"
      },
      "right": {
        "text": "下一个"
      }
    }
  },
  "Card.VoltMX.CreateDetailsNative_v9.UIchange1": {
    "content": {
      "title": "收件人详细信息屏幕 UI",
      "body": "<ol>\n<li>来自<strong>数据&amp;服务</strong>面板，展开<strong>项目服务</strong>&gt;<strong>收件人存储</strong>&gt;<strong>收件人</strong>.</li>\n<li>选择<strong>得到</strong>操作并将其放在画布上。<br /><strong>你想生成什么？</strong>窗口出现。</li>\n</ol>"
    },
    "navigationBar": {
      "left": {
        "text": "上一个"
      },
      "right": {
        "text": "下一个"
      }
    }
  },
  "Card.VoltMX.CreateDetailsNative_v9.UIchange2": {
    "content": {
      "title": "收件人详细信息屏幕 UI",
      "body": "<ol>\n<li>来自<strong>你想生成什么？</strong>窗口，选择<strong>使用响应的详细信息</strong>.</li>\n<li>点击<strong>好的</strong>.<br />出现一个新窗口，询问您是否要从<strong>frmRecipients</strong>.</li>\n<li>点击<strong>是</strong>.<br /> Iris 可能需要一些时间来加载参数和生成 UI。<br />UI<strong>frmDetails</strong>屏幕已创建。</li>\n</ol>"
    },
    "navigationBar": {
      "left": {
        "text": "上一个"
      },
      "right": {
        "text": "下一个"
      }
    }
  },
  "Card.VoltMX.CreateDetailsNative_v9.UIchange3": {
    "content": {
      "title": "删除默认标题",
      "body": "<ol>\n<li>来自<strong>项目</strong>资源管理器，导航到<strong>手机</strong>&gt;&nbsp;<strong>表格</strong>&gt;&nbsp;<strong>frmDetails</strong>.</li>\n<li>右键删除<strong>flexHeader</strong>.</li>\n</ol>"
    },
    "navigationBar": {
      "left": {
        "text": "上一个"
      },
      "right": {
        "text": "下一个"
      }
    }
  },
  "Card.VoltMX.CreateDetailsNative_v9.UIchange4": {
    "content": {
      "title": "自定义用户界面",
      "body": "<ol><li>来自<strong>项目</strong>资源管理器，导航到<strong>手机</strong>&gt;<strong>表格</strong>&gt;<strong>frmDetails</strong>并选择<b>flexFieldsContainer</b>.</li>\n<li>来自<b>属性</b>面板，导航到<b>看</b>选项卡。</li><li> 在<strong>动态表格</strong>部分，用于<strong>字段</strong>，点击<strong>定制</strong>.<br /><strong>配置细节</strong>窗口出现<strong>.</strong></li>\n<li>在<strong>配置细节</strong>窗口，用于<strong>字段</strong>，提供以下<strong>显示名称</strong>:\n<ul>\n<li><strong>名字</strong>字段：<strong>名字</strong></li>\n<li><strong>姓氏</strong>字段：<strong>最后</strong><strong>姓名</strong></li>\n<li><strong>昵称</strong>字段：<strong>昵称</strong></li>\n<li><strong>电话</strong>字段：<strong>电话号码</strong></li>\n</ul>\n</li>\n<li>点击<strong>再生</strong>.</li>\n</ol>"
    },
    "navigationBar": {
      "left": {
        "text": "上一个"
      },
      "right": {
        "text": "下一个"
      }
    }
  },
  "Card.VoltMX.CreateDetailsNative_v9.UIchange5": {
    "content": {
      "title": "收件人详细信息屏幕 UI",
      "body": "<ol>\n<li>来自<strong>项目</strong>资源管理器，展开<strong>手机</strong>&gt;&nbsp;<strong>表格</strong>&gt;<strong>frmDetails</strong>&gt;<strong>flexFieldsContainer</strong> ，然后选择<strong>flexRecipientID</strong>.</li>\n<li>来自<strong>属性</strong>面板，导航到<strong>看</strong>选项卡。</li>\n<li> 在<strong>一般</strong>部分，用于<strong>可见</strong>字段，选择<strong>关闭</strong>.</li>\n</ol>"
    },
    "navigationBar": {
      "left": {
        "text": "上一个"
      },
      "right": {
        "text": "下一个"
      }
    }
  },
  "Card.VoltMX.CreateDetailsNat_v9.createDetailsSc": {
    "content": {
      "title": "创建收件人详细信息屏幕",
      "body": "<ol>\n<li>来自<strong>项目</strong>资源管理器，展开<strong>手机</strong>.</li>\n<li>右击<strong>表格</strong> ，然后选择<strong>新表格</strong>.</li>\n<li>重命名新表格<strong>frmDetails</strong>.</li>\n</ol>"
    },
    "navigationBar": {
      "left": {
        "text": "上一个"
      },
      "right": {
        "text": "下一个"
      }
    }
  },
  "Card.VoltMX.CreateDetailsScreen_v9.appViewer": {
    "content": {
      "title": "Volt MX 应用程序",
      "body": "<ol>\n<li>使用 USB 数据线将您的移动设备连接到您的计算机。<br /> 对于Android移动设备，确保USB设置为<strong>传输文件</strong>.<br />对于 iOS 移动设备，请确保<strong>信任</strong> 已在设备和计算机之间建立。</li>\n<li>启动你的<strong>Volt MX 应用程序</strong>在您的移动设备上。</li>\n<li>选择<strong>USB</strong>选项卡。<br/>连接成功后，<strong>虹膜</strong>在您的计算机上显示成功提示。</li>\n</ol>"
    },
    "navigationBar": {
      "left": {
        "text": "上一个"
      },
      "right": {
        "text": "下一个"
      }
    }
  },
  "Card.VoltMX.CreateDetailsScreen_v9.run": {
    "content": {
      "title": "运行应用程序",
      "body": "<ol>\n<li>从左侧导航栏中，单击<strong>运行</strong>.<br /> Iris 显示需要一些时间<strong>实时预览已准备就绪</strong>窗口。</li>\n<li>在 Iris 运行应用程序后，在您的<strong>Volt MX 应用程序</strong>，点击<strong>启动</strong>.</li>\n<li>您可能会看到<strong>应用程序名称</strong>文本框。如果有文本框，输入<strong>RecipientsMobApp</strong> ，然后单击<strong>启动</strong>.</li>\n</ol>"
    },
    "navigationBar": {
      "left": {
        "text": "上一个"
      },
      "right": {
        "text": "下一个"
      }
    }
  },
  "Card.VoltMX.CreateDetailsScreen_v9.view": {
    "content": {
      "title": "查看应用",
      "body": "<ol>\n<li>在您的应用中输入以下登录凭据。<ul>\n<li>用户名：<strong>john.doe@woodburn.com</strong></li>\n<li>密码：<strong>VoltMX@123</strong></li>\n</ul>\n</li>\n<li>点击<strong>登录</strong>.<br /><strong>账户列表</strong>出现。</li>\n<li>点击<strong>收件人</strong>.<br /><strong>收件人列表</strong>出现。</li>\n<li>从列表中选择收件人以查看其详细信息。<br /> 从详情页面，您可以删除收件人。<br/>您将学习如何在下一次远足中创建和编辑收件人。</li>\n<li>退出应用程序<strong>手机</strong>设备，从左向右滑动两根手指或摇动您的移动设备并单击<strong>退出应用</strong>.</li>\n</ol>"
    },
    "navigationBar": {
      "left": {
        "text": "上一个"
      },
      "right": {
        "text": "下一个"
      }
    }
  }
}