{
  "Tour.CreateDetailsNative_v9": {
    "description": " यात्रा का विवरण"
  },
  "Hike.VoltMX.CreateDetailsNative_v9": {
    "description": " वृद्धि का विवरण"
  },
  "Card.VoltMX.CreateDetailsNative_v9.deleteFeature": {
    "content": {
      "title": " डिलीट फीचर जोड़ना",
      "body": "<ol>\n<li> से<strong> परियोजना</strong> एक्सप्लोरर, विस्तृत करें<strong> मोबाइल</strong> &gt;<strong> प्रपत्र</strong> और चुनें<strong> frmविवरण</strong>.</li>\n<li> से<strong> डेटा &amp; सेवाएं</strong> पैनल, विस्तार करें<strong> परियोजना सेवाएं</strong> &gt;<strong> प्राप्तकर्ता भंडारण</strong> &gt;<strong> प्राप्तकर्ता</strong> और चुनें<b> हटाएं</b> ऑपरेशन।</li>\n<li> ड्रॉप करें<strong> हटाएं</strong> कैनवास पर ऑपरेशन।<br /> यह बनाता है<strong> हटाएं</strong> बटन।</li>\n</ol>"
    },
    "navigationBar": {
      "left": {
        "text": " पिछला"
      },
      "right": {
        "text": " अगला"
      }
    }
  },
  "Card.VoltMX.CreateDetailsNative_v9.deleteFeature1": {
    "content": {
      "title": " डिलीट फीचर जोड़ना",
      "body": "<ol>\n<li> से<strong> प्रोजेक्ट एक्सप्लोरर</strong> , विस्तृत करें<strong> मोबाइल</strong> &gt;<strong> प्रपत्र</strong> &gt;<strong> frm विवरण</strong> &gt;<strong> flexFieldsContainer</strong> और चुनें<strong> btnवर्ग</strong>.</li>\n<li> From<strong> गुण</strong> पैनल, पर नेविगेट करें<strong> क्रिया</strong> टैब।</li>\n<li> के लिए<strong> ऑनक्लिक</strong> घटना, क्लिक करें<strong> संपादित करें</strong>.<br /> The<strong> एक्शन एडिटर</strong> विंडो प्रकट होती है।</li>\n</ol>"
    },
    "navigationBar": {
      "left": {
        "text": " पिछला"
      },
      "right": {
        "text": " अगला"
      }
    }
  },
  "Card.VoltMX.CreateDetailsNative_v9.deleteFeature11": {
    "content": {
      "title": " डिलीट फीचर जोड़ना",
      "body": "<ol>\n<li> के ऊपरी-दाएँ कोने से<strong> एक्शन एडिटर</strong> विंडो, चुनें<strong> डिज़ाइन दृश्य</strong>.</li>\n<li> से<strong> एक्शन एडिटर</strong> कैनवास, चुनें<strong> सेवा का आह्वान करें</strong> (नाम:<strong> RecipientStorage$Recipients$delete</strong>)।</li>\n<li> एक्शन एडिटर के दाएँ फलक से, चुनें<strong> ओपन मैपिंग एडिटर</strong>. <br /> मैपिंग संपादक विंडो प्रकट होती है।</li>\n</ol>"
    },
    "navigationBar": {
      "left": {
        "text": " पिछला"
      },
      "right": {
        "text": " अगला"
      }
    }
  },
  "Card.VoltMX.CreateDetailsNative_v9.deleteFeature2": {
    "content": {
      "title": " डिलीट फीचर जोड़ना",
      "body": "<ol>\n<li> मैपिंग संपादक के बाएँ फलक से, विस्तृत करें<strong> प्रपत्र</strong> &gt;<strong> frm विवरण</strong> &gt;<strong> लेबल - lblRecipientIDValue</strong> , और चुनें<strong> टेक्स्ट {स्ट्रिंग}</strong>.</li>\n<li> मैपिंग संपादक के दाएँ फलक से, विस्तृत करें<strong> सेवाएं</strong> &gt;<strong> RecipientStorage$Recipients$delete</strong> , और चुनें<strong> प्राप्तकर्ता आईडी {संख्या}</strong>.</li>\n<li> से<strong> एक्शन एडिटर</strong> कैनवास, का चयन करें<strong> IF</strong> शर्त।</li>\n</ol>"
    },
    "navigationBar": {
      "left": {
        "text": " पिछला"
      },
      "right": {
        "text": " अगला"
      }
    }
  },
  "Card.VoltMX.CreateDetailsNative_v9.deleteFeature21": {
    "content": {
      "title": " डिलीट फीचर जोड़ना",
      "body": "<ol>\n<li> के बाएं मेनू से<strong> एक्शन एडिटर</strong> , के तहत<strong> विजेट</strong> अनुभाग, चुनें<strong> विजेट संपत्ति सेट करें</strong>.</li>\n<li> दाएँ फलक से, नीचे<strong> मोबाइल</strong> <strong> प्रपत्र</strong> &gt;<strong> frm विवरण</strong> &gt;<strong> flexFieldsContainer</strong> , चुनें<strong> flexDeleteSuccessHeader</strong>.</li>\n<li> मैपिंग संपादक के दाएँ फलक में, निम्नलिखित मान प्रदान करें।<ul>\n<li> संपत्ति:<strong> दर्शनीय</strong></li>\n<li> मान:<strong> सच</strong></li>\n</ul>\n</li>\n</ol>"
    },
    "navigationBar": {
      "left": {
        "text": " पिछला"
      },
      "right": {
        "text": " अगला"
      }
    }
  },
  "Card.VoltMX.CreateDetailsNative_v9.deleteFeature3": {
    "content": {
      "title": " डिलीट फीचर जोड़ना",
      "body": "<ol>\n<li> के बाएं मेनू से<strong> एक्शन एडिटर</strong> , के तहत<strong> विजेट</strong> अनुभाग, चुनें<strong> विजेट संपत्ति सेट करें</strong>.</li>\n<li> दाएँ फलक से, नीचे<strong> मोबाइल फॉर्म</strong> &gt;<strong> frm विवरण</strong> &gt;<strong> flexFieldsContainer</strong> , और चुनें<strong> btnवर्ग</strong>.</li>\n<li> मैपिंग संपादक के दाएँ फलक में, निम्नलिखित मान प्रदान करें।<ul>\n<li> संपत्ति:<strong> अस्पष्टता</strong></li>\n<li> मान:<strong> 60%</strong></li>\n</ul>\n</li>\n</ol>"
    },
    "navigationBar": {
      "left": {
        "text": " पिछला"
      },
      "right": {
        "text": " अगला"
      }
    }
  },
  "Card.VoltMX.CreateDetailsNative_v9.deleteFeature4": {
    "content": {
      "title": " डिलीट फीचर जोड़ना",
      "body": "<ol>\n<li> एक्शन एडिटर के बाएं मेनू से, के तहत<strong> समारोह:</strong> , चुनें<strong> स्निपेट जोड़ें</strong>.</li>\n<li> एक्शन एडिटर के दाएँ फलक पर, निम्नलिखित कोड प्रदान करें:<br /><span style=\"background-color: #999999;\"><strong> self.view.forceLayout();</strong></span></li>\n<li> एक्शन एडिटर के बाएं मेनू से, के तहत<strong> सामान्य,</strong> चुनें<strong> टाइमआउट सेट करें</strong>.</li>\n<li> मैपिंग संपादक के दाएँ फलक में, निम्नलिखित मान प्रदान करें:<ul>\n<li> विलंब:<strong>2</strong></li>\n</ul>\n</li>\n</ol>"
    },
    "navigationBar": {
      "left": {
        "text": " पिछला"
      },
      "right": {
        "text": " अगला"
      }
    }
  },
  "Card.VoltMX.CreateDetailsNative_v9.deleteFeature5": {
    "content": {
      "title": " डिलीट फीचर जोड़ना",
      "body": "<ol>\n<li> के बाएं मेनू से<strong> एक्शन एडिटर</strong> , के तहत<strong> विजेट</strong> अनुभाग, चुनें<strong> विजेट संपत्ति सेट करें</strong>.</li>\n<li> दाएँ फलक से, नीचे<strong> मोबाइल</strong> <strong> प्रपत्र</strong> &gt;<strong> frmविवरण</strong> &gt;<strong> flexFieldsContainer</strong> , चुनें<strong> flexDeleteSuccessHeader</strong>.</li>\n<li> मैपिंग संपादक के दाएँ फलक में, निम्नलिखित मान प्रदान करें।<ul>\n<li> संपत्ति:<strong> दर्शनीय</strong></li>\n<li> मान:<strong> गलत</strong></li>\n</ul>\n</li>\n</ol>"
    },
    "navigationBar": {
      "left": {
        "text": " पिछला"
      },
      "right": {
        "text": " अगला"
      }
    }
  },
  "Card.VoltMX.CreateDetailsNative_v9.deleteFeature6": {
    "content": {
      "title": " डिलीट फीचर जोड़ना",
      "body": "<ol>\n<li> के बाएं मेनू से<strong> एक्शन एडिटर</strong> , के तहत<strong> विजेट</strong> अनुभाग, चुनें<strong> विजेट संपत्ति सेट करें</strong>.</li>\n<li> दाएँ फलक से, नीचे<strong> मोबाइल फॉर्म</strong> &gt;<strong> frm विवरण</strong> &gt;<strong> frmFieldsContainer</strong> , और चुनें<strong> btnवर्ग</strong>.</li>\n<li> मैपिंग संपादक के दाएँ फलक में, निम्नलिखित मान प्रदान करें।<ul>\n<li> संपत्ति:<strong> अस्पष्टता</strong></li>\n<li> मान:<strong> 100%</strong></li>\n</ul>\n</li>\n</ol>"
    },
    "navigationBar": {
      "left": {
        "text": " पिछला"
      },
      "right": {
        "text": " अगला"
      }
    }
  },
  "Card.VoltMX.CreateDetailsNative_v9.deletFeature7": {
    "content": {
      "title": " डिलीट फीचर जोड़ना",
      "body": "<ol>\n<li> के बाएं मेनू से<strong> एक्शन एडिटर</strong> , के तहत<strong> समारोह:</strong> , चुनें&nbsp;<strong> स्निपेट जोड़ें</strong>.</li>\n<li> एक्शन एडिटर के दाएँ फलक में, निम्नलिखित कोड प्रदान करें:<br /><span style=\"background-color: #999999;\"><strong> self.view.forceLayout();</strong></span></li>\n<li> एक्शन एडिटर के बाएं मेनू से, के तहत<strong> सामान्य</strong> , चुनें<strong> फॉर्म पर नेविगेट करें</strong>.</li>\n<li> एक्शन एडिटर के दाएँ फलक से, चुनें<strong> frm विवरण</strong>.</li>\n<li> क्लिक करें<strong> सहेजें</strong>.</li>\n</ol>"
    },
    "navigationBar": {
      "left": {
        "text": " पिछला"
      },
      "right": {
        "text": " अगला"
      }
    }
  },
  "Card.VoltMX.CreateDetailsNative_v9.done": {
    "content": {
      "title": " बधाई",
      "body": "<p> आपने सफलतापूर्वक:</p>\n<ul>\n<li><strong> प्राप्तकर्ता विवरण स्क्रीन बनाई गई</strong></li>\n<li><strong> सेवाओं के लिए प्राप्तकर्ता विवरण UI मैप किया गया<br /></strong></li>\n<li><strong> ऐप में अन्य सभी रूपों में लागू नेविगेशन</strong></li>\n<li><strong> प्राप्तकर्ता विवरण प्रपत्र में कार्यान्वित लॉगआउट<br /></strong></li>\n</ul>\n<p> प्राप्तकर्ता बनाने के बारे में अधिक जानकारी के लिए अगली वृद्धि देखें:<a class=\"tour-link\" tour=\"da2bbctf-3ba6-49rf-b2u9-b842dand\"><strong> 7. प्राप्तकर्ता जोड़ें</strong></a>.</p>"
    },
    "navigationBar": {
      "left": {
        "text": " पिछला"
      },
      "right": {
        "text": " हो गया"
      }
    }
  },
  "Card.VoltMX.CreateDetailsNative_v9.finalChanges": {
    "content": {
      "title": " अतिरिक्त फ्लेक्स कंटेनर हटाएं",
      "body": "<ol>\n<li> से<strong> परियोजना</strong> <strong> एक्सप्लोरर</strong> , विस्तृत करें<strong> मोबाइल</strong> &gt;<strong> प्रपत्र</strong> &gt;<b> frm विवरण</b> > <strong> flexFieldsContainer</strong> , और चुनें<strong> flexFieldsContainer1</strong>.</li>\n<li> राइट-क्लिक करें और हटाएं<strong> flexFieldsContainer1</strong>.</li>\n</ol>"
    },
    "navigationBar": {
      "left": {
        "text": " पिछला"
      },
      "right": {
        "text": " अगला"
      }
    }
  },
  "Card.VoltMX.CreateDetailsNative_v9.finalChanges1": {
    "content": {
      "title": " UI को अनुकूलित करना",
      "body": "<ol>\n<li> से<strong> परियोजना</strong> <strong> एक्सप्लोरर</strong> , विस्तृत करें<strong> मोबाइल</strong> &gt;<strong> प्रपत्र</strong> &gt;<b> frmविवरण</b> >\n <strong> flexFieldsContainer</strong> &gt;<strong> flexFooter1</strong> &gt;<strong> flexSquaredBorderedButton</strong> , और चुनें<strong> btnवर्ग।</strong></li>\n<li> राइट-क्लिक करें और काटें<strong> btnवर्ग</strong>.</li>\n<li> से<strong> परियोजना</strong> <strong> एक्सप्लोरर</strong> , विस्तृत करें<strong> मोबाइल</strong> &gt;<strong> प्रपत्र</strong> &gt;<b> frm विवरण</b> > <strong> flexFieldsContainer</strong> और चुनें<b> चिपकाएँ</b>.</li>\n</ol>"
    },
    "navigationBar": {
      "left": {
        "text": " पिछला"
      },
      "right": {
        "text": " अगला"
      }
    }
  },
  "Card.VoltMX.CreateDetailsNative_v9.finalChanges2": {
    "content": {
      "title": " UI को अनुकूलित करना",
      "body": "<ol>\n<li> से<strong> परियोजना</strong> <strong> एक्सप्लोरर</strong> , विस्तृत करें<strong> मोबाइल</strong> &gt;<strong> प्रपत्र</strong> &gt;<b> frm विवरण</b> > <strong> flexFieldsContainer</strong> , और चुनें<strong> flexFooter1</strong>.</li>\n<li> राइट-क्लिक करें और हटाएं<strong> flexFooter1</strong>.</li>\n<li> प्रोजेक्ट एक्सप्लोरर से, विस्तृत करें<strong> मोबाइल</strong> &gt;<strong> प्रपत्र</strong> &gt;<b> frm विवरण</b> > <strong> flexFieldsContainer</strong> और चुनें<strong> btnवर्ग</strong>.</li>\n<li> से<strong> गुण</strong> पैनल, पर नेविगेट करें<strong> देखो</strong> टैब।</li>\n<li> के तहत<strong> फ्लेक्स</strong> अनुभाग, निम्नलिखित मान प्रदान करें:<ul>\n<li> शीर्ष:<strong> 30%</strong></li>\n<li> चौड़ाई:<strong> 89%</strong></li>\n<li> ऊँचाई:<strong> 7%</strong></li>\n<li> केंद्र X:<strong> 50%</strong></li>\n<li> केंद्र Y:<strong> डिफ़ॉल्ट</strong></li>\n</ul>\n</li>\n</ol>"
    },
    "navigationBar": {
      "left": {
        "text": " पिछला"
      },
      "right": {
        "text": " अगला"
      }
    }
  },
  "Card.VoltMX.CreateDetailsNative_v9.footer": {
    "content": {
      "title": " विवरण स्क्रीन के पाद लेख को कॉन्फ़िगर करें",
      "body": "<ol>\n<li> से<strong> परियोजना</strong> एक्सप्लोरर, विस्तार करें<strong> मोबाइल</strong> &gt;&nbsp;<strong> प्रपत्र</strong> , और चुनें<strong> frm विवरण</strong>.</li>\n<li> अपने कैनवास के निचले-बाएँ से नेविगेट करें<strong> डिफ़ॉल्ट लाइब्रेरी</strong>.</li>\n<li> के आगे<strong> डिफ़ॉल्ट लाइब्रेरी</strong> , आप देखेंगे<strong> मेरी लाइब्रेरी</strong> टैब और एक खोज आइकन।<br /> खोज आइकन पर क्लिक करें।</li>\n<li> दिखाई देने वाले खोज बार में, दर्ज करें<strong> पाद लेख</strong>.</li>\n</ol>"
    },
    "navigationBar": {
      "left": {
        "text": " पिछला"
      },
      "right": {
        "text": " अगला"
      }
    }
  },
  "Card.VoltMX.CreateDetailsNative_v9.footer1": {
    "content": {
      "title": " विवरण स्क्रीन के पाद लेख को कॉन्फ़िगर करें",
      "body": "<ol>\n<li> परिणामों से, के तहत<strong> प्राप्तकर्तामोबाइल</strong> , राइट-क्लिक करें<strong> विवरण पाद लेख</strong> और चुनें<strong> इसमें डालें</strong>.</li>\n<li> The<b> विवरण पाद लेख</b> में जोड़ा जाता है<b> frm विवरण</b> फॉर्म।</li>\n<li> क्लिक करें<strong> बंद करें</strong> पर<strong> विवादों का समाधान</strong> window.</li>\n</ol>"
    },
    "navigationBar": {
      "left": {
        "text": " पिछला"
      },
      "right": {
        "text": " अगला"
      }
    }
  },
  "Card.VoltMX.CreateDetailsNative_v9.header": {
    "content": {
      "title": " विवरण स्क्रीन के शीर्षलेख को कॉन्फ़िगर करें",
      "body": "<ol>\n<li> से<strong> परियोजना</strong> एक्सप्लोरर, विस्तार करें<strong> मोबाइल</strong> &gt;&nbsp;<strong> प्रपत्र</strong> , और चुनें<strong> frm विवरण</strong>.</li>\n<li> अपने कैनवास के निचले-बाएँ से नेविगेट करें<strong> डिफ़ॉल्ट लाइब्रेरी</strong>.</li>\n<li> के आगे<strong> डिफ़ॉल्ट लाइब्रेरी</strong> , आप देखेंगे<strong> मेरी लाइब्रेरी</strong> टैब और एक खोज आइकन।<br /> खोज आइकन पर क्लिक करें।</li>\n<li> दिखाई देने वाले खोज बार में, दर्ज करें<strong> हैडर</strong>.</li>\n</ol>"
    },
    "navigationBar": {
      "left": {
        "text": " पिछला"
      },
      "right": {
        "text": " अगला"
      }
    }
  },
  "Card.VoltMX.CreateDetailsNative_v9.header1": {
    "content": {
      "title": " विवरण स्क्रीन के शीर्षलेख को कॉन्फ़िगर करें",
      "body": "<ol>\n<li> परिणामों से, के तहत<strong> प्राप्तकर्तामोबाइल</strong> संग्रह, राइट-क्लिक करें<strong> विवरण हैडर</strong> और चुनें<strong> इसमें डालें</strong>.</li>\n<li> The<b> विवरण हैडर</b> में जोड़ा जाता है<b> frm विवरण</b> फॉर्म।</li>\n<li> क्लिक करें<strong> बंद करें</strong> पर<strong> विवादों का समाधान</strong> window.</li>\n</ol>"
    },
    "navigationBar": {
      "left": {
        "text": " पिछला"
      },
      "right": {
        "text": " अगला"
      }
    }
  },
  "Card.VoltMX.CreateDetailsNative_v9.Intro": {
    "content": {
      "title": " प्राप्तकर्ता विवरण स्क्रीन बनाएं",
      "body": "<p><strong> चलिए शुरू करते हैं!</strong></p>\n<p> इस वृद्धि में, आप सीखेंगे कि कैसे:</p>\n<ul>\n<li> एक प्राप्तकर्ता विवरण प्रपत्र बनाएँ</li>\n<li> सेवाओं का उपयोग करके प्राप्तकर्ता विवरण बनाने के लिए UI बनाएं</li>\n<li> प्राप्तकर्ताओं को हटाने के लिए सुविधा जोड़ें</li>\n</ul>\n<p> आरंभ करने से पहले, निम्नलिखित हाइक को पूरा करें:</p>\n<ol><b>\n<li><a class=\"tour-link\" tour=\"7408efte-e2aa-4cr8-a9ub-d7ba36n8\"> अपना पहला मोबाइल ऐप लॉन्च करें</a></li><li><a class=\"tour-link\" tour=\"a617eft5-7ca8-4ard-8eu8-94cdean5\"> संग्रह से UI बनाएं</a></li><li><a class=\"tour-link\" tour=\"15d8c7t4-cda7-40rb-afu7-345cfcnc\"> ऐप में प्रमाणीकरण जोड़ें</a></li>\n<li><a class=\"tour-link\" tour=\"a7a762t5-3eac-44r5-8bu2-89b781n1\"> एक नेटिव ऐप के लिए सेवाएं बनाना</a> </li>\n<li><a class=\"tour-link\" tour=\"fab6d8ta-91ac-4frc-8fud-14a9f7na\"> ऐप UI को किसी नेटिव ऐप में डेटा से कनेक्ट करें</a></li></b>\n</ol><br/>\n<p> सुनिश्चित करें कि आपने वही प्रोजेक्ट खोला है जिसे आपने पिछली हाइक में बनाया था।</p>\n<p> एक बंद परियोजना को खोलने के लिए, मुख्य मेनू से नेविगेट करें<strong> परियोजना</strong> &gt;<strong> खुला</strong> &gt;<strong> एचसीएल संदर्भ वास्तुकला</strong> &gt;<strong> प्राप्तकर्ताMobApp</strong>.</p><br/>\n<p><strong> जब आप तैयार हों, तो स्टार्ट पर क्लिक करें!</strong></p>"
    },
    "navigationBar": {
      "left": {
        "text": " पिछला"
      },
      "right": {
        "text": " प्रारंभ"
      }
    }
  },
  "Card.VoltMX.CreateDetailsNative_v9.mapping": {
    "content": {
      "title": " मैपिंग एडिटर को अपडेट करना",
      "body": "<ol>\n<li> से<b> परियोजना</b> एक्सप्लोरर, चुनें<strong> frm विवरण</strong>.</li>\n<li> से<strong> गुण</strong> पैनल, पर नेविगेट करें<strong> क्रिया</strong> टैब।</li>\n<li> के लिए<strong> मानचित्रण पर</strong> घटना, क्लिक करें<strong> संपादित करें</strong>.<br /> The<b> एक्शन एडिटर</b> विंडो प्रकट होती है।</li>\n</ol>"
    },
    "navigationBar": {
      "left": {
        "text": " पिछला"
      },
      "right": {
        "text": " अगला"
      }
    }
  },
  "Card.VoltMX.CreateDetailsNative_v9.mapping1": {
    "content": {
      "title": " मैपिंग एडिटर को अपडेट करना",
      "body": "<ol>\n<li> के ऊपरी-दाएँ कोने से<strong> एक्शन एडिटर</strong> विंडो, चुनें<strong> डिज़ाइन दृश्य</strong>.</li>\n<li> चुनें<strong> सेवा का नाम आमंत्रित करें: RecipientStorage$Recipients$get</strong>.</li>\n<li> दाएँ फलक से, चुनें<strong> फ़िल्टर क्वेरी अपडेट करें.&nbsp;<br /></strong> The<strong> मानचित्रण संपादक</strong> विंडो प्रकट होती है।</li>\n<li> के दाएँ फलक से<strong> मानचित्रण संपादक</strong> , विस्तृत करें<strong> सेवाएं</strong> &gt;<strong> सेवा &ndash; RecipientStorage$Recipients$get</strong>.</li>\n<li> राइट-क्लिक करें और चुनें<strong> अनबाइंड</strong> निम्नलिखित क्षेत्रों के लिए:<ul>\n<li><strong> पहला नाम {स्ट्रिंग}</strong></li>\n<li><strong> अंतिम नाम {स्ट्रिंग}</strong></li>\n<li><strong> उपनाम {स्ट्रिंग}</strong></li>\n<li><strong> फ़ोन {स्ट्रिंग}</strong></li>\n</ul></li>\n<li> क्लिक करें<strong> सहेजें</strong>.</li>\n</ol>"
    },
    "navigationBar": {
      "left": {
        "text": " पिछला"
      },
      "right": {
        "text": " अगला"
      }
    }
  },
  "Card.VoltMX.CreateDetailsNative_v9.nav": {
    "content": {
      "title": " प्राप्तकर्ता स्क्रीन पर नेविगेशन जोड़ें",
      "body": "<ol>\n<li> से<strong> परियोजना</strong> एक्सप्लोरर, नेविगेट करें<strong> मोबाइल</strong> &gt;<strong> प्रपत्र</strong> &gt;<strong> frm विवरण</strong> &gt;<strong> flexFooter</strong> और चुनें<strong> flxRecipientचयनित</strong>.</li>\n<li> से<strong> गुण</strong> पैनल, पर नेविगेट करें<strong> क्रिया</strong> टैब।</li>\n<li> के लिए<strong> ऑनक्लिक</strong> घटना, क्लिक करें<strong> संपादित करें</strong>. <br /> The<strong> एक्शन एडिटर</strong> विंडो प्रकट होती है।</li>\n</ol>"
    },
    "navigationBar": {
      "left": {
        "text": " पिछला"
      },
      "right": {
        "text": " अगला"
      }
    }
  },
  "Card.VoltMX.CreateDetailsNative_v9.nav1": {
    "content": {
      "title": " प्राप्तकर्ता स्क्रीन पर नेविगेशन जोड़ें",
      "body": "<ol>\n<li> से<strong> एक्शन एडिटर</strong> बाएँ मेनू, के अंतर्गत<strong> सामान्य</strong> अनुभाग, चुनें<strong> फॉर्म पर नेविगेट करें</strong>.</li>\n<li> दाएँ फलक में<strong> एक्शन एडिटर</strong> , चुनें<strong> frmप्राप्तकर्ता</strong>.</li>\n<li> क्लिक करें<strong> सहेजें</strong>.</li>\n</ol>"
    },
    "navigationBar": {
      "left": {
        "text": " पिछला"
      },
      "right": {
        "text": " अगला"
      }
    }
  },
  "Card.VoltMX.CreateDetailsNative_v9.nav2": {
    "content": {
      "title": " अकाउंट स्क्रीन पर नेविगेशन",
      "body": "<ol>\n<li> से<strong> प्रोजेक्ट एक्सप्लोरर</strong> नेविगेट करें<strong> मोबाइल</strong> &gt;<strong> प्रपत्र</strong> &gt;<strong> frm विवरण</strong> &gt;<strong> flexFooter</strong> और चुनें<strong> flxखाते</strong>.</li>\n<li> से<strong> गुण</strong> पैनल, पर नेविगेट करें<strong> क्रिया</strong> टैब।</li>\n<li> के लिए<strong> ऑनक्लिक</strong> घटना, क्लिक करें<strong> संपादित करें</strong>. <br /> The<strong> एक्शन एडिटर</strong> विंडो प्रकट होती है।</li>\n</ol>"
    },
    "navigationBar": {
      "left": {
        "text": " पिछला"
      },
      "right": {
        "text": " अगला"
      }
    }
  },
  "Card.VoltMX.CreateDetailsNative_v9.nav3": {
    "content": {
      "title": " अकाउंट स्क्रीन में नेविगेशन जोड़ें",
      "body": "<ol>\n<li> से<strong> एक्शन एडिटर</strong> बाएँ मेनू, के अंतर्गत<strong> सामान्य</strong> अनुभाग, चुनें<strong> फॉर्म पर नेविगेट करें</strong>.</li>\n<li> दाएँ फलक में<strong> एक्शन एडिटर</strong> , चुनें<strong> frmखाता</strong>.</li>\n<li> क्लिक करें<strong> सहेजें</strong>.</li>\n</ol>"
    },
    "navigationBar": {
      "left": {
        "text": " पिछला"
      },
      "right": {
        "text": " अगला"
      }
    }
  },
  "Card.VoltMX.CreateDetailsNative_v9.nav4": {
    "content": {
      "title": " बैक बटन के लिए नेविगेशन जोड़ें",
      "body": "<ol>\n<li> से<strong> प्रोजेक्ट एक्सप्लोरर</strong> नेविगेट करें<strong> frm विवरण</strong> &gt;<strong> फ्लेक्सहेडर,</strong> चुनें<strong> हैडरबटनबाएं</strong>.</li>\n<li> से<strong> गुण</strong> पैनल, पर नेविगेट करें<strong> क्रिया</strong> टैब।</li>\n<li> के लिए<strong> ऑनक्लिक</strong> घटना, क्लिक करें<strong> संपादित करें</strong>. <br /> The<strong> एक्शन एडिटर</strong> विंडो प्रकट होती है।</li>\n</ol>"
    },
    "navigationBar": {
      "left": {
        "text": " पिछला"
      },
      "right": {
        "text": " अगला"
      }
    }
  },
  "Card.VoltMX.CreateDetailsNative_v9.nav5": {
    "content": {
      "title": " बैक बटन के लिए नेविगेशन जोड़ें",
      "body": "<ol>\n<li> से<strong> एक्शन एडिटर</strong> बाएँ मेनू, के अंतर्गत<strong> सामान्य</strong> अनुभाग, चुनें<strong> फॉर्म पर नेविगेट करें</strong>.</li>\n<li> के दाएँ फलक से<strong> एक्शन एडिटर</strong> , चुनें<strong> frmप्राप्तकर्ता</strong>.</li>\n<li> क्लिक करें<strong> सहेजें</strong>.</li>\n</ol>"
    },
    "navigationBar": {
      "left": {
        "text": " पिछला"
      },
      "right": {
        "text": " अगला"
      }
    }
  },
  "Card.VoltMX.CreateDetailsNative_v9.successheader": {
    "content": {
      "title": " सक्सेस हैडर जोड़ें",
      "body": "<ol>\n<li> से<strong> परियोजना</strong> एक्सप्लोरर, विस्तार करें<strong> मोबाइल</strong> &gt;&nbsp;<strong> प्रपत्र</strong> , और चुनें<strong> frm विवरण</strong>.</li>\n<li> अपने कैनवास के निचले-बाएँ से नेविगेट करें<strong> डिफ़ॉल्ट लाइब्रेरी</strong>.</li>\n<li> के आगे<strong> डिफ़ॉल्ट लाइब्रेरी</strong> , आप देखेंगे<strong> मेरी लाइब्रेरी</strong> टैब और एक खोज आइकन।<br /> खोज आइकन पर क्लिक करें।</li>\n<li> दिखाई देने वाले खोज बार में, दर्ज करें<strong> हैडर</strong>.</li>\n</ol>"
    },
    "navigationBar": {
      "left": {
        "text": " पिछला"
      },
      "right": {
        "text": " अगला"
      }
    }
  },
  "Card.VoltMX.CreateDetailsNative_v9.successheader1": {
    "content": {
      "title": " सक्सेस हैडर जोड़ें",
      "body": "<ol>\n<li> परिणामों से, के तहत<strong> प्राप्तकर्तामोबाइल</strong> संग्रह, राइट-क्लिक करें<strong> DeleteSuccessHeader</strong> और चुनें<strong> इसमें डालें</strong>.</li>\n<li> The<b> DeleteSuccessHeader</b> में जोड़ा जाता है<b> frm विवरण</b> फॉर्म।</li>\n<li> क्लिक करें<strong> बंद करें</strong> पर<strong> विवादों का समाधान</strong> window.</li>\n</ol>"
    },
    "navigationBar": {
      "left": {
        "text": " पिछला"
      },
      "right": {
        "text": " अगला"
      }
    }
  },
  "Card.VoltMX.CreateDetailsNative_v9.UIchange1": {
    "content": {
      "title": " प्राप्तकर्ता विवरण स्क्रीन UI",
      "body": "<ol>\n<li> से<strong> डेटा &amp; सेवाएं</strong> पैनल, विस्तार करें<strong> परियोजना सेवाएं</strong> &gt;<strong> प्राप्तकर्ता भंडारण</strong> &gt;<strong> प्राप्तकर्ता</strong>.</li>\n<li> चुनें<strong> प्राप्त करें</strong> ऑपरेशन करें और इसे कैनवास पर छोड़ें।<br /> The<strong> आप क्या उत्पन्न करना चाहेंगे?</strong> विंडो प्रकट होती है।</li>\n</ol>"
    },
    "navigationBar": {
      "left": {
        "text": " पिछला"
      },
      "right": {
        "text": " अगला"
      }
    }
  },
  "Card.VoltMX.CreateDetailsNative_v9.UIchange2": {
    "content": {
      "title": " प्राप्तकर्ता विवरण स्क्रीन UI",
      "body": "<ol>\n<li> से<strong> आप क्या उत्पन्न करना चाहेंगे?</strong> विंडो, चुनें<strong> प्रतिक्रिया का उपयोग कर विवरण Details</strong>.</li>\n<li> क्लिक करें<strong> ठीक है</strong>.<br /> एक नई विंडो प्रकट होती है, जिसमें पूछा जाता है कि क्या आप नेविगेशन जेनरेट करना चाहते हैं<strong> frmप्राप्तकर्ता</strong>.</li>\n<li> क्लिक करें<strong> हाँ</strong>.<br /> आइरिस को पैरामीटर लोड करने और UI जेनरेट करने में कुछ समय लग सकता है।<br /> के लिए UI<strong> frm विवरण</strong> स्क्रीन बनाई गई है।</li>\n</ol>"
    },
    "navigationBar": {
      "left": {
        "text": " पिछला"
      },
      "right": {
        "text": " अगला"
      }
    }
  },
  "Card.VoltMX.CreateDetailsNative_v9.UIchange3": {
    "content": {
      "title": " डिफ़ॉल्ट शीर्षलेख हटाना",
      "body": "<ol>\n<li> से<strong> परियोजना</strong> एक्सप्लोरर, नेविगेट करने के लिए<strong> मोबाइल</strong> &gt;&nbsp;<strong> प्रपत्र</strong> &gt;&nbsp;<strong> frm विवरण</strong>.</li>\n<li> राइट-क्लिक करें और हटाएं<strong> flexHeader</strong>.</li>\n</ol>"
    },
    "navigationBar": {
      "left": {
        "text": " पिछला"
      },
      "right": {
        "text": " अगला"
      }
    }
  },
  "Card.VoltMX.CreateDetailsNative_v9.UIchange4": {
    "content": {
      "title": " UI को अनुकूलित करना",
      "body": "<ol><li> से<strong> परियोजना</strong> एक्सप्लोरर, नेविगेट करें<strong> मोबाइल</strong> &gt;<strong> प्रपत्र</strong> &gt;<strong> frm विवरण</strong> और चुनें<b> flexFieldsContainer</b>.</li>\n<li> से<b> गुण</b> पैनल, पर नेविगेट करें<b> देखो</b> टैब।</li><li> के तहत<strong> गतिशील रूप</strong> अनुभाग, के लिए<strong> फ़ील्ड</strong> , क्लिक करें<strong> अनुकूलित करें</strong>.<br /> The<strong> विवरण कॉन्फ़िगर करें</strong> विंडो प्रकट होती है<strong>.</strong></li>\n<li> में<strong> विवरण कॉन्फ़िगर करें:</strong> विंडो, के लिए<strong> फ़ील्ड</strong> , निम्नलिखित प्रदान करें<strong> प्रदर्शन नाम</strong>:\n<ul>\n<li><strong> पहला नाम</strong> फ़ील्ड:<strong> पहला नाम</strong></li>\n<li><strong> अंतिम नाम</strong> फ़ील्ड:<strong> अंतिम</strong><strong> नाम</strong></li>\n<li><strong> उपनाम</strong> फ़ील्ड:<strong> निक नाम</strong></li>\n<li><strong> फोन</strong> फ़ील्ड:<strong> फोन नंबर</strong></li>\n</ul>\n</li>\n<li> क्लिक करें<strong> पुन: उत्पन्न करें</strong>.</li>\n</ol>"
    },
    "navigationBar": {
      "left": {
        "text": " पिछला"
      },
      "right": {
        "text": " अगला"
      }
    }
  },
  "Card.VoltMX.CreateDetailsNative_v9.UIchange5": {
    "content": {
      "title": " प्राप्तकर्ता विवरण स्क्रीन UI",
      "body": "<ol>\n<li> से<strong> परियोजना</strong> एक्सप्लोरर, विस्तार करें<strong> मोबाइल</strong> &gt;&nbsp;<strong> प्रपत्र</strong> &gt;<strong> frm विवरण</strong> &gt;<strong> flexFieldsContainer</strong> , और चुनें<strong> flexRecipientID</strong>.</li>\n<li> से<strong> गुण</strong> पैनल, पर नेविगेट करें<strong> देखो</strong> टैब।</li>\n<li> के तहत<strong> सामान्य</strong> अनुभाग, के लिए<strong> दर्शनीय</strong> फ़ील्ड, चुनें<strong> बंद</strong>.</li>\n</ol>"
    },
    "navigationBar": {
      "left": {
        "text": " पिछला"
      },
      "right": {
        "text": " अगला"
      }
    }
  },
  "Card.VoltMX.CreateDetailsNat_v9.createDetailsSc": {
    "content": {
      "title": " प्राप्तकर्ता विवरण स्क्रीन बनाएं",
      "body": "<ol>\n<li> से<strong> परियोजना</strong> एक्सप्लोरर, विस्तार करें<strong> मोबाइल</strong>.</li>\n<li> राइट-क्लिक करें<strong> प्रपत्र</strong> , और चुनें<strong> नया फॉर्म</strong>.</li>\n<li> नए फॉर्म का नाम बदलें<strong> frm विवरण</strong>.</li>\n</ol>"
    },
    "navigationBar": {
      "left": {
        "text": " पिछला"
      },
      "right": {
        "text": " अगला"
      }
    }
  },
  "Card.VoltMX.CreateDetailsScreen_v9.appViewer": {
    "content": {
      "title": " वोल्ट एमएक्स ऐप",
      "body": "<ol>\n<li> USB केबल का उपयोग करके अपने मोबाइल डिवाइस को अपने कंप्यूटर से कनेक्ट करें।<br /> Android मोबाइल डिवाइस के लिए, सुनिश्चित करें कि USB के रूप में सेट है<strong> फ़ाइलें स्थानांतरित करें</strong>.<br /> आईओएस मोबाइल डिवाइस के लिए, सुनिश्चित करें कि<strong> विश्वास</strong> डिवाइस और कंप्यूटर के बीच स्थापित किया गया है।</li>\n<li> अपना लॉन्च करें<strong> वोल्ट एमएक्स ऐप</strong> आपके मोबाइल डिवाइस पर।</li>\n<li> चुनें<strong> यूएसबी</strong> टैब।<br/> एक सफल कनेक्शन पर,<strong> आइरिस</strong> आपके कंप्यूटर पर एक सफलता संकेत दिखाता है।</li>\n</ol>"
    },
    "navigationBar": {
      "left": {
        "text": " पिछला"
      },
      "right": {
        "text": " अगला"
      }
    }
  },
  "Card.VoltMX.CreateDetailsScreen_v9.run": {
    "content": {
      "title": " ऐप चलाएँ",
      "body": "<ol>\n<li> बाएं नेविगेशन बार से, क्लिक करें<strong> भागो</strong>.<br /> आइरिस को प्रदर्शित होने में कुछ समय लगेगा<strong> लाइव पूर्वावलोकन तैयार है</strong> window.</li>\n<li> आइरिस द्वारा ऐप चलाने के बाद, आपके<strong> वोल्ट एमएक्स ऐप</strong> , क्लिक करें<strong> लॉन्च</strong>.</li>\n<li> आप एक देख सकते हैं<strong> आवेदन का नाम:</strong> टेक्स्ट बॉक्स। यदि कोई टेक्स्ट बॉक्स है, तो दर्ज करें<strong> प्राप्तकर्ताMobApp</strong> और फिर क्लिक करें<strong> लॉन्च</strong>.</li>\n</ol>"
    },
    "navigationBar": {
      "left": {
        "text": " पिछला"
      },
      "right": {
        "text": " अगला"
      }
    }
  },
  "Card.VoltMX.CreateDetailsScreen_v9.view": {
    "content": {
      "title": " ऐप देखें",
      "body": "<ol>\n<li> अपने ऐप में निम्नलिखित लॉगिन क्रेडेंशियल दर्ज करें।<ul>\n<li> उपयोगकर्ता नाम:<strong> john.doe@woodburn.com</strong></li>\n<li> पासवर्ड:<strong> वोल्टएमएक्स@123</strong></li>\n</ul>\n</li>\n<li> क्लिक करें<strong> लॉगिन</strong>.<br /> The<strong> खातों की सूची</strong> प्रकट होता है।</li>\n<li> क्लिक करें<strong> प्राप्तकर्ता</strong>.<br /> The<strong> प्राप्तकर्ता सूची</strong> प्रकट होता है।</li>\n<li> प्राप्तकर्ता का विवरण देखने के लिए सूची से उसका चयन करें।<br /> विवरण पृष्ठ से, आप प्राप्तकर्ता को हटा सकते हैं।<br/> आप अगली हाइक में प्राप्तकर्ताओं को बनाना और संपादित करना सीखेंगे।</li>\n<li> अपने ऐप से बाहर निकलने के लिए<strong> मोबाइल</strong> डिवाइस, दो अंगुलियों को बाएं से दाएं स्वाइप करें या अपने मोबाइल डिवाइस को हिलाएं और क्लिक करें<strong> ऐप से बाहर निकलें</strong>.</li>\n</ol>"
    },
    "navigationBar": {
      "left": {
        "text": " पिछला"
      },
      "right": {
        "text": " अगला"
      }
    }
  }
}