{
  "Tour.UnderstandIdentityServicesV9": {
    "description": "旅游描述"
  },
  "Hike.VoltMX.IdentityServicesV9": {
    "description": "徒步说明"
  },
  "Card.VoltMX.IdentityServicesV9.addService": {
    "content": {
      "title": "将身份服务链接到表单",
      "body": "<p>身份服务用于对用户进行身份验证。</p>\n<ol>\n<li>来自<strong>数据和服务</strong>画布右上角的面板，展开<strong>示例服务</strong>&gt;<strong>MicrosoftActiveDirectory</strong>. <br />注意<strong>登录</strong>和<strong>注销</strong>操作。</li>\n<li>拖放<strong>登录</strong>操作<strong>登录</strong>按钮<strong>frmLogin</strong>在画布上形成。</li>\n<li>从操作列表中，选择<strong>动作：onClick</strong>.</li>\n<li>点击<strong>保存</strong>.</li>\n</ol>"
    },
    "navigationBar": {
      "left": {
        "text": "上一个"
      },
      "right": {
        "text": "下一个"
      }
    }
  },
  "Card.VoltMX.IdentityServicesV9.appviewer": {
    "content": {
      "title": "Volt MX 应用程序",
      "body": "<ol>\n<li>连接您的<b>手机</b>使用 USB 电缆连接到您的计算机。<br />对于Android设备，请确保您使用USB<b>传输文件</b>.</li>\n<li>启动<b>Volt MX 应用程序</b>在你的<b>手机</b>.</li>\n<li>选择<b>USB</b>选项卡。</li>\n<li>连接成功后，<b>虹膜</b>在您的计算机上显示成功提示。<br />同时，USB 图标在您的<b>Volt MX 应用程序</b>.</li>\n</ol>"
    },
    "navigationBar": {
      "left": {
        "text": "上一个"
      },
      "right": {
        "text": "下一个"
      }
    }
  },
  "Card.VoltMX.IdentityServicesV9.dataPanel": {
    "content": {
      "title": "数据和服务面板",
      "body": "<p>选择<strong>数据&amp;服务</strong>画布右上角的选项卡。它打开<strong>数据&amp;服务</strong>面板。</p>\n<p><strong>数据&amp;服务</strong>面板有<strong>示例服务</strong>和<strong>项目服务</strong>.</p>\n<ul>\n<li><strong>示例服务</strong>: 这些是带有示例数据的预捆绑服务，可帮助您入门。</li>\n<li><strong>项目服务</strong> : 这些是这个项目使用的服务。<br />您可以在下面创建和配置新的 Volt MX Foundry 服务<strong>项目服务</strong>.</li>\n</ul>"
    },
    "navigationBar": {
      "left": {
        "text": "上一个"
      },
      "right": {
        "text": "下一个"
      }
    }
  },
  "Card.VoltMX.IdentityServicesV9.done": {
    "content": {
      "title": " 恭喜",
      "body": "<p>您已成功：</p>\n<ul>\n<li><strong>创建登录屏幕</strong></li>\n<li><strong>与样本身份服务相关联</strong></li>\n<li><strong> 在 Volt MX App 中启动应用程序并检查成功场景</strong></li>\n</ul>"
    },
    "navigationBar": {
      "left": {
        "text": "上一个"
      },
      "right": {
        "text": "完成"
      }
    }
  },
  "Card.VoltMX.IdentityServicesV9.explore": {
    "content": {
      "title": "查看应用",
      "body": "<ol>\n<li>在你的<b>Volt MX 应用程序</b>，点击<strong>启动</strong>.<br />如果提示您提供应用程序名称，请输入<strong>样品登录</strong>然后点击<strong>启动</strong>.</li>\n<li>使用以下示例用户凭据成功登录<ul>\n<li>用户名：<b>testuser@samples.woodburn.com</b></li>\n<li>密码：<b>测试@123</b></li>\n</ul>\n</li>\n<li> 到<strong>退出</strong>预览，从左向右滑动两根手指或摇动手机。</li>\n</ol>"
    },
    "navigationBar": {
      "left": {
        "text": "上一个"
      },
      "right": {
        "text": "下一个"
      }
    }
  },
  "Card.VoltMX.IdentityServicesV9.LoginUI": {
    "content": {
      "title": "添加登录屏幕",
      "body": "<p><b>默认库</b>选项卡包含预捆绑的 UI 组件以帮助设计表单。</p> \n<ol>\n <li>来自<b>默认库</b>画布左下角的标签，搜索<b>登录</b>.<br >搜索结果列出了示例登录屏幕。</li>\n<li>拖放<b>ACMELogin</b>组件到<b>frmLogin</b>在画布上形成。<br >登录表单已准备就绪。</li></ol>"
    },
    "navigationBar": {
      "left": {
        "text": "上一个"
      },
      "right": {
        "text": "下一个"
      }
    }
  },
  "Card.VoltMX.IdentityServicesV9.mapping": {
    "content": {
      "title": "将表单 UI 映射到服务",
      "body": "<ol>\n<li>来自<strong>数据&amp;服务</strong>画布右上角的面板，展开<strong>项目服务</strong>&gt;<strong>身份</strong>&gt;<strong>MicrosoftActiveDirectory</strong>&gt;<strong>登录</strong>&gt;<strong>请求</strong>.</li>\n<li>拖放<strong>用户ID</strong>参数来自<strong>数据&amp;服务</strong>面板上<strong>用户名</strong>画布上的文本字段。</li>\n<li>拖放<strong>密码</strong>参数来自<strong>数据&amp;服务</strong>面板上<strong>密码</strong>画布上的文本字段。</li>\n</ol>\n<p>您现在已经映射：</p>\n<ul>\n<li><strong>用户ID</strong> 中文本的参数<strong>tbx用户名</strong>文本字段</li>\n<li><strong>密码</strong> 中文本的参数<strong>tbx密码</strong>文本字段</li>\n</ul>"
    },
    "navigationBar": {
      "left": {
        "text": "上一个"
      },
      "right": {
        "text": "下一个"
      }
    }
  },
  "Card.VoltMX.IdentityServicesV9.rename": {
    "content": {
      "title": "重命名表单",
      "body": "<ol>\n<li>在<strong>故事板</strong>查看，在新表单上方，单击<strong>Form1</strong>.</li>\n<li>重命名表单<strong>frmLogin</strong>.</li>\n<li>要向表单添加小部件，请双击表单以在<strong>设计</strong>查看。</li>\n</ol>"
    },
    "navigationBar": {
      "left": {
        "text": "上一个"
      },
      "right": {
        "text": "下一个"
      }
    }
  },
  "Card.VoltMX.IdentityServicesV9.run": {
    "content": {
      "title": "运行应用程序",
      "body": "<ol><li>来自<b>实时预览设置</b>窗下<b>本地</b> 选中您要在其上查看应用程序的手机/平板电脑操作系统旁边的复选框。<br/>例如：<b>iOS</b>和<b>安卓</b>.<br/>确保您已取消选择所有其他平台和频道。</li>\n<li>点击<b>保存并运行</b>.<br/> Iris 可能需要一些时间才能显示<b>实时预览已准备就绪</b>窗口。</ol>"
    },
    "navigationBar": {
      "left": {
        "text": "上一个"
      },
      "right": {
        "text": "下一个"
      }
    }
  },
  "Card.VoltMX.IdentityServicesV9.settings": {
    "content": {
      "title": "实时预览设置",
      "body": "<ol><li>从主菜单中，选择<b>构建</b>.</li>\n<li>点击<b>实时预览设置</b>.</li>"
    },
    "navigationBar": {
      "left": {
        "text": "上一个"
      },
      "right": {
        "text": "下一个"
      }
    }
  },
  "Card.VoltMX.UnderstandIdentityServicesV9.Intro": {
    "content": {
      "title": "了解身份服务",
      "body": "<b>让我们开始吧！</b><br >\n<br/>在这次徒步旅行中，我们将：<ul>\n<li>创建登录屏幕</li>\n<li>使用身份服务向登录屏幕添加身份验证</li></ul>\n\n<br/>开始之前，请安装<b>Volt MX 应用程序</b>在您的移动设备上，从<a href='#'onClick='javascript:openURL(\"https://play.google.com/store/apps/developer?id=HCL+Software \")'>Play商店</a>或<a href='#'onClick='javascript:openURL(\"https://apps.apple.com/us/developer/hcl-america-inc/id392909135 \")'>应用商店</a>.<br/><br/>"
    },
    "navigationBar": {
      "left": {
        "text": "上一个"
      },
      "right": {
        "text": "下一个"
      }
    }
  },
  "Card.VoltMX.UnderstandIdentityServicesV9.NewProject1": {
    "content": {
      "title": "创建一个新项目",
      "body": "<ol>\n<li>导航到<strong>项目</strong>&gt;<strong>新项目</strong>.</li>\n<li>来自<strong> 你现在想从什么开始？</strong>窗口，选择<strong>本机应用程序</strong>.</li>\n<li>点击<strong>下一个</strong>.<br/><b>您从本机应用程序开始</b>窗口打开。</li>\n</ol>"
    },
    "navigationBar": {
      "left": {
        "text": "上一个"
      },
      "right": {
        "text": "下一个"
      }
    }
  },
  "Card.VoltMX.UnderstandIdentityServicesV9.NewProject2": {
    "content": {
      "title": "创建一个新项目",
      "body": "<ol>\n<li>下<strong>项目名称</strong>，输入<strong>样品登录</strong>.</li>\n<li>点击<strong>创建</strong>.<br />使用一个 flex 表单创建了一个新应用程序。<br />应用程序在<strong>故事板</strong>查看。</li>\n</ol>"
    },
    "navigationBar": {
      "left": {
        "text": "上一个"
      },
      "right": {
        "text": "下一个"
      }
    }
  }
}