{
  "Tour.UnderstandIdentityServicesV9": {
    "description": " यात्रा का विवरण"
  },
  "Hike.VoltMX.IdentityServicesV9": {
    "description": " वृद्धि का विवरण"
  },
  "Card.VoltMX.IdentityServicesV9.addService": {
    "content": {
      "title": " पहचान सेवा को फॉर्म से लिंक करें",
      "body": "<p> उपयोगकर्ताओं को प्रमाणित करने के लिए एक पहचान सेवा का उपयोग किया जाता है।</p>\n<ol>\n<li> से<strong> डेटा और सेवाएं</strong> आपके कैनवास के शीर्ष दाईं ओर पैनल, विस्तृत करें<strong> नमूना सेवाएं</strong> &gt;<strong> MicrosoftActiveDirectory</strong>. <br /> ध्यान दें<strong> लॉगिन</strong> और<strong> लॉगआउट</strong> संचालन।</li>\n<li> खींचें और छोड़ें<strong> लॉगिन</strong> पर ऑपरेशन<strong> लॉगिन</strong> बटन पर<strong> frmLogin</strong> अपने कैनवास पर फॉर्म।</li>\n<li> क्रियाओं की सूची से, चुनें<strong> क्रिया: ऑनक्लिक</strong>.</li>\n<li> क्लिक करें<strong> सहेजें</strong>.</li>\n</ol>"
    },
    "navigationBar": {
      "left": {
        "text": " पिछला"
      },
      "right": {
        "text": " अगला"
      }
    }
  },
  "Card.VoltMX.IdentityServicesV9.appviewer": {
    "content": {
      "title": " वोल्ट एमएक्स ऐप",
      "body": "<ol>\n<li> अपना कनेक्ट करें<b> मोबाइल</b> USB केबल का उपयोग करके अपने कंप्यूटर पर।<br /> Android उपकरणों के लिए, सुनिश्चित करें कि आप USB का उपयोग करते हैं<b> फ़ाइलें स्थानांतरित करें</b>.</li>\n<li> लॉन्च<b> वोल्ट एमएक्स ऐप</b> अपने पर<b> मोबाइल</b>.</li>\n<li> चुनें<b> यूएसबी</b> टैब।</li>\n<li> सफल कनेक्शन पर,<b> आइरिस</b> आपके कंप्यूटर पर एक सफलता संकेत दिखाता है।<br /> उसी समय, आपके यूएसबी आइकन हरे रंग में बदल जाता है<b> वोल्ट एमएक्स ऐप</b>.</li>\n</ol>"
    },
    "navigationBar": {
      "left": {
        "text": " पिछला"
      },
      "right": {
        "text": " अगला"
      }
    }
  },
  "Card.VoltMX.IdentityServicesV9.dataPanel": {
    "content": {
      "title": " डेटा और सेवा पैनल",
      "body": "<p> चुनें<strong> डेटा &amp; सेवाएं</strong> अपने कैनवास के शीर्ष-दाईं ओर टैब। यह खोलता है<strong> डेटा &amp; सेवाएं</strong> पैनल।</p>\n<p> The<strong> डेटा &amp; सेवाएं</strong> पैनल है<strong> नमूना सेवाएं</strong> और<strong> परियोजना सेवाएं</strong>.</p>\n<ul>\n<li><strong> नमूना सेवाएं</strong> : आरंभ करने में आपकी सहायता करने के लिए ये नमूना डेटा के साथ पूर्व-बंडल की गई सेवाएं हैं।</li>\n<li><strong> परियोजना सेवाएं</strong>: ये वे सेवाएं हैं जिनका उपयोग इस परियोजना द्वारा किया जाता है।<br /> आप के तहत नई वोल्ट एमएक्स फाउंड्री सेवाओं को बना और कॉन्फ़िगर कर सकते हैं<strong> परियोजना सेवाएं</strong>.</li>\n</ul>"
    },
    "navigationBar": {
      "left": {
        "text": " पिछला"
      },
      "right": {
        "text": " अगला"
      }
    }
  },
  "Card.VoltMX.IdentityServicesV9.done": {
    "content": {
      "title": " बधाई",
      "body": "<p> आपने सफलतापूर्वक:</p>\n<ul>\n<li><strong> एक लॉगिन स्क्रीन बनाई गई</strong></li>\n<li><strong> एक नमूना पहचान सेवाओं के साथ संबद्ध</strong></li>\n<li><strong> वोल्ट एमएक्स ऐप में ऐप लॉन्च किया और सफलता परिदृश्य के लिए जाँच की</strong></li>\n</ul>"
    },
    "navigationBar": {
      "left": {
        "text": " पिछला"
      },
      "right": {
        "text": " हो गया"
      }
    }
  },
  "Card.VoltMX.IdentityServicesV9.explore": {
    "content": {
      "title": " ऐप देखें",
      "body": "<ol>\n<li> अपने पर<b> वोल्ट एमएक्स ऐप</b> , क्लिक करें<strong> लॉन्च</strong>.<br /> यदि आपको आवेदन का नाम प्रदान करने के लिए कहा जाए, तो दर्ज करें<strong> नमूना लॉगिन</strong> और क्लिक करें<strong> लॉन्च</strong>.</li>\n<li> सफल लॉगिन के लिए निम्नलिखित नमूना उपयोगकर्ता क्रेडेंशियल का उपयोग करें<ul>\n<li> उपयोगकर्ता नाम:<b> testuser@samples.woodburn.com</b></li>\n<li> पासवर्ड:<b> परीक्षण@123</b></li>\n</ul>\n</li>\n<li> To<strong> बाहर निकलें</strong> पूर्वावलोकन, दो अंगुलियों को बाएं से दाएं स्वाइप करें या अपना मोबाइल हिलाएं।</li>\n</ol>"
    },
    "navigationBar": {
      "left": {
        "text": " पिछला"
      },
      "right": {
        "text": " अगला"
      }
    }
  },
  "Card.VoltMX.IdentityServicesV9.LoginUI": {
    "content": {
      "title": " एक लॉगिन स्क्रीन जोड़ें",
      "body": "<p> The<b> डिफ़ॉल्ट लाइब्रेरी</b> टैब में डिज़ाइन प्रपत्रों की सहायता के लिए पूर्व-बंडल किए गए UI घटक होते हैं।</p> \n<ol>\n <li> से<b> डिफ़ॉल्ट लाइब्रेरी</b> अपने कैनवास के नीचे बाईं ओर टैब, खोजें<b> लॉगिन</b>.<br > खोज परिणाम नमूना लॉगिन स्क्रीन को सूचीबद्ध करता है।</li>\n<li> खींचें और छोड़ें<b> एसीएमईलॉगिन</b> पर घटक<b> frmLogin</b> अपने कैनवास पर फॉर्म।<br > लॉगिन फॉर्म तैयार है।</li></ol>"
    },
    "navigationBar": {
      "left": {
        "text": " पिछला"
      },
      "right": {
        "text": " अगला"
      }
    }
  },
  "Card.VoltMX.IdentityServicesV9.mapping": {
    "content": {
      "title": " सेवाओं के लिए UI का मानचित्रण",
      "body": "<ol>\n<li> से<strong> डेटा &amp; सेवाएं</strong> आपके कैनवास के शीर्ष दाईं ओर पैनल, विस्तृत करें<strong> परियोजना सेवाएं</strong> &gt;<strong> पहचान</strong> &gt;<strong> MicrosoftActiveDirectory</strong> &gt;<strong> लॉगिन</strong> &gt;<strong> अनुरोध</strong>.</li>\n<li> खींचें और छोड़ें<strong> उपयोगकर्ता आईडी</strong> से पैरामीटर<strong> डेटा &amp; सेवाएं</strong> पैनल पर<strong> उपयोगकर्ता नाम</strong> आपके कैनवास पर टेक्स्ट फ़ील्ड।</li>\n<li> खींचें और छोड़ें<strong> पासवर्ड</strong> से पैरामीटर<strong> डेटा &amp; सेवाएं</strong> पैनल पर<strong> पासवर्ड</strong> आपके कैनवास पर टेक्स्ट फ़ील्ड।</li>\n</ol>\n<p> अब आपने मैप किया है:</p>\n<ul>\n<li><strong> उपयोगकर्ता आईडी</strong> पाठ में पैरामीटर<strong> tbxउपयोगकर्ता नाम</strong> टेक्स्ट फ़ील्ड</li>\n<li><strong> पासवर्ड</strong> पाठ में पैरामीटर<strong> tbxपासवर्ड</strong> टेक्स्ट फ़ील्ड</li>\n</ul>"
    },
    "navigationBar": {
      "left": {
        "text": " पिछला"
      },
      "right": {
        "text": " अगला"
      }
    }
  },
  "Card.VoltMX.IdentityServicesV9.rename": {
    "content": {
      "title": " फॉर्म का नाम बदलें",
      "body": "<ol>\n<li> में<strong> स्टोरीबोर्ड</strong> देखें, नए फॉर्म के ऊपर, क्लिक करें<strong> फॉर्म1</strong>.</li>\n<li> फॉर्म का नाम बदलें<strong> frmLogin</strong>.</li>\n<li> प्रपत्र में विजेट जोड़ने के लिए, प्रपत्र को खोलने के लिए प्रपत्र पर डबल-क्लिक करें<strong> डिज़ाइन</strong> देखें।</li>\n</ol>"
    },
    "navigationBar": {
      "left": {
        "text": " पिछला"
      },
      "right": {
        "text": " अगला"
      }
    }
  },
  "Card.VoltMX.IdentityServicesV9.run": {
    "content": {
      "title": " ऐप चलाएँ",
      "body": "<ol><li> से<b> लाइव पूर्वावलोकन सेटिंग्स</b> विंडो, अंडर<b> मूल निवासी</b> जिस मोबाइल/टैबलेट पर आप ऐप देखने जा रहे हैं, उसके OS के बगल में स्थित चेकबॉक्स चुनें।<br/> उदाहरण के लिए:<b> आईओएस</b> और<b> Android</b>.<br/> सुनिश्चित करें कि आपने अन्य सभी प्लेटफार्मों और चैनलों को अचयनित किया है।</li>\n<li> क्लिक करें<b> सहेजें और चलाएँ</b>.<br/> आइरिस को दिखाने में कुछ समय लग सकता है<b> लाइव पूर्वावलोकन तैयार है</b> window.</ol>"
    },
    "navigationBar": {
      "left": {
        "text": " पिछला"
      },
      "right": {
        "text": " अगला"
      }
    }
  },
  "Card.VoltMX.IdentityServicesV9.settings": {
    "content": {
      "title": " लाइव पूर्वावलोकन के लिए सेटिंग्स",
      "body": "<ol><li> मुख्य मेनू से, चुनें<b> बिल्ड</b>.</li>\n<li> क्लिक करें<b> लाइव पूर्वावलोकन सेटिंग्स</b>.</li>"
    },
    "navigationBar": {
      "left": {
        "text": " पिछला"
      },
      "right": {
        "text": " अगला"
      }
    }
  },
  "Card.VoltMX.UnderstandIdentityServicesV9.Intro": {
    "content": {
      "title": " पहचान सेवा को समझना",
      "body": "<b> चलिए शुरू करते हैं!</b><br >\n<br/> इस वृद्धि में, हम करेंगे:<ul>\n<li> एक लॉगिन स्क्रीन बनाएं</li>\n<li> पहचान सेवा का उपयोग करके लॉगिन स्क्रीन पर प्रमाणीकरण जोड़ें</li></ul>\n\n<br/> आरंभ करने से पहले, स्थापित करें<b> वोल्ट एमएक्स ऐप</b> आपके मोबाइल डिवाइस पर, से<a href='#'onClick='javascript:openURL(\"https://play.google.com/store/apps/developer?id=HCL+Software \")'> प्ले स्टोर</a> या<a href='#'onClick='javascript:openURL(\"https://apps.apple.com/us/developer/hcl-america-inc/id392909135 \")'> ऐप स्टोर</a>.<br/><br/>"
    },
    "navigationBar": {
      "left": {
        "text": " पिछला"
      },
      "right": {
        "text": " अगला"
      }
    }
  },
  "Card.VoltMX.UnderstandIdentityServicesV9.NewProject1": {
    "content": {
      "title": " एक नया प्रोजेक्ट बनाएं",
      "body": "<ol>\n<li> नेविगेट करें<strong> परियोजना</strong> &gt;<strong> नई परियोजना</strong>.</li>\n<li> से<strong> आप अभी क्या शुरू करना चाहते हैं?</strong> विंडो, चुनें<strong> मूल ऐप</strong>.</li>\n<li> क्लिक करें<strong> अगला</strong>.<br/> The<b> आपने एक नेटिव ऐप से शुरुआत की</b> विंडो खुलती है।</li>\n</ol>"
    },
    "navigationBar": {
      "left": {
        "text": " पिछला"
      },
      "right": {
        "text": " अगला"
      }
    }
  },
  "Card.VoltMX.UnderstandIdentityServicesV9.NewProject2": {
    "content": {
      "title": " एक नया प्रोजेक्ट बनाएं",
      "body": "<ol>\n<li> अंडर<strong> परियोजना का नाम</strong> , दर्ज करें<strong> नमूना लॉगिन</strong>.</li>\n<li> क्लिक करें<strong> बनाएँ</strong>.<br /> एक फ्लेक्स फॉर्म के साथ एक नया एप्लिकेशन बनाया गया है।<br /> आवेदन में खुलता है<strong> स्टोरीबोर्ड</strong> देखें।</li>\n</ol>"
    },
    "navigationBar": {
      "left": {
        "text": " पिछला"
      },
      "right": {
        "text": " अगला"
      }
    }
  }
}