{
  "Tour.AddAuthenticationtoyourapp_v9": {
    "description": "Add Authentication to your app"
  },
  "Hike.VoltMX.AuthApp": {
    "description": "Add Authentication to the App"
  },
  "Card.VoltMX.AuthApp.AddUser": {
    "content": {
      "title": "Add a User to the Repository",
      "body": "<ol>\n<li>Click <strong>Add User</strong>.<br /> The<strong> Add User </strong>window appears.</li>\n<li>Enter the following values in the respective fields:\n<ul>\n<li>Email/Username:<strong>&nbsp;john.doe@woodburn.com</strong></li>\n<li>First Name:<strong>&nbsp;John</strong></li>\n<li>Last Name:<strong>&nbsp;Doe</strong></li>\n<li>Password:<strong> VoltMX@123</strong></li>\n<li>Re-Enter Password:<strong> VoltMX@123</strong></li>\n<li>Entering a Phone number is optional</li>\n<li>From <strong>Add/Select Group</strong>, ensure the checkbox for <strong>Members </strong>is selected from the drop-down.</li>\n</ul>\n</li>\n<li>Click <strong>Add User</strong>.</li>\n</ol>\n<p>A user is added to the repository.<br /> Note the <strong>Login</strong> credentials for testing.</p>"
    },
    "navigationBar": {
      "left": {
        "text": "Previous"
      },
      "right": {
        "text": "Next"
      }
    }
  },
  "Card.VoltMX.AuthApp.ConfigureActions": {
    "content": {
      "title": "Configure new Actions",
      "body": "<ol>\n<li>From the <strong>Action Editor</strong> canvas, under <strong>Invoke Service: UserAuthentication$login</strong> select <strong>Success</strong>.</li>\n<li>From the left menu of the <strong>Action Editor</strong>, under the <strong>General</strong> section, select <strong>Navigate to Form</strong>.</li>\n<li>From the right pane of the <strong>Action Editor</strong>, select <strong>frmAccount</strong>.</li>\n<li>Click <strong>Save</strong>.</li>\n</ol>"
    },
    "navigationBar": {
      "left": {
        "text": "Previous"
      },
      "right": {
        "text": "Next"
      }
    }
  },
  "Card.VoltMX.AuthApp.ConfigureLogout": {
    "content": {
      "title": "Configure Logout Parameters",
      "body": "<ol>\n<li>From the top-right corner of your <strong>Action Editor </strong>window, select <strong>Design View</strong>.</li>\n<li>From the left menu of the <strong>Action Editor</strong>, under the <strong>Network</strong> section, select <strong>Invoke Service</strong>.</li>\n<li>In the right pane of the <strong>Action Editor</strong>, from the <strong>Select Service</strong> drop-down, select <strong>UserAuthentication$logout</strong>.</li>\n</ol>"
    },
    "navigationBar": {
      "left": {
        "text": "Previous"
      },
      "right": {
        "text": "Next"
      }
    }
  },
  "Card.VoltMX.AuthApp.ConfigureLogout_1": {
    "content": {
      "title": "Configure Logout Parameters",
      "body": "<ol>\n<li>From the Action Editor canvas, under <strong>Invoke Service: UserAuthentication$logout</strong>,&nbsp;click <strong>Success</strong>.</li>\n<li>From the left menu of the&nbsp;<strong>Action Editor</strong>, under the <strong>General</strong> section, select <strong>Navigate to Form</strong>.</li>\n<li>From the right pane of the <strong>Action Editor</strong>, select <strong>frmLogin</strong>.</li>\n<li>Click <strong>Save</strong>.</li>\n</ol>"
    },
    "navigationBar": {
      "left": {
        "text": "Previous"
      },
      "right": {
        "text": "Next"
      }
    }
  },
  "Card.VoltMX.AuthApp.Congrats": {
    "content": {
      "title": "Run the App",
      "body": "<ol>\n<li>From the left navigation bar of the Iris, click <b>Run</b>.</li><li>\nIn the previous hikes, you could access the Account form without any credentials. Now the app will ask for login credentials. <br /> Enter the following login credentials in your app:\n<ul>\n<li>Username: <strong>john.doe@woodburn.com</strong></li>\n<li>Password: <strong>VoltMX@123</strong></li>\n</ul></li>\n<li>Click <strong>Login</strong>.<br /> The <b>Account list</b> appears.</li>\n<li>Click <b>Logout</b>. <br /> The <b>Login form</b> appears.</li>\n</ol>"
    },
    "navigationBar": {
      "left": {
        "text": "Previous"
      },
      "right": {
        "text": "Next"
      }
    }
  },
  "Card.VoltMX.AuthApp.CreateRepository": {
    "content": {
      "title": "Create a User Repository",
      "body": "<ol>\n<li>From the&nbsp;<strong>Data &amp; Services </strong>panel on the top right of your canvas, expand&nbsp;<strong>Project Services</strong>.</li>\n<li>Click&nbsp;<strong>Configure New </strong>to get a list of prepacked services.</li>\n<li>Under the&nbsp;<strong>Authenticate </strong>category, select&nbsp;<strong>User Repository</strong>.<br /> The<strong> Configure Identity Service</strong>&nbsp;window appears.</li>\n<li>Enter the name of the service&nbsp;<strong>UserAuthentication</strong>.</li>\n<li>Click&nbsp;<strong>Save</strong>.</li>\n</ol>"
    },
    "navigationBar": {
      "left": {
        "text": "Previous"
      },
      "right": {
        "text": "Next"
      }
    }
  },
  "Card.VoltMX.AuthApp.DeleteUnwanted": {
    "content": {
      "title": "Deleting Unwanted Actions",
      "body": "<ol>\n<li>From the top-right corner of your&nbsp;<strong>Action Editor </strong>window, select&nbsp;<strong>Design View</strong>.</li>\n<li>From the <strong>Action Editor</strong> canvas, navigate to <strong>Navigate to Form:frmAccount</strong>. Right-click and select <strong>Delete</strong> for this action.</li>\n<li>From the <strong>Action Editor</strong> canvas, navigate to <strong>Invoke Service: UserAuthentication$login</strong> &gt; <strong>Success</strong> &gt; <strong>Show Alert</strong>. Right-click and select <strong>Delete</strong> for this action.</li>\n</ol>"
    },
    "navigationBar": {
      "left": {
        "text": "Previous"
      },
      "right": {
        "text": "Next"
      }
    }
  },
  "Card.VoltMX.AuthApp.done": {
    "content": {
      "title": "Congratulations",
      "body": "<p>You have successfully:</p>\n<ul>\n<li><strong>Created an Identity Service</strong></li>\n<li><strong>Integrated the identity service with the Login form</strong></li>\n</ul>\n<p><br /> To learn how to create the back-end services and link them to the app, check out the next hike: <a class=\"tour-link\" tour=\"a851b9t8-75a9-4ara-88ud-946004n9\"><strong>4.Creating Services for the Back-end data Web</strong></a>.</p>"
    },
    "navigationBar": {
      "left": {
        "text": "Previous"
      },
      "right": {
        "text": "Done"
      }
    }
  },
  "Card.VoltMX.AuthApp.Intro": {
    "content": {
      "title": "Add Authentication to the App",
      "body": "<p><strong>Let&rsquo;s get started!</strong><br /> In this hike, we will:</p>\n<ul>\n<li>Learn to configure an Identity Service</li>\n<li>Map the identity service to the UI elements of an app</li>\n</ul>\n<p>Before getting started, complete the following hikes:</p>\n<ol><b>\n<li><a class=\"tour-link\" tour=\"705a94tb-faa0-47r7-a1ud-31b3dbnf\">Launch your Responsive Web App</a></li><li><a class=\"tour-link\" tour=\"220f01t3-bda6-40r0-92uf-56631bnb\">Create UI from Collections</a></li></b>\n</ol>\n<p>Ensure that you open the same project that you have created in the previous hikes.<br /> To open a closed project, from the main menu, navigate to <strong>Project</strong> &gt; <strong>Open</strong> &gt; <strong>HCL Reference Architecture</strong> &gt; <strong>RecipientsWebApp</strong>.</p>\n<p><strong>When you are ready, click Start!</strong></p>"
    },
    "navigationBar": {
      "left": {
        "text": "Previous"
      },
      "right": {
        "text": "Start"
      }
    }
  },
  "Card.VoltMX.AuthApp.MappingEditor": {
    "content": {
      "title": "Map Login Parameters to UI",
      "body": "<ol>\n<li>From the Action Editor canvas,&nbsp;right-click <strong>Invoke Service: UserAuthentication$login</strong>, and select&nbsp;<strong>Open Mapping Editor</strong>.<br />The Mapping Editor appears in the right pane of the canvas.</li>\n<li>From the left pane of the <strong>Mapping Editor</strong>, expand <strong>Forms</strong> &gt; <strong>frmLogin</strong>.</li>\n<li>From the right pane of the <strong>Mapping Editor</strong>, expand <strong>Services</strong> &gt; <strong>Service &ndash; UserAuthentication$login</strong>.</li>\n</ol>"
    },
    "navigationBar": {
      "left": {
        "text": "Previous"
      },
      "right": {
        "text": "Next"
      }
    }
  },
  "Card.VoltMX.AuthApp.MappingLogout": {
    "content": {
      "title": "Map Logout Parameters to UI",
      "body": "<ol>\n<li>From the <strong>Project</strong> explorer, expand <strong>Responsive Web/Desktop </strong>&gt;<strong> Forms</strong> &gt; <strong>frmAccount</strong> &gt;<strong> flxAccountList </strong>&gt;<strong> flxHeader </strong>and select <strong>flxUserLogout</strong>.</li>\n<li>From the <strong>Properties</strong>&nbsp;panel, navigate to the <strong>Action&nbsp;</strong>tab.</li>\n<li>For the <strong>onClick </strong>event, click <strong>Edit</strong>.<br /> The <strong>Action Editor</strong> window appears.</li>\n</ol>"
    },
    "navigationBar": {
      "left": {
        "text": "Previous"
      },
      "right": {
        "text": "Next"
      }
    }
  },
  "Card.VoltMX.AuthApp.MappingLogout_1": {
    "content": {
      "title": "Map Logout Parameters to UI",
      "body": "<ol>\n<li>From the <strong>Project</strong> explorer, expand <strong>Responsive Web/Desktop </strong>&gt;<strong> Forms </strong>&gt; <strong>frmRecipients </strong>&gt;<strong> flxRecipientList </strong>&gt;<strong> flxHeader </strong>and select <strong>flxUserLogout</strong>.</li>\n<li>From the <strong>Properties</strong>&nbsp;panel, navigate to the <strong>Action&nbsp;</strong>tab.</li>\n<li>For the <strong>onClick </strong>event, click <strong>Edit</strong>.<br /> The <strong>Action Editor</strong> window appears.</li>\n</ol>"
    },
    "navigationBar": {
      "left": {
        "text": "Previous"
      },
      "right": {
        "text": "Next"
      }
    }
  },
  "Card.VoltMX.AuthApp.mappingV9": {
    "content": {
      "title": "Mapping Username and Password",
      "body": "<p>Map the following elements from the left pane to the right pane:</p><ul>\n<li>From the left pane, expand <strong>TextField &ndash; txtUserName</strong> and select <strong>text {string}</strong>.<br /> From the right pane, select <strong>userid {string}</strong>.</li>\n<li>From the left pane, expand <strong>TextField &ndash; txtPassword</strong> and select <strong>text {string}</strong>.<br /> From the right pane, select <strong>password {string}</strong>.</li>\n</ul>"
    },
    "navigationBar": {
      "left": {
        "text": "Previous"
      },
      "right": {
        "text": "Next"
      }
    }
  },
  "Card.VoltMX.AuthApp.SelectLogin": {
    "content": {
      "title": "Map the Login Operation",
      "body": "<ol>\n<li>From the Project explorer, expand <strong>Responsive Web / Desktop</strong> &gt; <strong>Forms</strong> and select <strong>frmLogin</strong>.</li>\n<li>From the <strong>Data &amp; Services</strong> panel, expand <strong>Project Services</strong> &gt; <strong>UserAuthentication</strong>&nbsp;and select <strong>login</strong>.</li>\n<li>Drag the <strong>login</strong> operation onto the <strong>Login</strong> button of <strong>frmLogin </strong>on the canvas.<br /> It may take some time for Iris to add the service to your app.</li>\n<li>From the list of actions, select <strong>Action: onClick</strong>.<br /> The<strong> Action Editor</strong> window appears.</li>\n</ol>"
    },
    "navigationBar": {
      "left": {
        "text": "Previous"
      },
      "right": {
        "text": "Next"
      }
    }
  },
  "Card.VoltMX.AuthApp.TestCreds": {
    "content": {
      "title": "Test the Login Credentials",
      "body": "<ol>\n<li>On the&nbsp;<strong>Configure Identity Service </strong>window, click&nbsp;<strong>TEST LOGIN</strong>.</li>\n<li>Enter the&nbsp;<strong>User ID </strong>(email) and the&nbsp;<strong>Password </strong>of the user that you created.</li>\n<li>Click&nbsp;<strong>SIGN IN</strong>.<br /> The <strong>Identity Response</strong> tab appears.</li>\n<li>Close the&nbsp;<strong>Configure Identity Service</strong>&nbsp;window.</li>\n</ol>\n<p>Iris may take some time to add the Identity Service to the <strong>Project Services</strong> section.</p>"
    },
    "navigationBar": {
      "left": {
        "text": "Previous"
      },
      "right": {
        "text": "Next"
      }
    }
  }
}