{
    "kuid": "5d0557t6-8ca6-43r3-b8u9-8a12aenc",
    "id": "VoltMX.AssignDatatotheSegmentV9.mapping1",
    "content": {
        "title": "Map Services to UI Elements",
        "body": "<ol>\n<li>You can see that the following mappings have already been done on the mapping editor from the left pane to the right pane.\n<ul>\n<li> <strong>records {collection}</strong> to <strong>rowData{collection}</strong>.</li>\n<li><strong>Name {string}</strong> to <strong>Label-employeeName</strong> &gt; <strong>text {string}</strong></li>\n<li><strong>Department {string}</strong> to <strong>Label-empDepartment</strong> &gt; <strong>text {string}</strong></li>\n<li><strong>Designation {string}</strong> to <strong>Label-empDesignation</strong> &gt; <strong>text {string}</strong></li>\n</ul>\n</li>\n</ol>"
    },
    "pointer": {
        "direction": "left",
        "element": "",
        "type": "none"
    },
    "navigationType": "manual",
    "navigationBar": {
        "left": {
            "text": "Previous",
            "enable": true,
            "hide": false
        },
        "right": {
            "text": "Next",
            "enable": true,
            "hide": false
        }
    },
    "navigationCondition": "",
    "position": "BOTTOM_RIGHT",
    "meta": {
        "Creator": "Rashmi Menon",
        "CreatedOn": "Mon, 25 Nov 2019 11:19:46 GMT"
    },
    "context": []
}