<?xml version="1.0"?>
<Hike kuid="b7e3a5t3-f8a0-48rb-b2u2-85b781ne" id="VoltMX.ShareAndPreviewAppMobileV9" title="VoltMX.ShareAndPreviewAppMobileV9">
    <Description> Description of hike</Description>
    <Meta>
        <Creator>Prem Garudadri</Creator>
        <Createdon>Wed, 18 Dec 2019 09:34:05 GMT</Createdon>
    </Meta>
    <Hikecard id="VoltMX.ShareAndPreviewAppV9.Intro"/>
    <Hikecard id="VoltMX.ShareAndPreviewAppV9.publish"/>
    <Hikecard id="VoltMX.ShareAndPreviewAppV9.publish2"/>
    <Hikecard id="VoltMX.ShareAndPreviewAppV9.launch"/>
    <Hikecard id="VoltMX.ShareAndPreviewAppV9.explore"/>
    <Hikecard id="VoltMX.ShareAndPreviewAppMobileV9.doneHike"/>
    <Hikecard id="VoltMX.ShareAndPreviewAppV9.done"/>
</Hike>