{"Tour.IntroToVoltMXIris":{"description":"Introduction to New Volt MX Iris"},"Hikes.HCL.IntroVoltMXIris":{"description":"Introduction to New Volt MX Iris"},"Cards.HCL.IntroIris":{"content":{"title":"What's new in Volt MX Iris?","body":"Lorem ipsum dolor sit amet, consectetur adipiscing elit, sed do eiusmod tempor incididunt ut labore et dolore magna aliqua. Ut enim ad minim veniam, quis nostrud exercitation ullamco laboris nisi ut aliquip ex ea commodo consequat. Duis aute irure dolor in reprehenderit in voluptate velit esse cillum dolore eu fugiat nulla pariatur. Excepteur sint occaecat cupidatat non proident, sunt in culpa qui officia deserunt mollit anim id est laborum."},"navigationBar":{"left":{"text":"Previous"},"right":{"text":"Next"}}},"Cards.HCL.IrisVisualChanges":{"content":{"title":"Visual Changes 1","body":"Lorem ipsum dolor sit amet, consectetur adipiscing elit, sed do eiusmod tempor incididunt ut labore et dolore magna aliqua. Ut enim ad minim veniam, quis nostrud exercitation ullamco laboris nisi ut aliquip ex ea commodo consequat. Duis aute irure dolor in reprehenderit in voluptate velit esse cillum dolore eu fugiat nulla pariatur. Excepteur sint occaecat cupidatat non proident, sunt in culpa qui officia deserunt mollit anim id est laborum."},"navigationBar":{"left":{"text":"Previous"},"right":{"text":"Next"}}},"Cards.HCL.IrisVisualChanges-2":{"content":{"title":"Visual Changes 2","body":"Lorem ipsum dolor sit amet, consectetur adipiscing elit, sed do eiusmod tempor incididunt ut labore et dolore magna aliqua. Ut enim ad minim veniam, quis nostrud exercitation ullamco laboris nisi ut aliquip ex ea commodo consequat. Duis aute irure dolor in reprehenderit in voluptate velit esse cillum dolore eu fugiat nulla pariatur. Excepteur sint occaecat cupidatat non proident, sunt in culpa qui officia deserunt mollit anim id est laborum."},"navigationBar":{"left":{"text":"Previous"},"right":{"text":"Next"}}},"Cards.HCL.IrisVisualChanges-3":{"content":{"title":"Visual Changes 3","body":"Lorem ipsum dolor sit amet, consectetur adipiscing elit, sed do eiusmod tempor incididunt ut labore et dolore magna aliqua. Ut enim ad minim veniam, quis nostrud exercitation ullamco laboris nisi ut aliquip ex ea commodo consequat. Duis aute irure dolor in reprehenderit in voluptate velit esse cillum dolore eu fugiat nulla pariatur. Excepteur sint occaecat cupidatat non proident, sunt in culpa qui officia deserunt mollit anim id est laborum."},"navigationBar":{"left":{"text":"Previous"},"right":{"text":"Next"}}},"Cards.HCL.IrisVisualChanges-4":{"content":{"title":"Visual Changes 4","body":"Lorem ipsum dolor sit amet, consectetur adipiscing elit, sed do eiusmod tempor incididunt ut labore et dolore magna aliqua. Ut enim ad minim veniam, quis nostrud exercitation ullamco laboris nisi ut aliquip ex ea commodo consequat. Duis aute irure dolor in reprehenderit in voluptate velit esse cillum dolore eu fugiat nulla pariatur. Excepteur sint occaecat cupidatat non proident, sunt in culpa qui officia deserunt mollit anim id est laborum."},"navigationBar":{"left":{"text":"Previous"},"right":{"text":"Next"}}},"Cards.HCL.IrisVisualChanges-5":{"content":{"title":"Visual Changes 5","body":"Lorem ipsum dolor sit amet, consectetur adipiscing elit, sed do eiusmod tempor incididunt ut labore et dolore magna aliqua. Ut enim ad minim veniam, quis nostrud exercitation ullamco laboris nisi ut aliquip ex ea commodo consequat. Duis aute irure dolor in reprehenderit in voluptate velit esse cillum dolore eu fugiat nulla pariatur. Excepteur sint occaecat cupidatat non proident, sunt in culpa qui officia deserunt mollit anim id est laborum."},"navigationBar":{"left":{"text":"Previous"},"right":{"text":"Done"}}},"Tour.AddCreateMob_v9":{"description":" Description of Tour"},"Hikes.kony.AddCreateMob_v9":{"description":" Description of hike"},"Cards.kony.AddCreateMob_v9.conf":{"content":{"title":"Configuring the UI from Action Editor","body":"<ol>\n<li>From the left menu of the <strong>Action Editor</strong>, under the <strong>Widget</strong> section, select <strong>Set Widget Property</strong>.</li>\n<li>From the right pane, under <strong>Mobile Forms</strong> &gt; <strong>frmAddRecipients</strong> > <b>flexAddRecipient</b> > <strong> flexFieldsContainer</strong> &gt; <strong>flexAdd</strong> &gt; <strong>flexBorderedButton</strong>, and then select <strong>btnSquared</strong>.</li>\n<li>In the right pane, modify the following values:\n<ul>\n<li>Property: <strong>Opacity</strong></li>\n<li>Value: <strong>100 %</strong></li>\n</ul>\n</li>\n</ol>"},"navigationBar":{"left":{"text":"Previous"},"right":{"text":"Next"}}},"Cards.kony.AddCreateMob_v9.conf2":{"content":{"title":"Adding a Snippet","body":"<ol>\n<li>From the left menu of the <strong>Action Editor</strong>, under the <strong>Function</strong> section, select <strong>Add Snippet</strong>.</li>\n<li>In the right pane, provide the following code:<br /><span style=\"background-color: #999999;\"><strong>self.view.forceLayout();</strong></span></li>\n<li>From the <strong>Action Editor</strong> canvas, under <strong>INVOKE SERVICE</strong> node, select <strong>CALLBACK</strong>.</li>\n</ol>"},"navigationBar":{"left":{"text":"Previous"},"right":{"text":"Next"}}},"Cards.kony.AddCreateMob_v9.conf3":{"content":{"title":"Failure Alert","body":"<ol>\n<li>From the left menu of the <strong>Action Editor, </strong>under the <strong>Condition</strong> section, select <strong>Else</strong>.</li>\n<li>From the left menu of the Action Editor, under the <strong>Client</strong> section, select <strong>Show Alert</strong>.</li>\n<li>In the right pane modify the following fields\n<ul>\n<li>Alert Type: <strong>Info</strong></li>\n<li>Alert Message: &ldquo;<strong>Sorry, your payee could not be added successfully. Please try again later.</strong>&rdquo;</li>\n</ul>\n</li><li>Click <b>Save</b>.</li>\n</ol>"},"navigationBar":{"left":{"text":"Previous"},"right":{"text":"Next"}}},"Cards.kony.AddCreateMob_v9.createForm":{"content":{"title":"Create Add Recipients Screen","body":"<ol>\n<li>From the <strong>Project</strong> explorer, expand <strong>Mobile</strong>.</li>\n<li>Right-click <strong>Forms</strong> and select <strong>New Form</strong>.</li>\n<li>Right-click on <strong>Form1</strong>, and rename <strong>frmAddRecipient</strong>.</li>\n</ol>"},"navigationBar":{"left":{"text":"Previous"},"right":{"text":"Next"}}},"Cards.kony.AddCreateMob_v9.done":{"content":{"title":"Congratulations","body":"<p>You&rsquo;ve successfully:</p>\n<ul>\n<li><strong>Created the create recipients screen</strong></li>\n<li><strong>Created and customized the UI for the create recipients screen</strong></li>\n<li><strong>Added navigation to and from the Create Recipients screen<br /></strong></li>\n</ul>\n<p>For more information about editing the recipients in your app, check out the next hike: <a class=\"tour-link\" tour=\"af52eatb-e7a4-46r0-90u8-cfd0c4n6\"><strong>8. Add Edit Recipients Feature</strong></a>.</p>"},"navigationBar":{"left":{"text":"Previous"},"right":{"text":"Done"}}},"Cards.kony.AddCreateMob_v9.intro":{"content":{"title":"Adding Create Recipient","body":"<p><strong>Let&rsquo;s get started!</strong></p>\n<p>In this hike, you will learn how to:</p>\n<ul>\n<li>Create a create payee form</li>\n<li>Create the UI for the create payee form using services</li>\n</ul>\n<p>Before you get started, complete the hike:</p>\n<ol><b>\n<li><a class=\"tour-link\" tour=\"20cbd4t0-03a1-4er1-9dud-98bee3nb\">Import &amp; Launch a Native App</a></li><li><a class=\"tour-link\" tour=\"a617eft5-7ca8-4ard-8eu8-94cdean5\">Create UI from Collections</a></li><li><a class=\"tour-link\" tour=\"15d8c7t4-cda7-40rb-afu7-345cfcnc\">Add Authentication to the App</a></li>\n<li><a class=\"tour-link\" tour=\"a7a762t5-3eac-44r5-8bu2-89b781n1\">Creating Services for a Native App</a> </li>\n<li><a class=\"tour-link\" tour=\"fab6d8ta-91ac-4frc-8fud-14a9f7na\">Connect App UI to Data in a Native App</a></li><li><a class=\"tour-link\" tour=\"9837bat6-6daf-4cr7-a3u9-8aea36n0\">Creating Recipient Details and Delete Feature</a></li></b>\n</ol>\n<p>Ensure that you open the same project that you have created in the previous hikes.</p>\n<p>To open a closed project, from the main menu, navigate to <strong>Project</strong> &gt; <strong>Open</strong> &gt; <strong>Kony Reference Architecture</strong> &gt; <strong>RecipientsMobApp</strong>.</p>\n<p><strong>When you are ready, click Start!</strong></p>"},"navigationBar":{"left":{"text":"Previous"},"right":{"text":"Start"}}},"Cards.kony.AddCreateMob_v9.nav":{"content":{"title":"Adding Navigation for Back Button","body":"<ol>\n<li>From the <strong>Project explorer</strong>, navigate to <strong>frmAddRecipient</strong> &gt; <strong>flexAddRecipient</strong> &gt; <strong>flexHeader,</strong> select <strong>headerButtonLeft</strong>.</li>\n<li>From the <strong>Properties</strong> panel, navigate to the <strong>Action </strong>tab.</li>\n<li>For the <strong>onClick</strong> event, click <strong>Edit</strong>. <br />The <strong>Action Editor</strong> window appears.</li>\n</ol>"},"navigationBar":{"left":{"text":"Previous"},"right":{"text":"Next"}}},"Cards.kony.AddCreateMob_v9.nav1":{"content":{"title":"Adding Navigation for Back Button","body":"<ol>\n<li>From the <strong>Action Editor</strong> left menu, under the <strong>General</strong> section, select <strong>Navigate to Form</strong>.</li>\n<li>From the right pane of the <strong>Action Editor</strong>, select <strong>frmRecipients</strong>.</li>\n<li>Click <strong>Save</strong>.</li>\n</ol>"},"navigationBar":{"left":{"text":"Previous"},"right":{"text":"Next"}}},"Cards.kony.AddCreateMob_v9.nav2":{"content":{"title":"Navigating to Add Recipients Screen","body":"<ol>\n<li>From the <strong>Action Editor</strong> left menu, under the <strong>General </strong>section, select <strong>Navigate to Form</strong>.</li>\n<li>From the right pane of the <strong>Action Editor</strong>, select <strong>frmAddRecipient</strong>.</li>\n<li>Click <strong>Save</strong>.</li>\n</ol>"},"navigationBar":{"left":{"text":"Previous"},"right":{"text":"Next"}}},"Cards.kony.AddCreateMob_v9.navAcc":{"content":{"title":"Navigation to Accounts Screen","body":"<ol>\n<li>From the <strong>Project</strong> explorer, navigate to <strong>Mobile</strong> &gt; <strong>Forms</strong> &gt; <strong>frmAddRecipients </strong>&gt;<strong> flexFooter </strong>and select <strong>flxAccounts</strong>.</li>\n<li>From the <strong>Properties</strong> panel, navigate to the <strong>Action </strong>tab.</li>\n<li>Under the <strong>General</strong> section, for the <strong>onClick</strong> event, click <strong>Edit</strong>.<br /> The <strong>Action Editor </strong>window appears.</li>\n</ol>"},"navigationBar":{"left":{"text":"Previous"},"right":{"text":"Next"}}},"Cards.kony.AddCreateMob_v9.navAcc2":{"content":{"title":"Navigation to Accounts Screen","body":"<ol>\n<li>From the <strong>Action Editor</strong> left menu, under the <strong>General </strong>section, select <strong>Navigate to Form</strong>.</li>\n<li>From the right pane of the <strong>Action Editor</strong>, select <strong>frmAccount</strong>.</li>\n<li>Click <strong>Save</strong>.</li>\n</ol>"},"navigationBar":{"left":{"text":"Previous"},"right":{"text":"Next"}}},"Cards.kony.AddCreateMob_v9.navAdd":{"content":{"title":"Navigating to Add Recipients Screen","body":"<ol>\n<li>From the&nbsp;<strong>Project</strong>explorer, navigate to&nbsp;<strong>Mobile</strong>&nbsp;&gt;&nbsp;<strong>Forms</strong>&nbsp;&gt;&nbsp;<strong>frmRecipients </strong>&gt;<strong>&nbsp;flexRecipientList </strong>&gt;<strong> flexHeader</strong>, and select&nbsp;<strong>headerButtonRight</strong>.</li>\n<li>From the&nbsp;<strong>Properties </strong>panel, navigate to the&nbsp;<strong>Action</strong> tab.</li>\n<li>Under the&nbsp;<strong>General </strong>section, for the&nbsp;<strong>onClick </strong>event, click&nbsp;<strong>Edit</strong>.<br /> The&nbsp;<strong>Action Editor&nbsp;</strong>window appears.</li>\n</ol>"},"navigationBar":{"left":{"text":"Previous"},"right":{"text":"Next"}}},"Cards.kony.AddCreateMob_v9.navRec":{"content":{"title":"Navigation to Recipients Screen","body":"<ol>\n<li>From the <strong>Project</strong> explorer, navigate to <strong>Mobile</strong> &gt; <strong>Forms</strong> &gt; <strong>frmAddRecipient </strong>&gt;<strong> flexFooter </strong>and select <strong>flexRecipientSelected</strong>.</li>\n<li>From the <strong>Properties</strong> panel, navigate to the <strong>Action </strong>tab.</li>\n<li>Under the <strong>General</strong> section, for the <strong>onClick</strong> event, click <strong>Edit</strong>.<br /> The <strong>Action Editor </strong>window appears.</li>\n</ol>"},"navigationBar":{"left":{"text":"Previous"},"right":{"text":"Next"}}},"Cards.kony.AddCreateMob_v9.navRec2":{"content":{"title":"Navigating to Recipients Screen","body":"<ol>\n<li>From the <strong>Action Editor</strong> left menu, under the <strong>General </strong>section, select <strong>Navigate to Form</strong>.</li>\n<li>From the right pane of the <strong>Action Editor</strong>, select <strong>frmRecipients</strong>.</li>\n<li>Click <strong>Save</strong>.</li>\n</ol>"},"navigationBar":{"left":{"text":"Previous"},"right":{"text":"Next"}}},"Cards.kony.AddCreateMob_v9.openApp":{"content":{"title":"Quantum App","body":"<ol>\n<li>Connect your mobile device to your computer using a USB cable.<br /> For an Android mobile device, ensure that the USB is set as <strong>Transfer files</strong>.<br /> For an iOS mobile device, ensure that <strong>trust </strong>has been established between the device and the computer.</li>\n<li>Launch your <strong>Quantum App</strong> on your mobile device.</li>\n<li>Select the <strong>USB</strong> tab.<br/>On a successful connection, <strong>Visualizer</strong> on your computer shows a success prompt.</li>\n</ol>"},"navigationBar":{"left":{"text":"Previous"},"right":{"text":"Next"}}},"Cards.kony.AddCreateMob_v9.run":{"content":{"title":"Run the App","body":"<ol>\n<li>From the left navigation bar, click <strong>Run</strong>.<br /> It will take some time for Visualizer to display the <strong>Live Preview is ready</strong> window.</li>\n<li>After Visualizer runs the app, on your <strong>Quantum App</strong>, click <strong>Launch</strong>.</li>\n<li>You may see an <strong>Application Name </strong>text box. If there is a text box, enter <strong>RecipientsMobApp</strong>, and then click <strong>Launch</strong>.</li>\n</ol>"},"navigationBar":{"left":{"text":"Previous"},"right":{"text":"Next"}}},"Cards.kony.AddCreateMob_v9.Service1":{"content":{"title":"Setting Initial Value for the Texts","body":"<ol>\n<li>From the <strong>Project</strong> explorer, navigate to <strong>Mobile</strong> &gt; <strong>Forms</strong> and select <strong>frmAddRecipient</strong>.</li>\n<li>From the <strong>Properties </strong>panel, navigate to the <strong>Action </strong>tab.</li>\n<li>Under the <strong>General </strong>section, for <strong>onNavigate</strong> event, click <strong>Edit</strong>.<br /> The <strong>Action Editor </strong>window appears.</li><li>From the top-right corner of the <strong>Action Editor</strong>, select <strong>Design View</strong>.</li>\n</ol>"},"navigationBar":{"left":{"text":"Previous"},"right":{"text":"Next"}}},"Cards.kony.AddCreateMob_v9.service2":{"content":{"title":"Setting the Value of First Name","body":"<ol>\n<li>From the left menu of the <strong>Action Editor</strong>, under the <strong>Widget </strong>section, select <strong>Set Widget Property</strong>.</li>\n<li>From the right pane of the <strong>Action Editor</strong>, go to <strong>Mobile Forms</strong> &gt; <strong>frmAddRecipient</strong>&nbsp; &gt; <strong>flexAddRecipient</strong> &gt; <strong>flexFieldsContainer</strong> &gt; <strong>flexFirstName</strong>, and select <strong>tbxFirstName</strong>.</li>\n<li>In the right pane, modify the following values:\n<ul>\n<li>Property: <strong>Text </strong></li>\n<li>leave the <strong>Value </strong>as blank</li>\n</ul>\n</li>\n</ol>"},"navigationBar":{"left":{"text":"Previous"},"right":{"text":"Next"}}},"Cards.kony.AddCreateMob_v9.service3":{"content":{"title":"Setting the Value of the Last Name","body":"<ol>\n<li>From the left menu of the <strong>Action Editor</strong>, under the <strong>Widget </strong>section, select <strong>Set Widget Property</strong>.</li>\n<li>From the right pane of the <strong>Action Editor</strong>, go to <strong>Mobile Forms</strong> &gt; <strong>frmAddRecipient</strong> &gt; <strong>flexAddRecipient</strong> &gt; <strong>flexFieldsContainer</strong> &gt; <strong>flexLastName</strong>, and select <strong>tbxLastName</strong>.</li>\n<li>In the right pane, modify the following values:\n<ul>\n<li>Property: <strong>Text </strong></li>\n<li>leave the <strong>Value </strong>as blank</li>\n</ul>\n</li>\n</ol>"},"navigationBar":{"left":{"text":"Previous"},"right":{"text":"Next"}}},"Cards.kony.AddCreateMob_v9.service4":{"content":{"title":"Setting the Value of Nick Name","body":"<ol>\n<li>From the left menu of the <strong>Action Editor</strong>, under the <strong>Widget </strong>section, select <strong>Set Widget Property</strong>.</li>\n<li>From the right pane of the <strong>Action Editor</strong>, go to <strong>Mobile Forms</strong> &gt; <strong>frmAddRecipient</strong> &gt; <strong>flexAddRecipient</strong> &gt; <strong>flexFieldsContainer</strong> &gt; <strong>flexNickName</strong>, and select <strong>tbxNickName</strong>.</li>\n<li>In the right pane, modify the following values:\n<ul>\n<li>Property: <strong>Text </strong></li>\n<li>leave the <strong>Value </strong>as blank</li>\n</ul>\n</li>\n</ol>"},"navigationBar":{"left":{"text":"Previous"},"right":{"text":"Next"}}},"Cards.kony.AddCreateMob_v9.service5":{"content":{"title":"Setting the Value of Phone Number","body":"<ol>\n<li>From the left menu of the <strong>Action Editor</strong>, under the <strong>Widget</strong> section, select <strong>Set Widget Property</strong>.</li>\n<li>From the right pane of the <strong>Action Editor</strong>, go to <strong>Mobile Forms</strong> &gt; <strong>frmAddRecipient</strong> &gt; <strong>flexAddRecipient</strong> &gt; <strong>flexFieldsContainer</strong> &gt; <strong>flexPhone</strong>, and select <strong>tbxPhone</strong>.</li>\n<li>In the right pane, modify the following values:\n<ul>\n<li>Property: <strong>Text </strong></li>\n<li>leave the <strong>Value </strong>as blank</li>\n</ul>\n</li>\n</ol>"},"navigationBar":{"left":{"text":"Previous"},"right":{"text":"Next"}}},"Cards.kony.AddCreateMob_v9.service6":{"content":{"title":"Success Message","body":"<ol>\n<li>From the left menu of the <strong>Action Editor</strong>, under the <strong>Widget</strong> section, select <strong>Set Widget Property</strong>.</li>\n<li>From the right pane of the <strong>Action Editor</strong>, go to <strong>Mobile Forms</strong> &gt; <strong>frmAddRecipient</strong> > <strong>flexAddRecipient</strong> and select <strong>flexSuccessHeader</strong>.</li>\n<li>In the right pane, modify the following values:\n<ul>\n<li>Property: <strong>Visible</strong></li>\n<li>Value: <strong>False</strong></li>\n</ul>\n</li>\n<li>Click <strong>Save</strong>.</li>\n</ol>"},"navigationBar":{"left":{"text":"Previous"},"right":{"text":"Next"}}},"Cards.kony.AddCreateMob_v9.serviceCall1":{"content":{"title":"Invoking Create Operation","body":"<ol>\n<li>From the <strong>Project</strong> explorer, navigate to <strong>Mobile</strong> &gt; <strong>Forms </strong>&gt;<strong> frmAddRecipient </strong>&gt; <strong> flexAddRecipient</strong> > <b>flexFieldsContainer</b> > <strong>flexAdd</strong> &gt;<strong> flexSquaredBorderedButton</strong>, and select <strong>btnSquared</strong>.</li>\n<li>From the <strong>Properties </strong>panel, navigate to the <strong>Action </strong>tab.</li>\n<li>Under the <strong>General </strong>section, for <strong>onClick</strong> event, click <strong>Edit</strong>.<br /> The <strong>Action Editor </strong>window appears.</li>\n<li>From the top-right corner of the <strong>Action Editor</strong> window, select the <strong>Design View</strong>.</li>\n</ol>"},"navigationBar":{"left":{"text":"Previous"},"right":{"text":"Next"}}},"Cards.kony.AddCreateMob_v9.serviceCall2":{"content":{"title":"Invoking Create Operation","body":"<ol>\n<li>From the left menu of the <strong>Action Editor</strong>, under the <strong>Network</strong> section, select <strong>Loading Indicator</strong>.</li>\n<li>From the left menu of the <strong>Action Editor</strong>, under the  <strong>NETWORK</strong> section, select <strong>Invoke Service</strong>.</li>\n<li>From the right pane of the <strong>Action Editor</strong>, for <strong>Select Service</strong>, from the drop-down list, select <strong>RecipientStorage$Recipients</strong>.</li>\n<li>For <strong>Select Method</strong>, from the drop-down list, select <strong>create</strong>.</li>\n</ol>"},"navigationBar":{"left":{"text":"Previous"},"right":{"text":"Next"}}},"Cards.kony.AddCreateMob_v9.serviceCall3":{"content":{"title":"Mapping the Data to Service","body":"<ol>\n<li>In the right pane of the <strong>Action Editor</strong> window, click <strong>Open Mapping Editor</strong>. <br /> The <strong>Mapping Editor</strong> window appears.</li>\n<li>From the left pane of the <strong>Mapping Editor</strong>, expand <strong>Forms </strong>&gt; <strong>frmAddRecipient</strong>.</li>\n<li>From the right pane of the <strong>Mapping Editor</strong>, expand <strong>Services</strong> &gt; <strong>Service - RecipientStorage$Recipients$create</strong>.</li>\n</ol>"},"navigationBar":{"left":{"text":"Previous"},"right":{"text":"Next"}}},"Cards.kony.AddCreateMob_v9.serviceCall4":{"content":{"title":"Mapping the Data to Service","body":"<p>In the Mapping Editor, map the following elements from the left pane to the right pane:</p>\n<ul>\n<li>From the left pane of the <strong>Mapping Editor</strong>, expand <strong>TextField &ndash; tbxFirstName</strong>, and select <strong>text{string}</strong>.<br />From the right pane of the <strong>Mapping Editor</strong>, select <strong>FirstName {string}</strong>.</li>\n<li>From the left pane of the <strong>Mapping Editor</strong>, expand <strong>TextField &ndash; tbxLastName</strong>, and select <strong>text{string}</strong>.<br />From the right pane of the <strong>Mapping Editor</strong>, select <strong>LastName {string}</strong>.</li>\n<li>From the left pane of the <strong>Mapping Editor</strong>, expand <strong>TextField &ndash; tbxNickName</strong>, and select <strong>text{string}</strong>.<br />From the right pane of the <strong>Mapping Editor</strong>, select <strong>NickName {string}</strong>.</li>\n<li>From the left pane of the <strong>Mapping Editor</strong>, expand <strong>TextField &ndash; tbxPhone</strong>, and select <strong>text{string}</strong>.<br />From the right pane of the <strong>Mapping Editor</strong>, select <strong>Phone {string}</strong>.</li>\n</ul>"},"navigationBar":{"left":{"text":"Previous"},"right":{"text":"Next"}}},"Cards.kony.AddCreateMob_v9.serviceCall5":{"content":{"title":"Invoking Create Operation","body":"<ol>\n<li>From the <strong>Action Editor</strong> canvas, under the <strong>Invoke Service</strong> node, select <strong>Callback</strong>.</li>\n<li>From the left menu of the <strong>Action Editor</strong>, under the <strong>Network</strong> section, select <strong>Loading Indicator</strong>.</li>\n<li>In the right pane of the <strong>Action Editor</strong>, set the Loading Indicator to <strong>Dismiss</strong>.</li>\n</ol>"},"navigationBar":{"left":{"text":"Previous"},"right":{"text":"Next"}}},"Cards.kony.AddCreateMob_v9.settingData":{"content":{"title":"Setting the Data","body":"<ol>\n<li>From the left menu of the <strong>Action Editor, </strong>under the <strong>CONDITION</strong> section, select <b>If</b>.</li>\n<li>From the right pane of the Action Editor, under <strong>Add Condition</strong> modify the following values:<br />\n<ul>\n<li>First field &ndash; <strong>Value</strong></li>\n<li>Second field &ndash;&nbsp;<strong>Recipients.opstatus</strong></li>\n<li>Third field &ndash; <strong>Equals</strong></li>\n<li>Fourth field &ndash; <strong>Value</strong></li>\n<li>Fifth field - <strong>0</strong></li>\n</ul>\n</li>\n</ol>"},"navigationBar":{"left":{"text":"Previous"},"right":{"text":"Next"}}},"Cards.kony.AddCreateMob_v9.settingData2":{"content":{"title":"Success Message","body":"<ol>\n<li>From the left menu of the Action Editor, under the <strong>Widget</strong>section, select&nbsp;<strong>Set Widget Property</strong>.</li>\n<li>From the right pane, under&nbsp;<strong>Mobile Forms</strong>&nbsp;&gt;&nbsp;<strong>frmAddRecipient&nbsp;</strong>&gt; <strong>flexFieldsContainer</strong>, and select&nbsp;<strong>flexAddSuccessHeader</strong>.</li>\n<li>In the right pane, modify the following values:\n<ul>\n<li>Property:&nbsp;<strong>Visible</strong></li>\n<li>Value:&nbsp;<strong>True</strong></li>\n</ul>\n</li>\n</ol>"},"navigationBar":{"left":{"text":"Previous"},"right":{"text":"Next"}}},"Cards.kony.AddCreateMob_v9.settingData3":{"content":{"title":"Setting Button Opacity","body":"<ol>\n<li>From the left menu of the Action Editor, under the <strong>Widget</strong> section, select <strong>Set Widget Property</strong>.</li>\n<li>From the right pane, under <strong>Mobile</strong> &gt; <strong>Forms</strong> &gt; <strong> frmAddRecipient </strong>&gt; <strong> flexAddRecipient</strong> > <b>flexFieldsContainer</b> &gt; <strong>flexAdd </strong>&gt; <strong>flexBorderedButton</strong>, select <strong>btnSquared</strong>.</li>\n<li>In the right pane, modify the following values:\n<ul>\n<li>Property: <strong>Opacity</strong></li>\n<li>Value: <strong>60%</strong></li>\n</ul>\n</li>\n</ol>"},"navigationBar":{"left":{"text":"Previous"},"right":{"text":"Next"}}},"Cards.kony.AddCreateMob_v9.settingData4":{"content":{"title":"Setting Delay","body":"<ol>\n<li>From the left menu of the Action Editor, under <strong>FUNCTION</strong> select <strong>Add Snippet</strong>.</li>\n<li>In the right pane of the <strong>Action Editor</strong>, type the following code:<br /><span style=\"background-color: #999999;\"><strong>self.view.forceLayout();</strong></span></li>\n<li>From the left menu of the <strong>Action Editor</strong>, under the <strong>GENERAL</strong> section,&nbsp; select <strong>Set Timeout</strong>.</li>\n<li>Provide the following value:\n<ul>\n<li>Delay: <strong>2</strong></li>\n</ul>\n</li>\n</ol>"},"navigationBar":{"left":{"text":"Previous"},"right":{"text":"Next"}}},"Cards.kony.AddCreateMob_v9.settingSuccess":{"content":{"title":"Success Message","body":"<ol>\n<li>From the left menu of the <strong>Action Editor</strong>, under the <strong>Widget</strong> section, select <strong>Set Widget Property.</strong></li>\n<li>From the right pane, under <strong>Mobile</strong> &gt; <strong>Forms</strong> &gt; <strong>frmAddRecipient</strong> > <strong>flexAddRecipient</strong>, select <strong>flexAddSuccessHeader</strong>.</li>\n<li>In the right pane, modify the following values:\n<ul>\n<li>Property: <strong>Visible</strong></li>\n<li>Value: <strong>False</strong></li>\n</ul>\n</li>\n</ol>"},"navigationBar":{"left":{"text":"Previous"},"right":{"text":"Next"}}},"Cards.kony.AddCreateMob_v9.uiAddRecipients":{"content":{"title":"UI for Adding Recipients","body":"<ol>\n<li>From the bottom-left corner of Visualizer, navigate to the <strong>Default Library</strong>.</li>\n<li>Next to the Default Library, you will see the <strong>My Libraries </strong>tab and a search icon. <br />Click the search icon.</li>\n<li>In the search bar that appears, enter <strong>AddRecipient</strong>.</li>\n<li>From the results, under <strong>RecipientsMobile</strong>, select <strong>AddRecipient</strong>.</li>\n<li>Drag the <strong>AddRecipient</strong> collection onto the <strong>frmAddRecipient</strong> on the canvas.</li>\n</ol>"},"navigationBar":{"left":{"text":"Previous"},"right":{"text":"Next"}}},"Cards.kony.AddCreateMob_v9.view":{"content":{"title":"View the App","body":"<ol>\n<li>Enter the following login credentials in your app.\n<ul>\n<li>Username: <strong>john.doe@temenos.com</strong></li>\n<li>Password: <strong>Temenos@123</strong></li>\n</ul>\n</li>\n<li>Click <strong>Login</strong>.<br /> The <strong>Accounts List</strong> appears.</li>\n<li>Click <strong>Recipients</strong>.<br /> The <strong>Recipient list</strong> appears.</li>\n<li>Click the add <strong>(+) </strong>icon to add a recipient.</li>\n<li>Select a recipient from the list to view their details.<br />From the details page, you can delete the recipient.<br />We will be adding the edit functionality of recipients in the next hike.</li>\n<li>To exit the app on your <strong>mobile</strong> device, swipe two fingers from left to right or shake your mobile device and click <strong>Exit App</strong>.</li>\n</ol>"},"navigationBar":{"left":{"text":"Previous"},"right":{"text":"Next"}}}}