{
  "Tour.AddCreateMob_v9": {
    "description": "旅遊描述"
  },
  "Hike.VoltMX.AddCreateMob_v9": {
    "description": "徒步說明"
  },
  "Card.VoltMX.AddCreateMob_v9.conf": {
    "content": {
      "title": "從動作編輯器配置用戶界面",
      "body": "<ol>\n<li>從左側菜單<strong>動作編輯器</strong> , 在<strong>小工具</strong>部分，選擇<strong>設置小部件屬性</strong>.</li>\n<li>從右窗格中，在<strong>移動表單</strong>&gt;<strong>frmAddRecipients</strong> > <b>flexAddRecipient</b> > <strong>flexFieldsContainer</strong>&gt;<strong>flexAdd</strong>&gt;<strong>flexBorderedButton</strong> ，然後選擇<strong>btnSquared</strong>.</li>\n<li>在右側窗格中，修改以下值：<ul>\n<li>屬性：<strong>不透明度</strong></li>\n<li>值：<strong>100%</strong></li>\n</ul>\n</li>\n</ol>"
    },
    "navigationBar": {
      "left": {
        "text": "上一個"
      },
      "right": {
        "text": "下一個"
      }
    }
  },
  "Card.VoltMX.AddCreateMob_v9.conf2": {
    "content": {
      "title": "添加代碼段",
      "body": "<ol>\n<li>從左側菜單<strong>動作編輯器</strong> , 在<strong>功能</strong>部分，選擇<strong>添加代碼段</strong>.</li>\n<li>在右側窗格中，提供以下代碼：<br /><span style=\"background-color: #999999;\"><strong>self.view.forceLayout()；</strong></span></li>\n<li>來自<strong>動作編輯器</strong>畫布下<strong>調用服務</strong>節點，選擇<strong>回調</strong>.</li>\n</ol>"
    },
    "navigationBar": {
      "left": {
        "text": "上一個"
      },
      "right": {
        "text": "下一個"
      }
    }
  },
  "Card.VoltMX.AddCreateMob_v9.conf3": {
    "content": {
      "title": "故障警報",
      "body": "<ol>\n<li>從左側菜單<strong>動作編輯器，</strong> 在<strong>條件</strong>部分，選擇<strong>其他</strong>.</li>\n<li>從動作編輯器的左側菜單中，在<strong>客戶端</strong>部分，選擇<strong>顯示警報</strong>.</li>\n<li>在右側窗格中修改以下字段<ul>\n<li>警報類型：<strong>信息</strong></li>\n<li>警報消息：&ldquo;<strong> 抱歉，無法成功添加您的收款人。請稍後再試。</strong>&rdquo;</li>\n</ul>\n</li><li>點擊<b>保存</b>.</li>\n</ol>"
    },
    "navigationBar": {
      "left": {
        "text": "上一個"
      },
      "right": {
        "text": "下一個"
      }
    }
  },
  "Card.VoltMX.AddCreateMob_v9.createForm": {
    "content": {
      "title": "創建添加收件人屏幕",
      "body": "<ol>\n<li>來自<strong>項目</strong>資源管理器，展開<strong>手機</strong>.</li>\n<li>右擊<strong>表格</strong>並選擇<strong>新表格</strong>.</li>\n<li>右鍵單擊<strong>Form1</strong> ，並重命名<strong>frmAddRecipient</strong>.</li>\n</ol>"
    },
    "navigationBar": {
      "left": {
        "text": "上一個"
      },
      "right": {
        "text": "下一個"
      }
    }
  },
  "Card.VoltMX.AddCreateMob_v9.done": {
    "content": {
      "title": " 恭喜",
      "body": "<p>你已經成功：</p>\n<ul>\n<li><strong>創建創建收件人屏幕</strong></li>\n<li><strong>為創建收件人屏幕創建和自定義用戶界面</strong></li>\n<li><strong>添加了往返於創建收件人屏幕的導航<br /></strong></li>\n</ul>\n<p>有關在您的應用程序中編輯收件人的更多信息，請查看下一次加息：<a class=\"tour-link\" tour=\"af52eatb-e7a4-46r0-90u8-cfd0c4n6\"><strong> 8. 添加編輯收件人功能</strong></a>.</p>"
    },
    "navigationBar": {
      "left": {
        "text": "上一個"
      },
      "right": {
        "text": "完成"
      }
    }
  },
  "Card.VoltMX.AddCreateMob_v9.intro": {
    "content": {
      "title": "添加創建收件人",
      "body": "<p><strong>讓我們開始吧！</strong></p>\n<p>在這次徒步旅行中，您將學習如何：</p>\n<ul>\n<li>創建創建收款人表單</li>\n<li>使用服務為創建收款人表單創建用戶界面</li>\n</ul>\n<p>在開始之前，完成遠足：</p>\n<ol><b>\n<li><a class=\"tour-link\" tour=\"7408efte-e2aa-4cr8-a9ub-d7ba36n8\">啟動您的第一個移動應用</a></li><li><a class=\"tour-link\" tour=\"a617eft5-7ca8-4ard-8eu8-94cdean5\">從集合創建用戶界面</a></li><li><a class=\"tour-link\" tour=\"15d8c7t4-cda7-40rb-afu7-345cfcnc\">向應用程序添加身份驗證</a></li>\n<li><a class=\"tour-link\" tour=\"a7a762t5-3eac-44r5-8bu2-89b781n1\">為原生應用創建服務</a> </li>\n<li><a class=\"tour-link\" tour=\"fab6d8ta-91ac-4frc-8fud-14a9f7na\">將應用程序 UI 連接到本機應用程序中的數據</a></li><li><a class=\"tour-link\" tour=\"db7f07t9-c0a5-4erb-89u0-fab1ean8\">創建收件人詳細信息和刪除功能</a></li></b>\n</ol>\n<p>確保您打開在之前的徒步旅行中創建的相同項目。</p>\n<p>要打開一個關閉的項目，從主菜單，導航到<strong>項目</strong>&gt;<strong>打開</strong>&gt;<strong>HCL 參考架構</strong>&gt;<strong>RecipientsMobApp</strong>.</p>\n<p><strong>準備好後，單擊開始！</strong></p>"
    },
    "navigationBar": {
      "left": {
        "text": "上一個"
      },
      "right": {
        "text": "開始"
      }
    }
  },
  "Card.VoltMX.AddCreateMob_v9.nav": {
    "content": {
      "title": "為後退按鈕添加導航",
      "body": "<ol>\n<li>來自<strong>項目瀏覽器</strong> , 導航到<strong>frmAddRecipient</strong>&gt;<strong>flexAddRecipient</strong>&gt;<strong>flexHeader，</strong>選擇<strong>headerButtonLeft</strong>.</li>\n<li>來自<strong>屬性</strong>面板，導航到<strong>行動</strong>標籤。</li>\n<li>對於<strong>點擊</strong>事件，點擊<strong>編輯</strong>. <br /><strong>動作編輯器</strong>窗口出現。</li>\n</ol>"
    },
    "navigationBar": {
      "left": {
        "text": "上一個"
      },
      "right": {
        "text": "下一個"
      }
    }
  },
  "Card.VoltMX.AddCreateMob_v9.nav1": {
    "content": {
      "title": "為後退按鈕添加導航",
      "body": "<ol>\n<li>來自<strong>動作編輯器</strong>左側菜單，在<strong>一般</strong>部分，選擇<strong>導航到表單</strong>.</li>\n<li>從右側窗格<strong>動作編輯器</strong>，選擇<strong>frmRecipients</strong>.</li>\n<li>點擊<strong>保存</strong>.</li>\n</ol>"
    },
    "navigationBar": {
      "left": {
        "text": "上一個"
      },
      "right": {
        "text": "下一個"
      }
    }
  },
  "Card.VoltMX.AddCreateMob_v9.nav2": {
    "content": {
      "title": "導航到添加收件人屏幕",
      "body": "<ol>\n<li>來自<strong>動作編輯器</strong>左側菜單，在<strong>一般</strong>部分，選擇<strong>導航到表單</strong>.</li>\n<li>從右側窗格<strong>動作編輯器</strong>，選擇<strong>frmAddRecipient</strong>.</li>\n<li>點擊<strong>保存</strong>.</li>\n</ol>"
    },
    "navigationBar": {
      "left": {
        "text": "上一個"
      },
      "right": {
        "text": "下一個"
      }
    }
  },
  "Card.VoltMX.AddCreateMob_v9.navAcc": {
    "content": {
      "title": "導航到帳戶屏幕",
      "body": "<ol>\n<li>來自<strong>項目</strong>資源管理器，導航到<strong>手機</strong>&gt;<strong>表格</strong>&gt;<strong>frmAddRecipients</strong>&gt;<strong>flexFooter</strong>然後選擇<strong>flxAccounts</strong>.</li>\n<li>來自<strong>屬性</strong>面板，導航到<strong>行動</strong>標籤。</li>\n<li> 在<strong>一般</strong>部分，用於<strong>點擊</strong>事件，點擊<strong>編輯</strong>.<br /><strong>動作編輯器</strong>窗口出現。</li>\n</ol>"
    },
    "navigationBar": {
      "left": {
        "text": "上一個"
      },
      "right": {
        "text": "下一個"
      }
    }
  },
  "Card.VoltMX.AddCreateMob_v9.navAcc2": {
    "content": {
      "title": "導航到帳戶屏幕",
      "body": "<ol>\n<li>來自<strong>動作編輯器</strong>左側菜單，在<strong>一般</strong>部分，選擇<strong>導航到表單</strong>.</li>\n<li>從右側窗格<strong>動作編輯器</strong>，選擇<strong>frmAccount</strong>.</li>\n<li>點擊<strong>保存</strong>.</li>\n</ol>"
    },
    "navigationBar": {
      "left": {
        "text": "上一個"
      },
      "right": {
        "text": "下一個"
      }
    }
  },
  "Card.VoltMX.AddCreateMob_v9.navAdd": {
    "content": {
      "title": "導航到添加收件人屏幕",
      "body": "<ol>\n<li>來自&nbsp;<strong>項目</strong>資源管理器，導航到&nbsp;<strong>手機</strong>&nbsp;&gt;&nbsp;<strong>表格</strong>&nbsp;&gt;&nbsp;<strong>frmRecipients</strong>&gt;<strong> &nbsp;flexRecipientList</strong>&gt;<strong>flexHeader</strong> ，然後選擇&nbsp;<strong>headerButtonRight</strong>.</li>\n<li>來自&nbsp;<strong>屬性</strong>面板，導航到&nbsp;<strong>行動</strong>選項卡。</li>\n<li>根據&nbsp;<strong>一般</strong>部分，用於&nbsp;<strong>點擊</strong>事件，點擊<strong>編輯</strong>.<br /><strong>動作編輯器</strong>窗口出現。</li>\n</ol>"
    },
    "navigationBar": {
      "left": {
        "text": "上一個"
      },
      "right": {
        "text": "下一個"
      }
    }
  },
  "Card.VoltMX.AddCreateMob_v9.navRec": {
    "content": {
      "title": "導航到收件人屏幕",
      "body": "<ol>\n<li>來自<strong>項目</strong>資源管理器，導航到<strong>手機</strong>&gt;<strong>表格</strong>&gt;<strong>frmAddRecipient</strong>&gt;<strong>flexFooter</strong>然後選擇<strong> flexRecipientSelected</strong>.</li>\n<li>來自<strong>屬性</strong>面板，導航到<strong>行動</strong>標籤。</li>\n<li> 在<strong>一般</strong>部分，用於<strong>點擊</strong>事件，點擊<strong>編輯</strong>.<br /><strong>動作編輯器</strong>窗口出現。</li>\n</ol>"
    },
    "navigationBar": {
      "left": {
        "text": "上一個"
      },
      "right": {
        "text": "下一個"
      }
    }
  },
  "Card.VoltMX.AddCreateMob_v9.navRec2": {
    "content": {
      "title": "導航到收件人屏幕",
      "body": "<ol>\n<li>來自<strong>動作編輯器</strong>左側菜單，在<strong>一般</strong>部分，選擇<strong>導航到表單</strong>.</li>\n<li>從右側窗格<strong>動作編輯器</strong>，選擇<strong>frmRecipients</strong>.</li>\n<li>點擊<strong>保存</strong>.</li>\n</ol>"
    },
    "navigationBar": {
      "left": {
        "text": "上一個"
      },
      "right": {
        "text": "下一個"
      }
    }
  },
  "Card.VoltMX.AddCreateMob_v9.openApp": {
    "content": {
      "title": "Volt MX 應用程序",
      "body": "<ol>\n<li>使用 USB 電纜將您的移動設備連接到您的計算機。<br /> 對於Android移動設備，確保USB設置為<strong>傳輸文件</strong>.<br />對於 iOS 移動設備，請確保<strong>信任</strong> 已在設備和計算機之間建立。</li>\n<li>啟動你的<strong>Volt MX 應用程序</strong>在您的移動設備上。</li>\n<li>選擇<strong>USB</strong>選項卡。<br/>連接成功後，<strong>虹膜</strong>在您的計算機上顯示成功提示。</li>\n</ol>"
    },
    "navigationBar": {
      "left": {
        "text": "上一個"
      },
      "right": {
        "text": "下一個"
      }
    }
  },
  "Card.VoltMX.AddCreateMob_v9.run": {
    "content": {
      "title": "運行應用程序",
      "body": "<ol>\n<li>從左側導航欄中，單擊<strong>運行</strong>.<br /> Iris 顯示需要一些時間<strong>實時預覽已準備就緒</strong>窗口。</li>\n<li>在 Iris 運行應用程序後，在您的<strong>Volt MX 應用程序</strong>，點擊<strong>啟動</strong>.</li>\n<li>您可能會看到<strong>應用程序名稱</strong>文本框。如果有文本框，輸入<strong>RecipientsMobApp</strong> ，然後單擊<strong>啟動</strong>.</li>\n</ol>"
    },
    "navigationBar": {
      "left": {
        "text": "上一個"
      },
      "right": {
        "text": "下一個"
      }
    }
  },
  "Card.VoltMX.AddCreateMob_v9.Service1": {
    "content": {
      "title": "設置文本的初始值",
      "body": "<ol>\n<li>來自<strong>項目</strong>資源管理器，導航到<strong>手機</strong>&gt;<strong>表格</strong>並選擇<strong>frmAddRecipient</strong>.</li>\n<li>來自<strong>屬性</strong>面板，導航到<strong>行動</strong>標籤。</li>\n<li> 在<strong>一般</strong>部分，用於<strong>onNavigate</strong>事件，點擊<strong>編輯</strong>.<br /><strong>動作編輯器</strong>窗口出現。</li><li>從右上角<strong>動作編輯器</strong>，選擇<strong>設計視圖</strong>.</li>\n</ol>"
    },
    "navigationBar": {
      "left": {
        "text": "上一個"
      },
      "right": {
        "text": "下一個"
      }
    }
  },
  "Card.VoltMX.AddCreateMob_v9.service2": {
    "content": {
      "title": "設置名字的值",
      "body": "<ol>\n<li>從左側菜單<strong>動作編輯器</strong> , 在<strong>小工具</strong>部分，選擇<strong>設置小部件屬性</strong>.</li>\n<li>從右側窗格<strong>動作編輯器</strong>，去<strong>移動表單</strong>&gt;<strong>frmAddRecipient</strong>&nbsp; &gt;<strong>flexAddRecipient</strong>&gt;<strong>flexFieldsContainer</strong>&gt;<strong>flexFirstName</strong> ，然後選擇<strong>tbxFirstName</strong>.</li>\n<li>在右側窗格中，修改以下值：<ul>\n<li>屬性：<strong>文本</strong></li>\n<li>離開<strong>值</strong> 作為空白</li>\n</ul>\n</li>\n</ol>"
    },
    "navigationBar": {
      "left": {
        "text": "上一個"
      },
      "right": {
        "text": "下一個"
      }
    }
  },
  "Card.VoltMX.AddCreateMob_v9.service3": {
    "content": {
      "title": "設置姓氏的值",
      "body": "<ol>\n<li>從左側菜單<strong>動作編輯器</strong> , 在<strong>小工具</strong>部分，選擇<strong>設置小部件屬性</strong>.</li>\n<li>從右側窗格<strong>動作編輯器</strong>，去<strong>移動表單</strong>&gt;<strong>frmAddRecipient</strong>&gt;<strong>flexAddRecipient</strong>&gt;<strong>flexFieldsContainer</strong>&gt;<strong>flexLastName</strong> ，然後選擇<strong>tbxLastName</strong>.</li>\n<li>在右側窗格中，修改以下值：<ul>\n<li>屬性：<strong>文本</strong></li>\n<li>離開<strong>值</strong> 作為空白</li>\n</ul>\n</li>\n</ol>"
    },
    "navigationBar": {
      "left": {
        "text": "上一個"
      },
      "right": {
        "text": "下一個"
      }
    }
  },
  "Card.VoltMX.AddCreateMob_v9.service4": {
    "content": {
      "title": "設置暱稱的值",
      "body": "<ol>\n<li>從左側菜單<strong>動作編輯器</strong> , 在<strong>小工具</strong>部分，選擇<strong>設置小部件屬性</strong>.</li>\n<li>從右側窗格<strong>動作編輯器</strong>，去<strong>移動表單</strong>&gt;<strong>frmAddRecipient</strong>&gt;<strong>flexAddRecipient</strong>&gt;<strong>flexFieldsContainer</strong>&gt;<strong>flexNickName</strong> ，然後選擇<strong>tbxNickName</strong>.</li>\n<li>在右側窗格中，修改以下值：<ul>\n<li>屬性：<strong>文本</strong></li>\n<li>離開<strong>值</strong> 作為空白</li>\n</ul>\n</li>\n</ol>"
    },
    "navigationBar": {
      "left": {
        "text": "上一個"
      },
      "right": {
        "text": "下一個"
      }
    }
  },
  "Card.VoltMX.AddCreateMob_v9.service5": {
    "content": {
      "title": "設置電話號碼的值",
      "body": "<ol>\n<li>從左側菜單<strong>動作編輯器</strong> , 在<strong>小工具</strong>部分，選擇<strong>設置小部件屬性</strong>.</li>\n<li>從右側窗格<strong>動作編輯器</strong>，去<strong>移動表單</strong>&gt;<strong>frmAddRecipient</strong>&gt;<strong>flexAddRecipient</strong>&gt;<strong>flexFieldsContainer</strong>&gt;<strong>flexPhone</strong> ，然後選擇<strong>tbxPhone</strong>.</li>\n<li>在右側窗格中，修改以下值：<ul>\n<li>屬性：<strong>文本</strong></li>\n<li>離開<strong>值</strong> 作為空白</li>\n</ul>\n</li>\n</ol>"
    },
    "navigationBar": {
      "left": {
        "text": "上一個"
      },
      "right": {
        "text": "下一個"
      }
    }
  },
  "Card.VoltMX.AddCreateMob_v9.service6": {
    "content": {
      "title": "成功消息",
      "body": "<ol>\n<li>從左側菜單<strong>動作編輯器</strong> , 在<strong>小工具</strong>部分，選擇<strong>設置小部件屬性</strong>.</li>\n<li>從右側窗格<strong>動作編輯器</strong>，去<strong>移動表單</strong>&gt;<strong>frmAddRecipient</strong> > <strong>flexAddRecipient</strong>並選擇<strong>flexSuccessHeader</strong>.</li>\n<li>在右側窗格中，修改以下值：<ul>\n<li>屬性：<strong>可見</strong></li>\n<li>值：<strong>假</strong></li>\n</ul>\n</li>\n<li>點擊<strong>保存</strong>.</li>\n</ol>"
    },
    "navigationBar": {
      "left": {
        "text": "上一個"
      },
      "right": {
        "text": "下一個"
      }
    }
  },
  "Card.VoltMX.AddCreateMob_v9.serviceCall1": {
    "content": {
      "title": "調用創建操作",
      "body": "<ol>\n<li>來自<strong>項目</strong>資源管理器，導航到<strong>手機</strong>&gt;<strong>表格</strong>&gt;<strong>frmAddRecipient</strong>&gt;<strong>flexAddRecipient</strong> > <b>flexFieldsContainer</b> > <strong>flexAdd</strong>&gt;<strong>flexSquaredBorderedButton</strong> ，然後選擇<strong>btnSquared</strong>.</li>\n<li>來自<strong>屬性</strong>面板，導航到<strong>行動</strong>標籤。</li>\n<li> 在<strong>一般</strong>部分，用於<strong>點擊</strong>事件，點擊<strong>編輯</strong>.<br /><strong>動作編輯器</strong>窗口出現。</li>\n<li>從右上角<strong>動作編輯器</strong>窗口，選擇<strong>設計視圖</strong>.</li>\n</ol>"
    },
    "navigationBar": {
      "left": {
        "text": "上一個"
      },
      "right": {
        "text": "下一個"
      }
    }
  },
  "Card.VoltMX.AddCreateMob_v9.serviceCall2": {
    "content": {
      "title": "調用創建操作",
      "body": "<ol>\n<li>從左側菜單<strong>動作編輯器</strong> , 在<strong>網絡</strong>部分，選擇<strong>加載指示器</strong>.</li>\n<li>從左側菜單<strong>動作編輯器</strong> , 在<strong>網絡</strong>部分，選擇<strong>調用服務</strong>.</li>\n<li>從右側窗格<strong>動作編輯器</strong> , 對於<strong>選擇服務</strong> ，從下拉列表中選擇<strong>RecipientStorage$Recipients</strong>.</li>\n<li>對於<strong>選擇方法</strong> ，從下拉列表中選擇<strong>創建</strong>.</li>\n</ol>"
    },
    "navigationBar": {
      "left": {
        "text": "上一個"
      },
      "right": {
        "text": "下一個"
      }
    }
  },
  "Card.VoltMX.AddCreateMob_v9.serviceCall3": {
    "content": {
      "title": "將數據映射到服務",
      "body": "<ol>\n<li>在右側窗格中<strong>動作編輯器</strong>窗口，點擊<strong>打開映射編輯器</strong>. <br /><strong>映射編輯器</strong>窗口出現。</li>\n<li>從左側窗格<strong>映射編輯器</strong>，展開<strong>表格</strong>&gt;<strong>frmAddRecipient</strong>.</li>\n<li>從右側窗格<strong>映射編輯器</strong>，展開<strong>服務</strong>&gt;<strong>服務 - RecipientStorage$Recipients$create</strong>.</li>\n</ol>"
    },
    "navigationBar": {
      "left": {
        "text": "上一個"
      },
      "right": {
        "text": "下一個"
      }
    }
  },
  "Card.VoltMX.AddCreateMob_v9.serviceCall4": {
    "content": {
      "title": "將數據映射到服務",
      "body": "<p>在映射編輯器中，將以下元素從左窗格映射到右窗格：</p>\n<ul>\n<li>從左側窗格<strong>映射編輯器</strong>，展開<strong>TextField &ndash; tbx名字</strong> ，然後選擇<strong>文本{字符串}</strong>.<br />從右側窗格<strong>映射編輯器</strong>，選擇<strong>名字{字符串}</strong>.</li>\n<li>從左側窗格<strong>映射編輯器</strong>，展開<strong>TextField &ndash; tbxLastName</strong> ，然後選擇<strong>文本{字符串}</strong>.<br />從右側窗格<strong>映射編輯器</strong>，選擇<strong>姓氏{字符串}</strong>.</li>\n<li>從左側窗格<strong>映射編輯器</strong>，展開<strong>TextField &ndash; tbx暱稱</strong> ，然後選擇<strong>文本{字符串}</strong>.<br />從右側窗格<strong>映射編輯器</strong>，選擇<strong>暱稱{字符串}</strong>.</li>\n<li>從左側窗格<strong>映射編輯器</strong>，展開<strong>TextField &ndash;手機</strong> ，然後選擇<strong>文本{字符串}</strong>.<br />從右側窗格<strong>映射編輯器</strong>，選擇<strong>電話{字符串}</strong>.</li>\n</ul>"
    },
    "navigationBar": {
      "left": {
        "text": "上一個"
      },
      "right": {
        "text": "下一個"
      }
    }
  },
  "Card.VoltMX.AddCreateMob_v9.serviceCall5": {
    "content": {
      "title": "調用創建操作",
      "body": "<ol>\n<li>來自<strong>動作編輯器</strong>畫布下<strong>調用服務</strong>節點，選擇<strong>回調</strong>.</li>\n<li>從左側菜單<strong>動作編輯器</strong> , 在<strong>網絡</strong>部分，選擇<strong>加載指示器</strong>.</li>\n<li>在右側窗格中<strong>動作編輯器</strong> ，將加載指示器設置為<strong>解僱</strong>.</li>\n</ol>"
    },
    "navigationBar": {
      "left": {
        "text": "上一個"
      },
      "right": {
        "text": "下一個"
      }
    }
  },
  "Card.VoltMX.AddCreateMob_v9.settingData": {
    "content": {
      "title": "設置數據",
      "body": "<ol>\n<li>從左側菜單<strong>動作編輯器，</strong> 在<strong>條件</strong>部分，選擇<b>如果</b>.</li>\n<li>從動作編輯器的右窗格中，在<strong>添加條件</strong>修改以下值：<br />\n<ul>\n<li>第一個字段<strong>值</strong></li>\n<li>第二個字段&nbsp;<strong>Recipients.opstatus</strong></li>\n<li>第三場<strong>等於</strong></li>\n<li>第四場&ndash;<strong>值</strong></li>\n<li>第五場 -<strong>0</strong></li>\n</ul>\n</li>\n</ol>"
    },
    "navigationBar": {
      "left": {
        "text": "上一個"
      },
      "right": {
        "text": "下一個"
      }
    }
  },
  "Card.VoltMX.AddCreateMob_v9.settingData2": {
    "content": {
      "title": "成功消息",
      "body": "<ol>\n<li>從動作編輯器的左側菜單中，在<strong>小工具</strong>部分，選擇&nbsp;<strong>設置小部件屬性</strong>.</li>\n<li>從右窗格中，在&nbsp;<strong>移動表單</strong>&nbsp;&gt;&nbsp;<strong>frmAddRecipient&nbsp;</strong>&gt;<strong>flexFieldsContainer</strong> ，然後選擇&nbsp;<strong>flexAddSuccessHeader</strong>.</li>\n<li>在右側窗格中，修改以下值：<ul>\n<li>屬性：&nbsp;<strong>可見</strong></li>\n<li>值：&nbsp;<strong>真</strong></li>\n</ul>\n</li>\n</ol>"
    },
    "navigationBar": {
      "left": {
        "text": "上一個"
      },
      "right": {
        "text": "下一個"
      }
    }
  },
  "Card.VoltMX.AddCreateMob_v9.settingData3": {
    "content": {
      "title": "設置按鈕不透明度",
      "body": "<ol>\n<li>從動作編輯器的左側菜單中，在<strong>小工具</strong>部分，選擇<strong>設置小部件屬性</strong>.</li>\n<li>從右窗格中，在<strong>手機</strong>&gt;<strong>表格</strong>&gt;<strong>frmAddRecipient</strong>&gt;<strong>flexAddRecipient</strong> > <b>flexFieldsContainer</b>&gt;<strong>flexAdd</strong>&gt;<strong>flexBorderedButton</strong>，選擇<strong>btnSquared</strong>.</li>\n<li>在右側窗格中，修改以下值：<ul>\n<li>屬性：<strong>不透明度</strong></li>\n<li>值：<strong>60%</strong></li>\n</ul>\n</li>\n</ol>"
    },
    "navigationBar": {
      "left": {
        "text": "上一個"
      },
      "right": {
        "text": "下一個"
      }
    }
  },
  "Card.VoltMX.AddCreateMob_v9.settingData4": {
    "content": {
      "title": "設置延遲",
      "body": "<ol>\n<li>從動作編輯器的左側菜單中，在<strong>功能</strong>選擇<strong>添加代碼段</strong>.</li>\n<li>在右側窗格中<strong>動作編輯器</strong> ，輸入以下代碼：<br /><span style=\"background-color: #999999;\"><strong>self.view.forceLayout()；</strong></span></li>\n<li>從左側菜單<strong>動作編輯器</strong> , 在<strong> 一般</strong>部分，&nbsp;選擇<strong>設置超時</strong>.</li>\n<li>提供以下值：<ul>\n<li>延遲：<strong>2</strong></li>\n</ul>\n</li>\n</ol>"
    },
    "navigationBar": {
      "left": {
        "text": "上一個"
      },
      "right": {
        "text": "下一個"
      }
    }
  },
  "Card.VoltMX.AddCreateMob_v9.settingSuccess": {
    "content": {
      "title": "成功消息",
      "body": "<ol>\n<li>從左側菜單<strong>動作編輯器</strong> , 在<strong>小工具</strong>部分，選擇<strong>設置小部件屬性。</strong></li>\n<li>從右窗格中，在<strong>手機</strong>&gt;<strong>表格</strong>&gt;<strong>frmAddRecipient</strong> > <strong>flexAddRecipient</strong>，選擇<strong>flexAddSuccessHeader</strong>.</li>\n<li>在右側窗格中，修改以下值：<ul>\n<li>屬性：<strong>可見</strong></li>\n<li>值：<strong>假</strong></li>\n</ul>\n</li>\n</ol>"
    },
    "navigationBar": {
      "left": {
        "text": "上一個"
      },
      "right": {
        "text": "下一個"
      }
    }
  },
  "Card.VoltMX.AddCreateMob_v9.uiAddRecipients": {
    "content": {
      "title": "添加收件人的用戶界面",
      "body": "<ol>\n<li>從 Iris 的左下角，導航到<strong>默認庫</strong>.</li>\n<li>在默認庫旁邊，您將看到<strong>我的圖書館</strong>選項卡和搜索圖標。<br />點擊搜索圖標。</li>\n<li>在出現的搜索欄中，輸入<strong>添加收件人</strong>.</li>\n<li>從結果來看，在<strong> RecipientsMobile</strong>，選擇<strong>添加收件人</strong>.</li>\n<li>拖動<strong>添加收件人</strong>收集到<strong>frmAddRecipient</strong>在畫布上。</li>\n</ol>"
    },
    "navigationBar": {
      "left": {
        "text": "上一個"
      },
      "right": {
        "text": "下一個"
      }
    }
  },
  "Card.VoltMX.AddCreateMob_v9.view": {
    "content": {
      "title": "查看應用",
      "body": "<ol>\n<li>在您的應用中輸入以下登錄憑據。<ul>\n<li>用戶名：<strong>john.doe@woodburn.com</strong></li>\n<li>密碼：<strong>VoltMX@123</strong></li>\n</ul>\n</li>\n<li>點擊<strong>登錄</strong>.<br /><strong>賬戶列表</strong>出現。</li>\n<li>點擊<strong>收件人</strong>.<br /><strong>收件人列表</strong>出現。</li>\n<li>點擊添加<strong> (+)</strong> 添加收件人的圖標。</li>\n<li>從列表中選擇收件人以查看其詳細信息。<br /> 從詳情頁面，您可以刪除收件人。<br />我們將在下次加息中添加收件人的編輯功能。</li>\n<li>退出應用程序<strong>手機</strong>設備，從左向右滑動兩根手指或搖動您的移動設備並單擊<strong>退出應用</strong>.</li>\n</ol>"
    },
    "navigationBar": {
      "left": {
        "text": "上一個"
      },
      "right": {
        "text": "下一個"
      }
    }
  }
}