{
    "kuid": "3e922dt7-a0a3-48r1-87u4-892699nb",
    "id": "kony.AddCreateMob_v9.done",
    "content": {
        "title": "Congratulations",
        "body": "<p>You&rsquo;ve successfully:</p>\n<ul>\n<li><strong>Created the create recipients screen</strong></li>\n<li><strong>Created and customized the UI for the create recipients screen</strong></li>\n<li><strong>Added navigation to and from the Create Recipients screen<br /></strong></li>\n</ul>\n<p>For more information about editing the recipients in your app, check out the next hike: <a class=\"tour-link\" tour=\"af52eatb-e7a4-46r0-90u8-cfd0c4n6\"><strong>8. Add Edit Recipients Feature</strong></a>.</p>"
    },
    "pointer": {
        "direction": "left",
        "element": "",
        "type": "none"
    },
    "navigationType": "manual",
    "navigationBar": {
        "left": {
            "text": "Previous",
            "enable": true,
            "hide": false
        },
        "right": {
            "text": "Done",
            "enable": true,
            "hide": false
        }
    },
    "navigationCondition": "",
    "position": "CENTER",
    "meta": {
        "Creator": "Rashmi Menon",
        "CreatedOn": "Wed, 26 Feb 2020 05:42:41 GMT"
    },
    "context": []
}