{
    "kuid": "bc1670t1-64aa-47rf-92u7-dd7547n7",
    "id": "kony.EditPayeeWeb_v9.successMsg3",
    "content": {
        "title": "Navigation to Details Screen",
        "body": "<ol>\n<li>From the left menu of the <strong>Action Editor</strong>, under the <strong>General </strong>section, select <strong>Navigate to Form</strong>.</li>\n<li>From the right pane, select <strong>frmDetails</strong>.</li>\n<li>Check the option for <strong>Pass data with navigation</strong>.</li>\n<li>From the right pane, expand <strong>Forms </strong>&gt;<strong> frmEditRecipient </strong>&gt;<strong> Label - lblPayeeID</strong>, and select <strong>text {string}</strong>.</li>\n<li>Click <strong>Save</strong>.</li>\n</ol>"
    },
    "pointer": {
        "direction": "left",
        "element": {
            "module": "actioneditor",
            "itemType": "ae-action-type",
            "info": {
                "actionType": "Navigate to Form"
            }
        },
        "type": "default"
    },
    "navigationType": "manual",
    "navigationBar": {
        "left": {
            "text": "Previous",
            "enable": true,
            "hide": false
        },
        "right": {
            "text": "Next",
            "enable": true,
            "hide": false
        }
    },
    "navigationCondition": "",
    "position": "BOTTOM_RIGHT",
    "meta": {
        "Creator": "Rashmi Menon",
        "CreatedOn": "Fri, 28 Feb 2020 06:15:27 GMT"
    },
    "context": []
}