{
    "kuid": "8095fat7-2da6-43rc-b4ua-4ee919nc",
    "id": "VoltMX.UsingTestRecorder_v9.testCase",
    "content": {
        "title": "Create the First Test Case",
        "body": "<ol>\n<li>Close the <strong>Live Preview is ready </strong>window.</li>\n<li>From the <strong>Project</strong> Explorer, expand <strong>Test Resources</strong> &gt; <strong>Jasmine</strong> &gt; <strong>Mobile</strong>, and select <strong>Test Cases</strong>.</li>\n<li>Right-click <strong>Test Cases</strong> and select <strong>Create a Test Case</strong>.<br />The <strong>Test Case Recorder</strong> window appears.</li>\n</ol>"
    },
    "pointer": {
        "direction": "left",
        "element": {
            "module": "projectexplorer",
            "path": "project-body\\testresources\\Test Resources"
        },
        "type": "default"
    },
    "navigationType": "manual",
    "navigationBar": {
        "left": {
            "text": "Previous",
            "enable": true,
            "hide": false
        },
        "right": {
            "text": "Next",
            "enable": true,
            "hide": false
        }
    },
    "navigationCondition": "",
    "position": "BOTTOM_RIGHT",
    "meta": {
        "Creator": "Rashmi Menon",
        "CreatedOn": "Thu, 27 Feb 2020 08:57:46 GMT"
    },
    "context": []
}