{
  "Tour.VoltMXOrientationV9": {
    "description": " यात्रा का विवरण"
  },
  "Hike.VoltMX.VoltMXOrientationV9": {
    "description": " वृद्धि का विवरण"
  },
  "Card.VoltMX.VoltMXOrientationV9.Build": {
    "content": {
      "title": " बिल्ड",
      "body": "<p> The<strong> बिल्ड</strong> मेनू आपको अपने ऐप का पूर्वावलोकन करने या इसे अपने वोल्ट एमएक्स क्लाउड खाते में बनाने और प्रकाशित करने में मदद करता है। आप या तो अपने ऐप का लाइव पूर्वावलोकन कर सकते हैं या वोल्ट एमएक्स ऐप पर।</p>"
    },
    "navigationBar": {
      "left": {
        "text": " पिछला"
      },
      "right": {
        "text": " हो गया"
      }
    }
  },
  "Card.VoltMX.VoltMXOrientationV9.canvas": {
    "content": {
      "title": " कैनवास",
      "body": "<p> The<b> कैनवास</b> वह कार्य क्षेत्र है जहाँ आप एक ऐप डिज़ाइन करते हैं। इसके ड्रॉप-डाउन मेनू से एक उपकरण और एक प्लेटफॉर्म का चयन करके, आप देख सकते हैं कि वोल्ट एमएक्स आईरिस को छोड़े बिना आपका ऐप यूआई डिवाइस पर कैसा दिखेगा।</p>"
    },
    "navigationBar": {
      "left": {
        "text": " पिछला"
      },
      "right": {
        "text": " अगला"
      }
    }
  },
  "Card.VoltMX.VoltMXOrientationV9.Console": {
    "content": {
      "title": " कंसोल",
      "body": "<p> The<strong> कंसोल</strong> वोल्ट एमएक्स आइरिस की प्रत्येक गतिविधि का रनिंग रिकॉर्ड प्रदर्शित करता है। जब आप सेवाओं को प्रारंभ करते हैं, अपना ऐप बनाते हैं या इसे लॉन्च करते हैं, तो यह आपको त्रुटि दिखाकर किसी भी विफल कार्रवाई के बारे में भी सूचित करता है।</p>"
    },
    "navigationBar": {
      "left": {
        "text": " पिछला"
      },
      "right": {
        "text": " अगला"
      }
    }
  },
  "Card.VoltMX.VoltMXOrientationV9.DataPanel": {
    "content": {
      "title": " डेटा और सेवाएं",
      "body": "<p> The<strong> डेटा &amp; सेवाएं</strong> पैनल आपको बैक-एंड डेटा सेवाओं को अपने ऐप के उपयोगकर्ता इंटरफ़ेस तत्वों से लिंक करने में सक्षम बनाता है। नमूना सेवाओं में<strong> डेटा &amp; सेवाएं</strong> पैनल आपको अपने ऐप में एक सेवा जोड़ने में मदद करता है।</p>"
    },
    "navigationBar": {
      "left": {
        "text": " पिछला"
      },
      "right": {
        "text": " अगला"
      }
    }
  },
  "Card.VoltMX.VoltMXOrientationV9.DefaultLibrary": {
    "content": {
      "title": " डिफ़ॉल्ट लाइब्रेरी",
      "body": "<p> The<strong> डिफ़ॉल्ट लाइब्रेरी</strong> विजेट्स, UI घटकों और आइकनों का एक संग्रह है। घटक बिल्डिंग ब्लॉक हैं जो आपको एक ऐप बनाने की अनुमति देते हैं। आइकन और घटकों को उनके उपयोग के आधार पर समूहीकृत किया जाता है।<br/> सूची को स्क्रॉल करके संग्रह का अन्वेषण करें या कुछ विशिष्ट खोजने के लिए खोज विकल्प का उपयोग करें।</p>"
    },
    "navigationBar": {
      "left": {
        "text": " पिछला"
      },
      "right": {
        "text": " अगला"
      }
    }
  },
  "Card.VoltMX.VoltMXOrientationV9.introduction": {
    "content": {
      "title": " वोल्ट एमएक्स आईरिस का परिचय",
      "body": "<p> वोल्ट एमएक्स आईरिस सुविधाओं के बारे में जानें जो आपको बिना कोई कोड लिखे सरल चरणों में ऐप्स बनाने में मदद करती हैं।</p>"
    },
    "navigationBar": {
      "left": {
        "text": " पिछला"
      },
      "right": {
        "text": " प्रारंभ"
      }
    }
  },
  "Card.VoltMX.VoltMXOrientationV9.ProjectExplorer": {
    "content": {
      "title": " प्रोजेक्ट एक्सप्लोरर",
      "body": "<p> The<strong> परियोजना</strong> एक्सप्लोरर में रिस्पॉन्सिव वेब, मोबाइल वेब और नेटिव (एंड्रॉइड और आईओएस) के लिए ऐप बनाने के विकल्प होते हैं। प्रत्येक चैनल में फॉर्म का उपयोग करके, आप एक ऐप का यूजर इंटरफेस बना सकते हैं।</p>"
    },
    "navigationBar": {
      "left": {
        "text": " पिछला"
      },
      "right": {
        "text": " अगला"
      }
    }
  },
  "Card.VoltMX.VoltMXOrientationV9.PropertiesPanel": {
    "content": {
      "title": " गुण पैनल",
      "body": "<p> The<strong> गुण</strong> पैनल आपको फ़ॉर्म और विजेट के लेआउट और रंगरूप को बदलने देता है<strong> कैनवास</strong>.</p>"
    },
    "navigationBar": {
      "left": {
        "text": " पिछला"
      },
      "right": {
        "text": " अगला"
      }
    }
  },
  "Card.VoltMX.VoltMXOrientationV9.view": {
    "content": {
      "title": " वोल्ट एमएक्स आईरिस के विभिन्न दृश्य",
      "body": "<p> एक बार आवेदन सफलतापूर्वक आयात हो जाने के बाद, आप आवेदन में विभिन्न रूपों का पता लगा सकते हैं।</p>\n<p> आवेदन सबसे पहले खुलता है<strong> स्टोरीबोर्ड</strong> देखें। आप इस दृश्य में ऐप के अंदर विभिन्न रूपों और उनके कनेक्शन देख सकते हैं।</p>\n<p> देखने के लिए<strong> गुण</strong> एक फॉर्म में प्रत्येक विजेट के लिए, किसी भी फॉर्म पर जाने के लिए डबल क्लिक करें<strong> डिज़ाइन दृश्य</strong>। आप select का भी चयन कर सकते हैं<strong> डिज़ाइन</strong> टैब पर नेविगेट करने के लिए<strong> डिज़ाइन</strong> देखें।</p>"
    },
    "navigationBar": {
      "left": {
        "text": " पिछला"
      },
      "right": {
        "text": " अगला"
      }
    }
  }
}