{
  "Tour.VoltMXOrientationV9": {
    "description": "旅遊描述"
  },
  "Hike.VoltMX.VoltMXOrientationV9": {
    "description": "徒步說明"
  },
  "Card.VoltMX.VoltMXOrientationV9.Build": {
    "content": {
      "title": "構建",
      "body": "<p><strong>構建</strong>菜單可幫助您預覽您的應用程序或構建並將其發佈到您的 Volt MX Cloud 帳戶。您可以實時預覽您的應用程序，也可以在 Volt MX 應用程序上預覽。</p>"
    },
    "navigationBar": {
      "left": {
        "text": "上一個"
      },
      "right": {
        "text": "完成"
      }
    }
  },
  "Card.VoltMX.VoltMXOrientationV9.canvas": {
    "content": {
      "title": "畫布",
      "body": "<p><b>畫布</b>是您設計應用程序的工作區。通過從下拉菜單中選擇設備和平台，您無需離開 Volt MX Iris 即可查看應用程序 UI 在設備上的外觀。</p>"
    },
    "navigationBar": {
      "left": {
        "text": "上一個"
      },
      "right": {
        "text": "下一個"
      }
    }
  },
  "Card.VoltMX.VoltMXOrientationV9.Console": {
    "content": {
      "title": "控制台",
      "body": "<p><strong>控制台</strong>顯示Volt MX Iris每次活動的運行記錄。它還通過在您初始化服務、構建您的應用程序或啟動它時顯示錯誤來通知您任何失敗的操作。</p>"
    },
    "navigationBar": {
      "left": {
        "text": "上一個"
      },
      "right": {
        "text": "下一個"
      }
    }
  },
  "Card.VoltMX.VoltMXOrientationV9.DataPanel": {
    "content": {
      "title": "數據和服務",
      "body": "<p><strong>數據&amp;服務</strong>面板使您能夠將後端數據服務鏈接到應用程序的用戶界面元素。中的示例服務<strong>數據&amp;服務</strong>面板可幫助您向應用程序添加服務。</p>"
    },
    "navigationBar": {
      "left": {
        "text": "上一個"
      },
      "right": {
        "text": "下一個"
      }
    }
  },
  "Card.VoltMX.VoltMXOrientationV9.DefaultLibrary": {
    "content": {
      "title": "默認庫",
      "body": "<p><strong>默認庫</strong>是小部件、UI 組件和圖標的集合。這些組件是允許您創建應用程序的構建塊。圖標和組件根據其用途進行分組。<br/>通過滾動列表瀏覽集合或使用搜索選項查找任何特定內容。</p>"
    },
    "navigationBar": {
      "left": {
        "text": "上一個"
      },
      "right": {
        "text": "下一個"
      }
    }
  },
  "Card.VoltMX.VoltMXOrientationV9.introduction": {
    "content": {
      "title": "Volt MX Iris簡介",
      "body": "<p>了解 Volt MX Iris 功能，這些功能可幫助您以簡單的步驟構建應用程序，而無需編寫任何代碼。</p>"
    },
    "navigationBar": {
      "left": {
        "text": "上一個"
      },
      "right": {
        "text": "開始"
      }
    }
  },
  "Card.VoltMX.VoltMXOrientationV9.ProjectExplorer": {
    "content": {
      "title": "項目資源管理器",
      "body": "<p><strong>項目</strong>資源管理器包含為響應式網絡、移動網絡和原生（Android 和 iOS）創建應用程序的選項。使用每個頻道中的表單，您可以創建應用程序的用戶界面。</p>"
    },
    "navigationBar": {
      "left": {
        "text": "上一個"
      },
      "right": {
        "text": "下一個"
      }
    }
  },
  "Card.VoltMX.VoltMXOrientationV9.PropertiesPanel": {
    "content": {
      "title": "屬性面板",
      "body": "<p><strong>屬性</strong>面板允許您更改表單和小部件的佈局和外觀<strong>畫布</strong>.</p>"
    },
    "navigationBar": {
      "left": {
        "text": "上一個"
      },
      "right": {
        "text": "下一個"
      }
    }
  },
  "Card.VoltMX.VoltMXOrientationV9.view": {
    "content": {
      "title": "Volt MX Iris的不同視圖",
      "body": "<p>成功導入應用程序後，您可以瀏覽應用程序中的不同表單。</p>\n<p>應用程序首先在<strong>故事板</strong>查看。您可以在此視圖中查看應用程序內的不同表單及其連接。</p>\n<p>查看<strong>屬性</strong>對於表單中的每個小部件，雙擊任何表單即可轉到<strong>設計視圖</strong>。您也可以選擇<strong>設計</strong>用於導航到<strong>設計</strong>查看。</p>"
    },
    "navigationBar": {
      "left": {
        "text": "上一個"
      },
      "right": {
        "text": "下一個"
      }
    }
  }
}