{
  "Tour.VoltMXOrientationV9": {
    "description": "旅游描述"
  },
  "Hike.VoltMX.VoltMXOrientationV9": {
    "description": "徒步说明"
  },
  "Card.VoltMX.VoltMXOrientationV9.Build": {
    "content": {
      "title": "构建",
      "body": "<p><strong>构建</strong>菜单可帮助您预览您的应用程序或构建并将其发布到您的 Volt MX Cloud 帐户。您可以实时预览您的应用程序，也可以在 Volt MX 应用程序上预览。</p>"
    },
    "navigationBar": {
      "left": {
        "text": "上一个"
      },
      "right": {
        "text": "完成"
      }
    }
  },
  "Card.VoltMX.VoltMXOrientationV9.canvas": {
    "content": {
      "title": "画布",
      "body": "<p><b>画布</b>是您设计应用程序的工作区。通过从下拉菜单中选择设备和平台，您无需离开 Volt MX Iris 即可查看应用程序 UI 在设备上的外观。</p>"
    },
    "navigationBar": {
      "left": {
        "text": "上一个"
      },
      "right": {
        "text": "下一个"
      }
    }
  },
  "Card.VoltMX.VoltMXOrientationV9.Console": {
    "content": {
      "title": "控制台",
      "body": "<p><strong>控制台</strong>显示Volt MX Iris每次活动的运行记录。它还通过在您初始化服务、构建您的应用程序或启动它时显示错误来通知您任何失败的操作。</p>"
    },
    "navigationBar": {
      "left": {
        "text": "上一个"
      },
      "right": {
        "text": "下一个"
      }
    }
  },
  "Card.VoltMX.VoltMXOrientationV9.DataPanel": {
    "content": {
      "title": "数据和服务",
      "body": "<p><strong>数据&amp;服务</strong>面板使您能够将后端数据服务链接到应用程序的用户界面元素。中的示例服务<strong>数据&amp;服务</strong>面板可帮助您向应用程序添加服务。</p>"
    },
    "navigationBar": {
      "left": {
        "text": "上一个"
      },
      "right": {
        "text": "下一个"
      }
    }
  },
  "Card.VoltMX.VoltMXOrientationV9.DefaultLibrary": {
    "content": {
      "title": "默认库",
      "body": "<p><strong>默认库</strong>是小部件、UI 组件和图标的集合。这些组件是允许您创建应用程序的构建块。图标和组件根据其用途进行分组。<br/>通过滚动列表浏览集合或使用搜索选项查找任何特定内容。</p>"
    },
    "navigationBar": {
      "left": {
        "text": "上一个"
      },
      "right": {
        "text": "下一个"
      }
    }
  },
  "Card.VoltMX.VoltMXOrientationV9.introduction": {
    "content": {
      "title": "Volt MX Iris简介",
      "body": "<p>了解 Volt MX Iris 功能，这些功能可帮助您以简单的步骤构建应用程序，而无需编写任何代码。</p>"
    },
    "navigationBar": {
      "left": {
        "text": "上一个"
      },
      "right": {
        "text": "开始"
      }
    }
  },
  "Card.VoltMX.VoltMXOrientationV9.ProjectExplorer": {
    "content": {
      "title": "项目资源管理器",
      "body": "<p><strong>项目</strong>资源管理器包含为响应式网络、移动网络和原生（Android 和 iOS）创建应用程序的选项。使用每个频道中的表单，您可以创建应用程序的用户界面。</p>"
    },
    "navigationBar": {
      "left": {
        "text": "上一个"
      },
      "right": {
        "text": "下一个"
      }
    }
  },
  "Card.VoltMX.VoltMXOrientationV9.PropertiesPanel": {
    "content": {
      "title": "属性面板",
      "body": "<p><strong>属性</strong>面板允许您更改表单和小部件的布局和外观<strong>画布</strong>.</p>"
    },
    "navigationBar": {
      "left": {
        "text": "上一个"
      },
      "right": {
        "text": "下一个"
      }
    }
  },
  "Card.VoltMX.VoltMXOrientationV9.view": {
    "content": {
      "title": "Volt MX Iris的不同视图",
      "body": "<p>成功导入应用程序后，您可以浏览应用程序中的不同表单。</p>\n<p>应用程序首先在<strong>故事板</strong>查看。您可以在此视图中查看应用程序内的不同表单及其连接。</p>\n<p>查看<strong>属性</strong>对于表单中的每个小部件，双击任何表单即可转到<strong>设计视图</strong>。您也可以选择<strong>设计</strong>用于导航到<strong>设计</strong>查看。</p>"
    },
    "navigationBar": {
      "left": {
        "text": "上一个"
      },
      "right": {
        "text": "下一个"
      }
    }
  }
}