{
    "kuid": "3f07f4t8-8fa0-47r9-a9ua-0c9de5nf",
    "id": "VoltMX.ConnectAppUItoDataMob_v9.openApp",
    "content": {
        "title": "Volt MX App",
        "body": "<ol>\n<li>Connect your mobile device to your computer using a USB cable.<br /> For Android mobile devices, ensure that the use of USB is set as <strong>Transfer files</strong>.<br /> For iOS mobile devices, ensure that &nbsp;<strong>trust</strong> has been established between your device and your computer.</li>\n<li>Launch the <strong>Volt MX App</strong> on your mobile device.</li>\n<li>Select the <strong>USB</strong> tab.\n<br/>On a successful connection, <strong>Iris</strong> on your computer shows a success prompt.</li>\n</ol>"
    },
    "pointer": {
        "direction": "left",
        "element": "",
        "type": "none"
    },
    "navigationType": "manual",
    "navigationBar": {
        "left": {
            "text": "Previous",
            "enable": true,
            "hide": false
        },
        "right": {
            "text": "Next",
            "enable": true,
            "hide": false
        }
    },
    "navigationCondition": "",
    "position": "CENTER",
    "meta": {
        "Creator": "Rashmi Menon",
        "CreatedOn": "Mon, 23 Mar 2020 08:46:18 GMT"
    },
    "context": []
}