{
    "kuid": "5cb414t0-a7af-4erb-80u7-5d8ffcn0",
    "id": "VoltMX.CreateEmailIdCompV9.Insert",
    "content": {
        "title": "Insert Component into the Contact Form",
        "body": "<ol>\n<li>From the upper-left corner of Iris, in the <strong>Project</strong> explorer, expand <strong>Mobile</strong> &gt; <strong>Forms</strong> and select the <strong>Contact</strong> form.</li>\n<li>Go to the <strong>Templates</strong> explorer and expand <strong>Components</strong> &gt; <strong>userEntry.emailField</strong>.</li>\n<li>Right-click on the <strong>userEntry.emailField</strong>  component and select<strong> Insert into</strong>.</li>\n</ol>\n<p>The component is now added to the <strong>Contact </strong>form.</p>"
    },
    "pointer": {
        "direction": "top",
        "element": {
            "module": "projectexplorer",
            "path": "project-head"
        },
        "type": "default"
    },
    "navigationType": "manual",
    "navigationBar": {
        "left": {
            "text": "Previous",
            "enable": true,
            "hide": false
        },
        "right": {
            "text": "Next",
            "enable": true,
            "hide": false
        }
    },
    "navigationCondition": "",
    "position": "BOTTOM_RIGHT",
    "meta": {
        "Creator": "Rashmi Menon",
        "CreatedOn": "Tue, 26 Nov 2019 06:18:38 GMT"
    },
    "context": []
}