{
    "kuid": "b6bb11t3-7ba2-4er2-9fu5-25d6b7na",
    "id": "VoltMX.IdentityServicesV9.addService",
    "content": {
        "title": "Link the Identity Service to the Form",
        "body": "<p>An identity service is used to authenticate users.</p>\n<ol>\n<li>From the <strong>Data & Services</strong> panel on the top right of your canvas, expand <strong>Sample Services</strong> &gt; <strong>MicrosoftActiveDirectory</strong>. <br /> Notice the <strong>login</strong> and the <strong>logout</strong> operations.</li>\n<li>Drag and drop the <strong>login</strong> operation onto the <strong>Login</strong> button on the <strong>frmLogin</strong> form on your canvas.</li>\n<li>From the list of actions, select <strong>Action: onClick</strong>.</li>\n<li>Click <strong>Save</strong>.</li>\n</ol>"
    },
    "pointer": {
        "direction": "right",
        "element": {
            "module": "datapanel",
            "itemType": "dp_tree_entry",
            "context": {},
            "path": "SAMPLE SERVICES"
        },
        "type": "default"
    },
    "navigationType": "manual",
    "navigationBar": {
        "left": {
            "text": "Previous",
            "enable": true,
            "hide": false
        },
        "right": {
            "text": "Next",
            "enable": true,
            "hide": false
        }
    },
    "navigationCondition": "",
    "position": "BOTTOM_RIGHT",
    "meta": {
        "Creator": "Rashmi Menon",
        "CreatedOn": "Tue, 26 Nov 2019 10:30:16 GMT"
    },
    "context": []
}