{
    "kuid": "0e72a4t0-c2a9-45ra-8aue-86a997n0",
    "id": "VoltMX.addLoginServiceV9.ConfigureLogout1",
    "content": {
        "title": "Configure Logout Parameters",
        "body": "<ol>\n<li>From the Action Editor canvas, under <strong>Invoke Service: UserAuthentication$logout</strong>,&nbsp;click <strong>Success</strong>.</li>\n<li>From the left menu of the&nbsp;<strong>Action Editor</strong>, under&nbsp;<strong>General</strong>, select&nbsp;<strong>&nbsp;Navigate to Form</strong>.</li>\n<li>In&nbsp;the right pane of the&nbsp;<strong>Action Editor</strong>, select <strong>frmLogin</strong>.</li>\n<li>Click&nbsp;<strong>Save</strong>.</li>\n</ol>"
    },
    "pointer": {
        "direction": "left",
        "element": {
            "module": "actioneditor",
            "itemType": "ae-action-type",
            "info": {
                "actionType": "Navigate to Form"
            }
        },
        "type": "default"
    },
    "navigationType": "manual",
    "navigationBar": {
        "left": {
            "text": "Previous",
            "enable": true,
            "hide": false
        },
        "right": {
            "text": "Next",
            "enable": true,
            "hide": false
        }
    },
    "navigationCondition": "",
    "position": "BOTTOM_LEFT",
    "meta": {
        "Creator": "Deepti Ravula",
        "CreatedOn": "Thu, 19 Dec 2019 06:42:37 GMT"
    },
    "context": []
}