{
    "kuid": "221ec4t0-2eaf-41r6-beu9-129777nd",
    "id": "VoltMX.AddaSalesforceServiceV9.importObj",
    "content": {
        "title": "Import Objects from Salesforce App",
        "body": "<p>Notice that the objects in your salesforce account appear on the <b>Import Objects from Backend</b> window.</p>\n<ol><li>Select the <b>Account</b> object from the list.</li>\n<li>Scroll down the outer window and select <b>Next</b> to import the account object.</li></ol>"
    },
    "pointer": {
        "direction": "left",
        "element": "",
        "type": "none"
    },
    "navigationType": "manual",
    "navigationBar": {
        "left": {
            "text": "Previous",
            "enable": true,
            "hide": false
        },
        "right": {
            "text": "Next",
            "enable": true,
            "hide": false
        }
    },
    "navigationCondition": "",
    "position": "BOTTOM_RIGHT",
    "meta": {
        "Creator": "Rashmi Menon",
        "CreatedOn": "Wed, 27 Nov 2019 08:47:51 GMT"
    },
    "context": []
}