{
  "Tour.ResponsiveWebBreakpointsV9": {
    "description": "旅游描述"
  },
  "Hike.VoltMX.ResponsiveBreakV9": {
    "description": "徒步说明"
  },
  "Card.VoltMX.ResponsiveBreakV9.breakpointforking": {
    "content": {
      "title": "断点分叉",
      "body": "<ol>\n<li>从 Iris 画布菜单中，切换<strong>断点分叉</strong>开关<strong>开</strong>.<br />断点在虹膜画布比例上显示为倒红色三角形。<br />确保虹膜画布菜单上的比例设置为<strong>100%</strong>.</li>\n<li>选择画布刻度上的每个断点以查看表单如何响应。</li>\n</ol>"
    },
    "navigationBar": {
      "left": {
        "text": "上一个"
      },
      "right": {
        "text": "下一个"
      }
    }
  },
  "Card.VoltMX.ResponsiveBreakV9.breakpointforking1": {
    "content": {
      "title": "断点分叉",
      "body": "<ol>\n<li>从 Iris 画布菜单中，切换<strong>断点分叉</strong>开关<strong>开</strong>.<br />断点在虹膜画布比例上显示为倒红色三角形。<br />确保虹膜画布菜单上的比例设置为<strong>100%</strong>.</li>\n<li>选择画布刻度上的每个断点以查看表单如何响应。</li>\n</ol>"
    },
    "navigationBar": {
      "left": {
        "text": "上一个"
      },
      "right": {
        "text": "下一个"
      }
    }
  },
  "Card.VoltMX.ResponsiveBreakV9.done": {
    "content": {
      "title": " 恭喜",
      "body": "<p>你已经成功：</p>\n<ul>\n<li><strong>向登录屏幕添加了响应断点</strong></li>\n<li><strong>在您的计算机上查看应用程序</strong></li>\n</ul><br/>\n<p>要了解有关 Volt MX Iris 的更多信息，请访问<a href='#'onClick='javascript:openURL(\"https://support.hcltechsw.com/\")'>大本营</a>.</p>"
    },
    "navigationBar": {
      "left": {
        "text": "上一个"
      },
      "right": {
        "text": "完成"
      }
    }
  },
  "Card.VoltMX.ResponsiveBreakV9.edioptNickName": {
    "content": {
      "title": "优化昵称布局",
      "body": "<ol>\n<li>来自<strong>项目</strong>资源管理器，展开<strong>frmEditRecipient</strong>&gt;<strong>flxEditRecipient</strong>&gt;<strong>flxEntryFields</strong> ，然后选择<strong>flxNickName</strong>.</li>\n<li>来自<strong>属性</strong>面板，导航到<strong>看</strong>标签。</li>\n<li> 在<strong>弹性</strong> 部分，修改以下值：<br />\n<ul>\n<li>宽度：<strong>240 Dp</strong></li>\n<li>顶部：<strong>24 Dp</strong></li>\n</ul>\n</li>\n</ol>"
    },
    "navigationBar": {
      "left": {
        "text": "上一个"
      },
      "right": {
        "text": "下一个"
      }
    }
  },
  "Card.VoltMX.ResponsiveBreakV9.editoptLay": {
    "content": {
      "title": "优化名称布局",
      "body": "<ol>\n<li>从画布比例，单击<strong>640</strong>用于优化第三个断点的布局。</li>\n<li>来自<strong>项目</strong>资源管理器，展开<strong>frmEditRecipient</strong>&gt;<strong>flxEditRecipient</strong>&gt;<strong>flxEntryFields</strong> ，然后选择<strong>flxNames</strong>.</li>\n<li>来自<strong>属性</strong>面板，导航到<strong>看</strong>标签。</li>\n<li> 在<strong>弹性</strong> 部分，修改以下值：<ul>\n<li>宽度：<strong>240 Dp</strong></li>\n<li>身高：<strong>156 Dp</strong></li>\n</ul>\n</li>\n</ol>"
    },
    "navigationBar": {
      "left": {
        "text": "上一个"
      },
      "right": {
        "text": "下一个"
      }
    }
  },
  "Card.VoltMX.ResponsiveBreakV9.editoptLay1": {
    "content": {
      "title": "优化名称布局",
      "body": "<ol>\n<li>来自<strong>属性</strong>面板，导航到<strong>FlexContainer</strong>选项卡。</li>\n<li> 在<strong>一般</strong>部分，用于<strong>布局类型</strong>，选择<strong>流垂直</strong>来自下拉列表。</li>\n</ol>"
    },
    "navigationBar": {
      "left": {
        "text": "上一个"
      },
      "right": {
        "text": "下一个"
      }
    }
  },
  "Card.VoltMX.ResponsiveBreakV9.editoptLayout1": {
    "content": {
      "title": "优化名字的布局",
      "body": "<ol>\n<li>来自<strong>项目</strong>资源管理器，展开<strong>frmEditRecipient</strong>&gt;<strong>flxEditRecipient</strong>&gt;<strong>flxEntryFields</strong>&gt;<strong>flxNames</strong> ，然后选择<strong>flxFirstName</strong>.</li>\n<li>来自<strong>属性</strong>面板，导航到<strong>看</strong>标签。</li>\n<li> 在<strong>弹性</strong> 部分，修改以下值：<br />\n<ul>\n<li>身高：<strong>66 Dp</strong></li>\n</ul>\n</li>\n</ol>"
    },
    "navigationBar": {
      "left": {
        "text": "上一个"
      },
      "right": {
        "text": "下一个"
      }
    }
  },
  "Card.VoltMX.ResponsiveBreakV9.editoptLayout2": {
    "content": {
      "title": "优化姓氏布局",
      "body": "<ol>\n<li>来自<strong>项目</strong>资源管理器，展开<strong>frmEditRecipient</strong>&gt;<strong>flxEditRecipient</strong>&gt;<strong>flxEntryFields&nbsp;</strong>&gt;<strong>flxNames</strong> ，然后选择<strong>flxLastName</strong>.</li>\n<li>来自<strong>属性</strong>面板，导航到<strong>看</strong>标签。</li>\n<li> 在<strong>弹性</strong> 部分，修改以下值：<br />\n<ul>\n<li>左：<b>0 Dp</b></li>\n<li>顶部：<b>24 Dp</b></li>\n<li>身高：<b>66 Dp</b></li>\n</ul>\n</li>\n</ol>"
    },
    "navigationBar": {
      "left": {
        "text": "上一个"
      },
      "right": {
        "text": "下一个"
      }
    }
  },
  "Card.VoltMX.ResponsiveBreakV9.editoptLayPh": {
    "content": {
      "title": "优化电话号码布局",
      "body": "<ol>\n<li>来自<strong>项目</strong>资源管理器，展开<strong>frmEditRecipient</strong>&gt;<strong>flxEditRecipient</strong>&gt;<strong>flxEntryFields</strong> ，然后选择<strong>flxPhoneNumber</strong>.</li>\n<li>来自<strong>属性</strong>面板，导航到<strong>看</strong>标签。</li>\n<li> 在<strong>弹性</strong> 部分，修改以下值：<br />\n<ul>\n<li>宽度：<strong>240 Dp</strong></li>\n</ul>\n</li>\n</ol>"
    },
    "navigationBar": {
      "left": {
        "text": "上一个"
      },
      "right": {
        "text": "下一个"
      }
    }
  },
  "Card.VoltMX.ResponsiveBreakV9.editPayeefrm": {
    "content": {
      "title": "为编辑收件人屏幕添加断点",
      "body": "<ol>\n<li>来自<strong>项目</strong>资源管理器，展开<strong>响应式网页/桌面</strong>&gt;<strong>表格</strong> ，然后选择<strong>frmEditRecipient</strong>.</li>\n</ol>"
    },
    "navigationBar": {
      "left": {
        "text": "上一个"
      },
      "right": {
        "text": "下一个"
      }
    }
  },
  "Card.VoltMX.ResponsiveBreakV9.Intro": {
    "content": {
      "title": "响应式网页断点",
      "body": "<p><strong>让我们开始吧！</strong></p>\n<p>在这次徒步旅行中，您将学习如何：</p>\n<ul>\n<li>为表单创建收件人和编辑收件人屏幕添加三个断点。</li>\n<li>看看如何<strong>实时预览</strong>实时响应断点。</li>\n</ul>\n<p>在开始之前，请完成以下远足：</p>\n<ol><b>\n<li><a class=\"tour-link\" tour=\"5a3913t0-aba2-46rc-adub-832833n2\"> 进口 &amp;启动 Web 应用程序</a></li><li><a class=\"tour-link\" tour=\"220f01t3-bda6-40r0-92uf-56631bnb\">从集合创建用户界面</a></li><li><a class=\"tour-link\" tour=\"5e1da5td-37a0-44r6-beu6-374c3cn1\">向应用程序添加身份验证</a></li>\n<li><a class=\"tour-link\" tour=\"a851b9t8-75a9-4ara-88ud-946004n9\">为 Web 应用程序创建服务</a></li>\n<li><a class=\"tour-link\" tour=\"ca148ftd-07a9-4ard-98ud-6163d4nc\">将应用程序 UI 连接到 Web 应用程序中的数据</a></li><li><a class=\"tour-link\" tour=\"082af3t0-74a2-4ere-a6u3-749d59n5\">创建收件人详细信息和删除功能</a></li>\n<li><a class=\"tour-link\" tour=\"547395tb-d8ae-4fr9-b1ub-5033a6nb\">添加创建收件人</a></li><li><a class=\"tour-link\" tour=\"c108beta-87ac-46re-87u3-92e61cnf\">添加编辑收件人功能</a></li></b>\n</ol>\n<p>确保您打开在之前的徒步旅行中创建的相同项目。</p>\n<p>要打开一个关闭的项目，从主菜单，导航到<strong>项目</strong>&gt;<strong>打开</strong>&gt;<strong>HCL 参考架构</strong>&gt;<strong>RecipientsWebApp</strong>.</p>\n<p><strong>准备好后，单击开始！</strong></p>"
    },
    "navigationBar": {
      "left": {
        "text": "上一个"
      },
      "right": {
        "text": "开始"
      }
    }
  },
  "Card.VoltMX.ResponsiveBreakV9.loginForm": {
    "content": {
      "title": "为添加收件人屏幕添加断点",
      "body": "<ol>\n<li>来自<strong>项目</strong>资源管理器，展开<strong>响应式网页/桌面</strong>&gt;<strong>表格</strong>并选择<strong>frmAddRecipient</strong>.</li>\n</ol>"
    },
    "navigationBar": {
      "left": {
        "text": "上一个"
      },
      "right": {
        "text": "下一个"
      }
    }
  },
  "Card.VoltMX.ResponsiveBreakV9.optimizeLayout": {
    "content": {
      "title": "优化名称布局",
      "body": "<ol>\n<li>从画布比例，单击<strong>640</strong>用于优化第三个断点的布局。</li>\n<li>来自<strong>项目</strong>资源管理器，展开<strong>frmAddRecipient</strong>&gt;<strong>flxAddRecipient</strong>&gt;<strong>flxEntryFields</strong> ，然后选择<strong>flxNames</strong>.</li>\n<li>来自<strong>属性</strong>面板，导航到<strong>看</strong>标签。</li>\n<li> 在<strong>弹性</strong> 部分，修改以下值：<ul>\n<li>宽度：<strong>240 Dp</strong></li>\n<li>身高：<strong>156 Dp</strong></li>\n</ul>\n</li>\n</ol>"
    },
    "navigationBar": {
      "left": {
        "text": "上一个"
      },
      "right": {
        "text": "下一个"
      }
    }
  },
  "Card.VoltMX.ResponsiveBreakV9.optimizeLayout1": {
    "content": {
      "title": "优化名称布局",
      "body": "<ol>\n<li>来自<strong>属性</strong>面板，导航到<strong>FlexContainer</strong>选项卡。</li>\n<li> 在<strong>一般</strong>部分，用于<strong>布局类型</strong>，选择<strong>流垂直</strong>来自下拉列表。</li>\n</ol>"
    },
    "navigationBar": {
      "left": {
        "text": "上一个"
      },
      "right": {
        "text": "下一个"
      }
    }
  },
  "Card.VoltMX.ResponsiveBreakV9.optLayLastName": {
    "content": {
      "title": "优化姓氏布局",
      "body": "<ol>\n<li>来自<strong>项目</strong>资源管理器，展开<strong>frmAddRecipient</strong>&gt;<strong>flxAddRecipient</strong>&gt;<strong>flxEntryFields&nbsp;</strong>&gt;<strong>flxNames</strong> ，然后选择<strong>flxLastName</strong>.</li>\n<li>来自<strong>属性</strong>面板，导航到<strong>看</strong>标签。</li>\n<li> 在<strong>弹性</strong> 部分，修改以下值：<br />\n<ul>\n<li>左：<b>0 Dp</b></li>\n<li>顶部：<b>24 Dp</b></li>\n<li>身高：<b>66 Dp</b></li>\n</ul>\n</li>\n</ol>"
    },
    "navigationBar": {
      "left": {
        "text": "上一个"
      },
      "right": {
        "text": "下一个"
      }
    }
  },
  "Card.VoltMX.ResponsiveBreakV9.optLayNickName": {
    "content": {
      "title": "优化昵称布局",
      "body": "<ol>\n<li>来自<strong>项目</strong>资源管理器，展开<strong>frmAddRecipient</strong>&gt;<strong>flxAddRecipient</strong>&gt;<strong>flxEntryFields</strong> ，然后选择<strong>flxNickName</strong>.</li>\n<li>来自<strong>属性</strong>面板，导航到<strong>看</strong>标签。</li>\n<li> 在<strong>弹性</strong> 部分，修改以下值：<br />\n<ul>\n<li>宽度：<strong>240 Dp</strong></li>\n<li>顶部：<strong>24 Dp</strong></li>\n</ul>\n</li>\n</ol>"
    },
    "navigationBar": {
      "left": {
        "text": "上一个"
      },
      "right": {
        "text": "下一个"
      }
    }
  },
  "Card.VoltMX.ResponsiveBreakV9.optLayoutFirstName": {
    "content": {
      "title": "优化名字的布局",
      "body": "<ol>\n<li>来自<strong>项目</strong>资源管理器，展开<strong>frmAddRecipient</strong>&gt;<strong>flxAddRecipient</strong>&gt;<strong>flxEntryFields</strong>&gt;<strong>flxNames</strong> ，然后选择<strong>flxFirstName</strong>.</li>\n<li>来自<strong>属性</strong>面板，导航到<strong>看</strong>标签。</li>\n<li> 在<strong>弹性</strong> 部分，修改以下值：<br />\n<ul>\n<li>身高：<strong>66 Dp</strong></li>\n</ul>\n</li>\n</ol>"
    },
    "navigationBar": {
      "left": {
        "text": "上一个"
      },
      "right": {
        "text": "下一个"
      }
    }
  },
  "Card.VoltMX.ResponsiveBreakV9.optLayPhone": {
    "content": {
      "title": "优化电话号码布局",
      "body": "<ol>\n<li>来自<strong>项目</strong>资源管理器，展开<strong>frmAddRecipient</strong>&gt;<strong>flxAddRecipient</strong>&gt;<strong>flxEntryFields</strong> ，然后选择<strong>flxPhoneNumber</strong>.</li>\n<li>来自<strong>属性</strong>面板，导航到<strong>看</strong>标签。</li>\n<li> 在<strong>弹性</strong> 部分，修改以下值：<br />\n<ul>\n<li>宽度：<strong>240 Dp</strong></li>\n</ul>\n</li>\n</ol>"
    },
    "navigationBar": {
      "left": {
        "text": "上一个"
      },
      "right": {
        "text": "下一个"
      }
    }
  },
  "Card.VoltMX.ResponsiveBreakV9.run": {
    "content": {
      "title": "运行应用程序",
      "body": "<ol>\n<li>从左侧导航栏中，单击<strong>运行</strong>.<br /> Iris 显示需要一些时间<strong>实时预览已准备就绪</strong>窗口。<br />虹膜预览窗口启动您的应用程序。</li>\n<li>在您的应用中输入以下登录凭据。<ul>\n<li>用户名：<strong>john.doe@woodburn.com</strong></li>\n<li>密码：<strong>VoltMX@123</strong></li>\n</ul>\n</li>\n<li>点击<strong>登录</strong>.<br />出现帐户列表。</li>\n<li>点击<strong>收件人</strong>选项卡。<br />出现收件人列表。</li>\n</ol>"
    },
    "navigationBar": {
      "left": {
        "text": "上一个"
      },
      "right": {
        "text": "下一个"
      }
    }
  },
  "Card.VoltMX.ResponsiveBreakV9.view": {
    "content": {
      "title": "查看屏幕的响应性",
      "body": "<ol>\n<li>点击添加<strong> (+)</strong> 添加收件人的图标。<br />拖动并调整表单画布的大小以查看表单布局的变化。<br />或者，从顶部<strong>虹膜预览</strong>窗口，使用尺寸说明符更改尺寸并查看布局的变化。</li>\n<li>从列表中选择收件人以查看其详细信息。</li>\n<li>从详细信息页面，单击<strong>删除</strong>删除收件人的按钮。</li>\n<li>从详细信息页面，单击<strong>编辑</strong>用于编辑收件人详细信息的按钮。<br />拖动并调整表单画布的大小以查看表单布局的变化。<br />或者，从顶部<strong>虹膜预览</strong>窗口，使用尺寸说明符更改尺寸并查看布局的变化。</li>\n<li>单击屏幕顶部的注销按钮以导航到登录屏幕。</li>\n</ol>"
    },
    "navigationBar": {
      "left": {
        "text": "上一个"
      },
      "right": {
        "text": "下一个"
      }
    }
  }
}