{
    "kuid": "5fa884tb-4fab-43r5-bcu5-042ff2n3",
    "id": "VoltMX.EditPayeeMobile_v9.mapping6",
    "content": {
        "title": "Map the UI Elements",
        "body": "<ul>\n<li>From the left pane of the <strong>Mapping Editor</strong> select <strong>LastName{string}</strong>. <br />From the right pane of the <strong>Mapping Editor</strong>, expand <strong>TextField - tbxLastName </strong>and select <strong>text{string}</strong>.</li>\n<li>From the left pane of the <strong>Mapping Editor</strong> select <strong>NickName{string}</strong>. <br />From the right pane of the <strong>Mapping Editor</strong>, expand <strong>Label- TextField - tbxNickName </strong>and select <strong>text{string}</strong>.</li>\n<li>From the left pane of the <strong>Mapping Editor</strong> select <strong>Phone{string}</strong>. <br />From the right pane of the <strong>Mapping Editor</strong>, expand <strong>Label- TextField - tbxPhone </strong>and select <strong>text{string}</strong>.</li>\n</ul>"
    },
    "pointer": {
        "direction": "left",
        "element": "",
        "type": "none"
    },
    "navigationType": "manual",
    "navigationBar": {
        "left": {
            "text": "Previous",
            "enable": true,
            "hide": false
        },
        "right": {
            "text": "Next",
            "enable": true,
            "hide": false
        }
    },
    "navigationCondition": "",
    "position": "BOTTOM_RIGHT",
    "meta": {
        "Creator": "Rashmi Menon",
        "CreatedOn": "Fri, 28 Feb 2020 11:53:23 GMT"
    },
    "context": []
}