{
    "kuid": "5612bct5-fbac-4fr9-aau5-32fea4nb",
    "id": "VoltMX.IntroFlexLayoutV9.AddHeader",
    "content": {
        "title": "Add Logo Widget to the FlexContainer",
        "body": "<ol>\n<li>From the <strong>Default Library</strong> tab on the bottom left of your canvas, search for the <strong>Logo</strong> widget.</li>\n<li>Drag and drop the <strong>Logo</strong> widget onto the <strong>frmFlexLayout</strong> form on your canvas.</li>\n<li>From the <strong>Properties</strong>  panel, expand <strong>Look</strong> &gt; <strong>Flex</strong> from the top right of your canvas. Change the <strong>Width</strong> property to <strong>50%</strong></li>\n</ol>"
    },
    "pointer": {
        "direction": "left",
        "element": {
            "module": "konylibrary"
        },
        "type": "default"
    },
    "navigationType": "manual",
    "navigationBar": {
        "left": {
            "text": "Previous",
            "enable": true,
            "hide": false
        },
        "right": {
            "text": "Next",
            "enable": true,
            "hide": false
        }
    },
    "navigationCondition": "",
    "position": "BOTTOM_RIGHT",
    "meta": {
        "Creator": "Rashmi Menon",
        "CreatedOn": "Mon, 25 Nov 2019 07:58:41 GMT"
    },
    "context": []
}