{
  "kuid": "e55b3et1-04a2-42r6-a1u3-a64cdbn9",
  "id": "VoltMX.ResponsiveBreakV9.Intro",
  "content": {
    "title": "Responsive Web Breakpoints",
    "body": "<p><strong>Let&rsquo;s get started!</strong></p>\n<p>In this hike, you will learn how to:</p>\n<ul>\n<li>Add three breakpoints for the forms Create Recipient and Edit Recpient screens.</li>\n<li>See how the <strong>Live Preview</strong> reacts to breakpoints in real-time.</li>\n</ul>\n<p>Before you get started, complete the following hikes:</p>\n<ol><b>\n<li><a class=\"tour-link\" tour=\"5a3913t0-aba2-46rc-adub-832833n2\">Import &amp; Launch a Web App</a></li><li><a class=\"tour-link\" tour=\"220f01t3-bda6-40r0-92uf-56631bnb\">Create UI from Collections</a></li><li><a class=\"tour-link\" tour=\"5e1da5td-37a0-44r6-beu6-374c3cn1\">Add Authentication to the App</a></li>\n<li><a class=\"tour-link\" tour=\"a851b9t8-75a9-4ara-88ud-946004n9\">Creating Services for a Web App</a></li>\n<li><a class=\"tour-link\" tour=\"ca148ftd-07a9-4ard-98ud-6163d4nc\">Connect App UI to Data in a Web App</a></li><li><a class=\"tour-link\" tour=\"082af3t0-74a2-4ere-a6u3-749d59n5\">Creating Recipient Details and Delete Feature</a></li>\n<li><a class=\"tour-link\" tour=\"547395tb-d8ae-4fr9-b1ub-5033a6nb\">Add Create Recipient</a></li><li><a class=\"tour-link\" tour=\"c108beta-87ac-46re-87u3-92e61cnf\">Add Edit Recipients Feature</a></li></b>\n</ol>\n<p>Ensure that you open the same project that you have created in the previous hikes.</p>\n<p>To open a closed project, from the main menu, navigate to <strong>Project</strong> &gt; <strong>Open</strong> &gt; <strong>HCL Reference Architecture</strong> &gt; <strong>RecipientsWebApp</strong>.</p>\n<p><strong>When you are ready, click Start!</strong></p>"
  },
  "pointer": {
    "direction": "left",
    "element": "",
    "type": "none"
  },
  "navigationType": "manual",
  "navigationBar": {
    "left": {
      "text": "Previous",
      "enable": false,
      "hide": true
    },
    "right": {
      "text": "Start",
      "enable": true,
      "hide": false
    }
  },
  "navigationCondition": "",
  "position": "CENTER",
  "meta": {
    "Creator": "Prem Garudadri",
    "CreatedOn": "Thu, 19 Dec 2019 06:16:03 GMT"
  },
  "context": []
}
