<?xml version="1.0"?>
<Hike kuid="f017bbte-37af-48r5-89u6-ec3173ne" id="kony.IntroductiontoNFIV9" title="kony.IntroductiontoNFIV9">
    <Description> Description of hike</Description>
    <Meta>
        <Creator>Rashmi Menon</Creator>
        <Createdon>Wed, 27 Nov 2019 11:44:51 GMT</Createdon>
    </Meta>
    <Hikecard id="kony.IntroductiontoNFIV9.Intro"/>
    <Hikecard id="kony.IntroductiontoNFIV9.Intro1"/>
    <Hikecard id="kony.IntroductiontoNFIV9.NewProject1"/>
    <Hikecard id="kony.IntroductiontoNFIV9.NewProject2"/>
    <Hikecard id="kony.IntroductiontoNFIV9.rename"/>
    <Hikecard id="kony.IntroductiontoNFIV9.addUi"/>
    <Hikecard id="kony.IntroductiontoNFIV9.addUI2"/>
    <Hikecard id="kony.IntroductiontoNFIV9.addCode"/>
    <Hikecard id="kony.IntroductiontoNFIV9.eventCode"/>
    <Hikecard id="kony.IntroductiontoNFIV9.eventCode1"/>
    <Hikecard id="kony.IntroductiontoNFIV9.openApp"/>
    <Hikecard id="kony.IntroductiontoNFIV9.publish"/>
    <Hikecard id="kony.IntroductiontoNFIV9.publish1"/>
    <Hikecard id="kony.IntroductiontoNFIV9.view"/>
    <Hikecard id="kony.IntroductiontoNFIV9.last"/>
</Hike>