{
    "kuid": "f5ea02td-66a0-41r2-95u1-658d66nf",
    "id": "kony.ConnectAppUItoDataMob_v9.dismiss",
    "content": {
        "title": "Dismiss Loading Indicator",
        "body": "<ol>\n<li>From the left menu of the <strong>Action Editor</strong>, under the <strong>Network</strong> section, select&nbsp;<strong>Loading Indicator</strong>.</li>\n<li>From the right pane of the Action Editor, for&nbsp;<strong>Loading Indicator</strong>, select&nbsp;<strong>Dismiss</strong>.</li>\n<li>Click&nbsp;<strong>Save</strong>.</li>\n</ol>"
    },
    "pointer": {
        "direction": "left",
        "element": {
            "module": "actioneditor",
            "itemType": "ae-action-type",
            "info": {
                "actionType": "Loading Indicator"
            }
        },
        "type": "default"
    },
    "navigationType": "manual",
    "navigationBar": {
        "left": {
            "text": "Previous",
            "enable": true,
            "hide": false
        },
        "right": {
            "text": "Next",
            "enable": true,
            "hide": false
        }
    },
    "navigationCondition": "",
    "position": "BOTTOM_RIGHT",
    "meta": {
        "Creator": "Rashmi Menon",
        "CreatedOn": "Mon, 23 Mar 2020 08:40:08 GMT"
    },
    "context": []
}