{
    "kuid": "9552d9t3-66a8-4dr2-89uf-145f0enf",
    "id": "kony.IntroductiontoSegmentV9.NewProject2",
    "content": {
        "title": "Create a New Project",
        "body": "<ol>\n<li>Under <strong>Project Name</strong>, enter <strong>EmployeeList</strong>.</li>\n<li>Click <strong>Create</strong>.<br />A new application is created with one FlexForm. <br />The application opens in the <strong>Storyboard </strong>view.</li>\n</ol>"
    },
    "pointer": {
        "direction": "left",
        "element": "",
        "type": "none"
    },
    "navigationType": "manual",
    "navigationBar": {
        "left": {
            "text": "Previous",
            "enable": true,
            "hide": false
        },
        "right": {
            "text": "Next",
            "enable": true,
            "hide": false
        }
    },
    "navigationCondition": "",
    "position": "BOTTOM_RIGHT",
    "meta": {
        "Creator": "Rashmi Menon",
        "CreatedOn": "Mon, 25 Nov 2019 10:08:04 GMT"
    },
    "context": []
}