{
    "kuid": "71625ctb-a3a9-4dr1-8au4-aeb1afn1",
    "id": "VoltMX.CreateServicesWebV9.accountModel",
    "content": {
        "title": "Configure the Account Model",
        "body": "<ol>\n<li>Under&nbsp;<strong>Data Model</strong>,&nbsp;navigate to&nbsp;<strong>Accounts</strong>&nbsp;and select<strong>&nbsp;Fields</strong>.</li>\n<li>Select the check-box for&nbsp;<strong>SeqNo</strong>, and then click&nbsp;<strong>Delete</strong>.</li>\n<li>In the&nbsp;<strong>Delete Fields&nbsp;</strong>dialog box, click&nbsp;<strong>Delete</strong>.</li>\n<li>Click&nbsp;<strong>Save</strong>.</li>\n</ol>"
    },
    "pointer": {
        "direction": "left",
        "element": "",
        "type": "none"
    },
    "navigationType": "manual",
    "navigationBar": {
        "left": {
            "text": "Previous",
            "enable": true,
            "hide": false
        },
        "right": {
            "text": "Next",
            "enable": true,
            "hide": false
        }
    },
    "navigationCondition": "",
    "position": "BOTTOM_RIGHT",
    "meta": {
        "Creator": "Rashmi Menon",
        "CreatedOn": "Thu, 19 Dec 2019 06:10:58 GMT"
    },
    "context": []
}