{
    "kuid": "f6798etd-03a1-4br1-95u4-17bba6nb",
    "id": "kony.AssignDatatotheSegmentV9.modifyUI",
    "content": {
        "title": "Modify the Segment",
        "body": "<ol>\n<li>From the <strong>Project </strong>explorer, expand <strong>Mobile </strong>&gt; <strong>Forms </strong>&gt; <strong>frmList </strong>&gt; <strong>employeeSegment</strong>.</li>\n<li>Select <strong>employeeName</strong>.</li>\n</ol>"
    },
    "pointer": {
        "direction": "left",
        "element": {
            "module": "projectexplorer",
            "path": "project-body\\project\\Mobile\\Forms\\frmList\\employeeSegment"
        },
        "type": "default"
    },
    "navigationType": "manual",
    "navigationBar": {
        "left": {
            "text": "Previous",
            "enable": true,
            "hide": false
        },
        "right": {
            "text": "Next",
            "enable": true,
            "hide": false
        }
    },
    "navigationCondition": "",
    "position": "BOTTOM_RIGHT",
    "meta": {
        "Creator": "Rashmi Menon",
        "CreatedOn": "Mon, 25 Nov 2019 10:59:13 GMT"
    },
    "context": []
}