{
  "Tour.CreateDetailsScreen_v9": {
    "description": "旅游描述"
  },
  "Hike.VoltMX.CreateDetailsScreen_v9": {
    "description": "徒步说明"
  },
  "Card.VoltMX.CreateDetailsScreenWeb_v9.run": {
    "content": {
      "title": "运行应用程序",
      "body": "<ol>\n<li>从左侧导航栏中，单击<strong>运行</strong>.<br /> Iris 显示需要一些时间<strong>实时预览已准备就绪</strong>窗口。<br />虹膜预览窗口启动您的应用程序。</li>\n<li>在您的应用中输入以下登录凭据。<ul>\n<li>用户名：<strong>john.doe@woodburn.com</strong></li>\n<li>密码：<strong>VoltMX@123</strong></li>\n</ul>\n</li>\n<li>点击<strong>登录</strong>.<br />出现帐户列表。</li>\n<li>点击<strong>收件人</strong>选项卡。<br />出现收件人列表。</li>\n<li>从列表中选择一个收件人以查看收件人的详细信息。<br /> 从详情页面，您可以删除收件人。<br />您将学习如何在下一次远足中创建和编辑收件人。</li>\n<li>单击屏幕顶部的注销按钮以导航到登录屏幕。</li>\n</ol>"
    },
    "navigationBar": {
      "left": {
        "text": "上一个"
      },
      "right": {
        "text": "下一个"
      }
    }
  },
  "Card.VoltMX.CreateDetailsScreen_v9.backNav2": {
    "content": {
      "title": "实施返回账户表",
      "body": "<ol>\n<li>来自<strong>项目</strong>资源管理器，展开<strong>响应式网页/桌面</strong>&gt;<strong>表格</strong>&gt;<strong>frmDetails</strong>&gt;<strong>flxRecipientDetails</strong>&gt;<strong>flxMenu</strong> ，然后选择<strong>flxAccountTab</strong>.</li>\n<li>来自<strong>属性</strong>面板，导航到<strong>行动</strong>选项卡。</li>\n<li>对于<strong>点击</strong>事件，点击<strong>编辑</strong>.<br /><strong>动作编辑器</strong>窗口出现。</li>\n</ol>"
    },
    "navigationBar": {
      "left": {
        "text": "上一个"
      },
      "right": {
        "text": "下一个"
      }
    }
  },
  "Card.VoltMX.CreateDetailsScreen_v9.backNav3": {
    "content": {
      "title": "实施返回账户表",
      "body": "<ol>\n<li>来自<strong>动作编辑器</strong>左侧菜单，在<strong>一般</strong>部分，选择<strong>导航到表单</strong>.</li>\n<li>从右侧窗格<strong>动作编辑器</strong>，选择<strong>frmAccount</strong>.</li>\n<li>点击<strong>保存</strong>.</li>\n</ol>"
    },
    "navigationBar": {
      "left": {
        "text": "上一个"
      },
      "right": {
        "text": "下一个"
      }
    }
  },
  "Card.VoltMX.CreateDetailsScreen_v9.backNavigation": {
    "content": {
      "title": "实施回收件人表格",
      "body": "<ol>\n<li>来自<strong>项目</strong>资源管理器，展开<strong>响应式网页/桌面</strong>&gt;<strong>表格</strong>&gt;<strong>frmDetails</strong>&gt;<strong>flxRecipientDetails</strong>&gt;<strong>flxToolbar</strong> ，然后选择<strong>flxBack</strong>.</li>\n<li>来自<strong>属性</strong>面板，导航到<strong>行动</strong>选项卡。</li>\n<li>对于<strong>点击</strong>事件，点击<strong>编辑</strong>.<br /><strong>动作编辑器</strong>窗口出现。</li>\n</ol>"
    },
    "navigationBar": {
      "left": {
        "text": "上一个"
      },
      "right": {
        "text": "下一个"
      }
    }
  },
  "Card.VoltMX.CreateDetailsScreen_v9.backNavigation1": {
    "content": {
      "title": "实施回收件人表格",
      "body": "<ol>\n<li>来自<strong>动作编辑器</strong>左侧菜单，在<strong>一般</strong>部分，选择<strong>导航到表单</strong>.</li>\n<li>从右侧窗格<strong>动作编辑器</strong>，选择<strong>frmRecipients</strong>.</li>\n<li>点击<strong>保存</strong>.</li>\n</ol>"
    },
    "navigationBar": {
      "left": {
        "text": "上一个"
      },
      "right": {
        "text": "下一个"
      }
    }
  },
  "Card.VoltMX.CreateDetailsScreen_v9.createForm": {
    "content": {
      "title": "创建收件人详细信息屏幕",
      "body": "<ol>\n<li>来自<strong>项目</strong>资源管理器，展开<strong>响应式网络/桌面</strong>.</li>\n<li>右击<strong>表格</strong> ，然后选择<strong>新表格</strong>.</li>\n<li>重命名新表格<strong>frmDetails</strong>.</li>\n</ol>"
    },
    "navigationBar": {
      "left": {
        "text": "上一个"
      },
      "right": {
        "text": "下一个"
      }
    }
  },
  "Card.VoltMX.CreateDetailsScreen_v9.createUIDetails1": {
    "content": {
      "title": "收件人详细信息屏幕的用户界面",
      "body": "<ol>\n<li>来自<strong>数据&amp;服务</strong>面板，展开<strong>项目服务</strong>&gt;<strong>收件人存储</strong>&gt;<strong>收件人</strong>.</li>\n<li>选择<strong>得到</strong>操作并将其放在画布上。<br /><strong>你想生成什么？</strong>窗口出现。</li>\n</ol>"
    },
    "navigationBar": {
      "left": {
        "text": "上一个"
      },
      "right": {
        "text": "下一个"
      }
    }
  },
  "Card.VoltMX.CreateDetailsScreen_v9.createUIDetails2": {
    "content": {
      "title": "收件人详细信息屏幕的用户界面",
      "body": "<ol>\n<li>来自<strong>你想生成什么？</strong>窗口，选择<strong>使用响应的详细信息</strong>.</li>\n<li>点击<strong>好的</strong>.<br />出现一个新窗口，询问您是否要从<strong>frmRecipients</strong>.</li>\n<li>点击<strong>是</strong>.<br /> Iris 可能需要一些时间来加载参数和生成 UI。</li>\n</ol>"
    },
    "navigationBar": {
      "left": {
        "text": "上一个"
      },
      "right": {
        "text": "下一个"
      }
    }
  },
  "Card.VoltMX.CreateDetailsScreen_v9.deleteActions": {
    "content": {
      "title": "解除绑定数据",
      "body": "<ol>\n<li>来自<strong>项目</strong>资源管理器，展开<strong>响应式网页/桌面</strong>&gt;<strong>表格</strong> ，然后选择<strong>frmDetails</strong>.</li>\n<li>来自<strong>属性</strong>面板，导航到<strong>行动</strong>标签。</li>\n<li>对于<strong>onMapping</strong>事件，点击<strong>编辑</strong>.<br /><strong>动作编辑器</strong>窗口出现。</li><li>从右上角<b>动作编辑器</b>窗口，选择<b>设计视图</b>.</li>\n</ol>"
    },
    "navigationBar": {
      "left": {
        "text": "上一个"
      },
      "right": {
        "text": "下一个"
      }
    }
  },
  "Card.VoltMX.CreateDetailsScreen_v9.deleteActions1": {
    "content": {
      "title": "解除绑定数据",
      "body": "<ol>\n<li>来自<strong>动作编辑器</strong>画布，选择<strong>调用服务：RecipientStorage$Recipients$get</strong>.</li>\n<li>从右侧窗格<strong>动作编辑器</strong>，选择<strong>更新过滤器查询</strong>.<br /><strong>映射编辑器</strong>窗口出现。</li>\n<li>从右侧窗格<strong>映射编辑器</strong>，展开<strong>服务</strong>&gt;<strong>Service-RecipientStorage$Recipients$get</strong>.</li>\n<li>从右侧窗格<strong>映射编辑器</strong> ，右键单击并选择<strong>解除绑定</strong>对于以下元素：<ul>\n<li><strong>名字{字符串}</strong></li>\n<li><strong>姓氏{字符串}</strong></li>\n<li><strong>电话{字符串}</strong></li>\n</ul>\n</li>\n<li>点击<strong>保存</strong>.</li>\n</ol>"
    },
    "navigationBar": {
      "left": {
        "text": "上一个"
      },
      "right": {
        "text": "下一个"
      }
    }
  },
  "Card.VoltMX.CreateDetailsScreen_v9.deleteFeature": {
    "content": {
      "title": "添加删除功能",
      "body": "<ol>\n<li>来自<strong>项目</strong>资源管理器，展开<strong>响应式网络/桌面</strong>&gt;<strong>表格</strong>&gt;<strong>frmDetails</strong>&gt;<strong>flexFieldsContainer</strong>&gt;<strong>flxButtons</strong> ，然后选择<strong>btnDelete</strong>.</li>\n<li>来自<strong>数据&amp;服务</strong>面板，展开<strong>项目服务</strong>&gt;<strong>收件人存储</strong>&gt;<strong>收件人</strong>.</li>\n<li>选择<strong>删除</strong>操作并将其放到<strong>删除</strong>画布上的按钮。</li>\n<li>从出现的操作列表中，选择<strong>动作：点击</strong>.<br /><strong>动作编辑器</strong>窗口出现。</li>\n</ol>"
    },
    "navigationBar": {
      "left": {
        "text": "上一个"
      },
      "right": {
        "text": "下一个"
      }
    }
  },
  "Card.VoltMX.CreateDetailsScreen_v9.deleteFeature1": {
    "content": {
      "title": "添加删除功能",
      "body": "<ol>\n<li>在<strong>动作编辑器</strong>窗口，从映射编辑器的左窗格中，展开<strong>表格</strong>&gt;<strong>frmDetails</strong>&gt;<strong>标签-lblRecipientIDValue</strong> ，然后选择<strong>文本{字符串}</strong>.</li>\n<li>从映射编辑器的右窗格中，展开<strong>服务</strong>&gt;<strong>RecipientStorage$Recipients$delete</strong> ，然后选择<strong> RecipientID{number}</strong>.<br />出现警报。点击<strong>好的。</strong></li>\n<li>从右上角<strong>动作编辑器</strong>窗口，选择<strong>设计视图</strong>.</li>\n</ol>"
    },
    "navigationBar": {
      "left": {
        "text": "上一个"
      },
      "right": {
        "text": "下一个"
      }
    }
  },
  "Card.VoltMX.CreateDetailsScreen_v9.deleteFeature2": {
    "content": {
      "title": "添加删除功能",
      "body": "<ol>\n<li>来自<strong>动作编辑器</strong>画布，选择<strong>如果 Recipients.opstatus 等于 0</strong>.</li>\n<li>来自<strong>动作编辑器</strong>左菜单，下<strong>小工具</strong>，选择<strong>设置小部件属性</strong>.</li>\n<li>从映射编辑器中，展开<strong>桌面表格</strong>&gt;<strong>frmDetails</strong> ，然后选择<strong>flexSuccess</strong>.</li>\n<li>从右侧窗格<strong>动作编辑器</strong> ，修改以下字段：<ul>\n<li>属性：<strong>可见</strong></li>\n<li>值：<strong>真</strong></li>\n</ul>\n</li></ol>"
    },
    "navigationBar": {
      "left": {
        "text": "上一个"
      },
      "right": {
        "text": "下一个"
      }
    }
  },
  "Card.VoltMX.CreateDetailsScreen_v9.deleteFeature3": {
    "content": {
      "title": "添加删除功能",
      "body": "<ol>\n<li>来自<strong>动作编辑器</strong>左菜单，下<strong>功能</strong>，选择<strong>添加代码段</strong>.</li>\n<li>在右侧窗格中<strong>动作编辑器</strong> ，输入以下代码：<br /><span style=\"background-color: #999999;\">self.view.forceLayout()；</span></li>\n<li>点击<strong>保存</strong>.</li>\n</ol>"
    },
    "navigationBar": {
      "left": {
        "text": "上一个"
      },
      "right": {
        "text": "下一个"
      }
    }
  },
  "Card.VoltMX.CreateDetailsScreen_v9.done": {
    "content": {
      "title": " 恭喜",
      "body": "<p>你已经成功：</p>\n<ul>\n<li><strong>创建收件人详细信息屏幕</strong></li>\n<li><strong>将收件人详细信息 UI 映射到服务<br /></strong></li>\n<li><strong>实现了应用程序中所有其他表单的导航</strong></li>\n<li><strong>在收件人详细信息表单中实现注销<br /></strong></li>\n</ul>\n<p>有关创建收件人的更多信息，请查看下一次加息：<a class=\"tour-link\" tour=\"547395tb-d8ae-4fr9-b1ub-5033a6nb\"><strong> 7. 添加创建收件人</strong></a>.</p>"
    },
    "navigationBar": {
      "left": {
        "text": "上一个"
      },
      "right": {
        "text": "完成"
      }
    }
  },
  "Card.VoltMX.CreateDetailsScreen_v9.Intro": {
    "content": {
      "title": "创建收件人详细信息",
      "body": "<p><strong>让我们开始吧！</strong></p>\n<p>在这次徒步旅行中，您将学习如何：</p>\n<ul>\n<li>创建收件人详细信息表单</li>\n<li>使用服务为创建收款人表单创建用户界面</li>\n<li> 添加删除收件人功能</li>\n</ul>\n<p>在开始之前，完成远足：</p>\n<ol><b>\n<li><a class=\"tour-link\" tour=\"705a94tb-faa0-47r7-a1ud-31b3dbnf\">启动响应式 Web 应用程序</a></li><li><a class=\"tour-link\" tour=\"220f01t3-bda6-40r0-92uf-56631bnb\">从集合创建用户界面</a></li><li><a class=\"tour-link\" tour=\"5e1da5td-37a0-44r6-beu6-374c3cn1\">向应用程序添加身份验证</a></li>\n<li><a class=\"tour-link\" tour=\"a851b9t8-75a9-4ara-88ud-946004n9\">为 Web 应用程序创建服务</a></li><li><a class=\"tour-link\" tour=\"ca148ftd-07a9-4ard-98ud-6163d4nc\">将应用程序 UI 连接到 Web 应用程序中的数据</a></li></b>\n</ol>\n<p>确保您打开在之前的徒步旅行中创建的相同项目。</p>\n<p>要打开一个关闭的项目，从主菜单，导航到<strong>项目</strong>&gt;<strong>打开</strong>&gt;<strong>HCL 参考架构</strong>&gt;<strong>RecipientsWebApp</strong>.</p>\n<p><strong>准备好后，单击开始！</strong></p>"
    },
    "navigationBar": {
      "left": {
        "text": "上一个"
      },
      "right": {
        "text": "开始"
      }
    }
  },
  "Card.VoltMX.CreateDetailsScreen_v9.logout": {
    "content": {
      "title": "实现注销",
      "body": "<ol>\n<li>来自<strong>项目</strong>资源管理器，展开<strong>响应式网页/桌面</strong>&gt;<strong>表格</strong>&gt;<strong>frmDetails</strong>&gt;<strong>flxRecipientDetails</strong>&gt;<strong>flxHeader</strong> ，然后选择<strong>flxUserLogout</strong>.</li>\n<li>来自<strong>属性</strong>面板，导航到<strong>行动</strong>选项卡。</li>\n<li>对于<strong>点击</strong>事件，点击<strong>编辑</strong>.<br /><strong>动作编辑器</strong>窗口出现。</li>\n<li>从右上角<strong>动作编辑器</strong>，选择<strong>设计视图</strong>.</li>\n</ol>"
    },
    "navigationBar": {
      "left": {
        "text": "上一个"
      },
      "right": {
        "text": "下一个"
      }
    }
  },
  "Card.VoltMX.CreateDetailsScreen_v9.logout1": {
    "content": {
      "title": "实现注销",
      "body": "<ol>\n<li>来自<strong>动作编辑器</strong>左侧菜单，在<strong>网络</strong>部分，选择<strong>调用服务</strong>.</li>\n<li>从右侧窗格<strong>动作编辑器</strong> , 对于<strong>选择服务</strong>下拉，选择<strong>UserAuthentication$注销</strong>.</li>\n<li>在<strong>动作编辑器</strong>画布，选择<strong>成功</strong>.</li>\n<li>来自<strong>动作编辑器</strong>左侧菜单，在<strong>一般</strong>部分，选择<strong>导航到表单</strong>.</li>\n<li>从右侧窗格<strong>动作编辑器</strong>，选择<strong>frmLogin</strong>.</li>\n<li>点击<strong>保存</strong>.</li>\n</ol>"
    },
    "navigationBar": {
      "left": {
        "text": "上一个"
      },
      "right": {
        "text": "下一个"
      }
    }
  },
  "Card.VoltMX.CreateDetailsScreen_v9.PayeeDetailUi": {
    "content": {
      "title": "收件人详细信息屏幕标题",
      "body": "<ol>\n<li>来自<strong>项目</strong>资源管理器，展开&nbsp;<strong>响应式网页/桌面</strong>&gt;&nbsp;<strong>表格</strong> ，然后选择<strong>frmDetails</strong>.</li>\n<li>从 Iris 画布的左角，导航到<strong>默认库</strong>然后单击搜索图标。</li>\n<li>在出现的搜索栏中，输入<strong>收件人详细信息</strong>.</li>\n<li>从结果来看，在<strong> RecipientsWeb</strong>集合，选择<strong>收件人详细信息</strong>.</li>\n</ol>"
    },
    "navigationBar": {
      "left": {
        "text": "上一个"
      },
      "right": {
        "text": "下一个"
      }
    }
  },
  "Card.VoltMX.CreateDetailsScreen_v9.PayeeDetailUi1": {
    "content": {
      "title": "收件人详细信息屏幕标题",
      "body": "<ol>\n<li>拖动<strong>收件人详细信息</strong>收集到<strong>frmDetails</strong>在画布上。<br /><strong>已解决的冲突</strong>窗口出现。</li>\n<li>点击<strong>关闭</strong>.</li>\n<li>来自<strong>项目</strong>资源管理器，导航到<strong>响应式网络/桌面</strong>&gt;<strong>表格</strong>&gt;<strong>frmDetails</strong>&gt;<strong>flxRecipientDetails</strong> ，然后选择<strong>flexSuccess</strong>.</li>\n<li>右键单击并选择<strong>非父级</strong>.</li>\n</ol>"
    },
    "navigationBar": {
      "left": {
        "text": "上一个"
      },
      "right": {
        "text": "下一个"
      }
    }
  },
  "Card.VoltMX.CreateDetailsScreen_v9.PayeeDetailUI2": {
    "content": {
      "title": "收件人删除按钮",
      "body": "<ol>\n<li>来自<strong>项目</strong>资源管理器，展开<strong>frmDetails</strong>&gt;<strong>flexFieldsContainer</strong>.</li>\n<li>从画布的左下角，导航到<strong>默认库</strong>.</li>\n<li> 旁边<strong>默认库</strong> , 你会<strong>我的图书馆</strong>选项卡和搜索图标。<br />点击搜索图标。</li>\n<li>在出现的搜索栏中，输入<strong>收件人按钮</strong>.</li>\n<li>从结果来看，在<strong> RecipientsWeb</strong>，选择<strong>收件人按钮</strong>.</li>\n<li>拖动<strong>收件人按钮</strong>收集到<strong>flexFieldsContainer</strong>在画布上。</li>\n</ol>"
    },
    "navigationBar": {
      "left": {
        "text": "上一个"
      },
      "right": {
        "text": "下一个"
      }
    }
  },
  "Card.VoltMX.CreateDetailsScreen_v9.successAlert": {
    "content": {
      "title": "成功警报",
      "body": "<ol>\n<li>来自<strong>项目</strong>资源管理器，展开<strong>响应式网页/桌面</strong>&gt;<strong>表格</strong>&gt;<strong>frmDetails</strong>&gt;<strong>flexSuccess</strong>&gt;<strong>flexSuccessAlert</strong> ，然后选择<strong> btnDone</strong>.</li>\n<li>来自<strong>属性</strong>面板，导航到<strong>行动</strong>选项卡。</li>\n<li>对于<strong>点击</strong>事件，点击<strong>编辑</strong>.<br /><strong>动作编辑器</strong>窗口出现。</li>\n</ol>"
    },
    "navigationBar": {
      "left": {
        "text": "上一个"
      },
      "right": {
        "text": "下一个"
      }
    }
  },
  "Card.VoltMX.CreateDetailsScreen_v9.successAlert1": {
    "content": {
      "title": "成功警报",
      "body": "<ol>\n<li>来自<strong>动作编辑器</strong>左侧菜单，在<strong>小工具</strong>部分，选择<strong>设置小部件属性</strong>.<br />出现映射编辑器。</li>\n<li>从映射编辑器，导航到<strong>桌面表格</strong>&gt;<strong>frmDetails</strong> ，然后选择<strong>flexSuccess</strong>.</li>\n<li>从右侧窗格<strong>动作编辑器</strong> ，修改以下字段：<ul>\n<li>属性：<strong>可见</strong></li>\n<li>值：<strong>假</strong></li>\n</ul>\n</li>\n</ol>"
    },
    "navigationBar": {
      "left": {
        "text": "上一个"
      },
      "right": {
        "text": "下一个"
      }
    }
  },
  "Card.VoltMX.CreateDetailsScreen_v9.successAlert2": {
    "content": {
      "title": "成功警报",
      "body": "<ol>\n<li>来自<strong>动作编辑器</strong>左侧菜单，在<strong>功能</strong>部分，选择<strong>添加代码段</strong>.</li>\n<li>在右侧窗格中<strong>动作编辑器</strong> ，输入以下代码：<br /><span style=\"background-color: #999999;\">self.view.forceLayout()；</span></li>\n<li>来自<strong>动作编辑器</strong>左侧菜单，在<strong>一般</strong>部分，选择<strong>导航到表单</strong>.</li>\n<li>从右侧窗格<strong>动作编辑器</strong>，选择<strong>frmRecipients</strong>.</li>\n<li>点击<strong>保存</strong>.</li>\n</ol>"
    },
    "navigationBar": {
      "left": {
        "text": "上一个"
      },
      "right": {
        "text": "下一个"
      }
    }
  },
  "Card.VoltMX.CreateDetailsScreen_v9.UIchange": {
    "content": {
      "title": "用户界面更改",
      "body": "<ol>\n<li>来自<strong>项目</strong>资源管理器，导航到&nbsp;<strong>响应式网络/桌面</strong>&gt;&nbsp;<strong>表格</strong>&gt;&nbsp;<strong>frmDetails</strong>.</li>\n<li>右键删除<strong>flexHeader</strong>.</li>\n<li>来自<strong>项目</strong>资源管理器，选择<strong>flexFieldsContainer</strong>.</li>\n<li>来自<strong>属性</strong>面板，导航到<strong>看</strong>选项卡。</li>\n</ol>"
    },
    "navigationBar": {
      "left": {
        "text": "上一个"
      },
      "right": {
        "text": "下一个"
      }
    }
  },
  "Card.VoltMX.CreateDetailsScreen_v9.UIchange1": {
    "content": {
      "title": "用户界面更改",
      "body": "<ol>\n<li> 在<strong>弹性</strong> 部分，进行以下更改：<ul>\n<li>左：<strong>15.38%</strong></li>\n<li>顶部：<strong>22.33%</strong></li>\n<li>宽度：<strong>69.44%</strong></li>\n<li>身高：<strong>69.9%</strong></li>\n<li> Z 索引:<strong>2</strong></li>\n</ul>\n</li>\n<li> 在<strong>动态表格</strong>部分，用于<strong>字段</strong>，点击<strong>定制</strong>.<br /><strong>配置细节</strong>窗口出现<strong>.</strong></li>\n</ol>"
    },
    "navigationBar": {
      "left": {
        "text": "上一个"
      },
      "right": {
        "text": "下一个"
      }
    }
  },
  "Card.VoltMX.CreateDetailsScreen_v9.UIchange2": {
    "content": {
      "title": "收件人详细信息屏幕的 UI 更改",
      "body": "<ol>\n<li>在<strong>配置细节</strong>窗口，用于<strong>字段</strong>，提供以下<strong>显示名称</strong>:\n<ul>\n<li><strong>名字</strong>字段：<strong>名字</strong></li>\n<li><strong>姓氏</strong>字段：<strong>最后</strong> <strong>姓名</strong></li>\n<li><strong>昵称</strong>字段：<strong>昵称</strong></li>\n<li><strong>电话</strong>字段：<strong>电话号码</strong></li>\n</ul>\n</li>\n<li>点击<strong>再生</strong>.</li>\n</ol>"
    },
    "navigationBar": {
      "left": {
        "text": "上一个"
      },
      "right": {
        "text": "下一个"
      }
    }
  },
  "Card.VoltMX.CreateDetailsScreen_v9.UIchange3": {
    "content": {
      "title": "收件人详细信息屏幕的用户界面",
      "body": "<ol>\n<li>来自<strong>项目</strong>资源管理器，展开&nbsp;<strong>响应式网页/桌面</strong>&gt;&nbsp;<strong>表格</strong>&gt;<strong>frmDetails</strong>&gt;<strong>flexFieldsContainer</strong> ，然后选择<strong>flexRecipientID</strong>.</li>\n<li>来自<strong>属性</strong>面板，导航到<strong>看</strong>选项卡。</li>\n<li> 在<strong>一般</strong>部分，用于<strong>可见</strong>字段，选择<strong>关闭</strong>.</li>\n</ol>"
    },
    "navigationBar": {
      "left": {
        "text": "上一个"
      },
      "right": {
        "text": "下一个"
      }
    }
  }
}