{
  "Tour.CreateDetailsScreen_v9": {
    "description": " Description of Tour"
  },
  "Hike.VoltMX.CreateDetailsScreen_v9": {
    "description": " Description of hike"
  },
  "Card.VoltMX.CreateDetailsScreenWeb_v9.run": {
    "content": {
      "title": "Run the App",
      "body": "<ol>\n<li>From the left navigation bar, click <strong>Run</strong>.<br /> It will take some time for Iris to display the <strong>Live Preview is ready</strong> window.<br /> The Iris Preview window launches your application.</li>\n<li>Enter the following login credentials in your app.\n<ul>\n<li>Username: <strong>john.doe@woodburn.com</strong></li>\n<li>Password: <strong>VoltMX@123</strong></li>\n</ul>\n</li>\n<li>Click <strong>Login</strong>.<br /> The account list appears.</li>\n<li>Click the <strong>Recipients</strong> tab.<br /> The recipient list appears.</li>\n<li>Select a recipient from the list to view the recipient's details.<br />From the details page, you can delete the recipient.<br />You will learn how to create and edit recipients in next hikes.</li>\n<li>Click the logout button on top of the screen to navigate to the login screen.</li>\n</ol>"
    },
    "navigationBar": {
      "left": {
        "text": "Previous"
      },
      "right": {
        "text": "Next"
      }
    }
  },
  "Card.VoltMX.CreateDetailsScreen_v9.backNav2": {
    "content": {
      "title": "Implementing Back to Accounts Form",
      "body": "<ol>\n<li>From the <strong>Project</strong> explorer, expand <strong>Responsive Web/ Desktop</strong> &gt; <strong>Forms</strong> &gt; <strong>frmDetails</strong> &gt; <strong>flxRecipientDetails</strong> &gt; <strong>flxMenu</strong>, and select <strong>flxAccountTab</strong>.</li>\n<li>From the <strong>Properties</strong> panel, navigate to the <strong>Action</strong> tab.</li>\n<li>For the <strong>onClick </strong>event, click <strong>Edit</strong>.<br />The <strong>Action Editor</strong> window appears.</li>\n</ol>"
    },
    "navigationBar": {
      "left": {
        "text": "Previous"
      },
      "right": {
        "text": "Next"
      }
    }
  },
  "Card.VoltMX.CreateDetailsScreen_v9.backNav3": {
    "content": {
      "title": "Implementing Back to Accounts Form",
      "body": "<ol>\n<li>From the <strong>Action Editor</strong> left menu, under the <strong>General</strong> section, select <strong>Navigate to Form</strong>.</li>\n<li>From the right pane of the <strong>Action Editor</strong>, select <strong>frmAccount</strong>.</li>\n<li>Click <strong>Save</strong>.</li>\n</ol>"
    },
    "navigationBar": {
      "left": {
        "text": "Previous"
      },
      "right": {
        "text": "Next"
      }
    }
  },
  "Card.VoltMX.CreateDetailsScreen_v9.backNavigation": {
    "content": {
      "title": "Implementing Back to Recipient Form",
      "body": "<ol>\n<li>From the <strong>Project</strong> explorer, expand <strong>Responsive Web/ Desktop</strong> &gt; <strong>Forms</strong> &gt; <strong>frmDetails</strong> &gt; <strong>flxRecipientDetails</strong> &gt; <strong>flxToolbar</strong>, and select <strong>flxBack</strong>.</li>\n<li>From the <strong>Properties</strong> panel, navigate to the <strong>Action</strong> tab.</li>\n<li>For the <strong>onClick </strong>event, click <strong>Edit</strong>.<br />The <strong>Action Editor</strong> window appears.</li>\n</ol>"
    },
    "navigationBar": {
      "left": {
        "text": "Previous"
      },
      "right": {
        "text": "Next"
      }
    }
  },
  "Card.VoltMX.CreateDetailsScreen_v9.backNavigation1": {
    "content": {
      "title": "Implementing Back to Recipient Form",
      "body": "<ol>\n<li>From the <strong>Action Editor</strong> left menu, under the <strong>General</strong> section, select <strong>Navigate to Form</strong>.</li>\n<li>From the right pane of the <strong>Action Editor</strong>, select <strong>frmRecipients</strong>.</li>\n<li>Click <strong>Save</strong>.</li>\n</ol>"
    },
    "navigationBar": {
      "left": {
        "text": "Previous"
      },
      "right": {
        "text": "Next"
      }
    }
  },
  "Card.VoltMX.CreateDetailsScreen_v9.createForm": {
    "content": {
      "title": "Create Recipient Details Screen",
      "body": "<ol>\n<li>From the <strong>Project </strong>explorer, expand <strong>Responsive Web /Desktop</strong>.</li>\n<li>Right-click <strong>Forms</strong>, and select <strong>New Form</strong>.</li>\n<li>Rename the new form <strong>frmDetails</strong>.</li>\n</ol>"
    },
    "navigationBar": {
      "left": {
        "text": "Previous"
      },
      "right": {
        "text": "Next"
      }
    }
  },
  "Card.VoltMX.CreateDetailsScreen_v9.createUIDetails1": {
    "content": {
      "title": "UI for Recipients Details Screen",
      "body": "<ol>\n<li>From the <strong>Data &amp; Services </strong>panel, expand <strong>Project Services</strong> &gt; <strong>RecipientStorage</strong> &gt; <strong>Recipients</strong>.</li>\n<li>Select the <strong>get </strong>operation and drop it on the canvas.<br />The <strong>What would you like to generate? </strong>window appears.</li>\n</ol>"
    },
    "navigationBar": {
      "left": {
        "text": "Previous"
      },
      "right": {
        "text": "Next"
      }
    }
  },
  "Card.VoltMX.CreateDetailsScreen_v9.createUIDetails2": {
    "content": {
      "title": "UI for Recipients Details Screen",
      "body": "<ol>\n<li>From the <strong>What would you like to generate?</strong> window, select <strong>Details Using Response</strong>.</li>\n<li>Click <strong>OK</strong>.<br />A new window appears, asking whether you want to generate navigation from <strong>frmRecipients</strong>.</li>\n<li>Click <strong>Yes</strong>.<br />Iris may take some time to load the parameters and generate the UI.</li>\n</ol>"
    },
    "navigationBar": {
      "left": {
        "text": "Previous"
      },
      "right": {
        "text": "Next"
      }
    }
  },
  "Card.VoltMX.CreateDetailsScreen_v9.deleteActions": {
    "content": {
      "title": "Unbinding Data",
      "body": "<ol>\n<li>From the <strong>Project</strong> explorer, expand <strong>Responsive Web/ Desktop</strong> &gt; <strong>Forms</strong>, and select <strong>frmDetails</strong>.</li>\n<li>From the <strong>Properties</strong> panel, navigate to the <strong>Action </strong>tab.</li>\n<li>For the <strong>onMapping</strong> event, click <strong>Edit</strong>.<br />The <strong>Action Editor</strong> window appears.</li><li>From the top-right corner of the <b>Action Editor</b> window, select the <b>Design View</b>.</li>\n</ol>"
    },
    "navigationBar": {
      "left": {
        "text": "Previous"
      },
      "right": {
        "text": "Next"
      }
    }
  },
  "Card.VoltMX.CreateDetailsScreen_v9.deleteActions1": {
    "content": {
      "title": "Unbinding Data",
      "body": "<ol>\n<li>From the <strong>Action Editor </strong>canvas, select <strong>Invoke Service:RecipientStorage$Recipients$get</strong>.</li>\n<li>From the right pane of the <strong>Action Editor</strong>, select <strong>Update Filter Query</strong>.<br />The <strong>Mapping Editor</strong> window appears.</li>\n<li>From the right pane of the <strong>Mapping Editor</strong>, expand <strong>Services</strong> &gt; <strong>Service-RecipientStorage$Recipients$get</strong>.</li>\n<li>From the right pane of the <strong>Mapping Editor</strong>, right-click and select <strong>Unbind</strong> for the following elements:\n<ul>\n<li><strong>FirstName {string}</strong></li>\n<li><strong>LastName {string}</strong></li>\n<li><strong>Phone {string}</strong></li>\n</ul>\n</li>\n<li>Click <strong>Save</strong>.</li>\n</ol>"
    },
    "navigationBar": {
      "left": {
        "text": "Previous"
      },
      "right": {
        "text": "Next"
      }
    }
  },
  "Card.VoltMX.CreateDetailsScreen_v9.deleteFeature": {
    "content": {
      "title": "Adding Delete Feature",
      "body": "<ol>\n<li>From the <strong>Project</strong> explorer, expand <strong>Responsive Web/Desktop</strong> &gt; <strong>Forms</strong> &gt; <strong>frmDetails</strong> &gt; <strong>flexFieldsContainer</strong> &gt; <strong>flxButtons</strong>, and select <strong>btnDelete</strong>.</li>\n<li>From the <strong>Data &amp; Services </strong>panel, expand <strong>Project Services</strong> &gt; <strong>RecipientStorage</strong> &gt; <strong>Recipients</strong>.</li>\n<li>Select the <strong>delete</strong> operation and drop it onto the <strong>Delete</strong> button on the canvas.</li>\n<li>From the list of actions that appear, select<strong> Action:onClick</strong>.<br />The <strong>Action Editor</strong> window appears.</li>\n</ol>"
    },
    "navigationBar": {
      "left": {
        "text": "Previous"
      },
      "right": {
        "text": "Next"
      }
    }
  },
  "Card.VoltMX.CreateDetailsScreen_v9.deleteFeature1": {
    "content": {
      "title": "Adding Delete Feature",
      "body": "<ol>\n<li>In the <strong>Action Editor</strong> window, from the left pane of the mapping editor, expand <strong>Forms</strong> &gt; <strong>frmDetails</strong> &gt; <strong>Label-lblRecipientIDValue</strong>, and select <strong>text{string}</strong>.</li>\n<li>From the right pane of the mapping editor, expand <strong>Services</strong> &gt; <strong>RecipientStorage$Recipients$delete</strong>, and select <strong>RecipientID{number}</strong>.<br />An alert appears. Click <strong>OK.</strong></li>\n<li>From the top-right of the <strong>Action Editor</strong> window, select the <strong>Design View</strong>.</li>\n</ol>"
    },
    "navigationBar": {
      "left": {
        "text": "Previous"
      },
      "right": {
        "text": "Next"
      }
    }
  },
  "Card.VoltMX.CreateDetailsScreen_v9.deleteFeature2": {
    "content": {
      "title": "Adding Delete Feature",
      "body": "<ol>\n<li>From the <strong>Action Editor</strong> canvas, select <strong>IF Recipients.opstatus is equal to 0</strong>.</li>\n<li>From the <strong>Action Editor </strong>left menu, under <strong>Widget</strong>, select <strong>Set Widget Property</strong>.</li>\n<li>From the mapping editor, expand <strong>Desktop Forms</strong> &gt; <strong>frmDetails</strong>, and select <strong>flexSuccess</strong>.</li>\n<li>From the right pane of the <strong>Action Editor</strong>, modify the following fields:\n<ul>\n<li>Property: <strong>Visible</strong></li>\n<li>Value: <strong>True</strong></li>\n</ul>\n</li></ol>"
    },
    "navigationBar": {
      "left": {
        "text": "Previous"
      },
      "right": {
        "text": "Next"
      }
    }
  },
  "Card.VoltMX.CreateDetailsScreen_v9.deleteFeature3": {
    "content": {
      "title": "Adding Delete Feature",
      "body": "<ol>\n<li>From the <strong>Action Editor </strong>left menu, under <strong>Function</strong>, select <strong>Add Snippet</strong>.</li>\n<li>In the right pane of the <strong>Action Editor</strong>, type the following code:<br /><span style=\"background-color: #999999;\">self.view.forceLayout();</span></li>\n<li>Click <strong>Save</strong>.</li>\n</ol>"
    },
    "navigationBar": {
      "left": {
        "text": "Previous"
      },
      "right": {
        "text": "Next"
      }
    }
  },
  "Card.VoltMX.CreateDetailsScreen_v9.done": {
    "content": {
      "title": "Congratulations",
      "body": "<p>You&rsquo;ve successfully:</p>\n<ul>\n<li><strong>Created the recipient detail screen</strong></li>\n<li><strong>Mapped the recipient detail UI to the services<br /></strong></li>\n<li><strong>Implemented navigation to all other forms in the app</strong></li>\n<li><strong>Implemented logout in the recipient details form<br /></strong></li>\n</ul>\n<p>For more information on creating recipients check out the next hike: <a class=\"tour-link\" tour=\"547395tb-d8ae-4fr9-b1ub-5033a6nb\"><strong>7. Add Create Recipients</strong></a>.</p>"
    },
    "navigationBar": {
      "left": {
        "text": "Previous"
      },
      "right": {
        "text": "Done"
      }
    }
  },
  "Card.VoltMX.CreateDetailsScreen_v9.Intro": {
    "content": {
      "title": "Create Recipient Details",
      "body": "<p><strong>Let&rsquo;s get started!</strong></p>\n<p>In this hike, you will learn how to:</p>\n<ul>\n<li>Create a recipient details form</li>\n<li>Create the UI for the create payee form using services</li>\n<li>Add the feature for deleting the recipients</li>\n</ul>\n<p>Before you get started, complete the hike:</p>\n<ol><b>\n<li><a class=\"tour-link\" tour=\"705a94tb-faa0-47r7-a1ud-31b3dbnf\">Launch your Responsive Web App</a></li><li><a class=\"tour-link\" tour=\"220f01t3-bda6-40r0-92uf-56631bnb\">Create UI from Collections</a></li><li><a class=\"tour-link\" tour=\"5e1da5td-37a0-44r6-beu6-374c3cn1\">Add Authentication to the App</a></li>\n<li><a class=\"tour-link\" tour=\"a851b9t8-75a9-4ara-88ud-946004n9\">Creating Services for a Web App</a></li><li><a class=\"tour-link\" tour=\"ca148ftd-07a9-4ard-98ud-6163d4nc\">Connect App UI to Data in a Web App</a></li></b>\n</ol>\n<p>Ensure that you open the same project that you have created in the previous hikes.</p>\n<p>To open a closed project, from the main menu, navigate to <strong>Project</strong> &gt; <strong>Open</strong> &gt; <strong>HCL Reference Architecture</strong> &gt; <strong>RecipientsWebApp</strong>.</p>\n<p><strong>When you are ready, click Start!</strong></p>"
    },
    "navigationBar": {
      "left": {
        "text": "Previous"
      },
      "right": {
        "text": "Start"
      }
    }
  },
  "Card.VoltMX.CreateDetailsScreen_v9.logout": {
    "content": {
      "title": "Implementing Logout",
      "body": "<ol>\n<li>From the <strong>Project</strong> explorer, expand <strong>Responsive Web/ Desktop</strong> &gt; <strong>Forms</strong> &gt; <strong>frmDetails</strong> &gt; <strong>flxRecipientDetails</strong> &gt; <strong>flxHeader</strong>, and select <strong>flxUserLogout</strong>.</li>\n<li>From the <strong>Properties</strong> panel, navigate to the <strong>Action</strong> tab.</li>\n<li>For the <strong>onClick </strong>event, click <strong>Edit</strong>.<br />The <strong>Action Editor</strong> window appears.</li>\n<li>From the top-right corner of the <strong>Action Editor</strong>, select <strong>Design View</strong>.</li>\n</ol>"
    },
    "navigationBar": {
      "left": {
        "text": "Previous"
      },
      "right": {
        "text": "Next"
      }
    }
  },
  "Card.VoltMX.CreateDetailsScreen_v9.logout1": {
    "content": {
      "title": "Implementing Logout",
      "body": "<ol>\n<li>From the <strong>Action Editor</strong> left menu, under the <strong>Network</strong> section, select <strong>Invoke Service</strong>.</li>\n<li>From the right pane of the <strong>Action Editor</strong>, for <strong>Select Service</strong> drop-down, select <strong>UserAuthentication$logout</strong>.</li>\n<li>On the <strong>Action Editor</strong> canvas, select <strong>Success</strong>.</li>\n<li>From the <strong>Action Editor</strong> left menu, under the <strong>General</strong> section, select <strong>Navigate to Form</strong>.</li>\n<li>From the right pane of the <strong>Action Editor</strong>, select <strong>frmLogin</strong>.</li>\n<li>Click <strong>Save</strong>.</li>\n</ol>"
    },
    "navigationBar": {
      "left": {
        "text": "Previous"
      },
      "right": {
        "text": "Next"
      }
    }
  },
  "Card.VoltMX.CreateDetailsScreen_v9.PayeeDetailUi": {
    "content": {
      "title": "Recipient Detail Screen Header",
      "body": "<ol>\n<li>From the <strong>Project </strong>explorer, expand&nbsp;<strong>Responsive Web/ Desktop</strong> &gt;&nbsp;<strong>Forms</strong>, and select <strong>frmDetails</strong>.</li>\n<li>From the left corner of the Iris canvas, navigate to the <strong>Default Library</strong> and click the search icon.</li>\n<li>In the search bar that appears, enter <strong>RecipientDetails</strong>.</li>\n<li>From the results, under the <strong>RecipientsWeb </strong>collection, select <strong>RecipientDetails</strong>.</li>\n</ol>"
    },
    "navigationBar": {
      "left": {
        "text": "Previous"
      },
      "right": {
        "text": "Next"
      }
    }
  },
  "Card.VoltMX.CreateDetailsScreen_v9.PayeeDetailUi1": {
    "content": {
      "title": "Recpient Detail Screen Header",
      "body": "<ol>\n<li>Drag the <strong>RecipientDetails</strong> collection onto the <strong>frmDetails</strong> on the canvas.<br />The <strong>Resolved Conflicts</strong> window appears.</li>\n<li>Click <strong>Close</strong>.</li>\n<li>From the <strong>Project</strong> explorer, navigate to <strong>Responsive Web /Desktop</strong> &gt; <strong>Forms</strong> &gt; <strong>frmDetails</strong> &gt; <strong>flxRecipientDetails</strong>, and select <strong>flexSuccess</strong>.</li>\n<li>Right-click and select <strong>Unparent</strong>.</li>\n</ol>"
    },
    "navigationBar": {
      "left": {
        "text": "Previous"
      },
      "right": {
        "text": "Next"
      }
    }
  },
  "Card.VoltMX.CreateDetailsScreen_v9.PayeeDetailUI2": {
    "content": {
      "title": "Recipient Delete Button",
      "body": "<ol>\n<li>From the <strong>Project </strong>explorer, expand <strong>frmDetails</strong> &gt; <strong>flexFieldsContainer</strong>.</li>\n<li>From the bottom-left of your canvas, navigate to <strong>Default Library</strong>.</li>\n<li>Next to the <strong>Default Library</strong>, you will the <strong>My Libraries </strong>tab and a search icon. <br />Click the search icon.</li>\n<li>In the search bar that appears, enter <strong>RecipientButtons</strong>.</li>\n<li>From the results, under <strong>RecipientsWeb</strong>, select <strong>RecipientButtons</strong>.</li>\n<li>Drag the <strong>RecipientButtons </strong>collection onto the <strong>flexFieldsContainer </strong>on the canvas.</li>\n</ol>"
    },
    "navigationBar": {
      "left": {
        "text": "Previous"
      },
      "right": {
        "text": "Next"
      }
    }
  },
  "Card.VoltMX.CreateDetailsScreen_v9.successAlert": {
    "content": {
      "title": "Success Alert",
      "body": "<ol>\n<li>From the <strong>Project</strong> explorer, expand <strong>Responsive Web /Desktop </strong>&gt; <strong>Forms</strong> &gt; <strong>frmDetails</strong> &gt; <strong>flexSuccess</strong> &gt; <strong>flexSuccessAlert</strong>, and select <strong>btnDone</strong>.</li>\n<li>From the <strong>Properties</strong> panel, navigate to the <strong>Action</strong> tab.</li>\n<li>For the <strong>onClick</strong> event, click <strong>Edit</strong>.<br />The <strong>Action Editor </strong>window appears.</li>\n</ol>"
    },
    "navigationBar": {
      "left": {
        "text": "Previous"
      },
      "right": {
        "text": "Next"
      }
    }
  },
  "Card.VoltMX.CreateDetailsScreen_v9.successAlert1": {
    "content": {
      "title": "Success Alert",
      "body": "<ol>\n<li>From the <strong>Action Editor </strong>left menu, under the <strong>Widget</strong> section, select <strong>Set Widget Property</strong>.<br />The Mapping editor appears.</li>\n<li>From the mapping editor, navigate to <strong>Desktop Forms</strong> &gt; <strong>frmDetails</strong>, and select <strong>flexSuccess</strong>.</li>\n<li>From the right pane of the <strong>Action Editor</strong>, modify the following fields:\n<ul>\n<li>Property: <strong>Visible</strong></li>\n<li>Value: <strong>False</strong></li>\n</ul>\n</li>\n</ol>"
    },
    "navigationBar": {
      "left": {
        "text": "Previous"
      },
      "right": {
        "text": "Next"
      }
    }
  },
  "Card.VoltMX.CreateDetailsScreen_v9.successAlert2": {
    "content": {
      "title": "Success Alert",
      "body": "<ol>\n<li>From the <strong>Action Editor </strong>left menu, under the <strong>Function</strong> section, select <strong>Add Snippet</strong>.</li>\n<li>In the right pane of the <strong>Action Editor</strong>, type the following code:<br /><span style=\"background-color: #999999;\">self.view.forceLayout();</span></li>\n<li>From the <strong>Action Editor </strong>left menu, under the <strong>General</strong> section, select <strong>Navigate to Form</strong>.</li>\n<li>From the right pane of the <strong>Action Editor</strong>, select <strong>frmRecipients</strong>.</li>\n<li>Click <strong>Save</strong>.</li>\n</ol>"
    },
    "navigationBar": {
      "left": {
        "text": "Previous"
      },
      "right": {
        "text": "Next"
      }
    }
  },
  "Card.VoltMX.CreateDetailsScreen_v9.UIchange": {
    "content": {
      "title": "UI Change",
      "body": "<ol>\n<li>From the <strong>Project </strong>explorer, navigate to&nbsp;<strong>Responsive Web /Desktop</strong> &gt;&nbsp;<strong>Forms</strong> &gt;&nbsp;<strong>frmDetails</strong>.</li>\n<li>Right-click and delete <strong>flexHeader</strong>.</li>\n<li>From the <strong>Project</strong> explorer, select <strong>flexFieldsContainer</strong>.</li>\n<li>From the <strong>Properties</strong> panel, navigate to the <strong>Look</strong> tab.</li>\n</ol>"
    },
    "navigationBar": {
      "left": {
        "text": "Previous"
      },
      "right": {
        "text": "Next"
      }
    }
  },
  "Card.VoltMX.CreateDetailsScreen_v9.UIchange1": {
    "content": {
      "title": "UI Change",
      "body": "<ol>\n<li>Under the <strong>Flex</strong> section, make the following changes:\n<ul>\n<li>Left: <strong>15.38%</strong></li>\n<li>Top: <strong>22.33%</strong></li>\n<li>Width: <strong>69.44%</strong></li>\n<li>Height: <strong>69.9%</strong></li>\n<li>Z Index: <strong>2</strong></li>\n</ul>\n</li>\n<li>Under the <strong>Dynamic Form</strong> section, for <strong>Fields</strong>, click <strong>Customize</strong>.<br />The <strong>Configure Details</strong> window appears<strong>.</strong></li>\n</ol>"
    },
    "navigationBar": {
      "left": {
        "text": "Previous"
      },
      "right": {
        "text": "Next"
      }
    }
  },
  "Card.VoltMX.CreateDetailsScreen_v9.UIchange2": {
    "content": {
      "title": "UI Change of Recipients Details Screen",
      "body": "<ol>\n<li>In the <strong>Configure Details </strong>window, for the <strong>Fields</strong>, provide the following <strong>Display Names</strong>:\n<ul>\n<li><strong>FirstName</strong> field: <strong>First Name</strong></li>\n<li><strong>LastName </strong>field: <strong>Last</strong> <strong>Name</strong></li>\n<li><strong>NickName </strong>field: <strong>Nick Name</strong></li>\n<li><strong>Phone </strong>field: <strong>Phone Number</strong></li>\n</ul>\n</li>\n<li>Click <strong>Regenerate</strong>.</li>\n</ol>"
    },
    "navigationBar": {
      "left": {
        "text": "Previous"
      },
      "right": {
        "text": "Next"
      }
    }
  },
  "Card.VoltMX.CreateDetailsScreen_v9.UIchange3": {
    "content": {
      "title": "UI for Recipients Details Screen",
      "body": "<ol>\n<li>From the <strong>Project </strong>explorer, expand&nbsp;<strong>Responsive Web/ Desktop</strong> &gt;&nbsp;<strong>Forms</strong> &gt; <strong>frmDetails</strong> &gt; <strong>flexFieldsContainer</strong>, and select <strong>flexRecipientID</strong>.</li>\n<li>From the <strong>Properties</strong> panel, navigate to the <strong>Look</strong> tab.</li>\n<li>Under the <strong>General </strong>section, for the <strong>Visible</strong> field, select <strong>Off</strong>.</li>\n</ol>"
    },
    "navigationBar": {
      "left": {
        "text": "Previous"
      },
      "right": {
        "text": "Next"
      }
    }
  }
}