{
  "Tour.CreateDetailsScreen_v9": {
    "description": " यात्रा का विवरण"
  },
  "Hike.VoltMX.CreateDetailsScreen_v9": {
    "description": " वृद्धि का विवरण"
  },
  "Card.VoltMX.CreateDetailsScreenWeb_v9.run": {
    "content": {
      "title": " ऐप चलाएँ",
      "body": "<ol>\n<li> बाएं नेविगेशन बार से, क्लिक करें<strong> भागो</strong>.<br /> आइरिस को प्रदर्शित होने में कुछ समय लगेगा<strong> लाइव पूर्वावलोकन तैयार है</strong> window.<br /> आइरिस प्रीव्यू विंडो आपका एप्लिकेशन लॉन्च करती है।</li>\n<li> अपने ऐप में निम्नलिखित लॉगिन क्रेडेंशियल दर्ज करें।<ul>\n<li> उपयोगकर्ता नाम:<strong> john.doe@woodburn.com</strong></li>\n<li> पासवर्ड:<strong> वोल्टएमएक्स@123</strong></li>\n</ul>\n</li>\n<li> क्लिक करें<strong> लॉगिन</strong>.<br /> खाता सूची प्रकट होती है।</li>\n<li> क्लिक करें<strong> प्राप्तकर्ता</strong> टैब।<br /> प्राप्तकर्ता सूची प्रकट होती है।</li>\n<li> प्राप्तकर्ता का विवरण देखने के लिए सूची से प्राप्तकर्ता का चयन करें।<br /> विवरण पृष्ठ से, आप प्राप्तकर्ता को हटा सकते हैं।<br /> आप अगली हाइक में प्राप्तकर्ताओं को बनाना और संपादित करना सीखेंगे।</li>\n<li> लॉगिन स्क्रीन पर नेविगेट करने के लिए स्क्रीन के शीर्ष पर लॉगआउट बटन पर क्लिक करें।</li>\n</ol>"
    },
    "navigationBar": {
      "left": {
        "text": " पिछला"
      },
      "right": {
        "text": " अगला"
      }
    }
  },
  "Card.VoltMX.CreateDetailsScreen_v9.backNav2": {
    "content": {
      "title": " अकाउंट्स फॉर्म पर वापस लागू करना",
      "body": "<ol>\n<li> से<strong> परियोजना</strong> एक्सप्लोरर, विस्तृत करें<strong> उत्तरदायी वेब/डेस्कटॉप</strong> &gt;<strong> प्रपत्र</strong> &gt;<strong> frm विवरण</strong> &gt;<strong> flxप्राप्तकर्ता विवरण</strong> &gt;<strong> flxMenu</strong> , और चुनें<strong> flxखाताटैब</strong>.</li>\n<li> से<strong> गुण</strong> पैनल, पर नेविगेट करें<strong> क्रिया</strong> टैब।</li>\n<li> के लिए<strong> ऑनक्लिक</strong> घटना, क्लिक करें<strong> संपादित करें</strong>.<br /> The<strong> एक्शन एडिटर</strong> विंडो प्रकट होती है।</li>\n</ol>"
    },
    "navigationBar": {
      "left": {
        "text": " पिछला"
      },
      "right": {
        "text": " अगला"
      }
    }
  },
  "Card.VoltMX.CreateDetailsScreen_v9.backNav3": {
    "content": {
      "title": " अकाउंट्स फॉर्म पर वापस लागू करना",
      "body": "<ol>\n<li> से<strong> एक्शन एडिटर</strong> बाएँ मेनू, के अंतर्गत<strong> सामान्य</strong> अनुभाग, चुनें<strong> फॉर्म पर नेविगेट करें</strong>.</li>\n<li> के दाएँ फलक से<strong> एक्शन एडिटर</strong> , चुनें<strong> frmखाता</strong>.</li>\n<li> क्लिक करें<strong> सहेजें</strong>.</li>\n</ol>"
    },
    "navigationBar": {
      "left": {
        "text": " पिछला"
      },
      "right": {
        "text": " अगला"
      }
    }
  },
  "Card.VoltMX.CreateDetailsScreen_v9.backNavigation": {
    "content": {
      "title": " प्राप्तकर्ता प्रपत्र पर वापस लागू करना",
      "body": "<ol>\n<li> से<strong> परियोजना</strong> एक्सप्लोरर, विस्तृत करें<strong> उत्तरदायी वेब/डेस्कटॉप</strong> &gt;<strong> प्रपत्र</strong> &gt;<strong> frm विवरण</strong> &gt;<strong> flxप्राप्तकर्ता विवरण</strong> &gt;<strong> flxटूलबार</strong> , और चुनें<strong> flxBack</strong>.</li>\n<li> से<strong> गुण</strong> पैनल, पर नेविगेट करें<strong> क्रिया</strong> टैब।</li>\n<li> के लिए<strong> ऑनक्लिक</strong> घटना, क्लिक करें<strong> संपादित करें</strong>.<br /> The<strong> एक्शन एडिटर</strong> विंडो प्रकट होती है।</li>\n</ol>"
    },
    "navigationBar": {
      "left": {
        "text": " पिछला"
      },
      "right": {
        "text": " अगला"
      }
    }
  },
  "Card.VoltMX.CreateDetailsScreen_v9.backNavigation1": {
    "content": {
      "title": " प्राप्तकर्ता प्रपत्र पर वापस लागू करना",
      "body": "<ol>\n<li> से<strong> एक्शन एडिटर</strong> बाएँ मेनू, के अंतर्गत<strong> सामान्य</strong> अनुभाग, चुनें<strong> फॉर्म पर नेविगेट करें</strong>.</li>\n<li> के दाएँ फलक से<strong> एक्शन एडिटर</strong> , चुनें<strong> frmप्राप्तकर्ता</strong>.</li>\n<li> क्लिक करें<strong> सहेजें</strong>.</li>\n</ol>"
    },
    "navigationBar": {
      "left": {
        "text": " पिछला"
      },
      "right": {
        "text": " अगला"
      }
    }
  },
  "Card.VoltMX.CreateDetailsScreen_v9.createForm": {
    "content": {
      "title": " प्राप्तकर्ता विवरण स्क्रीन बनाएं",
      "body": "<ol>\n<li> से<strong> परियोजना</strong> एक्सप्लोरर, विस्तार करें<strong> उत्तरदायी वेब / डेस्कटॉप</strong>.</li>\n<li> राइट-क्लिक करें<strong> प्रपत्र</strong> , और चुनें<strong> नया फॉर्म</strong>.</li>\n<li> नए फॉर्म का नाम बदलें<strong> frm विवरण</strong>.</li>\n</ol>"
    },
    "navigationBar": {
      "left": {
        "text": " पिछला"
      },
      "right": {
        "text": " अगला"
      }
    }
  },
  "Card.VoltMX.CreateDetailsScreen_v9.createUIDetails1": {
    "content": {
      "title": " प्राप्तकर्ता विवरण स्क्रीन के लिए UI",
      "body": "<ol>\n<li> से<strong> डेटा &amp; सेवाएं</strong> पैनल, विस्तार करें<strong> परियोजना सेवाएं</strong> &gt;<strong> प्राप्तकर्ता भंडारण</strong> &gt;<strong> प्राप्तकर्ता</strong>.</li>\n<li> चुनें<strong> प्राप्त करें</strong> ऑपरेशन करें और इसे कैनवास पर छोड़ें।<br /> The<strong> आप क्या उत्पन्न करना चाहेंगे?</strong> विंडो प्रकट होती है।</li>\n</ol>"
    },
    "navigationBar": {
      "left": {
        "text": " पिछला"
      },
      "right": {
        "text": " अगला"
      }
    }
  },
  "Card.VoltMX.CreateDetailsScreen_v9.createUIDetails2": {
    "content": {
      "title": " प्राप्तकर्ता विवरण स्क्रीन के लिए UI",
      "body": "<ol>\n<li> से<strong> आप क्या उत्पन्न करना चाहेंगे?</strong> विंडो, चुनें<strong> प्रतिक्रिया का उपयोग कर विवरण Details</strong>.</li>\n<li> क्लिक करें<strong> ठीक है</strong>.<br /> एक नई विंडो प्रकट होती है, जिसमें पूछा जाता है कि क्या आप नेविगेशन जेनरेट करना चाहते हैं<strong> frmप्राप्तकर्ता</strong>.</li>\n<li> क्लिक करें<strong> हाँ</strong>.<br /> आइरिस को पैरामीटर लोड करने और UI जेनरेट करने में कुछ समय लग सकता है।</li>\n</ol>"
    },
    "navigationBar": {
      "left": {
        "text": " पिछला"
      },
      "right": {
        "text": " अगला"
      }
    }
  },
  "Card.VoltMX.CreateDetailsScreen_v9.deleteActions": {
    "content": {
      "title": " अनबाइंडिंग डेटा",
      "body": "<ol>\n<li> से<strong> परियोजना</strong> एक्सप्लोरर, विस्तृत करें<strong> उत्तरदायी वेब/डेस्कटॉप</strong> &gt;<strong> प्रपत्र</strong> , और चुनें<strong> frm विवरण</strong>.</li>\n<li> से<strong> गुण</strong> पैनल, पर नेविगेट करें<strong> क्रिया</strong> टैब।</li>\n<li> के लिए<strong> मानचित्रण पर</strong> घटना, क्लिक करें<strong> संपादित करें</strong>.<br /> The<strong> एक्शन एडिटर</strong> विंडो प्रकट होती है।</li><li> के ऊपरी-दाएँ कोने से<b> एक्शन एडिटर</b> विंडो, चुनें<b> डिज़ाइन दृश्य</b>.</li>\n</ol>"
    },
    "navigationBar": {
      "left": {
        "text": " पिछला"
      },
      "right": {
        "text": " अगला"
      }
    }
  },
  "Card.VoltMX.CreateDetailsScreen_v9.deleteActions1": {
    "content": {
      "title": " अनबाइंडिंग डेटा",
      "body": "<ol>\n<li> से<strong> एक्शन एडिटर</strong> कैनवास, चुनें<strong> सेवा को आमंत्रित करें: प्राप्तकर्ता स्टोरेज $ प्राप्तकर्ता $ प्राप्त करें</strong>.</li>\n<li> के दाएँ फलक से<strong> एक्शन एडिटर</strong> , चुनें<strong> फ़िल्टर क्वेरी अपडेट करें</strong>.<br /> The<strong> मानचित्रण संपादक</strong> विंडो प्रकट होती है।</li>\n<li> के दाएँ फलक से<strong> मानचित्रण संपादक</strong> , विस्तृत करें<strong> सेवाएं</strong> &gt;<strong> सेवा-प्राप्तकर्तास्टोरेज$प्राप्तकर्ता$प्राप्त करें</strong>.</li>\n<li> के दाएँ फलक से<strong> मानचित्रण संपादक</strong> राइट-क्लिक करें और चुनें<strong> अनबाइंड</strong> निम्नलिखित तत्वों के लिए:<ul>\n<li><strong> पहला नाम {स्ट्रिंग}</strong></li>\n<li><strong> अंतिम नाम {स्ट्रिंग}</strong></li>\n<li><strong> फ़ोन {स्ट्रिंग}</strong></li>\n</ul>\n</li>\n<li> क्लिक करें<strong> सहेजें</strong>.</li>\n</ol>"
    },
    "navigationBar": {
      "left": {
        "text": " पिछला"
      },
      "right": {
        "text": " अगला"
      }
    }
  },
  "Card.VoltMX.CreateDetailsScreen_v9.deleteFeature": {
    "content": {
      "title": " डिलीट फीचर जोड़ना",
      "body": "<ol>\n<li> से<strong> परियोजना</strong> एक्सप्लोरर, विस्तृत करें<strong> उत्तरदायी वेब/डेस्कटॉप</strong> &gt;<strong> प्रपत्र</strong> &gt;<strong> frm विवरण</strong> &gt;<strong> flexFieldsContainer</strong> &gt;<strong> flxButtons</strong> , और चुनें<strong> btnहटाएं</strong>.</li>\n<li> से<strong> डेटा &amp; सेवाएं</strong> पैनल, विस्तार करें<strong> परियोजना सेवाएं</strong> &gt;<strong> प्राप्तकर्ता भंडारण</strong> &gt;<strong> प्राप्तकर्ता</strong>.</li>\n<li> चुनें<strong> हटाएं</strong> ऑपरेशन करें और इसे इस पर छोड़ दें<strong> हटाएं</strong> कैनवास पर बटन।</li>\n<li> दिखाई देने वाली क्रियाओं की सूची से, चुनें<strong> क्रिया: ऑनक्लिक</strong>.<br /> The<strong> एक्शन एडिटर</strong> विंडो प्रकट होती है।</li>\n</ol>"
    },
    "navigationBar": {
      "left": {
        "text": " पिछला"
      },
      "right": {
        "text": " अगला"
      }
    }
  },
  "Card.VoltMX.CreateDetailsScreen_v9.deleteFeature1": {
    "content": {
      "title": " डिलीट फीचर जोड़ना",
      "body": "<ol>\n<li> में<strong> एक्शन एडिटर</strong> विंडो, मैपिंग एडिटर के बाएँ फलक से, विस्तृत करें<strong> प्रपत्र</strong> &gt;<strong> frm विवरण</strong> &gt;<strong> लेबल-lblRecipientIDValue</strong> , और चुनें<strong> पाठ {स्ट्रिंग}</strong>.</li>\n<li> मैपिंग संपादक के दाएँ फलक से, विस्तृत करें<strong> सेवाएं</strong> &gt;<strong> RecipientStorage$Recipients$delete</strong> , और चुनें<strong> प्राप्तकर्ता आईडी {संख्या}</strong>.<br /> एक अलर्ट प्रकट होता है। क्लिक<strong> ठीक है।</strong></li>\n<li> के शीर्ष-दाईं ओर से<strong> एक्शन एडिटर</strong> विंडो, चुनें<strong> डिज़ाइन दृश्य</strong>.</li>\n</ol>"
    },
    "navigationBar": {
      "left": {
        "text": " पिछला"
      },
      "right": {
        "text": " अगला"
      }
    }
  },
  "Card.VoltMX.CreateDetailsScreen_v9.deleteFeature2": {
    "content": {
      "title": " डिलीट फीचर जोड़ना",
      "body": "<ol>\n<li> से<strong> एक्शन एडिटर</strong> कैनवास, चुनें<strong> यदि प्राप्तकर्ता.opstatus 0 के बराबर है</strong>.</li>\n<li> से<strong> एक्शन एडिटर</strong> बायां मेनू, नीचे<strong> विजेट</strong> , चुनें<strong> विजेट संपत्ति सेट करें</strong>.</li>\n<li> मैपिंग संपादक से, विस्तृत करें<strong> डेस्कटॉप प्रपत्र</strong> &gt;<strong> frm विवरण</strong> , और चुनें<strong> flexSuccess</strong>.</li>\n<li> के दाएँ फलक से<strong> एक्शन एडिटर</strong> , निम्न फ़ील्ड संशोधित करें:<ul>\n<li> संपत्ति:<strong> दर्शनीय</strong></li>\n<li> मान:<strong> सच</strong></li>\n</ul>\n</li></ol>"
    },
    "navigationBar": {
      "left": {
        "text": " पिछला"
      },
      "right": {
        "text": " अगला"
      }
    }
  },
  "Card.VoltMX.CreateDetailsScreen_v9.deleteFeature3": {
    "content": {
      "title": " डिलीट फीचर जोड़ना",
      "body": "<ol>\n<li> से<strong> एक्शन एडिटर</strong> बायां मेनू, नीचे<strong> समारोह:</strong> , चुनें<strong> स्निपेट जोड़ें</strong>.</li>\n<li> दाएँ फलक में<strong> एक्शन एडिटर</strong> , निम्न कोड टाइप करें:<br /><span style=\"background-color: #999999;\"> self.view.forceLayout();</span></li>\n<li> क्लिक करें<strong> सहेजें</strong>.</li>\n</ol>"
    },
    "navigationBar": {
      "left": {
        "text": " पिछला"
      },
      "right": {
        "text": " अगला"
      }
    }
  },
  "Card.VoltMX.CreateDetailsScreen_v9.done": {
    "content": {
      "title": " बधाई",
      "body": "<p> आपने सफलतापूर्वक:</p>\n<ul>\n<li><strong> प्राप्तकर्ता विवरण स्क्रीन बनाई गई</strong></li>\n<li><strong> सेवाओं के लिए प्राप्तकर्ता विवरण UI मैप किया गया<br /></strong></li>\n<li><strong> ऐप में अन्य सभी रूपों में लागू नेविगेशन</strong></li>\n<li><strong> प्राप्तकर्ता विवरण प्रपत्र में कार्यान्वित लॉगआउट<br /></strong></li>\n</ul>\n<p> प्राप्तकर्ता बनाने के बारे में अधिक जानकारी के लिए अगली वृद्धि देखें:<a class=\"tour-link\" tour=\"547395tb-d8ae-4fr9-b1ub-5033a6nb\"><strong> 7. प्राप्तकर्ता बनाएँ जोड़ें</strong></a>.</p>"
    },
    "navigationBar": {
      "left": {
        "text": " पिछला"
      },
      "right": {
        "text": " हो गया"
      }
    }
  },
  "Card.VoltMX.CreateDetailsScreen_v9.Intro": {
    "content": {
      "title": " प्राप्तकर्ता विवरण बनाएं",
      "body": "<p><strong> चलिए शुरू करते हैं!</strong></p>\n<p> इस वृद्धि में, आप सीखेंगे कि कैसे:</p>\n<ul>\n<li> एक प्राप्तकर्ता विवरण प्रपत्र बनाएँ</li>\n<li> सेवाओं का उपयोग करके भुगतानकर्ता बनाने के लिए UI बनाएं</li>\n<li> प्राप्तकर्ताओं को हटाने के लिए सुविधा जोड़ें</li>\n</ul>\n<p> आरंभ करने से पहले, वृद्धि पूरी करें:</p>\n<ol><b>\n<li><a class=\"tour-link\" tour=\"705a94tb-faa0-47r7-a1ud-31b3dbnf\"> अपना उत्तरदायी वेब ऐप लॉन्च करें</a></li><li><a class=\"tour-link\" tour=\"220f01t3-bda6-40r0-92uf-56631bnb\"> संग्रह से UI बनाएं</a></li><li><a class=\"tour-link\" tour=\"5e1da5td-37a0-44r6-beu6-374c3cn1\"> ऐप में प्रमाणीकरण जोड़ें</a></li>\n<li><a class=\"tour-link\" tour=\"a851b9t8-75a9-4ara-88ud-946004n9\"> वेब ऐप के लिए सेवाएं बनाना</a></li><li><a class=\"tour-link\" tour=\"ca148ftd-07a9-4ard-98ud-6163d4nc\"> किसी वेब ऐप में ऐप UI को डेटा से कनेक्ट करें</a></li></b>\n</ol>\n<p> सुनिश्चित करें कि आपने वही प्रोजेक्ट खोला है जिसे आपने पिछली हाइक में बनाया था।</p>\n<p> एक बंद परियोजना को खोलने के लिए, मुख्य मेनू से, नेविगेट करें<strong> परियोजना</strong> &gt;<strong> खुला</strong> &gt;<strong> एचसीएल संदर्भ वास्तुकला</strong> &gt;<strong> प्राप्तकर्तावेबएप</strong>.</p>\n<p><strong> जब आप तैयार हों, तो स्टार्ट पर क्लिक करें!</strong></p>"
    },
    "navigationBar": {
      "left": {
        "text": " पिछला"
      },
      "right": {
        "text": " प्रारंभ"
      }
    }
  },
  "Card.VoltMX.CreateDetailsScreen_v9.logout": {
    "content": {
      "title": " लॉगआउट लागू करना",
      "body": "<ol>\n<li> से<strong> परियोजना</strong> एक्सप्लोरर, विस्तृत करें<strong> उत्तरदायी वेब/डेस्कटॉप</strong> &gt;<strong> प्रपत्र</strong> &gt;<strong> frm विवरण</strong> &gt;<strong> flxप्राप्तकर्ता विवरण</strong> &gt;<strong> flxHeader</strong> , और चुनें<strong> flxUserLogout</strong>.</li>\n<li> से<strong> गुण</strong> पैनल, पर नेविगेट करें<strong> क्रिया</strong> टैब।</li>\n<li> के लिए<strong> ऑनक्लिक</strong> घटना, क्लिक करें<strong> संपादित करें</strong>.<br /> The<strong> एक्शन एडिटर</strong> विंडो प्रकट होती है।</li>\n<li> के ऊपरी-दाएँ कोने से<strong> एक्शन एडिटर</strong> , चुनें<strong> डिज़ाइन दृश्य</strong>.</li>\n</ol>"
    },
    "navigationBar": {
      "left": {
        "text": " पिछला"
      },
      "right": {
        "text": " अगला"
      }
    }
  },
  "Card.VoltMX.CreateDetailsScreen_v9.logout1": {
    "content": {
      "title": " लॉगआउट लागू करना",
      "body": "<ol>\n<li> से<strong> एक्शन एडिटर</strong> बाएँ मेनू, के अंतर्गत<strong> नेटवर्क</strong> अनुभाग, चुनें<strong> सेवा का आह्वान करें</strong>.</li>\n<li> के दाएँ फलक से<strong> एक्शन एडिटर</strong> , के लिए<strong> सेवा का चयन करें</strong> ड्रॉप-डाउन, चुनें<strong> UserAuthentication$logout</strong>.</li>\n<li> पर<strong> एक्शन एडिटर</strong> कैनवास, चुनें<strong> सफलता</strong>.</li>\n<li> से<strong> एक्शन एडिटर</strong> बाएँ मेनू, के अंतर्गत<strong> सामान्य</strong> अनुभाग, चुनें<strong> फॉर्म पर नेविगेट करें</strong>.</li>\n<li> के दाएँ फलक से<strong> एक्शन एडिटर</strong> , चुनें<strong> frmLogin</strong>.</li>\n<li> क्लिक करें<strong> सहेजें</strong>.</li>\n</ol>"
    },
    "navigationBar": {
      "left": {
        "text": " पिछला"
      },
      "right": {
        "text": " अगला"
      }
    }
  },
  "Card.VoltMX.CreateDetailsScreen_v9.PayeeDetailUi": {
    "content": {
      "title": " प्राप्तकर्ता विवरण स्क्रीन हैडर",
      "body": "<ol>\n<li> से<strong> परियोजना</strong> एक्सप्लोरर, विस्तृत करें&nbsp;<strong> उत्तरदायी वेब/डेस्कटॉप</strong> &gt;&nbsp;<strong> प्रपत्र</strong> , और चुनें<strong> frm विवरण</strong>.</li>\n<li> आइरिस कैनवास के बाएं कोने से, पर नेविगेट करें<strong> डिफ़ॉल्ट लाइब्रेरी</strong> और सर्च आइकॉन पर क्लिक करें।</li>\n<li> दिखाई देने वाले खोज बार में, दर्ज करें<strong> प्राप्तकर्ता विवरण</strong>.</li>\n<li> परिणामों से, के तहत<strong> प्राप्तकर्तावेब</strong> संग्रह, चुनें<strong> प्राप्तकर्ता विवरण</strong>.</li>\n</ol>"
    },
    "navigationBar": {
      "left": {
        "text": " पिछला"
      },
      "right": {
        "text": " अगला"
      }
    }
  },
  "Card.VoltMX.CreateDetailsScreen_v9.PayeeDetailUi1": {
    "content": {
      "title": " प्राप्तकर्ता विवरण स्क्रीन हैडर",
      "body": "<ol>\n<li> खींचें<strong> प्राप्तकर्ता विवरण</strong> पर संग्रह<strong> frm विवरण</strong> कैनवास पर।<br /> The<strong> विवादों का समाधान</strong> विंडो प्रकट होती है।</li>\n<li> क्लिक करें<strong> बंद करें</strong>.</li>\n<li> से<strong> परियोजना</strong> एक्सप्लोरर, नेविगेट करें<strong> उत्तरदायी वेब / डेस्कटॉप</strong> &gt;<strong> प्रपत्र</strong> &gt;<strong> frm विवरण</strong> &gt;<strong> flxप्राप्तकर्ता विवरण</strong> , और चुनें<strong> flexSuccess</strong>.</li>\n<li> राइट-क्लिक करें और चुनें<strong> अनपेरेंट</strong>.</li>\n</ol>"
    },
    "navigationBar": {
      "left": {
        "text": " पिछला"
      },
      "right": {
        "text": " अगला"
      }
    }
  },
  "Card.VoltMX.CreateDetailsScreen_v9.PayeeDetailUI2": {
    "content": {
      "title": " प्राप्तकर्ता हटाएं बटन",
      "body": "<ol>\n<li> से<strong> परियोजना</strong> एक्सप्लोरर, विस्तार करें<strong> frm विवरण</strong> &gt;<strong> flexFieldsContainer</strong>.</li>\n<li> अपने कैनवास के निचले-बाएँ से नेविगेट करें<strong> डिफ़ॉल्ट लाइब्रेरी</strong>.</li>\n<li> के आगे<strong> डिफ़ॉल्ट लाइब्रेरी</strong> , आप करेंगे<strong> मेरी लाइब्रेरी</strong> टैब और एक खोज आइकन।<br /> खोज आइकन पर क्लिक करें।</li>\n<li> दिखाई देने वाले खोज बार में, दर्ज करें<strong> प्राप्तकर्ताबटन</strong>.</li>\n<li> परिणामों से, के तहत<strong> प्राप्तकर्तावेब</strong> , चुनें<strong> प्राप्तकर्ताबटन</strong>.</li>\n<li> खींचें<strong> प्राप्तकर्ताबटन</strong> पर संग्रह<strong> flexFieldsContainer</strong> कैनवास पर।</li>\n</ol>"
    },
    "navigationBar": {
      "left": {
        "text": " पिछला"
      },
      "right": {
        "text": " अगला"
      }
    }
  },
  "Card.VoltMX.CreateDetailsScreen_v9.successAlert": {
    "content": {
      "title": " सफलता चेतावनी",
      "body": "<ol>\n<li> से<strong> परियोजना</strong> एक्सप्लोरर, विस्तृत करें<strong> उत्तरदायी वेब / डेस्कटॉप</strong> &gt;<strong> प्रपत्र</strong> &gt;<strong> frm विवरण</strong> &gt;<strong> flexSuccess</strong> &gt;<strong> flexSuccessAlert</strong> , और चुनें<strong> बीटीएन हो गया</strong>.</li>\n<li> से<strong> गुण</strong> पैनल, पर नेविगेट करें<strong> क्रिया</strong> टैब।</li>\n<li> के लिए<strong> ऑनक्लिक</strong> घटना, क्लिक करें<strong> संपादित करें</strong>.<br /> The<strong> एक्शन एडिटर</strong> विंडो प्रकट होती है।</li>\n</ol>"
    },
    "navigationBar": {
      "left": {
        "text": " पिछला"
      },
      "right": {
        "text": " अगला"
      }
    }
  },
  "Card.VoltMX.CreateDetailsScreen_v9.successAlert1": {
    "content": {
      "title": " सफलता चेतावनी",
      "body": "<ol>\n<li> से<strong> एक्शन एडिटर</strong> बाएँ मेनू, के अंतर्गत<strong> विजेट</strong> अनुभाग, चुनें<strong> विजेट संपत्ति सेट करें</strong>.<br /> मैपिंग संपादक प्रकट होता है।</li>\n<li> मैपिंग एडिटर से नेविगेट करें<strong> डेस्कटॉप प्रपत्र</strong> &gt;<strong> frm विवरण</strong> , और चुनें<strong> flexSuccess</strong>.</li>\n<li> के दाएँ फलक से<strong> एक्शन एडिटर</strong> , निम्न फ़ील्ड संशोधित करें:<ul>\n<li> संपत्ति:<strong> दर्शनीय</strong></li>\n<li> मान:<strong> गलत</strong></li>\n</ul>\n</li>\n</ol>"
    },
    "navigationBar": {
      "left": {
        "text": " पिछला"
      },
      "right": {
        "text": " अगला"
      }
    }
  },
  "Card.VoltMX.CreateDetailsScreen_v9.successAlert2": {
    "content": {
      "title": " सफलता चेतावनी",
      "body": "<ol>\n<li> से<strong> एक्शन एडिटर</strong> बाएँ मेनू, के अंतर्गत<strong> समारोह:</strong> अनुभाग, चुनें<strong> स्निपेट जोड़ें</strong>.</li>\n<li> दाएँ फलक में<strong> एक्शन एडिटर</strong> , निम्न कोड टाइप करें:<br /><span style=\"background-color: #999999;\"> self.view.forceLayout();</span></li>\n<li> से<strong> एक्शन एडिटर</strong> बाएँ मेनू, के अंतर्गत<strong> सामान्य</strong> अनुभाग, चुनें<strong> फॉर्म पर नेविगेट करें</strong>.</li>\n<li> के दाएँ फलक से<strong> एक्शन एडिटर</strong> , चुनें<strong> frmप्राप्तकर्ता</strong>.</li>\n<li> क्लिक करें<strong> सहेजें</strong>.</li>\n</ol>"
    },
    "navigationBar": {
      "left": {
        "text": " पिछला"
      },
      "right": {
        "text": " अगला"
      }
    }
  },
  "Card.VoltMX.CreateDetailsScreen_v9.UIchange": {
    "content": {
      "title": " UI परिवर्तन",
      "body": "<ol>\n<li> से<strong> परियोजना</strong> एक्सप्लोरर, नेविगेट करने के लिए&nbsp;<strong> उत्तरदायी वेब / डेस्कटॉप</strong> &gt;&nbsp;<strong> प्रपत्र</strong> &gt;&nbsp;<strong> frm विवरण</strong>.</li>\n<li> राइट-क्लिक करें और हटाएं<strong> flexHeader</strong>.</li>\n<li> से<strong> परियोजना</strong> एक्सप्लोरर, चुनें<strong> flexFieldsContainer</strong>.</li>\n<li> से<strong> गुण</strong> पैनल, पर नेविगेट करें<strong> देखो</strong> टैब।</li>\n</ol>"
    },
    "navigationBar": {
      "left": {
        "text": " पिछला"
      },
      "right": {
        "text": " अगला"
      }
    }
  },
  "Card.VoltMX.CreateDetailsScreen_v9.UIchange1": {
    "content": {
      "title": " UI परिवर्तन",
      "body": "<ol>\n<li> के तहत<strong> फ्लेक्स</strong> अनुभाग, निम्नलिखित परिवर्तन करें:<ul>\n<li> बायां:<strong> 15.38%</strong></li>\n<li> शीर्ष:<strong> 22.33%</strong></li>\n<li> चौड़ाई:<strong> 69.44%</strong></li>\n<li> ऊँचाई:<strong> 69.9%</strong></li>\n<li> Z सूचकांक:<strong>2</strong></li>\n</ul>\n</li>\n<li> के तहत<strong> गतिशील रूप</strong> अनुभाग, के लिए<strong> फ़ील्ड</strong> , क्लिक करें<strong> अनुकूलित करें</strong>.<br /> The<strong> विवरण कॉन्फ़िगर करें</strong> विंडो प्रकट होती है<strong>.</strong></li>\n</ol>"
    },
    "navigationBar": {
      "left": {
        "text": " पिछला"
      },
      "right": {
        "text": " अगला"
      }
    }
  },
  "Card.VoltMX.CreateDetailsScreen_v9.UIchange2": {
    "content": {
      "title": " प्राप्तकर्ता विवरण स्क्रीन का UI परिवर्तन",
      "body": "<ol>\n<li> में<strong> विवरण कॉन्फ़िगर करें:</strong> विंडो, के लिए<strong> फ़ील्ड</strong> , निम्नलिखित प्रदान करें<strong> प्रदर्शन नाम</strong>:\n<ul>\n<li><strong> पहला नाम</strong> फ़ील्ड:<strong> पहला नाम</strong></li>\n<li><strong> अंतिम नाम</strong> फ़ील्ड:<strong> अंतिम</strong> <strong> नाम</strong></li>\n<li><strong> उपनाम</strong> फ़ील्ड:<strong> निक नाम</strong></li>\n<li><strong> फोन</strong> फ़ील्ड:<strong> फोन नंबर</strong></li>\n</ul>\n</li>\n<li> क्लिक करें<strong> पुन: उत्पन्न करें</strong>.</li>\n</ol>"
    },
    "navigationBar": {
      "left": {
        "text": " पिछला"
      },
      "right": {
        "text": " अगला"
      }
    }
  },
  "Card.VoltMX.CreateDetailsScreen_v9.UIchange3": {
    "content": {
      "title": " प्राप्तकर्ता विवरण स्क्रीन के लिए UI",
      "body": "<ol>\n<li> से<strong> परियोजना</strong> एक्सप्लोरर, विस्तृत करें&nbsp;<strong> उत्तरदायी वेब/डेस्कटॉप</strong> &gt;&nbsp;<strong> प्रपत्र</strong> &gt;<strong> frm विवरण</strong> &gt;<strong> flexFieldsContainer</strong> , और चुनें<strong> flexRecipientID</strong>.</li>\n<li> से<strong> गुण</strong> पैनल, पर नेविगेट करें<strong> देखो</strong> टैब।</li>\n<li> के तहत<strong> सामान्य</strong> अनुभाग, के लिए<strong> दर्शनीय</strong> फ़ील्ड, चुनें<strong> बंद</strong>.</li>\n</ol>"
    },
    "navigationBar": {
      "left": {
        "text": " पिछला"
      },
      "right": {
        "text": " अगला"
      }
    }
  }
}