{
  "Tour.CreateDetailsScreen_v9": {
    "description": "旅遊描述"
  },
  "Hike.VoltMX.CreateDetailsScreen_v9": {
    "description": "徒步說明"
  },
  "Card.VoltMX.CreateDetailsScreenWeb_v9.run": {
    "content": {
      "title": "運行應用程序",
      "body": "<ol>\n<li>從左側導航欄中，單擊<strong>運行</strong>.<br /> Iris 顯示需要一些時間<strong>實時預覽已準備就緒</strong>窗口。<br />虹膜預覽窗口啟動您的應用程序。</li>\n<li>在您的應用中輸入以下登錄憑據。<ul>\n<li>用戶名：<strong>john.doe@woodburn.com</strong></li>\n<li>密碼：<strong>VoltMX@123</strong></li>\n</ul>\n</li>\n<li>點擊<strong>登錄</strong>.<br />出現帳戶列表。</li>\n<li>點擊<strong>收件人</strong>選項卡。<br />出現收件人列表。</li>\n<li>從列表中選擇一個收件人以查看收件人的詳細信息。<br /> 從詳情頁面，您可以刪除收件人。<br />您將學習如何在下一次遠足中創建和編輯收件人。</li>\n<li>單擊屏幕頂部的註銷按鈕以導航到登錄屏幕。</li>\n</ol>"
    },
    "navigationBar": {
      "left": {
        "text": "上一個"
      },
      "right": {
        "text": "下一個"
      }
    }
  },
  "Card.VoltMX.CreateDetailsScreen_v9.backNav2": {
    "content": {
      "title": "實施返回賬戶表",
      "body": "<ol>\n<li>來自<strong>項目</strong>資源管理器，展開<strong>響應式網頁/桌面</strong>&gt;<strong>表格</strong>&gt;<strong>frmDetails</strong>&gt;<strong>flxRecipientDetails</strong>&gt;<strong>flxMenu</strong> ，然後選擇<strong>flxAccountTab</strong>.</li>\n<li>來自<strong>屬性</strong>面板，導航到<strong>行動</strong>選項卡。</li>\n<li>對於<strong>點擊</strong>事件，點擊<strong>編輯</strong>.<br /><strong>動作編輯器</strong>窗口出現。</li>\n</ol>"
    },
    "navigationBar": {
      "left": {
        "text": "上一個"
      },
      "right": {
        "text": "下一個"
      }
    }
  },
  "Card.VoltMX.CreateDetailsScreen_v9.backNav3": {
    "content": {
      "title": "實施返回賬戶表",
      "body": "<ol>\n<li>來自<strong>動作編輯器</strong>左側菜單，在<strong>一般</strong>部分，選擇<strong>導航到表單</strong>.</li>\n<li>從右側窗格<strong>動作編輯器</strong>，選擇<strong>frmAccount</strong>.</li>\n<li>點擊<strong>保存</strong>.</li>\n</ol>"
    },
    "navigationBar": {
      "left": {
        "text": "上一個"
      },
      "right": {
        "text": "下一個"
      }
    }
  },
  "Card.VoltMX.CreateDetailsScreen_v9.backNavigation": {
    "content": {
      "title": "實施回收件人表格",
      "body": "<ol>\n<li>來自<strong>項目</strong>資源管理器，展開<strong>響應式網頁/桌面</strong>&gt;<strong>表格</strong>&gt;<strong>frmDetails</strong>&gt;<strong>flxRecipientDetails</strong>&gt;<strong>flxToolbar</strong> ，然後選擇<strong>flxBack</strong>.</li>\n<li>來自<strong>屬性</strong>面板，導航到<strong>行動</strong>選項卡。</li>\n<li>對於<strong>點擊</strong>事件，點擊<strong>編輯</strong>.<br /><strong>動作編輯器</strong>窗口出現。</li>\n</ol>"
    },
    "navigationBar": {
      "left": {
        "text": "上一個"
      },
      "right": {
        "text": "下一個"
      }
    }
  },
  "Card.VoltMX.CreateDetailsScreen_v9.backNavigation1": {
    "content": {
      "title": "實施回收件人表格",
      "body": "<ol>\n<li>來自<strong>動作編輯器</strong>左側菜單，在<strong>一般</strong>部分，選擇<strong>導航到表單</strong>.</li>\n<li>從右側窗格<strong>動作編輯器</strong>，選擇<strong>frmRecipients</strong>.</li>\n<li>點擊<strong>保存</strong>.</li>\n</ol>"
    },
    "navigationBar": {
      "left": {
        "text": "上一個"
      },
      "right": {
        "text": "下一個"
      }
    }
  },
  "Card.VoltMX.CreateDetailsScreen_v9.createForm": {
    "content": {
      "title": "創建收件人詳細信息屏幕",
      "body": "<ol>\n<li>來自<strong>項目</strong>資源管理器，展開<strong>響應式網絡/桌面</strong>.</li>\n<li>右擊<strong>表格</strong> ，然後選擇<strong>新表格</strong>.</li>\n<li>重命名新表格<strong>frmDetails</strong>.</li>\n</ol>"
    },
    "navigationBar": {
      "left": {
        "text": "上一個"
      },
      "right": {
        "text": "下一個"
      }
    }
  },
  "Card.VoltMX.CreateDetailsScreen_v9.createUIDetails1": {
    "content": {
      "title": "收件人詳細信息屏幕的用戶界面",
      "body": "<ol>\n<li>來自<strong>數據&amp;服務</strong>面板，展開<strong>項目服務</strong>&gt;<strong>收件人存儲</strong>&gt;<strong>收件人</strong>.</li>\n<li>選擇<strong>得到</strong>操作並將其放在畫布上。<br /><strong>你想生成什麼？</strong>窗口出現。</li>\n</ol>"
    },
    "navigationBar": {
      "left": {
        "text": "上一個"
      },
      "right": {
        "text": "下一個"
      }
    }
  },
  "Card.VoltMX.CreateDetailsScreen_v9.createUIDetails2": {
    "content": {
      "title": "收件人詳細信息屏幕的用戶界面",
      "body": "<ol>\n<li>來自<strong>你想生成什麼？</strong>窗口，選擇<strong>使用響應的詳細信息</strong>.</li>\n<li>點擊<strong>好的</strong>.<br />出現一個新窗口，詢問您是否要從<strong>frmRecipients</strong>.</li>\n<li>點擊<strong>是</strong>.<br /> Iris 可能需要一些時間來加載參數和生成 UI。</li>\n</ol>"
    },
    "navigationBar": {
      "left": {
        "text": "上一個"
      },
      "right": {
        "text": "下一個"
      }
    }
  },
  "Card.VoltMX.CreateDetailsScreen_v9.deleteActions": {
    "content": {
      "title": "解除綁定數據",
      "body": "<ol>\n<li>來自<strong>項目</strong>資源管理器，展開<strong>響應式網頁/桌面</strong>&gt;<strong>表格</strong> ，然後選擇<strong>frmDetails</strong>.</li>\n<li>來自<strong>屬性</strong>面板，導航到<strong>行動</strong>標籤。</li>\n<li>對於<strong>onMapping</strong>事件，點擊<strong>編輯</strong>.<br /><strong>動作編輯器</strong>窗口出現。</li><li>從右上角<b>動作編輯器</b>窗口，選擇<b>設計視圖</b>.</li>\n</ol>"
    },
    "navigationBar": {
      "left": {
        "text": "上一個"
      },
      "right": {
        "text": "下一個"
      }
    }
  },
  "Card.VoltMX.CreateDetailsScreen_v9.deleteActions1": {
    "content": {
      "title": "解除綁定數據",
      "body": "<ol>\n<li>來自<strong>動作編輯器</strong>畫布，選擇<strong>調用服務：RecipientStorage$Recipients$get</strong>.</li>\n<li>從右側窗格<strong>動作編輯器</strong>，選擇<strong>更新過濾器查詢</strong>.<br /><strong>映射編輯器</strong>窗口出現。</li>\n<li>從右側窗格<strong>映射編輯器</strong>，展開<strong>服務</strong>&gt;<strong>Service-RecipientStorage$Recipients$get</strong>.</li>\n<li>從右側窗格<strong>映射編輯器</strong> ，右鍵單擊並選擇<strong>解除綁定</strong>對於以下元素：<ul>\n<li><strong>名字{字符串}</strong></li>\n<li><strong>姓氏{字符串}</strong></li>\n<li><strong>電話{字符串}</strong></li>\n</ul>\n</li>\n<li>點擊<strong>保存</strong>.</li>\n</ol>"
    },
    "navigationBar": {
      "left": {
        "text": "上一個"
      },
      "right": {
        "text": "下一個"
      }
    }
  },
  "Card.VoltMX.CreateDetailsScreen_v9.deleteFeature": {
    "content": {
      "title": "添加刪除功能",
      "body": "<ol>\n<li>來自<strong>項目</strong>資源管理器，展開<strong>響應式網絡/桌面</strong>&gt;<strong>表格</strong>&gt;<strong>frmDetails</strong>&gt;<strong>flexFieldsContainer</strong>&gt;<strong>flxButtons</strong> ，然後選擇<strong>btnDelete</strong>.</li>\n<li>來自<strong>數據&amp;服務</strong>面板，展開<strong>項目服務</strong>&gt;<strong>收件人存儲</strong>&gt;<strong>收件人</strong>.</li>\n<li>選擇<strong>刪除</strong>操作並將其放到<strong>刪除</strong>畫布上的按鈕。</li>\n<li>從出現的操作列表中，選擇<strong>動作：點擊</strong>.<br /><strong>動作編輯器</strong>窗口出現。</li>\n</ol>"
    },
    "navigationBar": {
      "left": {
        "text": "上一個"
      },
      "right": {
        "text": "下一個"
      }
    }
  },
  "Card.VoltMX.CreateDetailsScreen_v9.deleteFeature1": {
    "content": {
      "title": "添加刪除功能",
      "body": "<ol>\n<li>在<strong>動作編輯器</strong>窗口，從映射編輯器的左窗格中，展開<strong>表格</strong>&gt;<strong>frmDetails</strong>&gt;<strong>標籤-lblRecipientIDValue</strong> ，然後選擇<strong>文本{字符串}</strong>.</li>\n<li>從映射編輯器的右窗格中，展開<strong>服務</strong>&gt;<strong>RecipientStorage$Recipients$delete</strong> ，然後選擇<strong> RecipientID{number}</strong>.<br />出現警報。點擊<strong>好的。</strong></li>\n<li>從右上角<strong>動作編輯器</strong>窗口，選擇<strong>設計視圖</strong>.</li>\n</ol>"
    },
    "navigationBar": {
      "left": {
        "text": "上一個"
      },
      "right": {
        "text": "下一個"
      }
    }
  },
  "Card.VoltMX.CreateDetailsScreen_v9.deleteFeature2": {
    "content": {
      "title": "添加刪除功能",
      "body": "<ol>\n<li>來自<strong>動作編輯器</strong>畫布，選擇<strong>如果 Recipients.opstatus 等於 0</strong>.</li>\n<li>來自<strong>動作編輯器</strong>左菜單，下<strong>小工具</strong>，選擇<strong>設置小部件屬性</strong>.</li>\n<li>從映射編輯器中，展開<strong>桌面表格</strong>&gt;<strong>frmDetails</strong> ，然後選擇<strong>flexSuccess</strong>.</li>\n<li>從右側窗格<strong>動作編輯器</strong> ，修改以下字段：<ul>\n<li>屬性：<strong>可見</strong></li>\n<li>值：<strong>真</strong></li>\n</ul>\n</li></ol>"
    },
    "navigationBar": {
      "left": {
        "text": "上一個"
      },
      "right": {
        "text": "下一個"
      }
    }
  },
  "Card.VoltMX.CreateDetailsScreen_v9.deleteFeature3": {
    "content": {
      "title": "添加刪除功能",
      "body": "<ol>\n<li>來自<strong>動作編輯器</strong>左菜單，下<strong>功能</strong>，選擇<strong>添加代碼段</strong>.</li>\n<li>在右側窗格中<strong>動作編輯器</strong> ，輸入以下代碼：<br /><span style=\"background-color: #999999;\">self.view.forceLayout()；</span></li>\n<li>點擊<strong>保存</strong>.</li>\n</ol>"
    },
    "navigationBar": {
      "left": {
        "text": "上一個"
      },
      "right": {
        "text": "下一個"
      }
    }
  },
  "Card.VoltMX.CreateDetailsScreen_v9.done": {
    "content": {
      "title": " 恭喜",
      "body": "<p>你已經成功：</p>\n<ul>\n<li><strong>創建收件人詳細信息屏幕</strong></li>\n<li><strong>將收件人詳細信息 UI 映射到服務<br /></strong></li>\n<li><strong>實現了應用程序中所有其他表單的導航</strong></li>\n<li><strong>在收件人詳細信息表單中實現註銷<br /></strong></li>\n</ul>\n<p>有關創建收件人的更多信息，請查看下一次加息：<a class=\"tour-link\" tour=\"547395tb-d8ae-4fr9-b1ub-5033a6nb\"><strong> 7. 添加創建收件人</strong></a>.</p>"
    },
    "navigationBar": {
      "left": {
        "text": "上一個"
      },
      "right": {
        "text": "完成"
      }
    }
  },
  "Card.VoltMX.CreateDetailsScreen_v9.Intro": {
    "content": {
      "title": "創建收件人詳細信息",
      "body": "<p><strong>讓我們開始吧！</strong></p>\n<p>在這次徒步旅行中，您將學習如何：</p>\n<ul>\n<li>創建收件人詳細信息表單</li>\n<li>使用服務為創建收款人表單創建用戶界面</li>\n<li> 添加刪除收件人功能</li>\n</ul>\n<p>在開始之前，完成遠足：</p>\n<ol><b>\n<li><a class=\"tour-link\" tour=\"705a94tb-faa0-47r7-a1ud-31b3dbnf\">啟動你的響應式網絡應用</a></li><li><a class=\"tour-link\" tour=\"220f01t3-bda6-40r0-92uf-56631bnb\">從集合創建用戶界面</a></li><li><a class=\"tour-link\" tour=\"5e1da5td-37a0-44r6-beu6-374c3cn1\">向應用程序添加身份驗證</a></li>\n<li><a class=\"tour-link\" tour=\"a851b9t8-75a9-4ara-88ud-946004n9\">為 Web 應用程序創建服務</a></li><li><a class=\"tour-link\" tour=\"ca148ftd-07a9-4ard-98ud-6163d4nc\">將應用程序 UI 連接到 Web 應用程序中的數據</a></li></b>\n</ol>\n<p>確保您打開在之前的徒步旅行中創建的相同項目。</p>\n<p>要打開一個關閉的項目，從主菜單，導航到<strong>項目</strong>&gt;<strong>打開</strong>&gt;<strong>HCL 參考架構</strong>&gt;<strong>RecipientsWebApp</strong>.</p>\n<p><strong>準備好後，單擊開始！</strong></p>"
    },
    "navigationBar": {
      "left": {
        "text": "上一個"
      },
      "right": {
        "text": "開始"
      }
    }
  },
  "Card.VoltMX.CreateDetailsScreen_v9.logout": {
    "content": {
      "title": "實現註銷",
      "body": "<ol>\n<li>來自<strong>項目</strong>資源管理器，展開<strong>響應式網頁/桌面</strong>&gt;<strong>表格</strong>&gt;<strong>frmDetails</strong>&gt;<strong>flxRecipientDetails</strong>&gt;<strong>flxHeader</strong> ，然後選擇<strong>flxUserLogout</strong>.</li>\n<li>來自<strong>屬性</strong>面板，導航到<strong>行動</strong>選項卡。</li>\n<li>對於<strong>點擊</strong>事件，點擊<strong>編輯</strong>.<br /><strong>動作編輯器</strong>窗口出現。</li>\n<li>從右上角<strong>動作編輯器</strong>，選擇<strong>設計視圖</strong>.</li>\n</ol>"
    },
    "navigationBar": {
      "left": {
        "text": "上一個"
      },
      "right": {
        "text": "下一個"
      }
    }
  },
  "Card.VoltMX.CreateDetailsScreen_v9.logout1": {
    "content": {
      "title": "實現註銷",
      "body": "<ol>\n<li>來自<strong>動作編輯器</strong>左側菜單，在<strong>網絡</strong>部分，選擇<strong>調用服務</strong>.</li>\n<li>從右側窗格<strong>動作編輯器</strong> , 對於<strong>選擇服務</strong>下拉，選擇<strong>UserAuthentication$註銷</strong>.</li>\n<li>在<strong>動作編輯器</strong>畫布，選擇<strong>成功</strong>.</li>\n<li>來自<strong>動作編輯器</strong>左側菜單，在<strong>一般</strong>部分，選擇<strong>導航到表單</strong>.</li>\n<li>從右側窗格<strong>動作編輯器</strong>，選擇<strong>frmLogin</strong>.</li>\n<li>點擊<strong>保存</strong>.</li>\n</ol>"
    },
    "navigationBar": {
      "left": {
        "text": "上一個"
      },
      "right": {
        "text": "下一個"
      }
    }
  },
  "Card.VoltMX.CreateDetailsScreen_v9.PayeeDetailUi": {
    "content": {
      "title": "收件人詳細信息屏幕標題",
      "body": "<ol>\n<li>來自<strong>項目</strong>資源管理器，展開&nbsp;<strong>響應式網頁/桌面</strong>&gt;&nbsp;<strong>表格</strong> ，然後選擇<strong>frmDetails</strong>.</li>\n<li>從 Iris 畫布的左角，導航到<strong>默認庫</strong>然後單擊搜索圖標。</li>\n<li>在出現的搜索欄中，輸入<strong>收件人詳細信息</strong>.</li>\n<li>從結果來看，在<strong> RecipientsWeb</strong>集合，選擇<strong>收件人詳細信息</strong>.</li>\n</ol>"
    },
    "navigationBar": {
      "left": {
        "text": "上一個"
      },
      "right": {
        "text": "下一個"
      }
    }
  },
  "Card.VoltMX.CreateDetailsScreen_v9.PayeeDetailUi1": {
    "content": {
      "title": "收件人詳細信息屏幕標題",
      "body": "<ol>\n<li>拖動<strong>收件人詳細信息</strong>收集到<strong>frmDetails</strong>在畫布上。<br /><strong>已解決的衝突</strong>窗口出現。</li>\n<li>點擊<strong>關閉</strong>.</li>\n<li>來自<strong>項目</strong>資源管理器，導航到<strong>響應式網絡/桌面</strong>&gt;<strong>表格</strong>&gt;<strong>frmDetails</strong>&gt;<strong>flxRecipientDetails</strong> ，然後選擇<strong>flexSuccess</strong>.</li>\n<li>右鍵單擊並選擇<strong>非父級</strong>.</li>\n</ol>"
    },
    "navigationBar": {
      "left": {
        "text": "上一個"
      },
      "right": {
        "text": "下一個"
      }
    }
  },
  "Card.VoltMX.CreateDetailsScreen_v9.PayeeDetailUI2": {
    "content": {
      "title": "收件人刪除按鈕",
      "body": "<ol>\n<li>來自<strong>項目</strong>資源管理器，展開<strong>frmDetails</strong>&gt;<strong>flexFieldsContainer</strong>.</li>\n<li>從畫布的左下角，導航到<strong>默認庫</strong>.</li>\n<li> 旁邊<strong>默認庫</strong> , 你會<strong>我的圖書館</strong>選項卡和搜索圖標。<br />點擊搜索圖標。</li>\n<li>在出現的搜索欄中，輸入<strong>收件人按鈕</strong>.</li>\n<li>從結果來看，在<strong> RecipientsWeb</strong>，選擇<strong>收件人按鈕</strong>.</li>\n<li>拖動<strong>收件人按鈕</strong>收集到<strong>flexFieldsContainer</strong>在畫布上。</li>\n</ol>"
    },
    "navigationBar": {
      "left": {
        "text": "上一個"
      },
      "right": {
        "text": "下一個"
      }
    }
  },
  "Card.VoltMX.CreateDetailsScreen_v9.successAlert": {
    "content": {
      "title": "成功警報",
      "body": "<ol>\n<li>來自<strong>項目</strong>資源管理器，展開<strong>響應式網頁/桌面</strong>&gt;<strong>表格</strong>&gt;<strong>frmDetails</strong>&gt;<strong>flexSuccess</strong>&gt;<strong>flexSuccessAlert</strong> ，然後選擇<strong> btnDone</strong>.</li>\n<li>來自<strong>屬性</strong>面板，導航到<strong>行動</strong>選項卡。</li>\n<li>對於<strong>點擊</strong>事件，點擊<strong>編輯</strong>.<br /><strong>動作編輯器</strong>窗口出現。</li>\n</ol>"
    },
    "navigationBar": {
      "left": {
        "text": "上一個"
      },
      "right": {
        "text": "下一個"
      }
    }
  },
  "Card.VoltMX.CreateDetailsScreen_v9.successAlert1": {
    "content": {
      "title": "成功警報",
      "body": "<ol>\n<li>來自<strong>動作編輯器</strong>左側菜單，在<strong>小工具</strong>部分，選擇<strong>設置小部件屬性</strong>.<br />出現映射編輯器。</li>\n<li>從映射編輯器，導航到<strong>桌面表格</strong>&gt;<strong>frmDetails</strong> ，然後選擇<strong>flexSuccess</strong>.</li>\n<li>從右側窗格<strong>動作編輯器</strong> ，修改以下字段：<ul>\n<li>屬性：<strong>可見</strong></li>\n<li>值：<strong>假</strong></li>\n</ul>\n</li>\n</ol>"
    },
    "navigationBar": {
      "left": {
        "text": "上一個"
      },
      "right": {
        "text": "下一個"
      }
    }
  },
  "Card.VoltMX.CreateDetailsScreen_v9.successAlert2": {
    "content": {
      "title": "成功警報",
      "body": "<ol>\n<li>來自<strong>動作編輯器</strong>左側菜單，在<strong>功能</strong>部分，選擇<strong>添加代碼段</strong>.</li>\n<li>在右側窗格中<strong>動作編輯器</strong> ，輸入以下代碼：<br /><span style=\"background-color: #999999;\">self.view.forceLayout()；</span></li>\n<li>來自<strong>動作編輯器</strong>左側菜單，在<strong>一般</strong>部分，選擇<strong>導航到表單</strong>.</li>\n<li>從右側窗格<strong>動作編輯器</strong>，選擇<strong>frmRecipients</strong>.</li>\n<li>點擊<strong>保存</strong>.</li>\n</ol>"
    },
    "navigationBar": {
      "left": {
        "text": "上一個"
      },
      "right": {
        "text": "下一個"
      }
    }
  },
  "Card.VoltMX.CreateDetailsScreen_v9.UIchange": {
    "content": {
      "title": "用戶界面更改",
      "body": "<ol>\n<li>來自<strong>項目</strong>資源管理器，導航到&nbsp;<strong>響應式網絡/桌面</strong>&gt;&nbsp;<strong>表格</strong>&gt;&nbsp;<strong>frmDetails</strong>.</li>\n<li>右鍵刪除<strong>flexHeader</strong>.</li>\n<li>來自<strong>項目</strong>資源管理器，選擇<strong>flexFieldsContainer</strong>.</li>\n<li>來自<strong>屬性</strong>面板，導航到<strong>看</strong>選項卡。</li>\n</ol>"
    },
    "navigationBar": {
      "left": {
        "text": "上一個"
      },
      "right": {
        "text": "下一個"
      }
    }
  },
  "Card.VoltMX.CreateDetailsScreen_v9.UIchange1": {
    "content": {
      "title": "用戶界面更改",
      "body": "<ol>\n<li> 在<strong>彈性</strong> 部分，進行以下更改：<ul>\n<li>左：<strong>15.38%</strong></li>\n<li>頂部：<strong>22.33%</strong></li>\n<li>寬度：<strong>69.44%</strong></li>\n<li>身高：<strong>69.9%</strong></li>\n<li> Z 索引:<strong>2</strong></li>\n</ul>\n</li>\n<li> 在<strong>動態表格</strong>部分，用於<strong>字段</strong>，點擊<strong>定制</strong>.<br /><strong>配置細節</strong>窗口出現<strong>.</strong></li>\n</ol>"
    },
    "navigationBar": {
      "left": {
        "text": "上一個"
      },
      "right": {
        "text": "下一個"
      }
    }
  },
  "Card.VoltMX.CreateDetailsScreen_v9.UIchange2": {
    "content": {
      "title": "收件人詳細信息屏幕的 UI 更改",
      "body": "<ol>\n<li>在<strong>配置細節</strong>窗口，用於<strong>字段</strong>，提供以下<strong>顯示名稱</strong>:\n<ul>\n<li><strong>名字</strong>字段：<strong>名字</strong></li>\n<li><strong>姓氏</strong>字段：<strong>最後</strong> <strong>姓名</strong></li>\n<li><strong>暱稱</strong>字段：<strong>暱稱</strong></li>\n<li><strong>電話</strong>字段：<strong>電話號碼</strong></li>\n</ul>\n</li>\n<li>點擊<strong>再生</strong>.</li>\n</ol>"
    },
    "navigationBar": {
      "left": {
        "text": "上一個"
      },
      "right": {
        "text": "下一個"
      }
    }
  },
  "Card.VoltMX.CreateDetailsScreen_v9.UIchange3": {
    "content": {
      "title": "收件人詳細信息屏幕的用戶界面",
      "body": "<ol>\n<li>來自<strong>項目</strong>資源管理器，展開&nbsp;<strong>響應式網頁/桌面</strong>&gt;&nbsp;<strong>表格</strong>&gt;<strong>frmDetails</strong>&gt;<strong>flexFieldsContainer</strong> ，然後選擇<strong>flexRecipientID</strong>.</li>\n<li>來自<strong>屬性</strong>面板，導航到<strong>看</strong>選項卡。</li>\n<li> 在<strong>一般</strong>部分，用於<strong>可見</strong>字段，選擇<strong>關閉</strong>.</li>\n</ol>"
    },
    "navigationBar": {
      "left": {
        "text": "上一個"
      },
      "right": {
        "text": "下一個"
      }
    }
  }
}