<?xml version="1.0"?>
<Hike kuid="3eaaect4-64a3-42r6-87ub-141615n9" id="kony.UserRepositoryAuthV9" title="kony.UserRepositoryAuthV9">
    <Description> Description of hike</Description>
    <Meta>
        <Creator>Rashmi Menon</Creator>
        <Createdon>Wed, 27 Nov 2019 05:20:08 GMT</Createdon>
    </Meta>
    <Hikecard id="kony.UserRepositoryAuthV9.Intro"/>
    <Hikecard id="kony.UserRepositoryAuthV9.NewProject1"/>
    <Hikecard id="kony.UserRepositoryAuthV9.NewProject2"/>
    <Hikecard id="kony.UserRepositoryAuthV9.rename"/>
    <Hikecard id="kony.UserRepositoryAuthV9.NewUserRep"/>
    <Hikecard id="kony.UserRepositoryAuthV9.addUser"/>
    <Hikecard id="kony.UserRepositoryAuthV9.testLogin"/>
    <Hikecard id="kony.UserRepositoryAuthV9.loginUI"/>
    <Hikecard id="kony.UserRepositoryAuthV9.HomeForm"/>
    <Hikecard id="kony.UserRepositoryAuthV9.addUI"/>
    <Hikecard id="kony.UserRepositoryAuthV9.mapLogout"/>
    <Hikecard id="kony.UserRepositoryAuthV9.navigationToHome1"/>
    <Hikecard id="kony.UserRepositoryAuthV9.addNavtoHome"/>
    <Hikecard id="kony.UserRepositoryAuthV9.addNavtoLogin"/>
    <Hikecard id="kony.UserRepositoryAuthV9.addNavtoLogin1"/>
    <Hikecard id="kony.UserRepositoryAuthV9.settings"/>
    <Hikecard id="kony.UserRepositoryAuthV9.run"/>
    <Hikecard id="kony.UserRepositoryAuthV9.view"/>
    <Hikecard id="kony.UserRepositoryAuthV9.last"/>
</Hike>