{
    "kuid": "c3e77fte-f6a4-42r2-91u6-1ed100n1",
    "id": "kony.UserRepositoryAuthV9.mapLogout",
    "content": {
        "title": "Map Logout to Home",
        "body": "<ol>\n<li>Navigate to the <strong>Data &amp; Services</strong> panel on the top right of your canvas.</li>\n<li>Expand <strong>Project Services</strong> &gt; <strong>Identity</strong> &gt; <strong>employeeUserStore</strong>.</li>\n<li>Drag and drop the <strong>logout</strong> operation onto the <strong>frmHome</strong> form on your canvas.</li>\n<li>Navigate to the <strong>Project</strong> explorer &gt; <strong>Responsive Web /Desktop</strong> &gt; <strong>frmHome</strong> and select <strong>flexlogout</strong>.</li>\n<li>From the <strong>Properties</strong> panel on the top right of your canvas, select <strong>Look</strong>.</li>\n<li>Under <strong>Flex</strong>, modify the values of the following properties\n<ul>\n<li>Top:<strong>40%</strong></li>\n<li>Width: <strong>40%</strong></li>\n<li>CenterX: <strong>50%</strong></li>\n</ul>\n</li>\n</ol>"
    },
    "pointer": {
        "direction": "top",
        "element": {
            "module": "datapanel",
            "itemType": "dp_tab"
        },
        "type": "default"
    },
    "navigationType": "manual",
    "navigationBar": {
        "left": {
            "text": "Previous",
            "enable": true,
            "hide": false
        },
        "right": {
            "text": "Next",
            "enable": true,
            "hide": false
        }
    },
    "navigationCondition": "",
    "position": "BOTTOM_RIGHT",
    "meta": {
        "Creator": "Rashmi Menon",
        "CreatedOn": "Wed, 27 Nov 2019 07:07:41 GMT"
    },
    "context": []
}