{
    "kuid": "f5623at2-9dae-4dr8-90ud-9ac9a9nb",
    "id": "kony.CreateDetailsScreen_v9.createUIDetails1",
    "content": {
        "title": "UI for Recipients Details Screen",
        "body": "<ol>\n<li>From the <strong>Data &amp; Services </strong>panel, expand <strong>Project Services</strong> &gt; <strong>RecipientStorage</strong> &gt; <strong>Recipients</strong>.</li>\n<li>Select the <strong>get </strong>operation and drop it on the canvas.<br />The <strong>What would you like to generate? </strong>window appears.</li>\n</ol>"
    },
    "pointer": {
        "direction": "top",
        "element": {
            "module": "datapanel",
            "itemType": "dp_tab"
        },
        "type": "default"
    },
    "navigationType": "manual",
    "navigationBar": {
        "left": {
            "text": "Previous",
            "enable": true,
            "hide": false
        },
        "right": {
            "text": "Next",
            "enable": true,
            "hide": false
        }
    },
    "navigationCondition": "",
    "position": "BOTTOM_RIGHT",
    "meta": {
        "Creator": "Rashmi Menon",
        "CreatedOn": "Wed, 19 Feb 2020 11:24:55 GMT"
    },
    "context": []
}