{
  "Tour.ConnectAppUItoDataMob_v9": {
    "description": " Description of Tour"
  },
  "Hike.VoltMX.ConnectAppUItoDataMob_v9": {
    "description": " Description of hike"
  },
  "Card.VoltMX.ConnectAppUItoDataMob_v9.dismiss": {
    "content": {
      "title": "Dismiss Loading Indicator",
      "body": "<ol>\n<li>From the left menu of the <strong>Action Editor</strong>, under the <strong>Network</strong> section, select&nbsp;<strong>Loading Indicator</strong>.</li>\n<li>From the right pane of the Action Editor, for&nbsp;<strong>Loading Indicator</strong>, select&nbsp;<strong>Dismiss</strong>.</li>\n<li>Click&nbsp;<strong>Save</strong>.</li>\n</ol>"
    },
    "navigationBar": {
      "left": {
        "text": "Previous"
      },
      "right": {
        "text": "Next"
      }
    }
  },
  "Card.VoltMX.ConnectAppUItoDataMob_v9.done": {
    "content": {
      "title": "Congratulations",
      "body": "<p>You have successfully:</p>\n<ul>\n<li><strong>Integrated Services with the UI elements of the form</strong> </li>\n</ul>\n<p>To learn how to create the Recipient details and add the functionality to delete a recipient, check out the next hike: </p><a class=\"tour-link\" tour=\"db7f07t9-c0a5-4erb-89u0-fab1ean8\"><b>6. Create Recipient Details</b></a>."
    },
    "navigationBar": {
      "left": {
        "text": "Previous"
      },
      "right": {
        "text": "Done"
      }
    }
  },
  "Card.VoltMX.ConnectAppUItoDataMob_v9.intro": {
    "content": {
      "title": "Connect App UI to Services",
      "body": "<p>In this hike, we will:</p>\n<ul>\n<li>Connect the UI elements of Accounts and Recipients form with the services</li>\n</ul>\n<p>Before you get started, complete the hike:</p>\n<ol><b>\n<li><a class=\"tour-link\" tour=\"7408efte-e2aa-4cr8-a9ub-d7ba36n8\">Launch your First Mobile App</a></li><li><a class=\"tour-link\" tour=\"a617eft5-7ca8-4ard-8eu8-94cdean5\">Create UI from Collections</a></li><li><a class=\"tour-link\" tour=\"15d8c7t4-cda7-40rb-afu7-345cfcnc\">Add Authentication to the App</a></li>\n<li><a class=\"tour-link\" tour=\"a7a762t5-3eac-44r5-8bu2-89b781n1\">Creating Services for a Native App</a> </li></b>\n</ol>\n<p>Ensure that you open the same project that you have created in the previous hikes.</p>\n<p>To open a closed project, from the main menu navigate to&nbsp;<strong>Project</strong>&nbsp;&gt;&nbsp;<strong>Open</strong>&nbsp;&gt;&nbsp;<strong>HCL Reference Architecture</strong>&nbsp;&gt;&nbsp;<strong>RecipientsMobApp</strong>. </p><br/>\n<p><strong>When you are ready, click Start!</strong></p>"
    },
    "navigationBar": {
      "left": {
        "text": "Previous"
      },
      "right": {
        "text": "Start"
      }
    }
  },
  "Card.VoltMX.ConnectAppUItoDataMob_v9.launch": {
    "content": {
      "title": "View the App",
      "body": "<ol>\n<li>Enter the following login credentials in your app:\n<ul>\n<li>Username:&nbsp;<strong>john.doe@woodburn.com</strong></li>\n<li>Password:&nbsp;<strong>VoltMX@123</strong></li>\n</ul>\n</li>\n<li>Click&nbsp;<strong>Login&nbsp;</strong>to view the list of the accounts.</li>\n<li>Click&nbsp;<strong>Recipients</strong> to view the list of recipients.</li>\n<li>To exit the app on your&nbsp;<strong>mobile </strong>device, swipe two fingers from left to right or shake your&nbsp;<strong>mobile </strong>device and click&nbsp;<strong>Exit App</strong>.</li>\n</ol>"
    },
    "navigationBar": {
      "left": {
        "text": "Previous"
      },
      "right": {
        "text": "Next"
      }
    }
  },
  "Card.VoltMX.ConnectAppUItoDataMob_v9.mapping": {
    "content": {
      "title": "Add Mapping Action",
      "body": "<ol>\n<li>From the <strong>Action Editor</strong> canvas, under <strong>Invoke Service</strong>, select <strong>Callback</strong>.</li>\n<li>From the left menu of the <strong>Action Editor</strong>, under <strong>Mapping</strong>, select <strong>Add Mapping</strong>.<br />The <strong>Mapping Editor</strong> window appears.</li>\n<li>From the left pane of the <strong>Mapping Editor</strong>, expand <strong>Services</strong> &gt; <strong>Service-AccountStorage$Accounts$get</strong> and select <strong>records{collection}</strong>.</li>\n<li>From the right pane of the <strong>Mapping Editor</strong>, expand <strong>Forms</strong> &gt; <strong>frmAccount</strong> &gt; <strong>Segment-segAccount</strong> &gt; <strong>masterdatamap</strong> and select <strong>rowData{collection}</strong>.</li>\n</ol>"
    },
    "navigationBar": {
      "left": {
        "text": "Previous"
      },
      "right": {
        "text": "Next"
      }
    }
  },
  "Card.VoltMX.ConnectAppUItoDataMob_v9.mapping1": {
    "content": {
      "title": "Add Mapping to UI Elements",
      "body": "<ol>\n<li>From the left pane of the mapping editor expand <strong>records{collection}.</strong><br/>From the right pane of the mapping editor expand <strong>rowData{collection}.</strong></li>\n<li>Map the following elements in the Mapping Editor from the left pane to the right pane.\n<ul>\n<li>From the left pane of the Mapping Editor, select <strong>AccountName{string}</strong>.<br /> From the right pane of the Mapping Editor, expand <strong>Label-lblAccName</strong> and select <strong>text{string}</strong>.</li>\n<li>From the left pane of the Mapping Editor, select <strong>Balance{string}</strong>.<br /> From the right pane of the Mapping Editor, expand <strong>Label-lblBalance</strong> and select <strong>text{string}</strong>.</li>\n</ul>\n</li>\n</ol>"
    },
    "navigationBar": {
      "left": {
        "text": "Previous"
      },
      "right": {
        "text": "Next"
      }
    }
  },
  "Card.VoltMX.ConnectAppUItoDataMob_v9.mappingUI": {
    "content": {
      "title": "Mapping Services to UI Elements",
      "body": "<p>Map the following elements in the Mapping Editor from the left pane to the right pane.</p>\n<ul>\n<li>From the left pane of the Mapping Editor, select <strong>RecipientID{number}</strong>.<br />From the right pane of the Mapping Editor, expand <strong>Label-lblPayeeID</strong> and select <strong>text{string}</strong>.</li>\n<li>From the left pane of the Mapping Editor, select <strong>FirstName{string}</strong>.<br />From the right pane of the Mapping Editor, expand <strong>Label-lblFirstName</strong> and <strong>select text{string}</strong>.</li>\n</ul>"
    },
    "navigationBar": {
      "left": {
        "text": "Previous"
      },
      "right": {
        "text": "Next"
      }
    }
  },
  "Card.VoltMX.ConnectAppUItoDataMob_v9.mappingUI1": {
    "content": {
      "title": "Mapping Services to UI Elements",
      "body": "<ul>\n<li>From the left pane of the Mapping Editor, select <strong>LastName{string}</strong>.<br />From the right pane of the Mapping Editor, expand <strong>Label-lblLastName</strong> and select <strong>text{string}</strong>.</li>\n<li>From the left pane of the Mapping Editor, select <strong>Phone{string}</strong>.<br />From the right pane of the Mapping Editor, expand <strong>Label-lblPhoneNumber</strong> and select <strong>text{string}</strong>.</li>\n</ul>"
    },
    "navigationBar": {
      "left": {
        "text": "Previous"
      },
      "right": {
        "text": "Next"
      }
    }
  },
  "Card.VoltMX.ConnectAppUItoDataMob_v9.nav": {
    "content": {
      "title": "Navigation from Recipients List",
      "body": "<ol>\n<li>From the <strong>Project explorer</strong>, expand <strong>frmRecipients</strong> &gt; <strong>flexRecipientList</strong> &gt; <strong>flexHeader,</strong> and select <strong>headerButtonLeft</strong>.</li>\n<li>From the <strong>Properties</strong> panel, navigate to the <strong>Action </strong>tab.</li>\n<li>For the <strong>onClick</strong> event, click <strong>Edit</strong>. <br />The <strong>Action Editor</strong> window appears.</li>\n</ol>"
    },
    "navigationBar": {
      "left": {
        "text": "Previous"
      },
      "right": {
        "text": "Next"
      }
    }
  },
  "Card.VoltMX.ConnectAppUItoDataMob_v9.nav1": {
    "content": {
      "title": "Navigation from Recipients List Screen",
      "body": "<ol>\n<li>From the <strong>Action Editor</strong> left menu, under the <strong>General</strong> section, select <strong>Navigate to Form</strong>.</li>\n<li>From the right pane, select <strong>frmAccount</strong>.</li>\n<li>Click <strong>Save</strong>.</li>\n</ol>"
    },
    "navigationBar": {
      "left": {
        "text": "Previous"
      },
      "right": {
        "text": "Next"
      }
    }
  },
  "Card.VoltMX.ConnectAppUItoDataMob_v9.openApp": {
    "content": {
      "title": "Volt MX App",
      "body": "<ol>\n<li>Connect your mobile device to your computer using a USB cable.<br /> For Android mobile devices, ensure that the use of USB is set as <strong>Transfer files</strong>.<br /> For iOS mobile devices, ensure that <strong>trust</strong> has been established between your device and your computer.</li>\n<li>Launch the <strong>Volt MX App</strong> on your mobile device.</li>\n<li>Select the <strong>USB</strong> tab.\n<br/>On a successful connection, <strong>Iris</strong> on your computer shows a success prompt.</li>\n</ol>"
    },
    "navigationBar": {
      "left": {
        "text": "Previous"
      },
      "right": {
        "text": "Next"
      }
    }
  },
  "Card.VoltMX.ConnectAppUItoDataMob_v9.preShow1": {
    "content": {
      "title": "Invoke Service Action",
      "body": "<ol>\n<li>From the left menu of the&nbsp;<strong>Action Editor</strong>, under the <strong>Network</strong> section, select&nbsp;<strong>Loading Indicator</strong>.</li>\n<li>From the left menu of the&nbsp;<strong>Action Editor</strong>, under the <strong>Network</strong> section, select&nbsp;<strong>Invoke Service</strong>.</li>\n<li>From the right pane of the&nbsp;<strong>Action Editor</strong>, for the <strong>Select Service</strong>, from the drop-down list, select&nbsp;<strong>AccountStorage$Accounts</strong>.</li>\n<li>For the <strong>Select Method</strong>, from the drop-down list, select&nbsp;<strong>get</strong>.</li>\n</ol>"
    },
    "navigationBar": {
      "left": {
        "text": "Previous"
      },
      "right": {
        "text": "Next"
      }
    }
  },
  "Card.VoltMX.ConnectAppUItoDataMob_v9.recipients": {
    "content": {
      "title": "Adding Service to Recipients Form",
      "body": "<ol>\n<li>From the&nbsp;<strong>Project </strong>explorer, navigate to&nbsp;<strong>Mobile</strong>&nbsp;&gt;&nbsp;<strong>Forms</strong>, and select&nbsp;<strong>frmRecipients</strong>.</li>\n<li>From the top-right corner of Iris, navigate to the <strong>Properties&nbsp;</strong>panel and select the <strong>Action </strong>tab.</li>\n<li>Under the <strong>General&nbsp;</strong>section, for the <strong>preShow </strong>event, click <strong>Edit</strong>.<br /> The <strong>Action Editor</strong> window appears.</li><li>From the top-right corner of the <b>Action Editor</b> window, select the <strong>Design View</strong>.</li>\n\n</ol>"
    },
    "navigationBar": {
      "left": {
        "text": "Previous"
      },
      "right": {
        "text": "Next"
      }
    }
  },
  "Card.VoltMX.ConnectAppUItoDataMob_v9.recipients1": {
    "content": {
      "title": "Invoke Service Action",
      "body": "<ol>\n<li>From the left menu of the&nbsp;<strong>Action Editor</strong>, under the <strong>Network</strong> section, select&nbsp;<strong>Loading Indicator</strong>.</li>\n<li>From the left menu of the&nbsp;<strong>Action Editor</strong>, under the <strong>Network</strong> section, select&nbsp;<strong>Invoke Service</strong>.</li>\n<li>From the right pane of the&nbsp;<strong>Action Editor</strong>, for the <strong>Select Service</strong>, from the drop-down list, select&nbsp;<strong>RecipientStorage$Recipients</strong>.</li>\n<li>For the <strong>Select Method</strong>, from the drop-down list, select&nbsp;<strong>get</strong>.</li>\n</ol>"
    },
    "navigationBar": {
      "left": {
        "text": "Previous"
      },
      "right": {
        "text": "Next"
      }
    }
  },
  "Card.VoltMX.ConnectAppUItoDataMob_v9.run": {
    "content": {
      "title": "Run the App",
      "body": "<ol>\n<li>From the left Navigation bar, click&nbsp;<strong>Run</strong>.<br /> It will take some time for Iris to display the&nbsp;<strong>Live Preview is ready</strong></li>\n<li>After Iris runs the app, on your <strong>Volt MX App</strong>, click&nbsp;<strong>Launch</strong>.</li>\n<li>You may see an&nbsp;<strong>Application Name&nbsp;</strong>text box. If there is a text box, enter&nbsp;<strong>RecipientsMobApp</strong>, and then click&nbsp;<strong>Launch</strong>.</li>\n</ol>"
    },
    "navigationBar": {
      "left": {
        "text": "Previous"
      },
      "right": {
        "text": "Next"
      }
    }
  },
  "Card.VoltMX.ConnectAppUItoDataMob_v9.service1": {
    "content": {
      "title": "Invoke Service Action",
      "body": "<ol>\n<li>From the <strong>Action Editor</strong> canvas, under <strong>Invoke Service</strong>, select <strong>Callback</strong>.</li>\n<li>From the left menu of the <strong>Action Editor</strong>, under the <strong>Mapping</strong> section, select <strong>Add Mapping</strong>.\n<br/>The <strong>Mapping Editor</strong> window appears.</li>\n<li>From the left pane of the <strong>Mapping Editor</strong>, expand <strong>Services</strong> &gt; <strong>Service- RecipientStorage$Recipients$get</strong> and select <strong>records{collection}</strong>.</li>\n<li>From the right pane of the <strong>Mapping Editor</strong>, expand <strong>Forms</strong> &gt; <strong>frmRecipient</strong> &gt; <strong>Segment-Recipients</strong> &gt; <strong>masterdatamap</strong> and select <strong>rowData{collection}</strong>.</li>\n<li>Expand <b>records{collection}</b> in the left pane and <b>rowData{collection}</b> in the right pane.</li>\n</ol>"
    },
    "navigationBar": {
      "left": {
        "text": "Previous"
      },
      "right": {
        "text": "Next"
      }
    }
  },
  "Card.VoltMX.ConnectAppUItoDataMob_v9.static": {
    "content": {
      "title": "Add a Static Expression",
      "body": "<ol>\n<li>From the right pane of the&nbsp;<strong>Mapping Editor</strong>, expand&nbsp;<strong>Label-lblLine&nbsp;</strong>and right-click on&nbsp;<strong>text{string}</strong>and select&nbsp;<strong>Add Expression</strong>.</li>\n<li>In the box that appears, add the following expression:<br /> <span style=\"background-color: #999999;\"><strong>\"\"</strong></span><br /> Click anywhere outside the box to close it.</li>\n<li>From the left menu of the&nbsp;<strong>Action Editor</strong>, under the <strong>Network </strong>section, select&nbsp;<strong>Loading Indicator</strong>.</li>\n<li>From the right pane of the Action Editor, for&nbsp;<strong>Loading Indicator</strong>, select&nbsp;<strong>Dismiss</strong>.</li>\n<li>Click&nbsp;<strong>Save</strong>.</li>\n</ol>"
    },
    "navigationBar": {
      "left": {
        "text": "Previous"
      },
      "right": {
        "text": "Next"
      }
    }
  },
  "Card.VoltMX.ConnectAppUItoDataMob_v9_preshow": {
    "content": {
      "title": "preShow Event for Accounts Form",
      "body": "<ol>\n<li>From the <strong>Project </strong> explorer, navigate to<strong> Mobile</strong> > <strong>Forms</strong> and select <strong>frmAccount</strong>.</li>\n<li>From the top-right corner of the Iris, navigate to the <strong>Properties </strong>panel and select the <strong>Action</strong> tab.</li>\n<li>Under the <strong>General </strong>section, for the <strong>preShow</strong> event, click <strong>Edit</strong>.<br /> The <strong>Action Editor </strong>window appears.</li><li>From the top-right corner of the <b>Action Editor</b> window, select the <strong>Design View</strong>.</li>\n</ol>"
    },
    "navigationBar": {
      "left": {
        "text": "Previous"
      },
      "right": {
        "text": "Next"
      }
    }
  }
}