{
  "Tour.ConnectAppUItoDataMob_v9": {
    "description": " यात्रा का विवरण"
  },
  "Hike.VoltMX.ConnectAppUItoDataMob_v9": {
    "description": " वृद्धि का विवरण"
  },
  "Card.VoltMX.ConnectAppUItoDataMob_v9.dismiss": {
    "content": {
      "title": " लोडिंग इंडिकेटर को खारिज करें",
      "body": "<ol>\n<li> के बाएं मेनू से<strong> एक्शन एडिटर</strong> , के तहत<strong> नेटवर्क</strong> अनुभाग, चुनें&nbsp;<strong> संकेतक लोड हो रहा है</strong>.</li>\n<li> एक्शन एडिटर के दाएँ फलक से, के लिए&nbsp;<strong> संकेतक लोड हो रहा है</strong> , चुनें&nbsp;<strong> खारिज करें</strong>.</li>\n<li> क्लिक करें&nbsp;<strong> सहेजें</strong>.</li>\n</ol>"
    },
    "navigationBar": {
      "left": {
        "text": " पिछला"
      },
      "right": {
        "text": " अगला"
      }
    }
  },
  "Card.VoltMX.ConnectAppUItoDataMob_v9.done": {
    "content": {
      "title": " बधाई",
      "body": "<p> आपने सफलतापूर्वक:</p>\n<ul>\n<li><strong> प्रपत्र के UI तत्वों के साथ एकीकृत सेवाएं</strong> </li>\n</ul>\n<p> प्राप्तकर्ता विवरण बनाने और प्राप्तकर्ता को हटाने के लिए कार्यक्षमता जोड़ने का तरीका जानने के लिए, अगली वृद्धि देखें:</p><a class=\"tour-link\" tour=\"db7f07t9-c0a5-4erb-89u0-fab1ean8\"><b> 6. प्राप्तकर्ता विवरण बनाएं</b></a> ."
    },
    "navigationBar": {
      "left": {
        "text": " पिछला"
      },
      "right": {
        "text": " हो गया"
      }
    }
  },
  "Card.VoltMX.ConnectAppUItoDataMob_v9.intro": {
    "content": {
      "title": " ऐप UI को सेवाओं से कनेक्ट करें",
      "body": "<p> इस वृद्धि में, हम करेंगे:</p>\n<ul>\n<li> सेवाओं के साथ खातों और प्राप्तकर्ता प्रपत्र के UI तत्वों को कनेक्ट करें</li>\n</ul>\n<p> आरंभ करने से पहले, वृद्धि पूरी करें:</p>\n<ol><b>\n<li><a class=\"tour-link\" tour=\"7408efte-e2aa-4cr8-a9ub-d7ba36n8\"> अपना पहला मोबाइल ऐप लॉन्च करें</a></li><li><a class=\"tour-link\" tour=\"a617eft5-7ca8-4ard-8eu8-94cdean5\"> संग्रह से UI बनाएं</a></li><li><a class=\"tour-link\" tour=\"15d8c7t4-cda7-40rb-afu7-345cfcnc\"> ऐप में प्रमाणीकरण जोड़ें</a></li>\n<li><a class=\"tour-link\" tour=\"a7a762t5-3eac-44r5-8bu2-89b781n1\"> एक नेटिव ऐप के लिए सेवाएं बनाना</a> </li></b>\n</ol>\n<p> सुनिश्चित करें कि आपने वही प्रोजेक्ट खोला है जिसे आपने पिछली हाइक में बनाया था।</p>\n<p> एक बंद प्रोजेक्ट खोलने के लिए, मुख्य मेनू से नेविगेट करें&nbsp;<strong> परियोजना</strong> &nbsp;&gt;&nbsp;<strong> खुला</strong> &nbsp;&gt;&nbsp;<strong> एचसीएल संदर्भ वास्तुकला</strong> &nbsp;&gt;&nbsp;<strong> प्राप्तकर्ताMobApp</strong>. </p><br/>\n<p><strong> जब आप तैयार हों, तो स्टार्ट पर क्लिक करें!</strong></p>"
    },
    "navigationBar": {
      "left": {
        "text": " पिछला"
      },
      "right": {
        "text": " प्रारंभ"
      }
    }
  },
  "Card.VoltMX.ConnectAppUItoDataMob_v9.launch": {
    "content": {
      "title": " ऐप देखें",
      "body": "<ol>\n<li> अपने ऐप में निम्नलिखित लॉगिन क्रेडेंशियल दर्ज करें:<ul>\n<li> उपयोगकर्ता नाम:&nbsp;<strong> john.doe@woodburn.com</strong></li>\n<li> पासवर्ड:&nbsp;<strong> वोल्टएमएक्स@123</strong></li>\n</ul>\n</li>\n<li> क्लिक करें&nbsp;<strong> लॉगिन&nbsp;</strong> खातों की सूची देखने के लिए।</li>\n<li> क्लिक करें&nbsp;<strong> प्राप्तकर्ता</strong> प्राप्तकर्ताओं की सूची देखने के लिए।</li>\n<li> ऐप से बाहर निकलने के लिए अपने&nbsp;<strong> मोबाइल</strong> डिवाइस, दो अंगुलियों को बाएं से दाएं स्वाइप करें या अपनी&nbsp;<strong> मोबाइल</strong> डिवाइस और क्लिक करें&nbsp;<strong> ऐप से बाहर निकलें</strong>.</li>\n</ol>"
    },
    "navigationBar": {
      "left": {
        "text": " पिछला"
      },
      "right": {
        "text": " अगला"
      }
    }
  },
  "Card.VoltMX.ConnectAppUItoDataMob_v9.mapping": {
    "content": {
      "title": " मैपिंग क्रिया जोड़ें",
      "body": "<ol>\n<li> से<strong> एक्शन एडिटर</strong> कैनवास, अंडर<strong> सेवा का आह्वान करें</strong> , चुनें<strong> कॉलबैक</strong>.</li>\n<li> के बाएं मेनू से<strong> एक्शन एडिटर</strong> , के तहत<strong> मैपिंग</strong> , चुनें<strong> मैपिंग जोड़ें</strong>.<br /> The<strong> मानचित्रण संपादक</strong> विंडो प्रकट होती है।</li>\n<li> के बाएँ फलक से<strong> मानचित्रण संपादक</strong> , विस्तृत करें<strong> सेवाएं</strong> &gt;<strong> सेवा-खाता संग्रहण$खाता$प्राप्त</strong> और चुनें<strong> रिकॉर्ड {संग्रह}</strong>.</li>\n<li> के दाएँ फलक से<strong> मानचित्रण संपादक</strong> , विस्तृत करें<strong> प्रपत्र</strong> &gt;<strong> frmखाता</strong> &gt;<strong> सेगमेंट-सेगखाता</strong> &gt;<strong> मास्टरडेटामैप</strong> और चुनें<strong> पंक्ति डेटा {संग्रह}</strong>.</li>\n</ol>"
    },
    "navigationBar": {
      "left": {
        "text": " पिछला"
      },
      "right": {
        "text": " अगला"
      }
    }
  },
  "Card.VoltMX.ConnectAppUItoDataMob_v9.mapping1": {
    "content": {
      "title": " UI तत्वों में मैपिंग जोड़ें",
      "body": "<ol>\n<li> मैपिंग संपादक के बाएँ फलक से विस्तृत करें<strong> रिकॉर्ड {संग्रह}।</strong><br/> मैपिंग संपादक के दाएँ फलक से विस्तृत करें<strong> पंक्ति डेटा {संग्रह}।</strong></li>\n<li> मैपिंग एडिटर में बाएँ फलक से दाएँ फलक में निम्नलिखित तत्वों को मैप करें।<ul>\n<li> मैपिंग संपादक के बाएँ फलक से, चुनें<strong> खाता नाम {स्ट्रिंग}</strong>.<br /> मैपिंग संपादक के दाएँ फलक से, विस्तृत करें<strong> लेबल-lblAccName</strong> और चुनें<strong> पाठ {स्ट्रिंग}</strong>.</li>\n<li> मैपिंग संपादक के बाएँ फलक से, चुनें<strong> बैलेंस {स्ट्रिंग}</strong>.<br /> मैपिंग संपादक के दाएँ फलक से, विस्तृत करें<strong> लेबल-एलबीएलबैलेंस</strong> और चुनें<strong> पाठ {स्ट्रिंग}</strong>.</li>\n</ul>\n</li>\n</ol>"
    },
    "navigationBar": {
      "left": {
        "text": " पिछला"
      },
      "right": {
        "text": " अगला"
      }
    }
  },
  "Card.VoltMX.ConnectAppUItoDataMob_v9.mappingUI": {
    "content": {
      "title": " UI तत्वों के लिए सेवाओं का मानचित्रण",
      "body": "<p> मानचित्रण संपादक में बाएँ फलक से दाएँ फलक में निम्नलिखित तत्वों को मैप करें।</p>\n<ul>\n<li> मैपिंग संपादक के बाएँ फलक से, चुनें<strong> प्राप्तकर्ता आईडी {संख्या}</strong>.<br /> मैपिंग संपादक के दाएँ फलक से, विस्तृत करें<strong> लेबल-lblPayeeID</strong> और चुनें<strong> पाठ {स्ट्रिंग}</strong>.</li>\n<li> मैपिंग संपादक के बाएँ फलक से, चुनें<strong> पहला नाम {स्ट्रिंग}</strong>.<br /> मैपिंग संपादक के दाएँ फलक से, विस्तृत करें<strong> लेबल-lblFirstName</strong> और<strong> टेक्स्ट चुनें {स्ट्रिंग}</strong>.</li>\n</ul>"
    },
    "navigationBar": {
      "left": {
        "text": " पिछला"
      },
      "right": {
        "text": " अगला"
      }
    }
  },
  "Card.VoltMX.ConnectAppUItoDataMob_v9.mappingUI1": {
    "content": {
      "title": " UI तत्वों के लिए सेवाओं का मानचित्रण",
      "body": "<ul>\n<li> मैपिंग संपादक के बाएँ फलक से, चुनें<strong> अंतिम नाम {स्ट्रिंग}</strong>.<br /> मैपिंग संपादक के दाएँ फलक से, विस्तृत करें<strong> लेबल-lblLastName</strong> और चुनें<strong> पाठ {स्ट्रिंग}</strong>.</li>\n<li> मैपिंग संपादक के बाएँ फलक से, चुनें<strong> फ़ोन {स्ट्रिंग}</strong>.<br /> मैपिंग संपादक के दाएँ फलक से, विस्तृत करें<strong> लेबल-एलबीएलफोन नंबर</strong> और चुनें<strong> पाठ {स्ट्रिंग}</strong>.</li>\n</ul>"
    },
    "navigationBar": {
      "left": {
        "text": " पिछला"
      },
      "right": {
        "text": " अगला"
      }
    }
  },
  "Card.VoltMX.ConnectAppUItoDataMob_v9.nav": {
    "content": {
      "title": " प्राप्तकर्ताओं की सूची से नेविगेशन",
      "body": "<ol>\n<li> से<strong> प्रोजेक्ट एक्सप्लोरर</strong> , विस्तृत करें<strong> frmप्राप्तकर्ता</strong> &gt;<strong> flexRecipientList</strong> &gt;<strong> फ्लेक्सहेडर,</strong> और चुनें<strong> हैडरबटनबाएं</strong>.</li>\n<li> से<strong> गुण</strong> पैनल, पर नेविगेट करें<strong> क्रिया</strong> टैब।</li>\n<li> के लिए<strong> ऑनक्लिक</strong> घटना, क्लिक करें<strong> संपादित करें</strong>. <br /> The<strong> एक्शन एडिटर</strong> विंडो प्रकट होती है।</li>\n</ol>"
    },
    "navigationBar": {
      "left": {
        "text": " पिछला"
      },
      "right": {
        "text": " अगला"
      }
    }
  },
  "Card.VoltMX.ConnectAppUItoDataMob_v9.nav1": {
    "content": {
      "title": " प्राप्तकर्ता सूची स्क्रीन से नेविगेशन",
      "body": "<ol>\n<li> से<strong> एक्शन एडिटर</strong> बाएँ मेनू, के अंतर्गत<strong> सामान्य</strong> अनुभाग, चुनें<strong> फॉर्म पर नेविगेट करें</strong>.</li>\n<li> दाएँ फलक से, चुनें<strong> frmखाता</strong>.</li>\n<li> क्लिक करें<strong> सहेजें</strong>.</li>\n</ol>"
    },
    "navigationBar": {
      "left": {
        "text": " पिछला"
      },
      "right": {
        "text": " अगला"
      }
    }
  },
  "Card.VoltMX.ConnectAppUItoDataMob_v9.openApp": {
    "content": {
      "title": " वोल्ट एमएक्स ऐप",
      "body": "<ol>\n<li> USB केबल का उपयोग करके अपने मोबाइल डिवाइस को अपने कंप्यूटर से कनेक्ट करें।<br /> Android मोबाइल उपकरणों के लिए, सुनिश्चित करें कि USB का उपयोग इस प्रकार सेट है<strong> फ़ाइलें स्थानांतरित करें</strong>.<br /> आईओएस मोबाइल उपकरणों के लिए, सुनिश्चित करें कि<strong> विश्वास</strong> आपके डिवाइस और आपके कंप्यूटर के बीच स्थापित किया गया है।</li>\n<li> लॉन्च करें<strong> वोल्ट एमएक्स ऐप</strong> आपके मोबाइल डिवाइस पर।</li>\n<li> चुनें<strong> यूएसबी</strong> टैब।<br/> एक सफल कनेक्शन पर,<strong> आइरिस</strong> आपके कंप्यूटर पर एक सफलता संकेत दिखाता है।</li>\n</ol>"
    },
    "navigationBar": {
      "left": {
        "text": " पिछला"
      },
      "right": {
        "text": " अगला"
      }
    }
  },
  "Card.VoltMX.ConnectAppUItoDataMob_v9.preShow1": {
    "content": {
      "title": " सेवा कार्रवाई का आह्वान करें",
      "body": "<ol>\n<li> के बाएँ मेनू से&nbsp;<strong> एक्शन एडिटर</strong> , के तहत<strong> नेटवर्क</strong> अनुभाग, चुनें&nbsp;<strong> संकेतक लोड हो रहा है</strong>.</li>\n<li> के बाएँ मेनू से&nbsp;<strong> एक्शन एडिटर</strong> , के तहत<strong> नेटवर्क</strong> अनुभाग, चुनें&nbsp;<strong> सेवा का आह्वान करें</strong>.</li>\n<li> के दाएँ फलक से&nbsp;<strong> एक्शन एडिटर</strong> , के लिए<strong> सेवा का चयन करें</strong> , ड्रॉप-डाउन सूची से, &nbsp चुनें;<strong> AccountStorage$Accounts</strong>.</li>\n<li> के लिए<strong> विधि का चयन करें</strong> , ड्रॉप-डाउन सूची से, &nbsp चुनें;<strong> प्राप्त करें</strong>.</li>\n</ol>"
    },
    "navigationBar": {
      "left": {
        "text": " पिछला"
      },
      "right": {
        "text": " अगला"
      }
    }
  },
  "Card.VoltMX.ConnectAppUItoDataMob_v9.recipients": {
    "content": {
      "title": " प्राप्तकर्ता प्रपत्र में सेवा जोड़ना",
      "body": "<ol>\n<li> से&nbsp;<strong> परियोजना</strong> एक्सप्लोरर, नेविगेट करने के लिए&nbsp;<strong> मोबाइल</strong> &nbsp;&gt;&nbsp;<strong> प्रपत्र</strong> , और चुनें&nbsp;<strong> frmप्राप्तकर्ता</strong>.</li>\n<li> आइरिस के ऊपरी दाएं कोने से, पर नेविगेट करें<strong> गुण&nbsp;</strong> पैनल और चुनें<strong> क्रिया</strong> टैब।</li>\n<li> के तहत<strong> सामान्य&nbsp;</strong> अनुभाग, के लिए<strong> प्रीशो</strong> घटना, क्लिक करें<strong> संपादित करें</strong>.<br /> The<strong> एक्शन एडिटर</strong> विंडो प्रकट होती है।</li><li> के ऊपरी-दाएँ कोने से<b> एक्शन एडिटर</b> विंडो, चुनें<strong> डिज़ाइन दृश्य</strong>.</li>\n\n</ol>"
    },
    "navigationBar": {
      "left": {
        "text": " पिछला"
      },
      "right": {
        "text": " अगला"
      }
    }
  },
  "Card.VoltMX.ConnectAppUItoDataMob_v9.recipients1": {
    "content": {
      "title": " सेवा कार्रवाई का आह्वान करें",
      "body": "<ol>\n<li> के बाएँ मेनू से&nbsp;<strong> एक्शन एडिटर</strong> , के तहत<strong> नेटवर्क</strong> अनुभाग, चुनें&nbsp;<strong> संकेतक लोड हो रहा है</strong>.</li>\n<li> के बाएँ मेनू से&nbsp;<strong> एक्शन एडिटर</strong> , के तहत<strong> नेटवर्क</strong> अनुभाग, चुनें&nbsp;<strong> सेवा का आह्वान करें</strong>.</li>\n<li> के दाएँ फलक से&nbsp;<strong> एक्शन एडिटर</strong> , के लिए<strong> सेवा का चयन करें</strong> , ड्रॉप-डाउन सूची से, &nbsp चुनें;<strong> प्राप्तकर्तास्टोरेज$प्राप्तकर्ता</strong>.</li>\n<li> के लिए<strong> विधि का चयन करें</strong> , ड्रॉप-डाउन सूची से, &nbsp चुनें;<strong> प्राप्त करें</strong>.</li>\n</ol>"
    },
    "navigationBar": {
      "left": {
        "text": " पिछला"
      },
      "right": {
        "text": " अगला"
      }
    }
  },
  "Card.VoltMX.ConnectAppUItoDataMob_v9.run": {
    "content": {
      "title": " ऐप चलाएँ",
      "body": "<ol>\n<li> बाएं नेविगेशन बार से, क्लिक करें&nbsp;<strong> भागो</strong>.<br /> आइरिस को प्रदर्शित होने में कुछ समय लगेगा&nbsp;<strong> लाइव पूर्वावलोकन तैयार है</strong></li>\n<li> आइरिस द्वारा ऐप चलाने के बाद, आपके<strong> वोल्ट एमएक्स ऐप</strong> , क्लिक करें&nbsp;<strong> लॉन्च</strong>.</li>\n<li> आप एक&nbsp;<strong> आवेदन का नाम&nbsp;</strong> टेक्स्ट बॉक्स। यदि कोई टेक्स्ट बॉक्स है, तो दर्ज करें&nbsp;<strong> प्राप्तकर्ताMobApp</strong> और फिर क्लिक करें&nbsp;<strong> लॉन्च</strong>.</li>\n</ol>"
    },
    "navigationBar": {
      "left": {
        "text": " पिछला"
      },
      "right": {
        "text": " अगला"
      }
    }
  },
  "Card.VoltMX.ConnectAppUItoDataMob_v9.service1": {
    "content": {
      "title": " सेवा कार्रवाई का आह्वान करें",
      "body": "<ol>\n<li> से<strong> एक्शन एडिटर</strong> कैनवास, अंडर<strong> सेवा का आह्वान करें</strong> , चुनें<strong> कॉलबैक</strong>.</li>\n<li> के बाएं मेनू से<strong> एक्शन एडिटर</strong> , के तहत<strong> मैपिंग</strong> अनुभाग, चुनें<strong> मैपिंग जोड़ें</strong>.\n<br/> The<strong> मानचित्रण संपादक</strong> विंडो प्रकट होती है।</li>\n<li> के बाएँ फलक से<strong> मानचित्रण संपादक</strong> , विस्तृत करें<strong> सेवाएं</strong> &gt;<strong> सेवा- प्राप्तकर्तास्टोरेज$प्राप्तकर्ता$प्राप्त करें</strong> और चुनें<strong> रिकॉर्ड {संग्रह}</strong>.</li>\n<li> के दाएँ फलक से<strong> मानचित्रण संपादक</strong> , विस्तृत करें<strong> प्रपत्र</strong> &gt;<strong> frmप्राप्तकर्ता</strong> &gt;<strong> खंड-प्राप्तकर्ता</strong> &gt;<strong> मास्टरडेटामैप</strong> और चुनें<strong> पंक्ति डेटा {संग्रह}</strong>.</li>\n<li> विस्तृत करें<b> रिकॉर्ड {संग्रह}</b> बाएँ फलक में और<b> पंक्ति डेटा {संग्रह}</b> दाएँ फलक में।</li>\n</ol>"
    },
    "navigationBar": {
      "left": {
        "text": " पिछला"
      },
      "right": {
        "text": " अगला"
      }
    }
  },
  "Card.VoltMX.ConnectAppUItoDataMob_v9.static": {
    "content": {
      "title": " एक स्टेटिक एक्सप्रेशन जोड़ें",
      "body": "<ol>\n<li> के दाएँ फलक से&nbsp;<strong> मानचित्रण संपादक</strong> , विस्तृत करें&nbsp;<strong> लेबल-lblLine&nbsp;</strong> और&nbsp पर राइट-क्लिक करें;<strong> पाठ {स्ट्रिंग}</strong> और चुनें&nbsp;<strong> अभिव्यक्ति जोड़ें</strong>.</li>\n<li> दिखाई देने वाले बॉक्स में, निम्न व्यंजक जोड़ें:<br /> <span style=\"background-color: #999999;\"><strong> \"\"</strong></span><br /> इसे बंद करने के लिए बॉक्स के बाहर कहीं भी क्लिक करें।</li>\n<li> के बाएँ मेनू से&nbsp;<strong> एक्शन एडिटर</strong> , के तहत<strong> नेटवर्क</strong> अनुभाग, चुनें&nbsp;<strong> संकेतक लोड हो रहा है</strong>.</li>\n<li> एक्शन एडिटर के दाएँ फलक से, के लिए&nbsp;<strong> संकेतक लोड हो रहा है</strong> , चुनें&nbsp;<strong> खारिज करें</strong>.</li>\n<li> क्लिक करें&nbsp;<strong> सहेजें</strong>.</li>\n</ol>"
    },
    "navigationBar": {
      "left": {
        "text": " पिछला"
      },
      "right": {
        "text": " अगला"
      }
    }
  },
  "Card.VoltMX.ConnectAppUItoDataMob_v9_preshow": {
    "content": {
      "title": " अकाउंट्स फॉर्म के लिए प्रीशो इवेंट",
      "body": "<ol>\n<li> से<strong> परियोजना</strong> एक्सप्लोरर, नेविगेट करने के लिए<strong> मोबाइल</strong> > <strong> प्रपत्र</strong> और चुनें<strong> frmखाता</strong>.</li>\n<li> आइरिस के ऊपरी-दाएँ कोने से, नेविगेट करें<strong> गुण</strong> पैनल और चुनें<strong> क्रिया</strong> टैब।</li>\n<li> के तहत<strong> सामान्य</strong> अनुभाग, के लिए<strong> प्रीशो</strong> घटना, क्लिक करें<strong> संपादित करें</strong>.<br /> The<strong> एक्शन एडिटर</strong> विंडो प्रकट होती है।</li><li> के ऊपरी-दाएँ कोने से<b> एक्शन एडिटर</b> विंडो, चुनें<strong> डिज़ाइन दृश्य</strong>.</li>\n</ol>"
    },
    "navigationBar": {
      "left": {
        "text": " पिछला"
      },
      "right": {
        "text": " अगला"
      }
    }
  }
}