{
  "Tour.ConnectAppUItoDataMob_v9": {
    "description": "旅遊描述"
  },
  "Hike.VoltMX.ConnectAppUItoDataMob_v9": {
    "description": "徒步說明"
  },
  "Card.VoltMX.ConnectAppUItoDataMob_v9.dismiss": {
    "content": {
      "title": "關閉加載指示器",
      "body": "<ol>\n<li>從左側菜單<strong>動作編輯器</strong> , 在<strong>網絡</strong>部分，選擇&nbsp;<strong>加載指示器</strong>.</li>\n<li>從動作編輯器的右窗格中，對於&nbsp;<strong>加載指示器</strong>，選擇&nbsp;<strong>解僱</strong>.</li>\n<li>點擊<strong>保存</strong>.</li>\n</ol>"
    },
    "navigationBar": {
      "left": {
        "text": "上一個"
      },
      "right": {
        "text": "下一個"
      }
    }
  },
  "Card.VoltMX.ConnectAppUItoDataMob_v9.done": {
    "content": {
      "title": " 恭喜",
      "body": "<p>您已成功：</p>\n<ul>\n<li><strong>具有表單UI元素的集成服務</strong> </li>\n</ul>\n<p>要了解如何創建收件人詳細信息並添加刪除收件人的功能，請查看下一次加息：</p><a class=\"tour-link\" tour=\"db7f07t9-c0a5-4erb-89u0-fab1ean8\"><b> 6. 創建收件人詳細信息</b></a>。"
    },
    "navigationBar": {
      "left": {
        "text": "上一個"
      },
      "right": {
        "text": "完成"
      }
    }
  },
  "Card.VoltMX.ConnectAppUItoDataMob_v9.intro": {
    "content": {
      "title": "將應用程序 UI 連接到服務",
      "body": "<p> 在這次徒步旅行中，我們將：</p>\n<ul>\n<li>將 Accounts 和 Recipients 表單的 UI 元素與服務連接起來</li>\n</ul>\n<p>在開始之前，完成遠足：</p>\n<ol><b>\n<li><a class=\"tour-link\" tour=\"7408efte-e2aa-4cr8-a9ub-d7ba36n8\">啟動您的第一個移動應用</a></li><li><a class=\"tour-link\" tour=\"a617eft5-7ca8-4ard-8eu8-94cdean5\">從集合創建用戶界面</a></li><li><a class=\"tour-link\" tour=\"15d8c7t4-cda7-40rb-afu7-345cfcnc\">向應用程序添加身份驗證</a></li>\n<li><a class=\"tour-link\" tour=\"a7a762t5-3eac-44r5-8bu2-89b781n1\">為原生應用創建服務</a> </li></b>\n</ol>\n<p>確保您打開在之前的徒步旅行中創建的相同項目。</p>\n<p>要打開一個關閉的項目，從主菜單導航到&nbsp;<strong>項目</strong>&nbsp;&gt;&nbsp;<strong>打開</strong>&nbsp;&gt;&nbsp;<strong>HCL 參考架構</strong>&nbsp;&gt;&nbsp;<strong>RecipientsMobApp</strong>. </p><br/>\n<p><strong>準備好後，單擊開始！</strong></p>"
    },
    "navigationBar": {
      "left": {
        "text": "上一個"
      },
      "right": {
        "text": "開始"
      }
    }
  },
  "Card.VoltMX.ConnectAppUItoDataMob_v9.launch": {
    "content": {
      "title": "查看應用",
      "body": "<ol>\n<li>在您的應用中輸入以下登錄憑據：<ul>\n<li>用戶名：&nbsp;<strong>john.doe@woodburn.com</strong></li>\n<li>密碼：&nbsp;<strong>VoltMX@123</strong></li>\n</ul>\n</li>\n<li>點擊<strong>登錄</strong>查看賬戶列表。</li>\n<li>點擊<strong>收件人</strong>查看收件人列表。</li>\n<li>退出應用程序<strong>手機</strong>設備，從左向右滑動兩根手指或搖動你的&nbsp;<strong>手機</strong>設備並點擊&nbsp;<strong>退出應用</strong>.</li>\n</ol>"
    },
    "navigationBar": {
      "left": {
        "text": "上一個"
      },
      "right": {
        "text": "下一個"
      }
    }
  },
  "Card.VoltMX.ConnectAppUItoDataMob_v9.mapping": {
    "content": {
      "title": "添加映射操作",
      "body": "<ol>\n<li>來自<strong>動作編輯器</strong>畫布下<strong>調用服務</strong>，選擇<strong>回調</strong>.</li>\n<li>從左側菜單<strong>動作編輯器</strong>，下<strong>映射</strong>，選擇<strong>添加映射</strong>.<br /><strong>映射編輯器</strong>窗口出現。</li>\n<li>從左側窗格<strong>映射編輯器</strong>，展開<strong>服務</strong>&gt;<strong>服務-賬戶存儲$賬戶$獲取</strong>並選擇<strong>記錄{集合}</strong>.</li>\n<li>從右側窗格<strong>映射編輯器</strong>，展開<strong>表格</strong>&gt;<strong>frmAccount</strong>&gt;<strong>Segment-segAccount</strong>&gt;<strong>主數據映射</strong>並選擇<strong>行數據{集合}</strong>.</li>\n</ol>"
    },
    "navigationBar": {
      "left": {
        "text": "上一個"
      },
      "right": {
        "text": "下一個"
      }
    }
  },
  "Card.VoltMX.ConnectAppUItoDataMob_v9.mapping1": {
    "content": {
      "title": "向UI元素添加映射",
      "body": "<ol>\n<li>從映射編輯器的左窗格中展開<strong>記錄{集合}。</strong><br/>從映射編輯器的右窗格中展開<strong>行數據{集合}。</strong></li>\n<li>將映射編輯器中的以下元素從左窗格映射到右窗格。<ul>\n<li>從映射編輯器的左窗格中，選擇<strong>帳戶名稱{字符串}</strong>.<br />從映射編輯器的右窗格中，展開<strong>標籤-lblAccName</strong>並選擇<strong>文本{字符串}</strong>.</li>\n<li>從映射編輯器的左窗格中，選擇<strong>餘額{字符串}</strong>.<br />從映射編輯器的右窗格中，展開<strong>標籤-lblBalance</strong>並選擇<strong>文本{字符串}</strong>.</li>\n</ul>\n</li>\n</ol>"
    },
    "navigationBar": {
      "left": {
        "text": "上一個"
      },
      "right": {
        "text": "下一個"
      }
    }
  },
  "Card.VoltMX.ConnectAppUItoDataMob_v9.mappingUI": {
    "content": {
      "title": "將服務映射到 UI 元素",
      "body": "<p>將映射編輯器中的以下元素從左窗格映射到右窗格。</p>\n<ul>\n<li>從映射編輯器的左窗格中，選擇<strong> RecipientID{number}</strong>.<br />從映射編輯器的右窗格中，展開<strong>標籤-lblPayeeID</strong>並選擇<strong>文本{字符串}</strong>.</li>\n<li>從映射編輯器的左窗格中，選擇<strong>名字{字符串}</strong>.<br />從映射編輯器的右窗格中，展開<strong>標籤-lblFirstName</strong>和<strong>選擇文本{字符串}</strong>.</li>\n</ul>"
    },
    "navigationBar": {
      "left": {
        "text": "上一個"
      },
      "right": {
        "text": "下一個"
      }
    }
  },
  "Card.VoltMX.ConnectAppUItoDataMob_v9.mappingUI1": {
    "content": {
      "title": "將服務映射到 UI 元素",
      "body": "<ul>\n<li>從映射編輯器的左窗格中，選擇<strong>姓氏{字符串}</strong>.<br />從映射編輯器的右窗格中，展開<strong>標籤-lblLastName</strong>並選擇<strong>文本{字符串}</strong>.</li>\n<li>從映射編輯器的左窗格中，選擇<strong>電話{字符串}</strong>.<br />從映射編輯器的右窗格中，展開<strong>標籤-lblPhoneNumber</strong>並選擇<strong>文本{字符串}</strong>.</li>\n</ul>"
    },
    "navigationBar": {
      "left": {
        "text": "上一個"
      },
      "right": {
        "text": "下一個"
      }
    }
  },
  "Card.VoltMX.ConnectAppUItoDataMob_v9.nav": {
    "content": {
      "title": "從收件人列表導航",
      "body": "<ol>\n<li>來自<strong>項目瀏覽器</strong>，展開<strong>frmRecipients</strong>&gt;<strong>flexRecipientList</strong>&gt;<strong>flexHeader，</strong>並選擇<strong>headerButtonLeft</strong>.</li>\n<li>來自<strong>屬性</strong>面板，導航到<strong>行動</strong>標籤。</li>\n<li>對於<strong>點擊</strong>事件，點擊<strong>編輯</strong>. <br /><strong>動作編輯器</strong>窗口出現。</li>\n</ol>"
    },
    "navigationBar": {
      "left": {
        "text": "上一個"
      },
      "right": {
        "text": "下一個"
      }
    }
  },
  "Card.VoltMX.ConnectAppUItoDataMob_v9.nav1": {
    "content": {
      "title": "從收件人列表屏幕導航",
      "body": "<ol>\n<li>來自<strong>動作編輯器</strong>左側菜單，在<strong>一般</strong>部分，選擇<strong>導航到表單</strong>.</li>\n<li>從右側窗格中，選擇<strong>frmAccount</strong>.</li>\n<li>點擊<strong>保存</strong>.</li>\n</ol>"
    },
    "navigationBar": {
      "left": {
        "text": "上一個"
      },
      "right": {
        "text": "下一個"
      }
    }
  },
  "Card.VoltMX.ConnectAppUItoDataMob_v9.openApp": {
    "content": {
      "title": "Volt MX 應用程序",
      "body": "<ol>\n<li>使用 USB 電纜將您的移動設備連接到您的計算機。<br /> 對於Android移動設備，確保USB的使用設置為<strong>傳輸文件</strong>.<br />對於iOS移動設備，請確保<strong>信任</strong>已在您的設備和計算機之間建立。</li>\n<li>啟動<strong>Volt MX 應用程序</strong>在您的移動設備上。</li>\n<li>選擇<strong>USB</strong>選項卡。<br/>連接成功後，<strong>虹膜</strong>在您的計算機上顯示成功提示。</li>\n</ol>"
    },
    "navigationBar": {
      "left": {
        "text": "上一個"
      },
      "right": {
        "text": "下一個"
      }
    }
  },
  "Card.VoltMX.ConnectAppUItoDataMob_v9.preShow1": {
    "content": {
      "title": "調用服務操作",
      "body": "<ol>\n<li>從左側菜單<strong>動作編輯器</strong> , 在<strong>網絡</strong>部分，選擇&nbsp;<strong>加載指示器</strong>.</li>\n<li>從左側菜單<strong>動作編輯器</strong> , 在<strong>網絡</strong>部分，選擇&nbsp;<strong>調用服務</strong>.</li>\n<li>從右側窗格中<strong>動作編輯器</strong> , 對於<strong>選擇服務</strong> 從下拉列表中選擇&nbsp;<strong>帳戶存儲$帳戶</strong>.</li>\n<li>對於<strong>選擇方法</strong> 從下拉列表中選擇&nbsp;<strong>得到</strong>.</li>\n</ol>"
    },
    "navigationBar": {
      "left": {
        "text": "上一個"
      },
      "right": {
        "text": "下一個"
      }
    }
  },
  "Card.VoltMX.ConnectAppUItoDataMob_v9.recipients": {
    "content": {
      "title": "向收件人表單添加服務",
      "body": "<ol>\n<li>來自&nbsp;<strong>項目</strong>資源管理器，導航到&nbsp;<strong>手機</strong>&nbsp;&gt;&nbsp;<strong>表格</strong> ，然後選擇&nbsp;<strong>frmRecipients</strong>.</li>\n<li>從 Iris 的右上角，導航到<strong>屬性</strong>面板並選擇<strong>行動</strong>標籤。</li>\n<li> 在<strong>一般</strong>部分，用於<strong>預演</strong>事件，點擊<strong>編輯</strong>.<br /><strong>動作編輯器</strong>窗口出現。</li><li>從右上角<b>動作編輯器</b>窗口，選擇<strong>設計視圖</strong>.</li>\n\n</ol>"
    },
    "navigationBar": {
      "left": {
        "text": "上一個"
      },
      "right": {
        "text": "下一個"
      }
    }
  },
  "Card.VoltMX.ConnectAppUItoDataMob_v9.recipients1": {
    "content": {
      "title": "調用服務操作",
      "body": "<ol>\n<li>從左側菜單<strong>動作編輯器</strong> , 在<strong>網絡</strong>部分，選擇&nbsp;<strong>加載指示器</strong>.</li>\n<li>從左側菜單<strong>動作編輯器</strong> , 在<strong>網絡</strong>部分，選擇&nbsp;<strong>調用服務</strong>.</li>\n<li>從右側窗格中<strong>動作編輯器</strong> , 對於<strong>選擇服務</strong> 從下拉列表中選擇&nbsp;<strong>RecipientStorage$Recipients</strong>.</li>\n<li>對於<strong>選擇方法</strong> 從下拉列表中選擇&nbsp;<strong>得到</strong>.</li>\n</ol>"
    },
    "navigationBar": {
      "left": {
        "text": "上一個"
      },
      "right": {
        "text": "下一個"
      }
    }
  },
  "Card.VoltMX.ConnectAppUItoDataMob_v9.run": {
    "content": {
      "title": "運行應用程序",
      "body": "<ol>\n<li>從左側導航欄中，單擊&nbsp;<strong>運行</strong>.<br /> Iris 顯示需要一些時間<strong>實時預覽已準備就緒</strong></li>\n<li>在 Iris 運行應用程序後，在您的<strong>Volt MX 應用程序</strong>，點擊&nbsp;<strong>啟動</strong>.</li>\n<li>您可能會看到一個&nbsp;<strong>應用程序名稱</strong>文本框。如果有文本框，輸入&nbsp;<strong>RecipientsMobApp</strong> ，然後單擊&nbsp;<strong>啟動</strong>.</li>\n</ol>"
    },
    "navigationBar": {
      "left": {
        "text": "上一個"
      },
      "right": {
        "text": "下一個"
      }
    }
  },
  "Card.VoltMX.ConnectAppUItoDataMob_v9.service1": {
    "content": {
      "title": "調用服務操作",
      "body": "<ol>\n<li>來自<strong>動作編輯器</strong>畫布下<strong>調用服務</strong>，選擇<strong>回調</strong>.</li>\n<li>從左側菜單<strong>動作編輯器</strong> , 在<strong>映射</strong>部分，選擇<strong>添加映射</strong>.\n<br/><strong>映射編輯器</strong>窗口出現。</li>\n<li>從左側窗格<strong>映射編輯器</strong>，展開<strong>服務</strong>&gt;<strong>服務- RecipientStorage$Recipients$get</strong>並選擇<strong>記錄{集合}</strong>.</li>\n<li>從右側窗格<strong>映射編輯器</strong>，展開<strong>表格</strong>&gt;<strong>frmRecipient</strong>&gt;<strong>細分收件人</strong>&gt;<strong>主數據映射</strong>並選擇<strong>行數據{集合}</strong>.</li>\n<li>展開<b>記錄{集合}</b>在左窗格中<b>行數據{集合}</b>在右側窗格中。</li>\n</ol>"
    },
    "navigationBar": {
      "left": {
        "text": "上一個"
      },
      "right": {
        "text": "下一個"
      }
    }
  },
  "Card.VoltMX.ConnectAppUItoDataMob_v9.static": {
    "content": {
      "title": "添加靜態表達式",
      "body": "<ol>\n<li>從右側窗格中<strong>映射編輯器</strong>，展開<strong>標籤-lblLine</strong>然後右鍵單擊&nbsp;<strong>文本{字符串}</strong>並選擇&nbsp;<strong>添加表達式</strong>.</li>\n<li>在出現的框中，添加以下表達式：<br /> <span style=\"background-color: #999999;\"><strong>“”</strong></span><br />單擊框外的任意位置將其關閉。</li>\n<li>從左側菜單<strong>動作編輯器</strong> , 在<strong>網絡</strong>部分，選擇&nbsp;<strong>加載指示器</strong>.</li>\n<li>從動作編輯器的右窗格中，對於&nbsp;<strong>加載指示器</strong>，選擇&nbsp;<strong>解僱</strong>.</li>\n<li>點擊<strong>保存</strong>.</li>\n</ol>"
    },
    "navigationBar": {
      "left": {
        "text": "上一個"
      },
      "right": {
        "text": "下一個"
      }
    }
  },
  "Card.VoltMX.ConnectAppUItoDataMob_v9_preshow": {
    "content": {
      "title": "帳戶表單的預展示事件",
      "body": "<ol>\n<li>來自<strong>項目</strong>資源管理器，導航到<strong>手機</strong> > <strong>表格</strong>並選擇<strong>frmAccount</strong>.</li>\n<li>從虹膜的右上角，導航到<strong>屬性</strong>面板並選擇<strong>行動</strong>選項卡。</li>\n<li> 在<strong>一般</strong>部分，用於<strong>預演</strong>事件，點擊<strong>編輯</strong>.<br /><strong>動作編輯器</strong>窗口出現。</li><li>從右上角<b>動作編輯器</b>窗口，選擇<strong>設計視圖</strong>.</li>\n</ol>"
    },
    "navigationBar": {
      "left": {
        "text": "上一個"
      },
      "right": {
        "text": "下一個"
      }
    }
  }
}