{
  "Tour.CreateServicesWeb_v9": {
    "description": "旅游描述"
  },
  "Hike.VoltMX.CreateServicesWebV9": {
    "description": "徒步说明"
  },
  "Card.VoltMX.CreateServicesWebV9.accountModel": {
    "content": {
      "title": "配置账户模型",
      "body": "<ol>\n<li>下<strong>数据模型</strong> ,&nbsp;导航到&nbsp;<strong>账户</strong>&nbsp;并选择<strong>&nbsp;字段</strong>.</li>\n<li>选中复选框<strong>SeqNo</strong> ，然后点击&nbsp;<strong>删除</strong>.</li>\n<li>在&nbsp;<strong>删除字段&nbsp;</strong>对话框，点击&nbsp;<strong>删除</strong>.</li>\n<li>点击<strong>保存</strong>.</li>\n</ol>"
    },
    "navigationBar": {
      "left": {
        "text": "上一个"
      },
      "right": {
        "text": "下一个"
      }
    }
  },
  "Card.VoltMX.CreateServicesWebV9.configureAcc": {
    "content": {
      "title": "配置账户服务",
      "body": "<ol>\n<li>从窗口的左上角，单击服务名称。</li>\n<li>在&nbsp;<strong>姓名</strong>盒子，类型&nbsp;<strong>账户存储</strong>.</li>\n<li>下<strong>样本数据</strong> ，拖动<strong>账户.zip</strong>来自提取文件的文件。</li>\n<li>点击<strong>保存</strong>.</li>\n<li>关闭<strong>编辑对象服务</strong>窗口。<br /> Iris 将服务添加到<strong>项目服务</strong>部分。</li>\n</ol>"
    },
    "navigationBar": {
      "left": {
        "text": "上一个"
      },
      "right": {
        "text": "下一个"
      }
    }
  },
  "Card.VoltMX.CreateServicesWebV9.configureDataModel": {
    "content": {
      "title": "配置数据模型",
      "body": "<ol>\n<li>从左窗格中选择<strong>数据模型</strong>选项卡。</li><li> 在<b>数据模型</b>选项卡，展开<b>数据模型</b> > <strong>账户</strong> > <strong>字段</strong> ，然后选择<strong>帐号</strong>.</li>\n<li>在右侧窗格中，修改以下值。<ul>\n<li>主键：<strong>真</strong></li>\n</ul>\n</li>\n<li>点击<strong>保存</strong>.</li>\n<li>展开<b>数据模型</b> > <strong>账户</strong> > <strong>字段</strong> ，然后选择<strong>账户名</strong>.</li>\n<li>在右侧窗格中，修改以下值。<ul>\n<li>最大长度：<strong>30</strong></li>\n</ul>\n</li>\n<li>点击<strong>保存</strong>.</li>\n</ol>"
    },
    "navigationBar": {
      "left": {
        "text": "上一个"
      },
      "right": {
        "text": "下一个"
      }
    }
  },
  "Card.VoltMX.CreateServicesWebV9.configurePayModel": {
    "content": {
      "title": "配置数据模型",
      "body": "<ol>\n<li>在数据模型选项卡下，展开<b>数据模型</b> > <strong>收件人</strong> > <strong>字段</strong> ，然后选择<strong>收件人ID</strong>.</li>\n<li>在右侧窗格中，修改以下值。<ul>\n<li>类型：<strong>数字</strong></li>\n<li>自动生成：<strong>真</strong></li>\n</ul>\n</li>\n<li>点击<strong>保存</strong>.</li>\n<li>在左窗格中，导航到<strong>数据模型</strong>&gt;<strong>收件人</strong>&gt;<strong>字段</strong> ，然后选择<strong>电话</strong>.</li>\n<li>在右侧窗格中，修改以下值。<ul>\n<li>最大长度：<strong>30</strong></li>\n</ul>\n</li>\n<li>点击<strong>保存</strong>.</li>\n</ol>"
    },
    "navigationBar": {
      "left": {
        "text": "上一个"
      },
      "right": {
        "text": "下一个"
      }
    }
  },
  "Card.VoltMX.CreateServicesWebV9.configurePayModel1": {
    "content": {
      "title": "配置收款人模型",
      "body": "<ol>\n<li>下<strong>数据模型</strong> , 导航到<strong>收件人</strong> ，然后选择<strong>字段</strong>.</li><li>从右侧窗格中，对于字段<b>收件人ID</b> , 列下<b>主键</b> ，将开关切换到 True。<li>选择复选框<strong>SeqNo</strong> ，然后单击<strong>删除</strong>.</li>\n<li>在<strong>删除字段</strong>对话框，点击<strong>删除</strong>.</li>\n<li>点击<strong>保存</strong>.</li>\n</ol>"
    },
    "navigationBar": {
      "left": {
        "text": "上一个"
      },
      "right": {
        "text": "下一个"
      }
    }
  },
  "Card.VoltMX.CreateServicesWebV9.configurePayService": {
    "content": {
      "title": "配置收款人服务",
      "body": "<ol>\n<li>在左上角，单击服务名称。</li>\n<li>在名称框中，键入<strong>收件人存储</strong>.</li>\n<li>下<strong>样本数据</strong> ，拖动<strong>收件人.zip</strong>来自提取文件的文件。</li><li>对于<b>删除策略</b>选项，选择<b>硬删除</b>.\n<li>点击<strong>保存</strong>.</li>\n<li>关闭<strong>编辑对象服务</strong>窗口。<br /> Iris 将服务添加到<strong>项目服务</strong>部分。</li>\n</ol>"
    },
    "navigationBar": {
      "left": {
        "text": "上一个"
      },
      "right": {
        "text": "下一个"
      }
    }
  },
  "Card.VoltMX.CreateServicesWebV9.createAccService": {
    "content": {
      "title": "创建新服务",
      "body": "<ol>\n<li>来自<strong>数据&amp;服务</strong>面板，展开<strong>项目服务</strong>.</li>\n<li>点击<strong>配置新</strong>.</li>\n<li> 在<strong>数据存储</strong>部分，选择<strong>导入Excel文件</strong>.<br /> Iris 可能需要一些时间才能打开<strong>编辑对象服务</strong>窗口。</li>\n<li>在<strong>导入文件</strong>对话框，拖动<strong>账户.xlsx</strong>来自提取文件的文件。</li>\n<li>文件上传后，点击<strong>下一个</strong>.</li>\n<li>确保<strong>账户</strong> 被选中<strong>Excel工作表名称</strong> ，然后单击<strong>进口</strong>.</li>\n<li>点击<strong>完成</strong>.<br /><b>数据模型</b>出现配置窗口。</li>\n</ol>"
    },
    "navigationBar": {
      "left": {
        "text": "上一个"
      },
      "right": {
        "text": "下一个"
      }
    }
  },
  "Card.VoltMX.CreateServicesWebV9.createPayeeService": {
    "content": {
      "title": "创建新服务",
      "body": "<ol>\n<li>来自<strong>数据&amp;服务</strong>面板，展开<strong>项目服务</strong>.</li>\n<li>点击<strong>配置新</strong>.</li>\n<li> 在<strong>数据存储</strong>部分，选择<strong>导入Excel文件</strong>.<br /> Iris 可能需要一些时间才能打开<strong>编辑对象服务</strong>窗口。</li>\n<li>在<strong>导入文件</strong>窗口，拖动<strong>收件人.xlsx</strong>来自提取文件的文件。</li>\n<li>文件上传后，点击<strong>下一个</strong>.</li>\n<li>确保<strong>收件人</strong> 被选中<strong>Excel工作表名称</strong> ，然后单击<strong>进口</strong>.</li>\n<li>点击<strong>完成</strong>.</li>\n</ol>"
    },
    "navigationBar": {
      "left": {
        "text": "上一个"
      },
      "right": {
        "text": "下一个"
      }
    }
  },
  "Card.VoltMX.CreateServicesWebV9.done": {
    "content": {
      "title": " 恭喜",
      "body": "<p>您已成功：</p>\n<ul>\n<li><strong>为以下数据创建和配置服务</strong>\n<ul>\n<li><strong>账户</strong></li>\n<li><strong>收件人</strong></li>\n</ul>\n</li>\n<li><strong>将服务发布到运行时服务器</strong></li>\n</ul>\n<p> &nbsp;</p>\n<p>要了解如何将数据映射到应用程序的 UI，请查看下一次远足：<a class=\"tour-link\" tour=\"ca148ftd-07a9-4ard-98ud-6163d4nc\"><strong> 5. 将应用程序 UI 连接到数据</strong></a>.</p>"
    },
    "navigationBar": {
      "left": {
        "text": "上一个"
      },
      "right": {
        "text": "完成"
      }
    }
  },
  "Card.VoltMX.CreateServicesWebV9.Intro": {
    "content": {
      "title": "为后端数据创建服务",
      "body": "<p>在这次徒步旅行中，我们将：</p>\n<ul>\n<li>创建和配置存储对象服务<b>账户</b>和<b>收件人</b>.\n</li>\n<li>将项目服务发布到运行时服务器</li>\n</ul><br />\n<p>在开始之前，请完成以下远足：</p><b>\n<ol>\n<li><a class=\"tour-link\" tour=\"705a94tb-faa0-47r7-a1ud-31b3dbnf\">启动响应式 Web 应用程序</a></li>\n<li><a class=\"tour-link\" tour=\"220f01t3-bda6-40r0-92uf-56631bnb\">从集合创建用户界面</a></li>\n<li><a class=\"tour-link\" tour=\"5e1da5td-37a0-44r6-beu6-374c3cn1\">向应用程序添加身份验证</a></li>\n</ol></b>\n\n<p>确保您打开在之前的徒步旅行中创建的相同项目。<br />要打开一个关闭的项目，从主菜单，导航到<strong>项目</strong>&gt;<strong>打开</strong>&gt;<strong>HCL 参考架构</strong>&gt;<strong>RecipientsWebApp</strong>.</p>\n<br/>\n<p>确保您下载并解压缩<a href='#'onClick='javascript:openURL(\"https://raw.githubusercontent.com/HCL-TECH-SOFTWARE/volt-mx-tutorials/master/public/samples/RecipientsData.zip\")'> RecipientsData.zip</a>文件。注意解压文件的位置。</p><br/>\n\n<p><strong>准备好后，单击开始！</strong></p>"
    },
    "navigationBar": {
      "left": {
        "text": "上一个"
      },
      "right": {
        "text": "开始"
      }
    }
  },
  "Card.VoltMX.CreateServicesWebV9.publish": {
    "content": {
      "title": "发布服务",
      "body": "<ol>\n<li>在<strong>数据&amp;服务</strong>面板，旁边<b>刷新</b> 按钮，单击菜单选项。</li>\n<li>选择<strong>发布项目服务</strong>.<br />Iris 发布服务可能需要一些时间。</li>\n</ol>"
    },
    "navigationBar": {
      "left": {
        "text": "上一个"
      },
      "right": {
        "text": "下一个"
      }
    }
  }
}