{
    "kuid": "78d666t5-c8a1-42r1-85u5-2208e5n0",
    "id": "Kony.CreateUIRWV9.publish1",
    "content": {
        "title": "Run the App",
        "body": "<ol>\n<li>From the <strong>Live Preview Settings</strong> window, under <strong>Platforms and Channels</strong>, check the box next to the <strong>Responsive Web</strong>.<br /> Ensure that you have unselected the checkboxes for all the other platforms and channels.</li>\n<li>Click <strong>Save &amp; Run</strong>.<br /> It may take some time for Visualizer to run the app.<br /> Once the build is complete, the sample app opens in the <strong>Visualizer Preview</strong> window.</li>\n</ol>"
    },
    "pointer": {
        "direction": "left",
        "element": {
            "module": "ui-library",
            "instanceId": "livepreviewsettings_footer_donebutton"
        },
        "type": "default"
    },
    "navigationType": "manual",
    "navigationBar": {
        "left": {
            "text": "Previous",
            "enable": true,
            "hide": false
        },
        "right": {
            "text": "Next",
            "enable": true,
            "hide": false
        }
    },
    "navigationCondition": "",
    "position": "BOTTOM_RIGHT",
    "meta": {
        "Creator": "Prem Garudadri",
        "CreatedOn": "Wed, 18 Dec 2019 16:29:11 GMT"
    },
    "context": []
}