{
  "Tour.UseSampleServicesV9": {
    "description": "旅游描述"
  },
  "Hike.VoltMX.UseSampleServicesV9": {
    "description": "徒步说明"
  },
  "Card.VoltMX.UseSampleServicesV9.addUI": {
    "content": {
      "title": "向表单添加数据",
      "body": "<ol>\n<li>来自<strong>数据&amp;服务</strong>面板，展开<strong>项目服务</strong>&gt;<strong>employeeObjectService</strong>&gt;<strong>员工</strong> ，然后选择<strong>得到</strong>.</li>\n<li>丢弃<strong>记录</strong>来自数据&amp;服务面板<strong>frmList</strong>画布上的表格。<br /><strong>你想生成什么？</strong>窗口出现。</li>\n<li>选择<strong>使用响应的列表和详细信息</strong>.</li>\n<li>点击<strong>好的</strong>.<br /> 您可以查看表格上的数据。</li>\n</ol>"
    },
    "navigationBar": {
      "left": {
        "text": "上一个"
      },
      "right": {
        "text": "下一个"
      }
    }
  },
  "Card.VoltMX.UseSampleServicesV9.createObj": {
    "content": {
      "title": "创建对象服务",
      "body": "<ol>\n<li>导航到<strong>数据和服务</strong>面板和展开<strong>项目服务</strong>.</li>\n<li>点击<strong>配置新</strong>.</li>\n<li>下<strong>数据存储</strong>选择<strong>关系数据库</strong>.<br /><strong>配置对象服务</strong>窗口出现。</li>\n</ol>"
    },
    "navigationBar": {
      "left": {
        "text": "上一个"
      },
      "right": {
        "text": "下一个"
      }
    }
  },
  "Card.VoltMX.UseSampleServicesV9.createObj1": {
    "content": {
      "title": "创建对象服务",
      "body": "<ol>\n<li>在<strong>配置对象服务</strong>页面，使用以下数据填充字段：<ul>\n<li style=\"&ldquo;margin-left: 2em&rdquo;;\">姓名：<strong>employeeObjectService</strong></li>\n<li style=\"&ldquo;margin-left: 2em&rdquo;;\">数据库：<strong>com.mysql.jdbc.Driver</strong></li>\n<li style=\"&ldquo;margin-left: 2em&rdquo;;\">数据库连接 URL：<strong> jdbc:mysql://sampledb.voltmxlabs.net</strong>.</li>\n<li style=\"&ldquo;margin-left: 2em&rdquo;;\">用户ID：<strong>员工</strong></li>\n<li style=\"&ldquo;margin-left: 2em&rdquo;;\">密码：<strong>V0ltmx1234</strong></li>\n</ul>\n</li>\n<li>点击<strong>测试连接</strong>.</li>\n<li>点击<strong>保存&amp;产生</strong>.<br /><strong>从后端导入对象</strong>窗口出现。</li>\n</ol>"
    },
    "navigationBar": {
      "left": {
        "text": "上一个"
      },
      "right": {
        "text": "下一个"
      }
    }
  },
  "Card.VoltMX.UseSampleServicesV9.intro": {
    "content": {
      "title": "使用示例服务",
      "body": "<b>让我们开始吧！</b><br/>在这次徒步旅行中，我们将：<br/>\n<ul><li>创建表单</li>\n<li>连接到示例后端数据库</li>\n<li>向表单添加数据。您可以按照相同的步骤将您自己的后端数据绑定到您的应用程序。</li></ul>\n<br/>\n\n<b>准备好后，单击开始！</b>"
    },
    "navigationBar": {
      "left": {
        "text": "上一个"
      },
      "right": {
        "text": "开始"
      }
    }
  },
  "Card.VoltMX.UseSampleServicesV9.last": {
    "content": {
      "title": " 恭喜",
      "body": "<p>您已成功：</p>\n<ul>\n<li><strong>创建了一个表单</strong></li>\n<li><strong>创建了一个对象服务</strong></li>\n<li><strong>将表单与后端数据连接起来。</strong></li>\n<li><strong>在 Iris Live Preview 上发布您的应用<br /></strong></li>\n</ul>"
    },
    "navigationBar": {
      "left": {
        "text": "上一个"
      },
      "right": {
        "text": "完成"
      }
    }
  },
  "Card.VoltMX.UseSampleServicesV9.mappingservice": {
    "content": {
      "title": "映射服务",
      "body": "<ol><li>展开<b>员工</b> > <b>表格</b>并选择<b>员工</b>.</li>\n<li>点击<b>下一个</b>.</li>\n<li>点击<b>生成</b>.</li>\n<li>关闭窗口。</li></ol>"
    },
    "navigationBar": {
      "left": {
        "text": "上一个"
      },
      "right": {
        "text": "下一个"
      }
    }
  },
  "Card.VoltMX.UseSampleServicesV9.NewProject1": {
    "content": {
      "title": "创建一个新项目",
      "body": "<ol>\n<li>导航到<strong>项目</strong>&gt;<strong>新项目</strong>.</li>\n<li>来自<strong> 你现在想从什么开始？</strong>窗口，选择<strong>网络应用</strong>.</li>\n<li>点击<strong>下一个</strong>.<br /><strong>您想首先开始构建哪种设备尺寸？</strong>窗口出现。</li>\n<li>选择<strong>桌面</strong>.</li>\n<li>点击<strong>下一个</strong>.</li>\n</ol>"
    },
    "navigationBar": {
      "left": {
        "text": "上一个"
      },
      "right": {
        "text": "下一个"
      }
    }
  },
  "Card.VoltMX.UseSampleServicesV9.NewProject2": {
    "content": {
      "title": "创建一个新项目",
      "body": "<ol>\n<li>在<strong>您从一个 Web 应用程序开始。选择的设备大小是桌面。</strong>窗口，下<strong>项目名称</strong>，输入<strong>GetmyData</strong>.</li>\n<li>点击<strong>创建</strong>.<br />使用一个 flex 表单创建了一个新应用程序。<br />应用程序在<strong>故事板</strong>查看。</li>\n</ol>"
    },
    "navigationBar": {
      "left": {
        "text": "上一个"
      },
      "right": {
        "text": "下一个"
      }
    }
  },
  "Card.VoltMX.UseSampleServicesV9.rename": {
    "content": {
      "title": "重命名表单",
      "body": "<ol>\n<li>在<strong>故事板</strong>查看，在新表单上方，单击<strong>Form1</strong>.</li>\n<li>重命名表单<strong>frmList</strong>.</li>\n<li> 双击表单打开表单<strong>设计</strong>查看。</li>\n</ol>"
    },
    "navigationBar": {
      "left": {
        "text": "上一个"
      },
      "right": {
        "text": "下一个"
      }
    }
  },
  "Card.VoltMX.UseSampleServicesV9.run": {
    "content": {
      "title": "运行应用程序",
      "body": "<ol>\n<li>来自<strong>实时预览设置</strong>窗下<strong>平台和渠道</strong>，选择<strong>响应式网站</strong>. <br />确保您已取消选中所有其他平台和频道的复选框。</li>\n<li>点击<strong>保存&amp;跑步</strong>.<br /> Iris 可能需要一些时间才能显示<strong>虹膜预览</strong>窗口。</li>\n</ol>\n<p>您可以在 Iris Preview 中查看您在表单上添加的数据。</p>"
    },
    "navigationBar": {
      "left": {
        "text": "上一个"
      },
      "right": {
        "text": "下一个"
      }
    }
  },
  "Card.VoltMX.UseSampleServicesV9.settings": {
    "content": {
      "title": "实时预览设置",
      "body": "<ol><li>从主菜单中，选择<b>构建</b>.</li>\n<li>点击<b>实时预览设置。</b></li></ol>"
    },
    "navigationBar": {
      "left": {
        "text": "上一个"
      },
      "right": {
        "text": "下一个"
      }
    }
  }
}