{
    "kuid": "f51afct7-d7a5-4cra-a4u5-cff626na",
    "id": "VoltMX.CreateEmailIdCompV9.preview",
    "content": {
        "title": "View the App",
        "body": "<ol>\n<li>Connect your <b>mobile</b> device to your computer using a USB cable.<br/>\nFor Android <b>mobile</b> device, ensure that the use of USB is <b>Transfer files</b>.<br/>\nFor iOS <b>mobile</b> device, ensure that a <b>trust</b> has been established between your device and your computer.\n<li>Launch the <b>Volt MX App</b> on your <b>mobile</b> device.</li>\n<li>Select the <b>USB</b> tab.</li>\n<li>On successful connection, the Iris on your computer shows a success prompt.</li>\n<li>Enter the app name <b>CreateComponent</b> and click <b>Launch</b>.</li>\n</ol>"
    },
    "pointer": {
        "direction": "left",
        "element": "",
        "type": "none"
    },
    "navigationType": "manual",
    "navigationBar": {
        "left": {
            "text": "Previous",
            "enable": true,
            "hide": false
        },
        "right": {
            "text": "Next",
            "enable": true,
            "hide": false
        }
    },
    "navigationCondition": "",
    "position": "BOTTOM_RIGHT",
    "meta": {
        "Creator": "Rashmi Menon",
        "CreatedOn": "Tue, 26 Nov 2019 06:47:01 GMT"
    },
    "context": []
}