{
    "kuid": "589745ta-2ba6-43rf-b6ue-151d1cnd",
    "id": "kony.FlexPropertiesV9.AppViewDone",
    "content": {
        "title": "View the App",
        "body": "<ol>\n<li>On your <b>Quantum App</b>, click <b>Launch</b>.<br />\nIf you are prompted to provide the application name, enter <b>FlexTutorial</b> and click <b>Launch</b>.</li><li>To <b>Exit</b> the preview, swipe two fingers from left to right or shake your mobile.</li>\n</ol>"
    },
    "pointer": {
        "direction": "left",
        "element": "",
        "type": "none"
    },
    "navigationType": "manual",
    "navigationBar": {
        "left": {
            "text": "Previous",
            "enable": true,
            "hide": false
        },
        "right": {
            "text": "Next",
            "enable": true,
            "hide": false
        }
    },
    "navigationCondition": "",
    "position": "CENTER",
    "meta": {
        "Creator": "Rashmi Menon",
        "CreatedOn": "Mon, 25 Nov 2019 09:11:03 GMT"
    },
    "context": []
}