{
    "kuid": "21f534t4-cdaa-43r7-b7uc-72a6d2n6",
    "id": "kony.EditPayeeWeb_v9.updateOp3",
    "content": {
        "title": "Configuring Update Operation",
        "body": "<ol><li>From the <b>Action Editor</b> canvas, select <b>IF Recipients.opstatus is equal to 0</b>.</li>\n<li>From the left menu of the <strong>Action Editor</strong>, under the <strong>Widget </strong>section, select <strong>Set Widget Property</strong>.</li>\n<li>From the right pane, expand <strong>Desktop Forms</strong> &gt; <strong>frmEditRecipient</strong> &gt; <strong>flxEditRecipient</strong> and select <strong>flexSuccess</strong>.</li>\n<li>In the last pane, modify the following fields:\n<ul>\n<li>Property: <strong>Visible</strong></li>\n<li>Visibility: <strong>True</strong></li>\n</ul>\n</li>\n<li>From the left menu of the <strong>Action Editor</strong>, under the <strong>Function&nbsp;</strong>section, select <strong>Add Snippet</strong>.</li>\n<li>In the right pane, type the following code:<br /><span style=\"background-color: #999999;\"> self.view.forceLayout();</span></li>\n<li>Click <strong>Save</strong>.</li>\n</ol>"
    },
    "pointer": {
        "direction": "left",
        "element": "",
        "type": "none"
    },
    "navigationType": "manual",
    "navigationBar": {
        "left": {
            "text": "Previous",
            "enable": true,
            "hide": false
        },
        "right": {
            "text": "Next",
            "enable": true,
            "hide": false
        }
    },
    "navigationCondition": "",
    "position": "BOTTOM_RIGHT",
    "meta": {
        "Creator": "Rashmi Menon",
        "CreatedOn": "Fri, 28 Feb 2020 06:01:45 GMT"
    },
    "context": []
}