{
    "kuid": "da1570te-a2a9-4drf-b1u4-ccb7d0nf",
    "id": "kony.IntroductiontoSegmentV9.sknLabel",
    "content": {
        "title": "UI of Label",
        "body": "<ol><li>From the <b>Properties</b> panel, navigate to the <b>Skin</b> tab.</li>\n<li>Under the <b>Font</b> section, assign the following values:<br/>\nSize: <b>100%</b></li></ol>"
    },
    "pointer": {
        "direction": "top",
        "element": {
            "module": "propertieswindow",
            "itemType": "pw-tab",
            "info": {
                "tabName": "Skin"
            }
        },
        "type": "default"
    },
    "navigationType": "manual",
    "navigationBar": {
        "left": {
            "text": "Previous",
            "enable": true,
            "hide": false
        },
        "right": {
            "text": "Next",
            "enable": true,
            "hide": false
        }
    },
    "navigationCondition": "",
    "position": "BOTTOM_RIGHT",
    "meta": {
        "Creator": "Rashmi Menon",
        "CreatedOn": "Mon, 25 Nov 2019 10:16:54 GMT"
    },
    "context": []
}