{
  "Tour.ConnecttheAppUItoData-WebV9": {
    "description": "旅游描述"
  },
  "Hike.VoltMX.ConnectAppServWebV9": {
    "description": "徒步说明"
  },
  "Card.VoltMX.ConnectAppServWebV9.addStaticExpression": {
    "content": {
      "title": "在映射编辑器中添加静态表达式",
      "body": "<ol>\n<li>从右侧窗格<strong>映射编辑器</strong>，展开<strong>标签-lblDots</strong> ，然后右键单击<strong>文本{字符串}</strong> ，然后选择<strong>添加表达式</strong>.</li>\n<li>在出现的框中，键入以下内容：<br /><span style=\"background-color: #999999;\"><strong>“……”</strong></span><br />单击框外的任意位置将其关闭。</li>\n<li>点击<strong>保存</strong>.</li>\n</ol>"
    },
    "navigationBar": {
      "left": {
        "text": "上一个"
      },
      "right": {
        "text": "下一个"
      }
    }
  },
  "Card.VoltMX.ConnectAppServWebV9.done": {
    "content": {
      "title": " 恭喜",
      "body": "<p>您已成功：</p>\n<ul>\n<li><strong>具有表单UI元素的集成服务</strong></li>\n</ul>\n<p> &nbsp;</p>\n<p>要了解如何创建收件人详细信息并添加删除收件人的功能，请查看下一次加息：<a class=\"tour-link\" tour=\"082af3t0-74a2-4ere-a6u3-749d59n5\"><strong>6. 创建收件人详细信息。</strong></a>.</p>"
    },
    "navigationBar": {
      "left": {
        "text": "上一个"
      },
      "right": {
        "text": "完成"
      }
    }
  },
  "Card.VoltMX.ConnectAppServWebV9.Intro": {
    "content": {
      "title": "将应用程序 UI 连接到服务",
      "body": "<p>在这次徒步旅行中，我们将：</p>\n<ul>\n<li> 使用 Account 表单连接服务</li>\n<li>将服务与接收者表单联系起来</li>\n</ul>\n<p> &nbsp;</p>\n<p>在开始之前，完成远足：</p>\n<ol><b>\n<li><a class=\"tour-link\" tour=\"705a94tb-faa0-47r7-a1ud-31b3dbnf\">启动响应式 Web 应用程序</a></li><li><a class=\"tour-link\" tour=\"220f01t3-bda6-40r0-92uf-56631bnb\">从集合创建用户界面</a></li><li><a class=\"tour-link\" tour=\"5e1da5td-37a0-44r6-beu6-374c3cn1\">向应用程序添加身份验证</a></li>\n<li><a class=\"tour-link\" tour=\"a851b9t8-75a9-4ara-88ud-946004n9\">为 Web 应用程序创建服务</a></li></b>\n</ol>\n<p> &nbsp;</p>\n<p>确保您打开在之前的徒步旅行中创建的相同项目。</p>\n<p>要打开一个关闭的项目，从主菜单，导航到<strong>项目</strong>&gt;<strong>打开</strong>&gt;<strong>HCL 参考架构</strong>&gt;<strong>RecipientsWebApp</strong>.</p>\n<p> &nbsp;</p>\n<p><strong>准备好后，单击开始！</strong></p>"
    },
    "navigationBar": {
      "left": {
        "text": "上一个"
      },
      "right": {
        "text": "开始"
      }
    }
  },
  "Card.VoltMX.ConnectAppServWebV9.invokeService": {
    "content": {
      "title": "调用服务",
      "body": "<ol>\n<li>从右上角<strong>动作编辑器</strong>，选择<strong>设计视图</strong>.</li>\n<li>从左侧菜单<strong>动作编辑器</strong> , 在<strong>网络</strong>部分，选择<strong>调用服务</strong>.</li>\n<li>从右侧窗格<strong>动作编辑器</strong> , 对于<strong>选择服务</strong> ，从下拉列表中选择<strong>帐户存储$帐户</strong>.</li>\n<li>对于<strong>选择方法</strong> ，从下拉列表中选择<strong>得到</strong>.</li>\n</ol>"
    },
    "navigationBar": {
      "left": {
        "text": "上一个"
      },
      "right": {
        "text": "下一个"
      }
    }
  },
  "Card.VoltMX.ConnectAppServWebV9.invokeService1": {
    "content": {
      "title": "调用服务",
      "body": "<ol>\n<li>从右上角<strong>动作编辑器</strong>，选择<strong>设计视图</strong>.</li>\n<li>从左侧菜单<strong>动作编辑器</strong> , 在<strong>网络</strong>部分，选择<strong>调用服务</strong>.</li>\n<li>从右侧窗格<strong>动作编辑器</strong> , 对于<strong>选择服务</strong> ，从下拉列表中选择<strong>RecipientStorage$Recipients</strong>.</li>\n<li>对于<strong>选择方法</strong> ，从下拉列表中选择<strong>得到</strong>.</li>\n</ol>"
    },
    "navigationBar": {
      "left": {
        "text": "上一个"
      },
      "right": {
        "text": "下一个"
      }
    }
  },
  "Card.VoltMX.ConnectAppServWebV9.mapping1": {
    "content": {
      "title": "映射服务数据",
      "body": "<ol>\n<li>来自<strong>动作编辑器</strong>画布下<strong>调用服务</strong>，选择<strong>回调</strong>.</li>\n<li>从左侧菜单<strong>动作编辑器</strong>，下<strong>映射</strong>，选择<strong>添加映射</strong>.<br /><strong>映射编辑器</strong>窗口出现在右侧窗格中<strong>动作编辑器</strong>.</li>\n<li>从左侧窗格<strong>映射编辑器</strong>，展开<strong>服务</strong>&gt;<strong>服务-账户存储$账户$获取</strong> ，然后选择<strong>记录{集合}</strong>.</li>\n<li>从右侧窗格<strong>映射编辑器</strong>，展开<strong>表格</strong>&gt;<strong>frmAccount</strong>&gt;<strong>Segment-segAccountList</strong>&gt;<strong>主数据映射</strong> ，然后选择<strong>行数据{集合}</strong>.</li><li>同时展开<strong>记录{集合}</strong>和<strong>行数据{集合}</strong>.</li>\n</ol>"
    },
    "navigationBar": {
      "left": {
        "text": "上一个"
      },
      "right": {
        "text": "下一个"
      }
    }
  },
  "Card.VoltMX.ConnectAppServWebV9.mapping2": {
    "content": {
      "title": "使用 UI 元素映射服务",
      "body": "<p>将映射编辑器中的以下元素从左窗格映射到右窗格。</p>\n<ul>\n<li>从左侧窗格<strong>映射编辑器</strong>，选择<strong> AccountNumber{string}</strong>. <br />从右侧窗格<strong>映射编辑器</strong>，展开<strong>标签-lblAccountNumber</strong>然后选择<strong>文本{字符串}</strong>.</li>\n<li>从左侧窗格<strong>映射编辑器</strong>，选择<strong>余额{字符串}</strong>.<br />从右侧窗格<strong>映射编辑器</strong>，展开<strong>标签-lblBalance</strong>然后选择<strong>文本{字符串}</strong>.</li>\n<li>从左侧窗格<strong>映射编辑器</strong>，选择<strong>帐户名称{字符串}</strong>. <br />从右侧窗格<strong>映射编辑器</strong>，展开<strong>标签-lblAccountName</strong>然后选择<strong>文本{字符串}</strong>.</li>\n</ul>"
    },
    "navigationBar": {
      "left": {
        "text": "上一个"
      },
      "right": {
        "text": "下一个"
      }
    }
  },
  "Card.VoltMX.ConnectAppServWebV9.mapping4": {
    "content": {
      "title": "映射服务数据",
      "body": "<ol>\n<li>来自<strong>动作编辑器</strong>画布下<strong>调用服务</strong>，选择<strong>回调</strong>.</li>\n<li>从左侧菜单<strong>动作编辑器</strong> , 在<strong>映射</strong>部分，选择<strong>添加映射</strong>.<br /><strong>映射编辑器</strong>窗口出现。</li>\n<li>从左侧窗格<strong>映射编辑器</strong>，展开<strong>服务</strong>&gt;<strong> 服务- RecipientStorage$Recipients$get</strong> ，然后选择<strong>记录{集合}</strong>.</li>\n<li>从右侧窗格<strong>映射编辑器</strong>，展开<strong>表格</strong>&gt;<strong>frmRecipients</strong>&gt;<strong>Segment-segPayeeList</strong>&gt;<strong>主数据映射</strong> ，然后选择<strong>行数据{集合}</strong>.</li><li>同时展开<strong>记录{集合}</strong>和<strong>行数据{集合}</strong>.</li>\n</ol>"
    },
    "navigationBar": {
      "left": {
        "text": "上一个"
      },
      "right": {
        "text": "下一个"
      }
    }
  },
  "Card.VoltMX.ConnectAppServWebV9.mapping5": {
    "content": {
      "title": "使用 UI 元素映射服务",
      "body": "<ol>\n<li>将映射编辑器中的以下元素从左窗格映射到右窗格。<ul>\n<li>从左侧窗格<strong>映射编辑器</strong>，选择<strong> RecipientID{number}</strong>. <br />从右侧窗格<strong>映射编辑器</strong>，展开<strong>标签-lblPayeeID</strong>然后选择<strong>文本{字符串}</strong>.</li>\n<li>从左侧窗格<strong>映射编辑器</strong>，选择<strong>名字{字符串}</strong>. <br />从右侧窗格<strong>映射编辑器</strong>，展开<strong>标签-lblFirstName</strong>然后选择<strong>文本{字符串}。</strong></li>\n</ul>\n</li>\n</ol>"
    },
    "navigationBar": {
      "left": {
        "text": "上一个"
      },
      "right": {
        "text": "下一个"
      }
    }
  },
  "Card.VoltMX.ConnectAppServWebV9.mapping6": {
    "content": {
      "title": "使用 UI 元素映射服务",
      "body": "<ul>\n<li>从左侧窗格<strong>映射编辑器</strong>，选择<strong>姓氏{字符串}</strong>.<br />从右侧窗格<strong>映射编辑器</strong>，展开<strong>标签-lblLastName</strong>然后选择<strong>文本{字符串}</strong>.</li>\n<li>从左侧窗格<strong>映射编辑器</strong>，选择<strong>电话{字符串}</strong>. <br />从右侧窗格<strong>映射编辑器</strong>，展开<strong>标签-lblPhone</strong>并选择<strong>文本{字符串}</strong>.</li>\n</ul>\n<ol start=\"2\">\n<li>点击<strong>保存</strong>.</li>\n</ol>"
    },
    "navigationBar": {
      "left": {
        "text": "上一个"
      },
      "right": {
        "text": "下一个"
      }
    }
  },
  "Card.VoltMX.ConnectAppServWebV9.onNavfuncPay": {
    "content": {
      "title": "收件人表单中的预展事件",
      "body": "<ol>\n<li>来自<strong>项目</strong>资源管理器，导航到<strong>响应式网页/桌面</strong>&gt;<strong>表格</strong>并选择<strong>frmRecipients</strong>.</li>\n<li>从虹膜的右上角，导航到<strong>属性</strong>面板并选择<strong>行动</strong>选项卡。</li>\n<li> 在<strong>一般</strong>部分，用于<strong>预演</strong>事件，点击<strong>编辑</strong>.<br /><strong>动作编辑器</strong>窗口出现。</li>\n</ol>"
    },
    "navigationBar": {
      "left": {
        "text": "上一个"
      },
      "right": {
        "text": "下一个"
      }
    }
  },
  "Card.VoltMX.ConnectAppServWebV9.onNavfunction": {
    "content": {
      "title": "账户表格的PreShow事件",
      "body": "<ol>\n<li>来自<strong>项目</strong>资源管理器，导航到<strong>响应式网络/桌面</strong>&gt;<strong>表格</strong>并选择<strong>frmAccount</strong>.</li>\n<li>来自<strong>属性</strong> Iris 面板，导航到<strong>行动</strong>选项卡。</li>\n<li>对于<strong>预演</strong>事件，点击<strong>编辑</strong>.<br /><strong>动作编辑器</strong>窗口出现。</li>\n</ol>"
    },
    "navigationBar": {
      "left": {
        "text": "上一个"
      },
      "right": {
        "text": "下一个"
      }
    }
  },
  "Card.VoltMX.ConnectAppServWebV9.run": {
    "content": {
      "title": "运行应用程序",
      "body": "<ol>\n<li>从左侧导航栏中，单击<strong>运行</strong>.<br /> Iris 显示需要一些时间<strong>实时预览已准备就绪</strong>窗口。</li>\n<li>在您的应用中输入以下登录凭据：<ul>\n<li>用户名：<strong>john.doe@woodburn.com</strong></li>\n<li>密码：<strong>VoltMX@123</strong></li>\n</ul>\n</li>\n<li>点击<strong>登录</strong>查看账户列表。</li>\n<li>点击<strong>收件人</strong>. <br /><strong>收件人列表</strong>出现。</li>\n</ol>"
    },
    "navigationBar": {
      "left": {
        "text": "上一个"
      },
      "right": {
        "text": "下一个"
      }
    }
  }
}