{
  "Tour.ConnecttheAppUItoData-WebV9": {
    "description": " यात्रा का विवरण"
  },
  "Hike.VoltMX.ConnectAppServWebV9": {
    "description": " वृद्धि का विवरण"
  },
  "Card.VoltMX.ConnectAppServWebV9.addStaticExpression": {
    "content": {
      "title": " मैपिंग एडिटर में स्टेटिक एक्सप्रेशन जोड़ें",
      "body": "<ol>\n<li> के दाएँ फलक से<strong> मानचित्रण संपादक</strong> , विस्तृत करें<strong> लेबल-एलबीएलडॉट्स</strong> और राइट-क्लिक करें<strong> पाठ {स्ट्रिंग}</strong> , और चुनें<strong> अभिव्यक्ति जोड़ें</strong>.</li>\n<li> दिखाई देने वाले बॉक्स में, निम्न टाइप करें:<br /><span style=\"background-color: #999999;\"><strong> \"...\"</strong></span><br /> इसे बंद करने के लिए बॉक्स के बाहर कहीं भी क्लिक करें।</li>\n<li> क्लिक करें<strong> सहेजें</strong>.</li>\n</ol>"
    },
    "navigationBar": {
      "left": {
        "text": " पिछला"
      },
      "right": {
        "text": " अगला"
      }
    }
  },
  "Card.VoltMX.ConnectAppServWebV9.done": {
    "content": {
      "title": " बधाई",
      "body": "<p> आपने सफलतापूर्वक:</p>\n<ul>\n<li><strong> प्रपत्र के UI तत्वों के साथ एकीकृत सेवाएं</strong></li>\n</ul>\n<p> &nbsp;</p>\n<p> प्राप्तकर्ता विवरण बनाने और प्राप्तकर्ता को हटाने के लिए कार्यक्षमता जोड़ने का तरीका जानने के लिए, अगली वृद्धि देखें:<a class=\"tour-link\" tour=\"082af3t0-74a2-4ere-a6u3-749d59n5\"><strong> 6. प्राप्तकर्ता विवरण बनाएं।</strong></a>.</p>"
    },
    "navigationBar": {
      "left": {
        "text": " पिछला"
      },
      "right": {
        "text": " हो गया"
      }
    }
  },
  "Card.VoltMX.ConnectAppServWebV9.Intro": {
    "content": {
      "title": " ऐप UI को सेवाओं से कनेक्ट करें",
      "body": "<p> इस वृद्धि में, हम करेंगे:</p>\n<ul>\n<li> सेवाओं को खाता प्रपत्र से कनेक्ट करें</li>\n<li> सेवाओं को &nbsp;प्राप्तकर्ता&nbsp;फ़ॉर्म से कनेक्ट करें</li>\n</ul>\n<p> &nbsp;</p>\n<p> आरंभ करने से पहले, वृद्धि पूरी करें:</p>\n<ol><b>\n<li><a class=\"tour-link\" tour=\"5a3913t0-aba2-46rc-adub-832833n2\"> आयात &amp; एक वेब ऐप लॉन्च करें</a></li><li><a class=\"tour-link\" tour=\"220f01t3-bda6-40r0-92uf-56631bnb\"> संग्रह से UI बनाएं</a></li><li><a class=\"tour-link\" tour=\"5e1da5td-37a0-44r6-beu6-374c3cn1\"> ऐप में प्रमाणीकरण जोड़ें</a></li>\n<li><a class=\"tour-link\" tour=\"a851b9t8-75a9-4ara-88ud-946004n9\"> वेब ऐप के लिए सेवाएं बनाना</a></li></b>\n</ol>\n<p> &nbsp;</p>\n<p> सुनिश्चित करें कि आपने वही प्रोजेक्ट खोला है जिसे आपने पिछली हाइक में बनाया था।</p>\n<p> एक बंद परियोजना को खोलने के लिए, मुख्य मेनू से, नेविगेट करें<strong> परियोजना</strong> &gt;<strong> खुला</strong> &gt;<strong> एचसीएल संदर्भ वास्तुकला</strong> &gt;<strong> प्राप्तकर्तावेबएप</strong>.</p>\n<p> &nbsp;</p>\n<p><strong> जब आप तैयार हों, तो स्टार्ट पर क्लिक करें!</strong></p>"
    },
    "navigationBar": {
      "left": {
        "text": " पिछला"
      },
      "right": {
        "text": " प्रारंभ"
      }
    }
  },
  "Card.VoltMX.ConnectAppServWebV9.invokeService": {
    "content": {
      "title": " सेवा का आह्वान करें",
      "body": "<ol>\n<li> के ऊपरी-दाएँ कोने से<strong> एक्शन एडिटर</strong> , का चयन करें<strong> डिज़ाइन दृश्य</strong>.</li>\n<li> के बाएं मेनू से<strong> एक्शन एडिटर</strong> , के तहत<strong> नेटवर्क</strong> अनुभाग, चुनें<strong> सेवा का आह्वान करें</strong>.</li>\n<li> के दाएँ फलक से<strong> एक्शन एडिटर</strong> , के लिए<strong> सेवा का चयन करें</strong> ड्रॉप-डाउन सूची से, चुनें<strong> AccountStorage$Accounts</strong>.</li>\n<li> के लिए<strong> विधि का चयन करें</strong> ड्रॉप-डाउन सूची से, चुनें<strong> प्राप्त करें</strong>.</li>\n</ol>"
    },
    "navigationBar": {
      "left": {
        "text": " पिछला"
      },
      "right": {
        "text": " अगला"
      }
    }
  },
  "Card.VoltMX.ConnectAppServWebV9.invokeService1": {
    "content": {
      "title": " सेवा का आह्वान करें",
      "body": "<ol>\n<li> के ऊपरी-दाएँ कोने से<strong> एक्शन एडिटर</strong> , का चयन करें<strong> डिज़ाइन दृश्य</strong>.</li>\n<li> के बाएं मेनू से<strong> एक्शन एडिटर</strong> , के तहत<strong> नेटवर्क</strong> अनुभाग, चुनें<strong> सेवा का आह्वान करें</strong>.</li>\n<li> के दाएँ फलक से<strong> एक्शन एडिटर</strong> , के लिए<strong> सेवा का चयन करें</strong> ड्रॉप-डाउन सूची से, चुनें<strong> प्राप्तकर्तास्टोरेज$प्राप्तकर्ता</strong>.</li>\n<li> के लिए<strong> विधि का चयन करें</strong> ड्रॉप-डाउन सूची से, चुनें<strong> प्राप्त करें</strong>.</li>\n</ol>"
    },
    "navigationBar": {
      "left": {
        "text": " पिछला"
      },
      "right": {
        "text": " अगला"
      }
    }
  },
  "Card.VoltMX.ConnectAppServWebV9.mapping1": {
    "content": {
      "title": " सेवा डेटा को मैप करें",
      "body": "<ol>\n<li> से<strong> एक्शन एडिटर</strong> कैनवास, अंडर<strong> सेवा का आह्वान करें</strong> , चुनें<strong> कॉलबैक</strong>.</li>\n<li> के बाएं मेनू से<strong> एक्शन एडिटर</strong> , के तहत<strong> मैपिंग</strong> , चुनें<strong> मैपिंग जोड़ें</strong>.<br /> The<strong> मानचित्रण संपादक</strong> विंडो दाएँ फलक पर दिखाई देती है<strong> एक्शन एडिटर</strong>.</li>\n<li> के बाएँ फलक से<strong> मानचित्रण संपादक</strong> , विस्तृत करें<strong> सेवाएं</strong> &gt;<strong> सेवा-खाता संग्रहण$खाता$प्राप्त</strong> , और चुनें<strong> रिकॉर्ड {संग्रह}</strong>.</li>\n<li> के दाएँ फलक से<strong> मानचित्रण संपादक</strong> , विस्तृत करें<strong> प्रपत्र</strong> &gt;<strong> frmखाता</strong> &gt;<strong> सेगमेंट-segAccountList</strong> &gt;<strong> मास्टरडेटामैप</strong> , और चुनें<strong> पंक्ति डेटा {संग्रह}</strong>.</li><li> दोनों का विस्तार करें<strong> रिकॉर्ड {संग्रह}</strong> और<strong> पंक्ति डेटा {संग्रह}</strong>.</li>\n</ol>"
    },
    "navigationBar": {
      "left": {
        "text": " पिछला"
      },
      "right": {
        "text": " अगला"
      }
    }
  },
  "Card.VoltMX.ConnectAppServWebV9.mapping2": {
    "content": {
      "title": " UI तत्वों के साथ सेवा को मैप करें",
      "body": "<p> मानचित्रण संपादक में बाएँ फलक से दाएँ फलक में निम्नलिखित तत्वों को मैप करें।</p>\n<ul>\n<li> के बाएँ फलक से<strong> मानचित्रण संपादक</strong> , चुनें<strong> खाता संख्या {स्ट्रिंग}</strong>. <br /> के दाएँ फलक से<strong> मानचित्रण संपादक</strong> , विस्तृत करें<strong> लेबल-lblखाता संख्या</strong> और चुनें<strong> पाठ {स्ट्रिंग}</strong>.</li>\n<li> के बाएँ फलक से<strong> मानचित्रण संपादक</strong> , चुनें<strong> बैलेंस {स्ट्रिंग}</strong>.<br /> के दाएँ फलक से<strong> मानचित्रण संपादक</strong> , विस्तृत करें<strong> लेबल-एलबीएल बैलेंस</strong> और चुनें<strong> पाठ {स्ट्रिंग}</strong>.</li>\n<li> के बाएँ फलक से<strong> मानचित्रण संपादक</strong> , चुनें<strong> खाता नाम {स्ट्रिंग}</strong>. <br /> के दाएँ फलक से<strong> मानचित्रण संपादक</strong> , विस्तृत करें<strong> लेबल-lblAccountName</strong> और चुनें<strong> पाठ {स्ट्रिंग}</strong>.</li>\n</ul>"
    },
    "navigationBar": {
      "left": {
        "text": " पिछला"
      },
      "right": {
        "text": " अगला"
      }
    }
  },
  "Card.VoltMX.ConnectAppServWebV9.mapping4": {
    "content": {
      "title": " सेवा डेटा को मैप करें",
      "body": "<ol>\n<li> से<strong> एक्शन एडिटर</strong> कैनवास, अंडर<strong> सेवा का आह्वान करें</strong> , चुनें<strong> कॉलबैक</strong>.</li>\n<li> के बाएं मेनू से<strong> एक्शन एडिटर</strong> , के तहत<strong> मैपिंग</strong> अनुभाग, चुनें<strong> मैपिंग जोड़ें</strong>.<br /> The<strong> मानचित्रण संपादक</strong> विंडो प्रकट होती है।</li>\n<li> के बाएँ फलक से<strong> मानचित्रण संपादक</strong> , विस्तृत करें<strong> सेवाएं</strong> &gt;<strong> सेवा- प्राप्तकर्तास्टोरेज$प्राप्तकर्ता$प्राप्त करें</strong> , और चुनें<strong> रिकॉर्ड {संग्रह}</strong>.</li>\n<li> के दाएँ फलक से<strong> मानचित्रण संपादक</strong> , विस्तृत करें<strong> प्रपत्र</strong> &gt;<strong> frmप्राप्तकर्ता</strong> &gt;<strong> खंड-segPayeeList</strong> &gt;<strong> मास्टरडेटामैप</strong> , और चुनें<strong> पंक्ति डेटा {संग्रह}</strong>.</li><li> दोनों का विस्तार करें<strong> रिकॉर्ड {संग्रह}</strong> और<strong> पंक्ति डेटा {संग्रह}</strong>.</li>\n</ol>"
    },
    "navigationBar": {
      "left": {
        "text": " पिछला"
      },
      "right": {
        "text": " अगला"
      }
    }
  },
  "Card.VoltMX.ConnectAppServWebV9.mapping5": {
    "content": {
      "title": " UI तत्वों के साथ सेवा को मैप करें",
      "body": "<ol>\n<li> मैपिंग एडिटर में बाएँ फलक से दाएँ फलक में निम्नलिखित तत्वों को मैप करें।<ul>\n<li> के बाएँ फलक से<strong> मानचित्रण संपादक</strong> , चुनें<strong> प्राप्तकर्ता आईडी {संख्या}</strong>. <br /> के दाएँ फलक से<strong> मानचित्रण संपादक</strong> , विस्तृत करें<strong> लेबल-lblPayeeID</strong> और चुनें<strong> पाठ {स्ट्रिंग}</strong>.</li>\n<li> के बाएँ फलक से<strong> मानचित्रण संपादक</strong> , चुनें<strong> पहला नाम {स्ट्रिंग}</strong>. <br /> के दाएँ फलक से<strong> मानचित्रण संपादक</strong> , विस्तृत करें<strong> लेबल-lblFirstName</strong> और चुनें<strong> टेक्स्ट {स्ट्रिंग}।</strong></li>\n</ul>\n</li>\n</ol>"
    },
    "navigationBar": {
      "left": {
        "text": " पिछला"
      },
      "right": {
        "text": " अगला"
      }
    }
  },
  "Card.VoltMX.ConnectAppServWebV9.mapping6": {
    "content": {
      "title": " UI तत्वों के साथ सेवा को मैप करें",
      "body": "<ul>\n<li> के बाएँ फलक से<strong> मानचित्रण संपादक</strong> , चुनें<strong> अंतिम नाम {स्ट्रिंग}</strong>.<br /> के दाएँ फलक से<strong> मानचित्रण संपादक</strong> , विस्तृत करें<strong> लेबल-lblLastName</strong> और चुनें<strong> पाठ {स्ट्रिंग}</strong>.</li>\n<li> के बाएँ फलक से<strong> मानचित्रण संपादक</strong> , चुनें<strong> फ़ोन {स्ट्रिंग}</strong>. <br /> के दाएँ फलक से<strong> मानचित्रण संपादक</strong> , विस्तृत करें<strong> लेबल-एलबीएलफोन</strong> और चुनें<strong> पाठ {स्ट्रिंग}</strong>.</li>\n</ul>\n<ol start=\"2\">\n<li> क्लिक करें<strong> सहेजें</strong>.</li>\n</ol>"
    },
    "navigationBar": {
      "left": {
        "text": " पिछला"
      },
      "right": {
        "text": " अगला"
      }
    }
  },
  "Card.VoltMX.ConnectAppServWebV9.onNavfuncPay": {
    "content": {
      "title": " प्राप्तकर्ता फॉर्म में प्रीशो इवेंट",
      "body": "<ol>\n<li> से<strong> परियोजना</strong> एक्सप्लोरर, नेविगेट करें<strong> उत्तरदायी वेब/डेस्कटॉप</strong> &gt;<strong> प्रपत्र</strong> और चुनें<strong> frmप्राप्तकर्ता</strong>.</li>\n<li> आइरिस के ऊपरी-दाएँ कोने से नेविगेट करें<strong> गुण</strong> पैनल और चुनें<strong> क्रिया</strong> टैब।</li>\n<li> के तहत<strong> सामान्य</strong> अनुभाग, के लिए<strong> प्रीशो</strong> घटना, क्लिक करें<strong> संपादित करें</strong>.<br /> The<strong> एक्शन एडिटर</strong> विंडो प्रकट होती है।</li>\n</ol>"
    },
    "navigationBar": {
      "left": {
        "text": " पिछला"
      },
      "right": {
        "text": " अगला"
      }
    }
  },
  "Card.VoltMX.ConnectAppServWebV9.onNavfunction": {
    "content": {
      "title": " अकाउंट्स फॉर्म के लिए प्रीशो इवेंट",
      "body": "<ol>\n<li> से<strong> परियोजना</strong> एक्सप्लोरर, नेविगेट करें<strong> उत्तरदायी वेब/डेस्कटॉप</strong> &gt;<strong> प्रपत्र</strong> और चुनें<strong> frmखाता</strong>.</li>\n<li> से<strong> गुण</strong> आइरिस का पैनल, नेविगेट करें<strong> क्रिया</strong> टैब।</li>\n<li> के लिए<strong> प्रीशो</strong> घटना, क्लिक करें<strong> संपादित करें</strong>.<br /> The<strong> एक्शन एडिटर</strong> विंडो प्रकट होती है।</li>\n</ol>"
    },
    "navigationBar": {
      "left": {
        "text": " पिछला"
      },
      "right": {
        "text": " अगला"
      }
    }
  },
  "Card.VoltMX.ConnectAppServWebV9.run": {
    "content": {
      "title": " ऐप चलाएँ",
      "body": "<ol>\n<li> बाएं नेविगेशन बार से, क्लिक करें<strong> भागो</strong>.<br /> आइरिस को प्रदर्शित होने में कुछ समय लगेगा<strong> लाइव पूर्वावलोकन तैयार है</strong> window.</li>\n<li> अपने ऐप में निम्नलिखित लॉगिन क्रेडेंशियल दर्ज करें:<ul>\n<li> उपयोगकर्ता नाम:<strong> john.doe@woodburn.com</strong></li>\n<li> पासवर्ड:<strong> वोल्टएमएक्स@123</strong></li>\n</ul>\n</li>\n<li> क्लिक करें<strong> लॉगिन करें</strong> खातों की सूची देखने के लिए।</li>\n<li> क्लिक करें<strong> प्राप्तकर्ता</strong>. <br /> The<strong> प्राप्तकर्ताओं की सूची</strong> प्रकट होता है।</li>\n</ol>"
    },
    "navigationBar": {
      "left": {
        "text": " पिछला"
      },
      "right": {
        "text": " अगला"
      }
    }
  }
}