{
  "Tour.ConnecttheAppUItoData-WebV9": {
    "description": " Description of Tour"
  },
  "Hike.VoltMX.ConnectAppServWebV9": {
    "description": " Description of hike"
  },
  "Card.VoltMX.ConnectAppServWebV9.addStaticExpression": {
    "content": {
      "title": "Add Static Expression in Mapping Editor",
      "body": "<ol>\n<li>From the right pane of the <strong>Mapping Editor</strong>, expand <strong>Label-lblDots</strong>, and right-click on <strong>text{string}</strong>, and select <strong>Add Expression</strong>.</li>\n<li>In the box that appears, type the following:<br /><span style=\"background-color: #999999;\"><strong> \"...\"</strong></span><br /> Click anywhere outside the box to close it.</li>\n<li>Click <strong>Save</strong>.</li>\n</ol>"
    },
    "navigationBar": {
      "left": {
        "text": "Previous"
      },
      "right": {
        "text": "Next"
      }
    }
  },
  "Card.VoltMX.ConnectAppServWebV9.done": {
    "content": {
      "title": "Congratulations",
      "body": "<p>You have successfully:</p>\n<ul>\n<li><strong>Integrated Services with the UI elements of the form</strong></li>\n</ul>\n<p>&nbsp;</p>\n<p>To learn how to create the Recipient details and add the functionality to delete a recipient, check out the next hike: <a class=\"tour-link\" tour=\"082af3t0-74a2-4ere-a6u3-749d59n5\"><strong>6. Create Recipient Details.</strong></a>.</p>"
    },
    "navigationBar": {
      "left": {
        "text": "Previous"
      },
      "right": {
        "text": "Done"
      }
    }
  },
  "Card.VoltMX.ConnectAppServWebV9.Intro": {
    "content": {
      "title": "Connect App UI to Services",
      "body": "<p>In this hike, we will:</p>\n<ul>\n<li>Connect services with the Account form</li>\n<li>Connect services with the&nbsp;Recipient&nbsp;form</li>\n</ul>\n<p>&nbsp;</p>\n<p>Before you get started, complete the hike:</p>\n<ol><b>\n<li><a class=\"tour-link\" tour=\"5a3913t0-aba2-46rc-adub-832833n2\">Import &amp; Launch a Web App</a></li><li><a class=\"tour-link\" tour=\"220f01t3-bda6-40r0-92uf-56631bnb\">Create UI from Collections</a></li><li><a class=\"tour-link\" tour=\"5e1da5td-37a0-44r6-beu6-374c3cn1\">Add Authentication to the App</a></li>\n<li><a class=\"tour-link\" tour=\"a851b9t8-75a9-4ara-88ud-946004n9\">Creating Services for a Web App</a></li></b>\n</ol>\n<p>&nbsp;</p>\n<p>Ensure that you open the same project that you have created in the previous hikes.</p>\n<p>To open a closed project, from the main menu, navigate to <strong>Project</strong> &gt; <strong>Open</strong> &gt; <strong>HCL Reference Architecture</strong> &gt; <strong>RecipientsWebApp</strong>.</p>\n<p>&nbsp;</p>\n<p><strong>When you are ready, click Start!</strong></p>"
    },
    "navigationBar": {
      "left": {
        "text": "Previous"
      },
      "right": {
        "text": "Start"
      }
    }
  },
  "Card.VoltMX.ConnectAppServWebV9.invokeService": {
    "content": {
      "title": "Invoke Service",
      "body": "<ol>\n<li>From the top-right corner of the <strong>Action Editor</strong>, select the <strong>Design View</strong>.</li>\n<li>From the left menu of the <strong>Action Editor</strong>, under the <strong>Network</strong> section, select <strong>Invoke Service</strong>.</li>\n<li>From the right pane of the <strong>Action Editor</strong>, for <strong>Select Service</strong>, from the drop-down list, select <strong>AccountStorage$Accounts</strong>.</li>\n<li>For <strong>Select Method</strong>, from the drop-down list, select <strong>get</strong>.</li>\n</ol>"
    },
    "navigationBar": {
      "left": {
        "text": "Previous"
      },
      "right": {
        "text": "Next"
      }
    }
  },
  "Card.VoltMX.ConnectAppServWebV9.invokeService1": {
    "content": {
      "title": "Invoke Service",
      "body": "<ol>\n<li>From the top-right corner of the <strong>Action Editor</strong>, select the <strong>Design View</strong>.</li>\n<li>From the left menu of the <strong>Action Editor</strong>, under the <strong>Network</strong> section, select <strong>Invoke Service</strong>.</li>\n<li>From the right pane of the <strong>Action Editor</strong>, for <strong>Select Service</strong>, from the drop-down list, select <strong>RecipientStorage$Recipients</strong>.</li>\n<li>For <strong>Select Method</strong>, from the drop-down list, select <strong>get</strong>.</li>\n</ol>"
    },
    "navigationBar": {
      "left": {
        "text": "Previous"
      },
      "right": {
        "text": "Next"
      }
    }
  },
  "Card.VoltMX.ConnectAppServWebV9.mapping1": {
    "content": {
      "title": "Map the Service Data",
      "body": "<ol>\n<li>From the <strong>Action Editor</strong> canvas, under <strong>Invoke Service</strong>, select <strong>Callback</strong>.</li>\n<li>From the left menu of the <strong>Action Editor</strong>, under <strong>Mapping</strong>, select <strong>Add Mapping</strong>.<br /> The <strong>Mapping Editor</strong> window appears on the right pane of the <strong>Action Editor</strong>.</li>\n<li>From the left pane of the <strong>Mapping Editor</strong>, expand <strong>Services</strong> &gt; <strong>Service-AccountStorage$Accounts$get</strong>, and select <strong>records{collection}</strong>.</li>\n<li>From the right pane of the <strong>Mapping Editor</strong>, expand <strong>Forms </strong>&gt; <strong>frmAccount</strong> &gt; <strong>Segment-segAccountList</strong> &gt; <strong>masterdatamap</strong>, and select <strong>rowData{collection}</strong>.</li><li>Expand both <strong>records{collection}</strong> and <strong>rowData{collection}</strong>.</li>\n</ol>"
    },
    "navigationBar": {
      "left": {
        "text": "Previous"
      },
      "right": {
        "text": "Next"
      }
    }
  },
  "Card.VoltMX.ConnectAppServWebV9.mapping2": {
    "content": {
      "title": "Map the Service with UI Elements",
      "body": "<p>Map the following elements in the Mapping Editor from the left pane to the right pane.</p>\n<ul>\n<li>From the left pane of the <strong>Mapping Editor</strong>, select <strong>AccountNumber{string}</strong>. <br /> From the right pane of the <strong>Mapping Editor</strong>, expand <strong>Label-lblAccountNumber </strong>and select <strong>text{string}</strong>.</li>\n<li>From the left pane of the <strong>Mapping Editor</strong>, select <strong>Balance{string}</strong>.<br />From the right pane of the <strong>Mapping Editor</strong>, expand <strong>Label-lblBalance </strong>and select <strong>text{string}</strong>.</li>\n<li>From the left pane of the <strong>Mapping Editor</strong>, select <strong>AccountName{string}</strong>. <br /> From the right pane of the <strong>Mapping Editor</strong>, expand <strong>Label-lblAccountName </strong>and select <strong>text{string}</strong>.</li>\n</ul>"
    },
    "navigationBar": {
      "left": {
        "text": "Previous"
      },
      "right": {
        "text": "Next"
      }
    }
  },
  "Card.VoltMX.ConnectAppServWebV9.mapping4": {
    "content": {
      "title": "Map the Service Data",
      "body": "<ol>\n<li>From the <strong>Action Editor</strong> canvas, under <strong>Invoke Service</strong>, select <strong>Callback</strong>.</li>\n<li>From the left menu of the <strong>Action Editor</strong>, under the <strong>Mapping</strong> section, select <strong>Add Mapping</strong>.<br /> The <strong>Mapping Editor</strong> window appears.</li>\n<li>From the left pane of the <strong>Mapping Editor</strong>, expand <strong>Services</strong> &gt; <strong>Service- RecipientStorage$Recipients$get</strong>, and select <strong>records{collection}</strong>.</li>\n<li>From the right pane of the <strong>Mapping Editor</strong>, expand <strong>Forms </strong>&gt; <strong>frmRecipients</strong> &gt; <strong>Segment-segPayeeList </strong>&gt; <strong>masterdatamap</strong>, and select <strong>rowData{collection}</strong>.</li><li>Expand both <strong>records{collection}</strong> and <strong>rowData{collection}</strong>.</li>\n</ol>"
    },
    "navigationBar": {
      "left": {
        "text": "Previous"
      },
      "right": {
        "text": "Next"
      }
    }
  },
  "Card.VoltMX.ConnectAppServWebV9.mapping5": {
    "content": {
      "title": "Map the Service with UI Elements",
      "body": "<ol>\n<li>Map the following elements in the Mapping Editor from the left pane to the right pane.\n<ul>\n<li>From the left pane of the <strong>Mapping Editor</strong>, select <strong>RecipientID{number}</strong>. <br /> From the right pane of the <strong>Mapping Editor</strong>, expand <strong>Label-lblPayeeID </strong>and select <strong>text{string}</strong>.</li>\n<li>From the left pane of the <strong>Mapping Editor</strong>, select <strong>FirstName{string}</strong>. <br />From the right pane of the <strong>Mapping Editor</strong>, expand <strong>Label-lblFirstName </strong>and select <strong>text{string}.</strong></li>\n</ul>\n</li>\n</ol>"
    },
    "navigationBar": {
      "left": {
        "text": "Previous"
      },
      "right": {
        "text": "Next"
      }
    }
  },
  "Card.VoltMX.ConnectAppServWebV9.mapping6": {
    "content": {
      "title": "Map the Service with UI Elements",
      "body": "<ul>\n<li>From the left pane of the <strong>Mapping Editor</strong>, select <strong>LastName{string}</strong>.<br />From the right pane of the <strong>Mapping Editor</strong>, expand <strong>Label-lblLastName </strong>and select <strong>text{string}</strong>.</li>\n<li>From the left pane of the <strong>Mapping Editor</strong>, select <strong>Phone{string}</strong>. <br /> From the right pane of the <strong>Mapping Editor</strong>, expand <strong>Label-lblPhone</strong> and select <strong>text{string}</strong>.</li>\n</ul>\n<ol start=\"2\">\n<li>Click <strong>Save</strong>.</li>\n</ol>"
    },
    "navigationBar": {
      "left": {
        "text": "Previous"
      },
      "right": {
        "text": "Next"
      }
    }
  },
  "Card.VoltMX.ConnectAppServWebV9.onNavfuncPay": {
    "content": {
      "title": "preShow Event in Recipients Form",
      "body": "<ol>\n<li>From the <strong>Project</strong> explorer, navigate to <strong>Responsive Web/ Desktop</strong> &gt; <strong>Forms</strong> and select <strong>frmRecipients</strong>.</li>\n<li>From the top-right corner of the Iris, navigate to <strong>Properties </strong>panel and select the <strong>Action</strong> tab.</li>\n<li>Under the <strong>General </strong>section, for the <strong>preShow</strong> event, click <strong>Edit</strong>.<br /> The <strong>Action Editor </strong>window appears.</li>\n</ol>"
    },
    "navigationBar": {
      "left": {
        "text": "Previous"
      },
      "right": {
        "text": "Next"
      }
    }
  },
  "Card.VoltMX.ConnectAppServWebV9.onNavfunction": {
    "content": {
      "title": "PreShow Event for Accounts Form",
      "body": "<ol>\n<li>From the <strong>Project</strong> explorer, navigate to <strong>Responsive Web/Desktop</strong> &gt; <strong>Forms</strong> and select <strong>frmAccount</strong>.</li>\n<li>From the <strong>Properties </strong>panel of Iris, navigate to the <strong>Action</strong> tab.</li>\n<li>For the <strong>preShow</strong> event, click <strong>Edit</strong>.<br /> The <strong>Action Editor </strong>window appears.</li>\n</ol>"
    },
    "navigationBar": {
      "left": {
        "text": "Previous"
      },
      "right": {
        "text": "Next"
      }
    }
  },
  "Card.VoltMX.ConnectAppServWebV9.run": {
    "content": {
      "title": "Run the App",
      "body": "<ol>\n<li>From the left navigation bar, click <strong>Run</strong>.<br /> It will take some time for Iris to display the <strong>Live Preview is ready</strong> window.</li>\n<li>Enter the following login credentials in your app:\n<ul>\n<li>Username: <strong>john.doe@woodburn.com</strong></li>\n<li>Password: <strong>VoltMX@123</strong></li>\n</ul>\n</li>\n<li>Click <strong>Login </strong>to view the list of accounts.</li>\n<li>Click <strong>Recipients</strong>. <br /> The <strong>Recipients list</strong> appears.</li>\n</ol>"
    },
    "navigationBar": {
      "left": {
        "text": "Previous"
      },
      "right": {
        "text": "Next"
      }
    }
  }
}