{
  "Tour.ConnecttheAppUItoData-WebV9": {
    "description": "旅遊描述"
  },
  "Hike.VoltMX.ConnectAppServWebV9": {
    "description": "徒步說明"
  },
  "Card.VoltMX.ConnectAppServWebV9.addStaticExpression": {
    "content": {
      "title": "在映射編輯器中添加靜態表達式",
      "body": "<ol>\n<li>從右側窗格<strong>映射編輯器</strong>，展開<strong>標籤-lblDots</strong> ，然後右鍵單擊<strong>文本{字符串}</strong> ，然後選擇<strong>添加表達式</strong>.</li>\n<li>在出現的框中，鍵入以下內容：<br /><span style=\"background-color: #999999;\"><strong>“……”</strong></span><br />單擊框外的任意位置將其關閉。</li>\n<li>點擊<strong>保存</strong>.</li>\n</ol>"
    },
    "navigationBar": {
      "left": {
        "text": "上一個"
      },
      "right": {
        "text": "下一個"
      }
    }
  },
  "Card.VoltMX.ConnectAppServWebV9.done": {
    "content": {
      "title": " 恭喜",
      "body": "<p>您已成功：</p>\n<ul>\n<li><strong>具有表單UI元素的集成服務</strong></li>\n</ul>\n<p> &nbsp;</p>\n<p>要了解如何創建收件人詳細信息並添加刪除收件人的功能，請查看下一次加息：<a class=\"tour-link\" tour=\"082af3t0-74a2-4ere-a6u3-749d59n5\"><strong>6. 創建收件人詳細信息。</strong></a>.</p>"
    },
    "navigationBar": {
      "left": {
        "text": "上一個"
      },
      "right": {
        "text": "完成"
      }
    }
  },
  "Card.VoltMX.ConnectAppServWebV9.Intro": {
    "content": {
      "title": "將應用程序 UI 連接到服務",
      "body": "<p> 在這次徒步旅行中，我們將：</p>\n<ul>\n<li> 使用 Account 表單連接服務</li>\n<li>將服務與接收者表單聯繫起來</li>\n</ul>\n<p> &nbsp;</p>\n<p>在開始之前，完成遠足：</p>\n<ol><b>\n<li><a class=\"tour-link\" tour=\"705a94tb-faa0-47r7-a1ud-31b3dbnf\">啟動你的響應式網絡應用</a></li><li><a class=\"tour-link\" tour=\"220f01t3-bda6-40r0-92uf-56631bnb\">從集合創建用戶界面</a></li><li><a class=\"tour-link\" tour=\"5e1da5td-37a0-44r6-beu6-374c3cn1\">向應用程序添加身份驗證</a></li>\n<li><a class=\"tour-link\" tour=\"a851b9t8-75a9-4ara-88ud-946004n9\">為 Web 應用程序創建服務</a></li></b>\n</ol>\n<p> &nbsp;</p>\n<p>確保您打開在之前的徒步旅行中創建的相同項目。</p>\n<p>要打開一個關閉的項目，從主菜單，導航到<strong>項目</strong>&gt;<strong>打開</strong>&gt;<strong>HCL 參考架構</strong>&gt;<strong>RecipientsWebApp</strong>.</p>\n<p> &nbsp;</p>\n<p><strong>準備好後，單擊開始！</strong></p>"
    },
    "navigationBar": {
      "left": {
        "text": "上一個"
      },
      "right": {
        "text": "開始"
      }
    }
  },
  "Card.VoltMX.ConnectAppServWebV9.invokeService": {
    "content": {
      "title": "調用服務",
      "body": "<ol>\n<li>從右上角<strong>動作編輯器</strong>，選擇<strong>設計視圖</strong>.</li>\n<li>從左側菜單<strong>動作編輯器</strong> , 在<strong>網絡</strong>部分，選擇<strong>調用服務</strong>.</li>\n<li>從右側窗格<strong>動作編輯器</strong> , 對於<strong>選擇服務</strong> ，從下拉列表中選擇<strong>帳戶存儲$帳戶</strong>.</li>\n<li>對於<strong>選擇方法</strong> ，從下拉列表中選擇<strong>得到</strong>.</li>\n</ol>"
    },
    "navigationBar": {
      "left": {
        "text": "上一個"
      },
      "right": {
        "text": "下一個"
      }
    }
  },
  "Card.VoltMX.ConnectAppServWebV9.invokeService1": {
    "content": {
      "title": "調用服務",
      "body": "<ol>\n<li>從右上角<strong>動作編輯器</strong>，選擇<strong>設計視圖</strong>.</li>\n<li>從左側菜單<strong>動作編輯器</strong> , 在<strong>網絡</strong>部分，選擇<strong>調用服務</strong>.</li>\n<li>從右側窗格<strong>動作編輯器</strong> , 對於<strong>選擇服務</strong> ，從下拉列表中選擇<strong>RecipientStorage$Recipients</strong>.</li>\n<li>對於<strong>選擇方法</strong> ，從下拉列表中選擇<strong>得到</strong>.</li>\n</ol>"
    },
    "navigationBar": {
      "left": {
        "text": "上一個"
      },
      "right": {
        "text": "下一個"
      }
    }
  },
  "Card.VoltMX.ConnectAppServWebV9.mapping1": {
    "content": {
      "title": "映射服務數據",
      "body": "<ol>\n<li>來自<strong>動作編輯器</strong>畫布下<strong>調用服務</strong>，選擇<strong>回調</strong>.</li>\n<li>從左側菜單<strong>動作編輯器</strong>，下<strong>映射</strong>，選擇<strong>添加映射</strong>.<br /><strong>映射編輯器</strong>窗口出現在右側窗格中<strong>動作編輯器</strong>.</li>\n<li>從左側窗格<strong>映射編輯器</strong>，展開<strong>服務</strong>&gt;<strong>服務-賬戶存儲$賬戶$獲取</strong> ，然後選擇<strong>記錄{集合}</strong>.</li>\n<li>從右側窗格<strong>映射編輯器</strong>，展開<strong>表格</strong>&gt;<strong>frmAccount</strong>&gt;<strong>Segment-segAccountList</strong>&gt;<strong>主數據映射</strong> ，然後選擇<strong>行數據{集合}</strong>.</li><li>同時展開<strong>記錄{集合}</strong>和<strong>行數據{集合}</strong>.</li>\n</ol>"
    },
    "navigationBar": {
      "left": {
        "text": "上一個"
      },
      "right": {
        "text": "下一個"
      }
    }
  },
  "Card.VoltMX.ConnectAppServWebV9.mapping2": {
    "content": {
      "title": "使用 UI 元素映射服務",
      "body": "<p>將映射編輯器中的以下元素從左窗格映射到右窗格。</p>\n<ul>\n<li>從左側窗格<strong>映射編輯器</strong>，選擇<strong> AccountNumber{string}</strong>. <br />從右側窗格<strong>映射編輯器</strong>，展開<strong>標籤-lblAccountNumber</strong>然後選擇<strong>文本{字符串}</strong>.</li>\n<li>從左側窗格<strong>映射編輯器</strong>，選擇<strong>餘額{字符串}</strong>.<br />從右側窗格<strong>映射編輯器</strong>，展開<strong>標籤-lblBalance</strong>然後選擇<strong>文本{字符串}</strong>.</li>\n<li>從左側窗格<strong>映射編輯器</strong>，選擇<strong>帳戶名稱{字符串}</strong>. <br />從右側窗格<strong>映射編輯器</strong>，展開<strong>標籤-lblAccountName</strong>然後選擇<strong>文本{字符串}</strong>.</li>\n</ul>"
    },
    "navigationBar": {
      "left": {
        "text": "上一個"
      },
      "right": {
        "text": "下一個"
      }
    }
  },
  "Card.VoltMX.ConnectAppServWebV9.mapping4": {
    "content": {
      "title": "映射服務數據",
      "body": "<ol>\n<li>來自<strong>動作編輯器</strong>畫布下<strong>調用服務</strong>，選擇<strong>回調</strong>.</li>\n<li>從左側菜單<strong>動作編輯器</strong> , 在<strong>映射</strong>部分，選擇<strong>添加映射</strong>.<br /><strong>映射編輯器</strong>窗口出現。</li>\n<li>從左側窗格<strong>映射編輯器</strong>，展開<strong>服務</strong>&gt;<strong>服務- RecipientStorage$Recipients$get</strong> ，然後選擇<strong>記錄{集合}</strong>.</li>\n<li>從右側窗格<strong>映射編輯器</strong>，展開<strong>表格</strong>&gt;<strong>frmRecipients</strong>&gt;<strong>Segment-segPayeeList</strong>&gt;<strong>主數據映射</strong> ，然後選擇<strong>行數據{集合}</strong>.</li><li>同時展開<strong>記錄{集合}</strong>和<strong>行數據{集合}</strong>.</li>\n</ol>"
    },
    "navigationBar": {
      "left": {
        "text": "上一個"
      },
      "right": {
        "text": "下一個"
      }
    }
  },
  "Card.VoltMX.ConnectAppServWebV9.mapping5": {
    "content": {
      "title": "使用 UI 元素映射服務",
      "body": "<ol>\n<li>將映射編輯器中的以下元素從左窗格映射到右窗格。<ul>\n<li>從左側窗格<strong>映射編輯器</strong>，選擇<strong> RecipientID{number}</strong>. <br />從右側窗格<strong>映射編輯器</strong>，展開<strong>標籤-lblPayeeID</strong>然後選擇<strong>文本{字符串}</strong>.</li>\n<li>從左側窗格<strong>映射編輯器</strong>，選擇<strong>名字{字符串}</strong>. <br />從右側窗格<strong>映射編輯器</strong>，展開<strong>標籤-lblFirstName</strong>然後選擇<strong>文本{字符串}。</strong></li>\n</ul>\n</li>\n</ol>"
    },
    "navigationBar": {
      "left": {
        "text": "上一個"
      },
      "right": {
        "text": "下一個"
      }
    }
  },
  "Card.VoltMX.ConnectAppServWebV9.mapping6": {
    "content": {
      "title": "使用 UI 元素映射服務",
      "body": "<ul>\n<li>從左側窗格<strong>映射編輯器</strong>，選擇<strong>姓氏{字符串}</strong>.<br />從右側窗格<strong>映射編輯器</strong>，展開<strong>標籤-lblLastName</strong>然後選擇<strong>文本{字符串}</strong>.</li>\n<li>從左側窗格<strong>映射編輯器</strong>，選擇<strong>電話{字符串}</strong>. <br />從右側窗格<strong>映射編輯器</strong>，展開<strong>標籤-lblPhone</strong>並選擇<strong>文本{字符串}</strong>.</li>\n</ul>\n<ol start=\"2\">\n<li>點擊<strong>保存</strong>.</li>\n</ol>"
    },
    "navigationBar": {
      "left": {
        "text": "上一個"
      },
      "right": {
        "text": "下一個"
      }
    }
  },
  "Card.VoltMX.ConnectAppServWebV9.onNavfuncPay": {
    "content": {
      "title": "收件人表單中的預展事件",
      "body": "<ol>\n<li>來自<strong>項目</strong>資源管理器，導航到<strong>響應式網頁/桌面</strong>&gt;<strong>表格</strong>並選擇<strong>frmRecipients</strong>.</li>\n<li>從虹膜的右上角，導航到<strong>屬性</strong>面板並選擇<strong>行動</strong>選項卡。</li>\n<li> 在<strong>一般</strong>部分，用於<strong>預演</strong>事件，點擊<strong>編輯</strong>.<br /><strong>動作編輯器</strong>窗口出現。</li>\n</ol>"
    },
    "navigationBar": {
      "left": {
        "text": "上一個"
      },
      "right": {
        "text": "下一個"
      }
    }
  },
  "Card.VoltMX.ConnectAppServWebV9.onNavfunction": {
    "content": {
      "title": "賬戶表格的PreShow事件",
      "body": "<ol>\n<li>來自<strong>項目</strong>資源管理器，導航到<strong>響應式網絡/桌面</strong>&gt;<strong>表格</strong>並選擇<strong>frmAccount</strong>.</li>\n<li>來自<strong>屬性</strong> Iris 面板，導航到<strong>行動</strong>選項卡。</li>\n<li>對於<strong>預演</strong>事件，點擊<strong>編輯</strong>.<br /><strong>動作編輯器</strong>窗口出現。</li>\n</ol>"
    },
    "navigationBar": {
      "left": {
        "text": "上一個"
      },
      "right": {
        "text": "下一個"
      }
    }
  },
  "Card.VoltMX.ConnectAppServWebV9.run": {
    "content": {
      "title": "運行應用程序",
      "body": "<ol>\n<li>從左側導航欄中，單擊<strong>運行</strong>.<br /> Iris 顯示需要一些時間<strong>實時預覽已準備就緒</strong>窗口。</li>\n<li>在您的應用中輸入以下登錄憑據：<ul>\n<li>用戶名：<strong>john.doe@woodburn.com</strong></li>\n<li>密碼：<strong>VoltMX@123</strong></li>\n</ul>\n</li>\n<li>點擊<strong>登錄</strong>查看賬戶列表。</li>\n<li>點擊<strong>收件人</strong>. <br /><strong>收件人列表</strong>出現。</li>\n</ol>"
    },
    "navigationBar": {
      "left": {
        "text": "上一個"
      },
      "right": {
        "text": "下一個"
      }
    }
  }
}