{
  "Tour.CreateUIfromCollectionsMob_v9": {
    "description": " यात्रा का विवरण"
  },
  "Hike.VoltMX.createUIMobV9": {
    "description": " वृद्धि का विवरण"
  },
  "Card.VoltMX.createUIMobV9.addNav2": {
    "content": {
      "title": " लॉगिन स्क्रीन से नेविगेशन जोड़ें",
      "body": "<ol>\n<li> से<strong> एक्शन एडिटर</strong> बाएँ मेनू, के अंतर्गत<strong> सामान्य</strong> अनुभाग, चुनें<strong> फॉर्म पर नेविगेट करें</strong>.</li>\n<li> के दाएँ फलक से<strong> एक्शन एडिटर</strong> , चुनें<strong> frmखाता</strong>.</li>\n<li> क्लिक करें<strong> सहेजें</strong>.</li>\n</ol>"
    },
    "navigationBar": {
      "left": {
        "text": " पिछला"
      },
      "right": {
        "text": " अगला"
      }
    }
  },
  "Card.VoltMX.createUIMobV9.addNav3": {
    "content": {
      "title": " खाता प्रपत्र से नेविगेशन जोड़ें",
      "body": "<ol>\n<li> से<strong> परियोजना</strong> एक्सप्लोरर, नेविगेट करने के लिए<strong> मोबाइल</strong> &gt;<strong> प्रपत्र</strong> &gt;<strong> frmAccountList</strong> &nbsp;</li>\n<li> नेविगेट करें<strong> flexAccount</strong> &nbsp;&gt;&nbsp;<strong> flexFooter&nbsp;</strong> और &nbsp;चुनें&nbsp;<strong> flxप्राप्तकर्ता</strong>.</li>\n<li> से<strong> गुण</strong> पैनल, पर नेविगेट करें<strong> क्रिया</strong> टैब।</li>\n<li> के लिए<strong> ऑनक्लिक</strong> घटना, क्लिक करें<strong> संपादित करें</strong>.<br /> The<strong> एक्शन एडिटर</strong> विंडो प्रकट होती है।</li>\n</ol>"
    },
    "navigationBar": {
      "left": {
        "text": " पिछला"
      },
      "right": {
        "text": " अगला"
      }
    }
  },
  "Card.VoltMX.createUIMobV9.addNav4": {
    "content": {
      "title": " खाता प्रपत्र से नेविगेशन जोड़ें",
      "body": "<ol>\n<li> से<strong> एक्शन एडिटर</strong> बाएँ मेनू, के अंतर्गत<strong> सामान्य</strong> अनुभाग, चुनें<strong> फॉर्म पर नेविगेट करें</strong>.</li>\n<li> दाएँ फलक में<strong> एक्शन एडिटर</strong> , चुनें<strong> frmप्राप्तकर्ता</strong>.</li>\n<li> क्लिक करें<strong> सहेजें</strong>.</li>\n</ol>"
    },
    "navigationBar": {
      "left": {
        "text": " पिछला"
      },
      "right": {
        "text": " अगला"
      }
    }
  },
  "Card.VoltMX.createUIMobV9.addNav5": {
    "content": {
      "title": " प्राप्तकर्ता प्रपत्र से नेविगेशन जोड़ें",
      "body": "<ol>\n<li> से<strong> परियोजना</strong> एक्सप्लोरर, नेविगेट करने के लिए<strong> मोबाइल</strong> &gt;<strong> प्रपत्र</strong> &gt;<strong> frmप्राप्तकर्ता।</strong> &nbsp;</li>\n<li> नेविगेट करें<strong> flexRecipientList</strong> &gt;<strong> flexFooter</strong> और चुनें<strong> flxखाते</strong>.</li>\n<li> से<strong> गुण</strong> पैनल, पर नेविगेट करें<strong> क्रिया</strong> टैब।</li>\n<li> के लिए<strong> ऑनक्लिक</strong> घटना, क्लिक करें<strong> संपादित करें</strong>.<br /> The<strong> एक्शन एडिटर</strong> विंडो प्रकट होती है।</li>\n</ol>"
    },
    "navigationBar": {
      "left": {
        "text": " पिछला"
      },
      "right": {
        "text": " अगला"
      }
    }
  },
  "Card.VoltMX.createUIMobV9.addNav6": {
    "content": {
      "title": " प्राप्तकर्ता प्रपत्र से नेविगेशन जोड़ें",
      "body": "<ol>\n<li> से<strong> एक्शन एडिटर</strong> बाएँ मेनू, के अंतर्गत<strong> सामान्य</strong> अनुभाग, चुनें<strong> फॉर्म पर नेविगेट करें</strong>.</li>\n<li> दाएँ फलक में<strong> एक्शन एडिटर</strong> , चुनें<strong> frmखाता</strong>.</li>\n<li> क्लिक करें<strong> सहेजें</strong>.</li>\n</ol>"
    },
    "navigationBar": {
      "left": {
        "text": " पिछला"
      },
      "right": {
        "text": " अगला"
      }
    }
  },
  "Card.VoltMX.createUIMobV9.addNavigation1": {
    "content": {
      "title": " लॉगिन फॉर्म से नेविगेशन",
      "body": "<ol>\n<li> से<strong> परियोजना</strong> एक्सप्लोरर, नेविगेट करें<strong> मोबाइल</strong> &gt;<strong> प्रपत्र</strong> और चुनें<strong> frmLogin</strong>.</li>\n<li> चुनें<strong> लॉगिन</strong> कैनवास पर बटन।</li>\n<li> से<strong> गुण पैनल</strong> नेविगेट करें<strong> क्रिया</strong> टैब।</li>\n<li> के तहत<strong> सामान्य</strong> अनुभाग, के लिए<strong> ऑनक्लिक</strong> घटना, क्लिक करें<strong> संपादित करें</strong>.<br /> The<strong> एक्शन एडिटर</strong> विंडो प्रकट होती है।</li>\n</ol>"
    },
    "navigationBar": {
      "left": {
        "text": " पिछला"
      },
      "right": {
        "text": " अगला"
      }
    }
  },
  "Card.VoltMX.createUIMobV9.addUIAccount": {
    "content": {
      "title": " खाता प्रपत्र के लिए UI",
      "body": "<ol>\n<li> आइरिस कैनवास के बाईं ओर से नेविगेट करें<strong> डिफ़ॉल्ट लाइब्रेरी</strong>.</li>\n<li> खोज आइकन पर क्लिक करें।</li>\n<li> दिखाई देने वाले खोज बार में, दर्ज करें<strong> खाता</strong>.</li>\n<li> परिणामों से, के तहत<strong> प्राप्तकर्तामोबाइल</strong> , चुनें<strong> खाता सूची</strong>.</li>\n<li> खींचें<strong> खाता सूची</strong> पर संग्रह<strong> frmखाता</strong> कैनवास पर प्रपत्र।</li>\n</ol>"
    },
    "navigationBar": {
      "left": {
        "text": " पिछला"
      },
      "right": {
        "text": " अगला"
      }
    }
  },
  "Card.VoltMX.createUIMobV9.addUIlogin": {
    "content": {
      "title": " लॉगिन फॉर्म के लिए यूआई",
      "body": "<ol>\n<li> आइरिस कैनवास के बाईं ओर से नेविगेट करें<strong> डिफ़ॉल्ट लाइब्रेरी</strong>.</li>\n<li> खोज आइकन पर क्लिक करें।</li>\n<li> दिखाई देने वाले खोज बार में, दर्ज करें<strong> लॉगिन</strong>.</li>\n<li> परिणामों से, के तहत<strong> प्राप्तकर्तामोबाइल</strong> , चुनें<strong> उपयोगकर्ता लॉगिन</strong>.</li>\n<li> खींचें<strong> उपयोगकर्ता लॉगिन</strong> पर संग्रह<strong> frmLogin</strong> कैनवास पर प्रपत्र।</li>\n</ol>"
    },
    "navigationBar": {
      "left": {
        "text": " पिछला"
      },
      "right": {
        "text": " अगला"
      }
    }
  },
  "Card.VoltMX.createUIMobV9.addUIPayees": {
    "content": {
      "title": " प्राप्तकर्ता प्रपत्र के लिए UI",
      "body": "<ol>\n<li> आइरिस कैनवास के बाईं ओर से नेविगेट करें<strong> डिफ़ॉल्ट लाइब्रेरी</strong>.</li>\n<li> खोज आइकन पर क्लिक करें।</li>\n<li> दिखाई देने वाले खोज बार में, दर्ज करें<strong> प्राप्तकर्ता सूची</strong>.</li>\n<li> परिणामों से, के तहत<strong> प्राप्तकर्तामोबाइल</strong> , चुनें<strong> प्राप्तकर्ता सूची</strong>.</li>\n<li> खींचें<strong> प्राप्तकर्ताओं की सूची</strong> पर संग्रह<strong> frmप्राप्तकर्ता</strong> कैनवास पर प्रपत्र।</li>\n<li> आइरिस कैनवास के शीर्ष से, चुनें<b> डिज़ाइन</b> टैब में एप्लिकेशन को खोलने के लिए<b> डिज़ाइन</b> देखें।</li>\n</ol>"
    },
    "navigationBar": {
      "left": {
        "text": " पिछला"
      },
      "right": {
        "text": " अगला"
      }
    }
  },
  "Card.VoltMX.createUIMobV9.createAccForm": {
    "content": {
      "title": " एक खाता प्रपत्र बनाएँ",
      "body": "<ol>\n<li> से<b> स्टोरीबोर्ड</b> देखें, चुनें&nbsp;<strong> frmLogin</strong> और फिर&nbsp;<strong>+ </strong> आइकन।<br /> आइरिस एक नया रूप बनाता है।</li>\n<li> नए फॉर्म के ऊपर, क्लिक करें&nbsp;<strong> फॉर्म1</strong>.</li>\n<li> फॉर्म का नाम बदलें&nbsp;<strong> frmखाता</strong>.</li>\n</ol>"
    },
    "navigationBar": {
      "left": {
        "text": " पिछला"
      },
      "right": {
        "text": " अगला"
      }
    }
  },
  "Card.VoltMX.createUIMobV9.createPayForm": {
    "content": {
      "title": " प्राप्तकर्ता प्रपत्र बनाएँ",
      "body": "<ol>\n<li> से<b> स्टोरीबोर्ड</b> देखें, चुनें&nbsp;<strong> frmखाता</strong> और फिर&nbsp;<strong> +&nbsp;</strong> आइकन।<br /> आइरिस एक नया रूप बनाता है।</li>\n<li> नए फॉर्म के ऊपर, क्लिक करें&nbsp;<strong> फॉर्म1</strong>.</li>\n<li> फॉर्म का नाम बदलें&nbsp;<strong> frmप्राप्तकर्ता</strong>.</li>\n</ol>"
    },
    "navigationBar": {
      "left": {
        "text": " पिछला"
      },
      "right": {
        "text": " अगला"
      }
    }
  },
  "Card.VoltMX.createUIMobV9.done": {
    "content": {
      "title": " बधाई",
      "body": "<p> आपने सफलतापूर्वक:</p>\n<ul>\n<li><strong> उपयोगकर्ता सहभागिता के लिए UI तत्वों के साथ प्रपत्र बनाए गए</strong></li>\n<li><strong> प्रपत्रों के बीच जोड़ा गया नेविगेशन</strong></li>\n<li><strong> वोल्ट एमएक्स ऐप का उपयोग करके मोबाइल डिवाइस पर अपना ऐप लॉन्च किया</strong></li>\n</ul><br/>\n<p> इस ऐप के लिए लॉगिन और लॉगआउट संचालन जोड़ने का तरीका जानने के लिए, अगली वृद्धि देखें:</p><a class=\"tour-link\" tour=\"15d8c7t4-cda7-40rb-afu7-345cfcnc\"><b> 3. ऐप में प्रमाणीकरण जोड़ें</b></a>.</p>"
    },
    "navigationBar": {
      "left": {
        "text": " पिछला"
      },
      "right": {
        "text": " हो गया"
      }
    }
  },
  "Card.VoltMX.createUIMobV9.intro": {
    "content": {
      "title": " अपना पहला मोबाइल ऐप बनाएं",
      "body": "<p><strong> चलिए शुरू करते हैं!</strong></p>\n<p> इस वृद्धि में, हम करेंगे:</p>\n<ul>\n<li> उपयोगकर्ता सहभागिता के लिए UI तत्वों के साथ प्रपत्र बनाएं</li>\n<li> इस ऐप में विभिन्न रूपों तक पहुंचने के लिए नेविगेशन जोड़ें</li>\n</ul><br/>\n<p> आरंभ करने से पहले, वृद्धि पूरी करें:</p>\n<ol><b>\n<li><a class=\"tour-link\" tour=\"7408efte-e2aa-4cr8-a9ub-d7ba36n8\"> आयात और amp; एक मूल ऐप लॉन्च करें</a></li>\n</b></ol><br/>\n<p><strong> जब आप तैयार हों, तो स्टार्ट पर क्लिक करें!</strong></p>"
    },
    "navigationBar": {
      "left": {
        "text": " पिछला"
      },
      "right": {
        "text": " प्रारंभ"
      }
    }
  },
  "Card.VoltMX.createUIMobV9.launch": {
    "content": {
      "title": " ऐप लॉन्च करें",
      "body": "<ol>\n<li> अपने पर<strong> वोल्ट एमएक्स ऐप</strong> , क्लिक करें<strong> लॉन्च</strong>.<br /> आप एक देख सकते हैं<strong> आवेदन का नाम:</strong> इनपुट बॉक्स। यदि कोई इनपुट बॉक्स है, तो दर्ज करें<strong> प्राप्तकर्ताMobApp</strong> और फिर क्लिक करें<strong> लॉन्च</strong>.</li>\n<li> क्लिक करें<strong> लॉगिन</strong> देखने के लिए प्रपत्र पर बटन<strong> लेखा</strong> सूची।<br /> इस ऐप के लिए आपको लॉगिन क्रेडेंशियल की आवश्यकता नहीं है। आप अगली वृद्धि में ऐप में प्रमाणीकरण जोड़ देंगे।</li>\n<li> क्लिक करें<strong> प्राप्तकर्ता</strong>. <br /> The<strong> प्राप्तकर्ता</strong> सूची प्रकट होती है।</li>\n<li> अपने ऐप से बाहर निकलने के लिए<strong> मोबाइल</strong> डिवाइस, दो अंगुलियों को बाएं से दाएं स्वाइप करें या अपने मोबाइल डिवाइस को हिलाएं और क्लिक करें<strong> ऐप से बाहर निकलें</strong>.</li>\n</ol>"
    },
    "navigationBar": {
      "left": {
        "text": " पिछला"
      },
      "right": {
        "text": " अगला"
      }
    }
  },
  "Card.VoltMX.createUIMobV9.newProject1": {
    "content": {
      "title": " एक नया प्रोजेक्ट बनाएं",
      "body": "<ol>\n<li> मुख्य मेनू से, नेविगेट करें&nbsp;<strong> परियोजना</strong> &nbsp;&gt;&nbsp;<strong> नई परियोजना</strong>.</li>\n<li> से&nbsp;<strong> आप अभी क्या शुरू करना चाहते हैं?&nbsp;</strong> विंडो, चुनें&nbsp;<strong> मूल ऐप</strong>.</li>\n<li> क्लिक करें&nbsp;<strong> अगला</strong>.<br /> The&nbsp;<strong> आपने एक नेटिव ऐप से शुरुआत की</strong> &nbsp;विंडो दिखाई देती है।</li>\n<li> के अंतर्गत&nbsp;<strong> प्रोजेक्ट&nbsp;</strong> नाम, दर्ज करें<strong> प्राप्तकर्ताMobApp</strong>.</li>\n<li> क्लिक करें&nbsp;<strong> बनाएँ</strong>.<br /> के साथ एक नया एप्लिकेशन बनाया गया है&nbsp;<strong> फॉर्म1</strong> &nbsp;form.<br /> आवेदन &nbsp;<strong> स्टोरीबोर्ड</strong> &nbsp;देखें।</li>\n</ol>"
    },
    "navigationBar": {
      "left": {
        "text": " पिछला"
      },
      "right": {
        "text": " अगला"
      }
    }
  },
  "Card.VoltMX.createUIMobV9.openapp": {
    "content": {
      "title": " वोल्ट एमएक्स ऐप",
      "body": "<ol>\n<li> USB केबल का उपयोग करके अपने मोबाइल डिवाइस को अपने कंप्यूटर से कनेक्ट करें।<br /> Android मोबाइल डिवाइस के लिए, सुनिश्चित करें कि USB का उपयोगकर्ता इस प्रकार सेट है<strong> फ़ाइलें स्थानांतरित करें</strong>.<br /> आईओएस मोबाइल डिवाइस के लिए, सुनिश्चित करें कि<strong> विश्वास</strong> आपके डिवाइस और आपके कंप्यूटर के बीच स्थापित किया गया है।</li>\n<li> अपना लॉन्च करें<strong> वोल्ट एमएक्स ऐप</strong> आपके मोबाइल डिवाइस पर।</li>\n<li> चुनें<strong> यूएसबी</strong> टैब।<br /> एक सफल कनेक्शन पर,<strong> आइरिस</strong> आपके कंप्यूटर पर एक सफलता संकेत दिखाता है।</li>\n</ol>"
    },
    "navigationBar": {
      "left": {
        "text": " पिछला"
      },
      "right": {
        "text": " अगला"
      }
    }
  },
  "Card.VoltMX.createUIMobV9.rename": {
    "content": {
      "title": " फॉर्म का नाम बदलें",
      "body": "<ol>\n<li> में<strong> स्टोरीबोर्ड</strong> देखें, नए फॉर्म के ऊपर, क्लिक करें<strong> फॉर्म1</strong>.</li>\n<li> फॉर्म का नाम बदलें<strong> frmLogin</strong>.</li>\n</ol>"
    },
    "navigationBar": {
      "left": {
        "text": " पिछला"
      },
      "right": {
        "text": " अगला"
      }
    }
  },
  "Card.VoltMX.createUIMobV9.run": {
    "content": {
      "title": " ऐप चलाएँ",
      "body": "<ol>\n<li> से<strong> लाइव पूर्वावलोकन सेटिंग्स</strong> विंडो, अंडर<strong> मूल निवासी</strong> जिस मोबाइल डिवाइस पर आप ऐप देखने जा रहे हैं उसके OS के बगल में स्थित बॉक्स चेक करें।<br /> उदाहरण के लिए,<strong> आईओएस</strong> और<strong> Android</strong>.<br /> सुनिश्चित करें कि आपने अन्य सभी प्लेटफार्मों और चैनलों के लिए चेकबॉक्स को अचयनित किया है।</li>\n<li> क्लिक करें<strong> सहेजें और amp; Daud</strong>.<br /> आइरिस को ऐप चलाने में कुछ समय लग सकता है।<br /> The<strong> लाइव पूर्वावलोकन तैयार है</strong> विंडो प्रकट होती है।</li>\n</ol>"
    },
    "navigationBar": {
      "left": {
        "text": " पिछला"
      },
      "right": {
        "text": " अगला"
      }
    }
  },
  "Card.VoltMX.createUIMobV9.settings": {
    "content": {
      "title": " लाइव पूर्वावलोकन के लिए सेटिंग्स",
      "body": "<ol>\n<li> मुख्य मेनू से, चुनें<strong> बिल्ड</strong>.</li>\n<li> क्लिक करें<strong> लाइव पूर्वावलोकन सेटिंग्स</strong>.</li>\n</ol>"
    },
    "navigationBar": {
      "left": {
        "text": " पिछला"
      },
      "right": {
        "text": " अगला"
      }
    }
  }
}