{
    "kuid": "fbea59t7-19a6-43re-a3ud-e2e824n0",
    "id": "kony.IntroductionToInternationalV9.setKey3",
    "content": {
        "title": "Set i18n Key Login",
        "body": "<ol>\n<li>Select the <strong>Login </strong>button on the canvas.</li>\n<li>From the <strong>Properties </strong>panel, navigate to the <strong>Look </strong>tab.</li>\n<li>Under the <strong>Appearance </strong>section, for the property <strong>Text i18n Key</strong>, select <strong>Login </strong>from the drop-down list.</li>\n</ol>\n<p>You have successfully configured i18n Keys for the texts inside <strong>frmUserLogin</strong>.</p>"
    },
    "pointer": {
        "direction": "top",
        "element": {
            "module": "propertieswindow",
            "itemType": "pw-tab",
            "info": {
                "tabName": "Look"
            }
        },
        "type": "default"
    },
    "navigationType": "manual",
    "navigationBar": {
        "left": {
            "text": "Previous",
            "enable": true,
            "hide": false
        },
        "right": {
            "text": "Next",
            "enable": true,
            "hide": false
        }
    },
    "navigationCondition": "",
    "position": "BOTTOM_RIGHT",
    "meta": {
        "Creator": "Rashmi Menon",
        "CreatedOn": "Thu, 05 Dec 2019 06:02:31 GMT"
    },
    "context": []
}