<?xml version="1.0"?>
<Hike kuid="0e057et6-2ba7-40r0-a2u0-5288d7n4" id="kony.UseSampleServicesV9" title="kony.UseSampleServicesV9">
    <Description> Description of hike</Description>
    <Meta>
        <Creator>Rashmi Menon</Creator>
        <Createdon>Wed, 27 Nov 2019 09:11:54 GMT</Createdon>
    </Meta>
    <Hikecard id="kony.UseSampleServicesV9.intro"/>
    <Hikecard id="kony.UseSampleServicesV9.NewProject1"/>
    <Hikecard id="kony.UseSampleServicesV9.NewProject2"/>
    <Hikecard id="kony.UseSampleServicesV9.rename"/>
    <Hikecard id="kony.UseSampleServicesV9.createObj"/>
    <Hikecard id="kony.UseSampleServicesV9.createObj1"/>
    <Hikecard id="kony.UseSampleServicesV9.mappingservice"/>
    <Hikecard id="kony.UseSampleServicesV9.addUI"/>
    <Hikecard id="kony.UseSampleServicesV9.settings"/>
    <Hikecard id="kony.UseSampleServicesV9.run"/>
    <Hikecard id="kony.UseSampleServicesV9.last"/>
</Hike>