{
    "kuid": "7338a7t1-b4a6-47r8-acu8-e660d7n1",
    "id": "VoltMX.IntroductionToInternationalV9.connect",
    "content": {
        "title": "Connect your Mobile Device",
        "body": "<ol>\n<li>Connect your <strong>mobile</strong> device to your computer using a USB cable.<br />For an Android mobile device, ensure that the use of USB is set as <strong>Transfer</strong> <strong>files</strong>.</li>\n<li>Ensure that the device language is set as <strong>English (United States)</strong>.</li>\n</ol>"
    },
    "pointer": {
        "direction": "left",
        "element": "",
        "type": "none"
    },
    "navigationType": "manual",
    "navigationBar": {
        "left": {
            "text": "Previous",
            "enable": true,
            "hide": false
        },
        "right": {
            "text": "Next",
            "enable": true,
            "hide": false
        }
    },
    "navigationCondition": "",
    "position": "CENTER",
    "meta": {
        "Creator": "Rashmi Menon",
        "CreatedOn": "Thu, 05 Dec 2019 06:03:20 GMT"
    },
    "context": []
}