{
    "kuid": "a0ea80tf-48a2-41r6-80u3-063ad7n3",
    "id": "Kony.NewLaunchMobApp.done",
    "content": {
        "title": "Congratulations",
        "body": "<p>You have successfully:</p>\n<ul>\n<li><strong>Imported a mobile app</strong></li>\n<li><strong>Launched the app on a mobile device using the Quantum App</strong></li>\n</ul>\n<p>To learn how to create this app on your own, check out the next hike: <a class=\"tour-link\" tour=\"a617eft5-7ca8-4ard-8eu8-94cdean5\"><strong>2. Create UI from Collections</strong></a></p>"
    },
    "pointer": {
        "direction": "left",
        "element": "",
        "type": "none"
    },
    "navigationType": "manual",
    "navigationBar": {
        "left": {
            "text": "Previous",
            "enable": true,
            "hide": false
        },
        "right": {
            "text": "Done",
            "enable": true,
            "hide": false
        }
    },
    "navigationCondition": "",
    "position": "CENTER",
    "meta": {
        "Creator": "Prem Garudadri",
        "CreatedOn": "Wed, 18 Dec 2019 09:26:11 GMT"
    },
    "context": []
}