{
  "Tour.CreateUIfromCollections-Web": {
    "description": "旅遊描述"
  },
  "Hike.VoltMX.CreateUIRWV9": {
    "description": ""
  },
  "Card.CreateUIRWV9.Intro": {
    "content": {
      "title": "響應式 Web 應用程序簡介",
      "body": "<p><strong>讓我們開始吧！</strong></p>\n<p> 在這次徒步旅行中，我們將：</p>\n<ul>\n<li>使用 UI 元素創建桌面 Web 表單以進行用戶交互</li>\n<li>添加導航以訪問應用程序的不同形式</li>\n</ul><br/>\n<p>在開始之前，完成遠足：</p>\n<ol><b>\n<li><a class=\"tour-link\" tour=\"705a94tb-faa0-47r7-a1ud-31b3dbnf\">啟動你的響應式網絡應用</a></li></b>\n</ol><br/>\n<p><strong>準備好後，單擊開始！</strong></p>"
    },
    "navigationBar": {
      "left": {
        "text": "上一個"
      },
      "right": {
        "text": "開始"
      }
    }
  },
  "Card.VoltMX.CreateUIRWV9.addNav4": {
    "content": {
      "title": "向帳戶屏幕添加導航",
      "body": "<ol><li>來自<strong>動作編輯器</strong>左側菜單，在<strong>一般</strong>部分，選擇<strong>導航到表單</strong><strong>.<br /></strong></li>\n<li>在右側窗格中<strong>動作編輯器</strong>，選擇<strong>frmAccount</strong>.</li><li>點擊<strong>保存</strong>.</li>\n</ol>"
    },
    "navigationBar": {
      "left": {
        "text": "上一個"
      },
      "right": {
        "text": "下一個"
      }
    }
  },
  "Card.VoltMX.CreateUIRWV9.addNavigation": {
    "content": {
      "title": "從登錄屏幕添加導航",
      "body": "<ol>\n<li>來自<strong>項目</strong>資源管理器，展開<strong>響應式網頁/桌面</strong>&gt;<strong>表格</strong> > <strong>frmLogin</strong> > <b>flxUserLogin</b>並選擇<strong> btnSignin</strong>.</li>\n<li>來自<strong>屬性</strong>面板，導航到<strong>行動</strong>選項卡。</li>\n<li>對於<strong>點擊</strong>事件，點擊<strong>編輯</strong>.<br /><strong>動作編輯器</strong>窗口出現。</li>\n</ol>"
    },
    "navigationBar": {
      "left": {
        "text": "上一個"
      },
      "right": {
        "text": "下一個"
      }
    }
  },
  "Card.VoltMX.CreateUIRWV9.addNavigation1": {
    "content": {
      "title": "從登錄屏幕添加導航",
      "body": "<ol>\n<li>來自<strong>動作編輯器</strong>左側菜單，在<strong>一般</strong>部分，選擇<strong>導航到表單</strong>.</li>\n<li>從右側窗格<strong>動作編輯器</strong>，選擇<strong>frmAccount</strong>.</li>\n<li>點擊<strong>保存</strong>.</li>\n</ol>"
    },
    "navigationBar": {
      "left": {
        "text": "上一個"
      },
      "right": {
        "text": "下一個"
      }
    }
  },
  "Card.VoltMX.CreateUIRWV9.addNavigation2": {
    "content": {
      "title": "從帳戶屏幕添加導航",
      "body": "<ol>\n<li>來自<strong>項目</strong>資源管理器，導航到<strong>響應式網頁/桌面</strong>&gt;<strong>表格</strong>&gt;<strong>frmAccount</strong> \n > <strong>flxAccountList</strong> > <strong>flxMenu</strong>並選擇<strong>flxRecipientTab</strong>.</li>\n<li>來自<strong>屬性</strong>面板，導航到<strong>行動</strong>選項卡。</li>\n<li>對於<strong>點擊</strong>事件，點擊<strong>編輯</strong>.<br /><strong>動作編輯器</strong>窗口出現。</li>\n</ol>"
    },
    "navigationBar": {
      "left": {
        "text": "上一個"
      },
      "right": {
        "text": "下一個"
      }
    }
  },
  "Card.VoltMX.CreateUIRWV9.addNavigation3": {
    "content": {
      "title": "從帳戶屏幕添加導航",
      "body": "<ol>\n<li>來自<strong>動作編輯器</strong>左側菜單，在<strong>一般</strong>部分，選擇<strong>導航到表單</strong><strong>.<br /></strong></li>\n<li>在右側窗格中<strong>動作編輯器</strong>，選擇<strong></strong><strong>frmRecipients</strong>.</li>\n<li>點擊<strong>保存</strong>.</li>\n</ol>"
    },
    "navigationBar": {
      "left": {
        "text": "上一個"
      },
      "right": {
        "text": "下一個"
      }
    }
  },
  "Card.VoltMX.CreateUIRWV9.addNavigation4": {
    "content": {
      "title": "從收件人列表屏幕添加導航",
      "body": "<ol>\n<li>來自<strong>項目</strong>資源管理器，導航到<strong>響應式網頁/桌面</strong>&gt;<strong>表格</strong>&gt;<strong>frmRecipients</strong>&gt;<strong>flxMenu</strong> ，然後選擇<strong>flxAccountTab</strong>.</li>\n<li>來自<b>屬性</b>面板，導航到<strong>行動</strong>選項卡。</li>\n<li>對於<strong>點擊</strong>事件，點擊<strong>編輯</strong>.<br /><strong>動作編輯器</strong>窗口出現。</li>\n</ol>"
    },
    "navigationBar": {
      "left": {
        "text": "上一個"
      },
      "right": {
        "text": "下一個"
      }
    }
  },
  "Card.VoltMX.CreateUIRWV9.addNavigation5": {
    "content": {
      "title": "從收件人列表屏幕添加導航",
      "body": "<ol>\n<li>來自<strong>項目</strong>資源管理器，導航到<strong>響應式網頁/桌面</strong>&gt;<strong>表格</strong>&gt;<strong>frmRecipients</strong>&gt;<b>flxToolbar</b>並選擇<strong>flxBack</strong>.</li>\n<li>來自<strong>屬性面板</strong> ，導航到<strong>行動</strong>選項卡。</li>\n<li>對於<strong>點擊</strong>事件，點擊<strong>編輯</strong>.<br /><strong>動作編輯器</strong>窗口出現。</li>\n</ol>"
    },
    "navigationBar": {
      "left": {
        "text": "上一個"
      },
      "right": {
        "text": "下一個"
      }
    }
  },
  "Card.VoltMX.CreateUIRWV9.addNavigation6": {
    "content": {
      "title": "從收款人屏幕添加導航",
      "body": "<ol>\n<li>來自<strong>動作編輯器</strong>左側菜單，在<strong>一般</strong>部分，選擇<strong>導航到表單</strong>.</li>\n<li>在右側窗格中<strong>動作編輯器</strong>，選擇<strong>frmAccount</strong></li><li>點擊<strong>保存</strong>.</li>\n</ol>"
    },
    "navigationBar": {
      "left": {
        "text": "上一個"
      },
      "right": {
        "text": "下一個"
      }
    }
  },
  "Card.VoltMX.CreateUIRWV9.createForm": {
    "content": {
      "title": "創建賬戶表格",
      "body": "<ol>\n<li>來自<b>故事板</b>查看，選擇<strong>frmLogin，</strong>然後單擊<strong>+</strong>圖標。<br />Iris 創建一個新表單。</li>\n<li>在新表單上方，單擊&nbsp;<strong>Form1</strong>.</li>\n<li>重命名表單<strong>frmAccount</strong>.</li>\n</ol>"
    },
    "navigationBar": {
      "left": {
        "text": "上一個"
      },
      "right": {
        "text": "下一個"
      }
    }
  },
  "Card.VoltMX.CreateUIRWV9.createPayees": {
    "content": {
      "title": "創建收件人列表表單",
      "body": "<ol>\n<li>來自<b>故事板</b>查看，選擇<strong>frmAccount，</strong>然後單擊<strong>+ </strong>圖標。<br />Iris 創建了一個新表單。</li>\n<li> 在新表格上方，點擊<strong>Form1</strong>.</li>\n<li>重命名表單<strong>frmRecipients</strong>.</li>\n</ol>"
    },
    "navigationBar": {
      "left": {
        "text": "上一個"
      },
      "right": {
        "text": "下一個"
      }
    }
  },
  "Card.VoltMX.CreateUIRWV9.createProject": {
    "content": {
      "title": "創建一個新項目",
      "body": "<ol>\n<li>從主菜單，導航到<strong>項目</strong>&nbsp;&gt;<strong>新項目</strong>.</li>\n<li>來自<strong> 你現在想從什麼開始？</strong>窗口，選擇<strong>網絡應用</strong>.</li>\n<li>點擊<strong>下一個</strong>.<br /><strong>您想首先開始構建哪種設備尺寸？</strong>窗口出現。</li>\n<li>選擇<strong>桌面</strong> ，然後單擊<strong>下一個</strong>.<br /><strong>您從一個 Web 應用程序開始。選擇的設備大小是桌面</strong>。窗口出現。</li>\n<li>下<strong>項目名稱</strong>，輸入&nbsp;<strong>RecipientsWebApp</strong> ，然後單擊&nbsp;<strong>創建</strong>.<br />使用&nbsp;創建了一個新應用程序<strong>Form1</strong>&nbsp;表格。<br />應用程序在<strong>故事板</strong>查看。</li>\n</ol>"
    },
    "navigationBar": {
      "left": {
        "text": "上一個"
      },
      "right": {
        "text": "下一個"
      }
    }
  },
  "Card.VoltMX.CreateUIRWV9.done": {
    "content": {
      "title": "探索應用",
      "body": "<p>您已成功：</p>\n<ul>\n<li><strong>為用戶交互創建帶有 UI 元素的表單</strong></li>\n<li><strong>在表單之間添加導航</strong></li>\n<li><strong>使用實時預覽啟動您的 Web 應用程序</strong></li>\n</ul>\n<p>要了解如何為此應用添加登錄和註銷操作，請查看下一次加息：<a class=\"tour-link\" tour=\"5e1da5td-37a0-44r6-beu6-374c3cn1\"><strong> 3.向應用程序添加身份驗證</strong></a>.</p>"
    },
    "navigationBar": {
      "left": {
        "text": "上一個"
      },
      "right": {
        "text": "完成"
      }
    }
  },
  "Card.VoltMX.CreateUIRWV9.launch": {
    "content": {
      "title": "啟動應用程序",
      "body": "<ol>\n<li>點擊<strong>登錄</strong> 用於查看表單上的按鈕<strong>賬戶</strong>列表。<br />您不需要此應用程序的登錄憑據。您將在以後的徒步旅行中向應用程序添加身份驗證。</li>\n<li>單擊收件人選項卡。<br /><b>收件人列表</b>出現。</li></ol>"
    },
    "navigationBar": {
      "left": {
        "text": "上一個"
      },
      "right": {
        "text": "下一個"
      }
    }
  },
  "Card.VoltMX.CreateUIRWV9.publish1": {
    "content": {
      "title": "運行應用程序",
      "body": "<ol>\n<li>來自<strong>實時預覽設置</strong>窗下<strong>平台和渠道</strong> ，選中旁邊的框<strong>響應式網站</strong>.<br />確保您已取消選中所有其他平台和頻道的複選框。</li>\n<li>點擊<strong>保存&amp;跑步</strong>.<br />Iris 運行應用程序可能需要一些時間。<br />構建完成後，示例應用程序將在<strong>虹膜預覽</strong>窗口。</li>\n</ol>"
    },
    "navigationBar": {
      "left": {
        "text": "上一個"
      },
      "right": {
        "text": "下一個"
      }
    }
  },
  "Card.VoltMX.CreateUIRWV9.rename": {
    "content": {
      "title": "重命名表單",
      "body": "<ol>\n<li>在<strong>故事板</strong>查看，在新表單上方，單擊<strong>Form1</strong>.</li>\n<li>重命名表單<strong>frmLogin</strong>.</li>\n</ol>"
    },
    "navigationBar": {
      "left": {
        "text": "上一個"
      },
      "right": {
        "text": "下一個"
      }
    }
  },
  "Card.VoltMX.CreateUIRWV9.Settings1": {
    "content": {
      "title": "實時預覽的設置",
      "body": "<ol>\n<li>從主菜單中，選擇<strong>構建</strong>.</li>\n<li>點擊<strong>實時預覽設置</strong>.</li>\n</ol>"
    },
    "navigationBar": {
      "left": {
        "text": "上一個"
      },
      "right": {
        "text": "下一個"
      }
    }
  },
  "Card.VoltMX.CreateUIRWV9.uiAccount": {
    "content": {
      "title": " 賬戶表單的用戶界面",
      "body": "<ol>\n<li>從 Iris 畫布的左角，導航到<strong>默認庫</strong>.</li>\n<li>點擊搜索圖標。</li>\n<li>在出現的搜索欄中，輸入<strong>賬戶</strong>.</li>\n<li>從結果來看，在<strong> RecipientsWeb</strong>集合，選擇<strong>賬戶列表</strong>.</li>\n<li>拖動<strong>賬戶列表</strong>收集到<strong>frmAccount</strong>在畫布上。</li>\n</ol>"
    },
    "navigationBar": {
      "left": {
        "text": "上一個"
      },
      "right": {
        "text": "下一個"
      }
    }
  },
  "Card.VoltMX.CreateUIRWV9.uiLogin": {
    "content": {
      "title": "登錄界面的UI",
      "body": "<ol>\n<li>從 Iris 畫布的左角，導航到<strong>默認庫</strong>.</li>\n<li>點擊搜索圖標。</li>\n<li>在出現的搜索欄中，輸入<strong>登錄</strong>.</li>\n<li>從結果來看，在<strong> RecipientsWeb</strong>集合，選擇<strong>用戶登錄</strong>.</li>\n<li>拖動<strong>用戶登錄</strong>收集到<strong>frmLogin</strong>在畫布上。</li>\n</ol>"
    },
    "navigationBar": {
      "left": {
        "text": "上一個"
      },
      "right": {
        "text": "下一個"
      }
    }
  },
  "Card.VoltMX.CreateUIRWV9.uiPayees": {
    "content": {
      "title": " 收件人列表界面",
      "body": "<ol>\n<li>從 Iris 的左下角，導航到<strong>默認庫</strong>.</li>\n<li>點擊搜索圖標。</li>\n<li>在出現的搜索欄中，輸入<strong>收件人</strong>.</li>\n<li>從結果來看，在<strong> RecipientsWeb</strong>集合，選擇<strong>收件人列表</strong>.</li>\n<li>拖動<strong>收件人列表</strong>收集到<strong>frmRecipients</strong>在畫布上。</li> <li>從 Iris 畫布的頂部，選擇<b>設計</b>選項卡打開<b>設計</b>查看。</li>\n</ol>"
    },
    "navigationBar": {
      "left": {
        "text": "上一個"
      },
      "right": {
        "text": "下一個"
      }
    }
  }
}