{
  "Tour.IntroductiontoActionEditorV9": {
    "description": " यात्रा का विवरण"
  },
  "Hike.VoltMX.IntrotoActionEditorV9": {
    "description": " वृद्धि का विवरण"
  },
  "Card.VoltMX.IntrotoActionEditorV9.AddFormNav": {
    "content": {
      "title": " फ़ॉर्म नेविगेशन जोड़ें",
      "body": "<ol>\n<li> कैनवास पर, &nbsp चुनें;<strong> खाता बनाएं</strong> बटन।</li>\n<li> पर नेविगेट करें&nbsp;<strong> गुण</strong> पैनल और क्लिक करें<strong> क्रिया</strong>.</li>\n<li> के लिए<strong> ऑनक्लिक</strong> घटना, क्लिक करें&nbsp;<strong> संपादित करें।<br /></strong> The<strong> क्रिया</strong> <strong> संपादक</strong> विंडो प्रकट होती है।</li>\n</ol>"
    },
    "navigationBar": {
      "left": {
        "text": " पिछला"
      },
      "right": {
        "text": " अगला"
      }
    }
  },
  "Card.VoltMX.IntrotoActionEditorV9.AddFormNav1": {
    "content": {
      "title": " फ़ॉर्म नेविगेशन जोड़ें",
      "body": "<ol>\n<li> के ऊपरी-दाएँ कोने से<strong> एक्शन एडिटर</strong> कैनवास, चुनें<strong> डिज़ाइन दृश्य</strong>.</li>\n<li> से<strong> एक्शन एडिटर</strong> बायां मेनू, पर नेविगेट करें<strong> सामान्य</strong> अनुभाग।</li>\n<li> चुनें<strong> फॉर्म पर नेविगेट करें</strong>.</li>\n<li> क्लिक करें<img class=\"\" src=\"https://i.ibb.co/MZ02vkL/Screenshot-2019-02-26-at-2-34-18-PM.png\" alt=\"\" width=\"102\" height=\"18\" /> &nbsp; के दाएँ फलक पर<strong> एक्शन एडिटर।<br /></strong> एक नया रूप<strong> फॉर्म1</strong> आपके प्रोजेक्ट में जोड़ा जाएगा।</li>\n<li> पर राइट-क्लिक करें<strong> फॉर्म1</strong> और का नाम बदलें<strong> frmपंजीकरण।</strong> और इसे चुनें।</li><li> क्लिक करें<b> सहेजें</b>.</li>\n</ol>"
    },
    "navigationBar": {
      "left": {
        "text": " पिछला"
      },
      "right": {
        "text": " अगला"
      }
    }
  },
  "Card.VoltMX.IntrotoActionEditorV9.addingelse": {
    "content": {
      "title": " अन्य शर्त जोड़ना",
      "body": "<p> चूंकि उपयोगकर्ता ने निर्धारित शर्तों को पूरा किया है, उसे सूचित किया जाना चाहिए कि उसकी साइन अप प्रक्रिया समाप्त हो गई है।</p>\n<ol><li> से<b> एक्शन एडिटर</b> कैनवास, चुनें<b> प्रारंभ</b>.</li>\n<li> से<strong> एक्शन एडिटर</strong> बायां मेनू, नीचे<strong> शर्तें</strong> का चयन करें<strong> अन्य शर्त</strong>.</li>\n<li> से<strong> एक्शन एडिटर</strong> बायां मेनू, नीचे<strong> विजेट</strong> , चुनें<strong> विजेट संपत्ति सेट करें</strong>.<br /> आपके साथ एक नई क्रिया जोड़ी जाएगी<strong> एक्शन एडिटर</strong> कैनवास के नीचे<strong> ELSE</strong>.</li>\n<li> दाएँ फलक में, विस्तृत करें<strong> मोबाइल फॉर्म</strong> &gt;<strong> frmपंजीकरण</strong> &gt;<strong> एसीएमईरजिस्टर</strong> &gt;<strong> flxACMERपंजीकरण</strong> और चुनें<strong> flxसक्रियण</strong>.</li>\n<li> दाएँ फलक में, सुनिश्चित करें कि:<br />\n<ul>\n<li><strong> संपत्ति</strong> पर सेट है<strong> दृश्यमान है</strong></li>\n<li><strong> दृश्यता</strong> पर सेट है<strong> सच</strong></li>\n</ul>\n</li>\n<li> क्लिक करें<strong> सहेजें</strong>.</li>\n</ol>"
    },
    "navigationBar": {
      "left": {
        "text": " पिछला"
      },
      "right": {
        "text": " अगला"
      }
    }
  },
  "Card.VoltMX.IntrotoActionEditorV9.AddLogin": {
    "content": {
      "title": " एक लॉगिन स्क्रीन जोड़ें",
      "body": "<ol>\n<li> आइरिस के निचले-बाएँ कोने से, नेविगेट करें<strong> डिफ़ॉल्ट लाइब्रेरी</strong>.</li>\n<li> के आगे<strong> डिफ़ॉल्ट लाइब्रेरी</strong> , आप देखेंगे<strong> मेरी लाइब्रेरी</strong> टैब और एक खोज आइकन। खोज आइकन क्लिक करें&nbsp;<img src=\"https://i.ibb.co/VDQ1byP/Screenshot-2019-02-26-at-1-57-46-PM.png\" alt=\"\" width=\"20\" height=\"20\" />.</li>\n<li> दिखाई देने वाले खोज बार में, दर्ज करें<strong> एसीएमईलॉगिन</strong>.</li>\n<li> खींचें<strong> एसीएमईलॉगिन</strong> पर घटक<strong> frmLogin</strong> कैनवास पर।</li>\n</ol>"
    },
    "navigationBar": {
      "left": {
        "text": " पिछला"
      },
      "right": {
        "text": " अगला"
      }
    }
  },
  "Card.VoltMX.IntrotoActionEditorV9.condBeh1": {
    "content": {
      "title": " साइन अप जोड़ना",
      "body": "<ol>\n<li> चुनें<strong> साइन अप करें</strong> कैनवास पर बटन।</li>\n<li> में<strong> क्रिया</strong> टैब, के लिए<strong> ऑनक्लिक</strong> क्रिया, क्लिक करें<strong> संपादित करें</strong>.<strong><br /></strong> The<strong> एक्शन एडिटर</strong> विंडो प्रकट होती है।</li>\n</ol>"
    },
    "navigationBar": {
      "left": {
        "text": " पिछला"
      },
      "right": {
        "text": " अगला"
      }
    }
  },
  "Card.VoltMX.IntrotoActionEditorV9.condBeh2": {
    "content": {
      "title": " साइन अप के लिए शर्तें जोड़ना",
      "body": "<ol>\n<li> के ऊपरी-दाएँ कोने से<strong> एक्शन एडिटर</strong> , का चयन करें<strong> डिज़ाइन दृश्य</strong>.</li>\n<li> में&nbsp;<strong> एक्शन एडिटर&nbsp;</strong> बायां मेनू, नीचे<strong> शर्तें</strong> , चुनें<strong> यदि</strong>.</li>\n<li> में<strong> एक्शन एडिटर</strong> दायां फलक, आप देखेंगे:<br />\n<ul style=\"list-style-type: disc;\">\n<li><strong> स्थिति प्रकार&nbsp;</strong> के रूप में चुना गया है<strong> अगर&nbsp;</strong></li>\n<li><strong> मानदंड</strong> चुना गया है&nbsp;<strong> सभी को संतुष्ट करें</strong></li>\n</ul>\n</li>\n<li> नीचे दिए गए बॉक्स पर क्लिक करें<strong> विजेट संपत्ति</strong> ड्रॉप-डाउन।<br /> आप देखेंगे कि आपके प्रोजेक्ट के फ़ॉर्म और विजेट एक पदानुक्रम में सूचीबद्ध हैं।&nbsp;</li>\n<li> नेविगेट करें<strong> मोबाइल फॉर्म</strong> &gt;&nbsp;<strong> frmपंजीकरण&nbsp;</strong> &gt;&nbsp;<strong> ACMERपंजीकरण&nbsp;</strong> &gt;&nbsp;<strong> flxACMERपंजीकरण</strong> और चुनें&nbsp;<strong> tbxईमेल</strong>.</li>\n<li> चुनें<strong> पाठ</strong> दाएँ फलक में।</li>\n</ol>"
    },
    "navigationBar": {
      "left": {
        "text": " पिछला"
      },
      "right": {
        "text": " अगला"
      }
    }
  },
  "Card.VoltMX.IntrotoActionEditorV9.condBeh3": {
    "content": {
      "title": " साइन अप के लिए शर्त",
      "body": "<p> आप देखेंगे कि<strong> बराबर</strong> और&nbsp;<strong> विजेट संपत्ति</strong> अगले दो ड्रॉप-डाउन में दिखाई देता है।</p>\n<ol>\n<li> ड्रॉप-डाउन पर क्लिक करें जिसमें&nbsp;<strong> विजेट</strong> <strong> संपत्ति</strong> &nbsp;उल्लेख किया गया है और इसे इसमें बदलें<strong> मान</strong>.</li>\n<li> अगले टेक्स्टबॉक्स में दर्ज करें:<p style=\"background-color: lightyellow; padding-left: 5%;\"> \"\"</p>\n</li>\n</ol>\n<p> अब आप जांच रहे हैं कि ईमेल फ़ील्ड खाली है या नहीं।</p>"
    },
    "navigationBar": {
      "left": {
        "text": " पिछला"
      },
      "right": {
        "text": " अगला"
      }
    }
  },
  "Card.VoltMX.IntrotoActionEditorV9.condBeh4": {
    "content": {
      "title": " एक चेतावनी चेतावनी जोड़ें",
      "body": "<ol>\n<li> से<strong> क्रिया</strong> <strong> संपादक</strong> बायां मेनू, नेविगेट करें<strong> ग्राहक</strong> &gt;&nbsp;<strong> अलर्ट दिखाएं</strong>.</li>\n<li> दाएँ फलक में निम्नलिखित विवरण प्रदान करें:<ul>\n<li> सेट<strong> अलर्ट प्रकार</strong> से&nbsp;<strong> त्रुटि</strong></li>\n<li> के तहत<strong> अलर्ट शीर्षक</strong> , दर्ज करें:<strong> अमान्य ईमेल पता</strong></li>\n<li> के तहत<strong> हाँ लेबल</strong> , दर्ज करें:<strong> ठीक है</strong></li>\n<li> के तहत<strong> अलर्ट संदेश</strong> , दर्ज करें:<strong> कृपया एक मान्य ईमेल पता दर्ज करें</strong></li>\n</ul>\n</li>\n</ol>"
    },
    "navigationBar": {
      "left": {
        "text": " पिछला"
      },
      "right": {
        "text": " अगला"
      }
    }
  },
  "Card.VoltMX.IntrotoActionEditorV9.createReg": {
    "content": {
      "title": " पंजीकरण फॉर्म बनाएं",
      "body": "<ol>\n<li> से<strong> परियोजना</strong> एक्सप्लोरर, विस्तृत करें<strong> मोबाइल&nbsp;</strong> &gt;&nbsp;<strong> प्रपत्र</strong> और चुनें<strong> frmपंजीकरण।</strong> &nbsp;</li>\n<li> आइरिस के निचले-बाएँ कोने से, डिफ़ॉल्ट लाइब्रेरी पर जाएँ।</li>\n<li> के आगे<strong> डिफ़ॉल्ट लाइब्रेरी</strong> , आप देखेंगे<strong> मेरी लाइब्रेरी</strong> टैब और एक खोज आइकन। खोज आइकन पर क्लिक करें<img class=\"\" src=\"https://i.ibb.co/VDQ1byP/Screenshot-2019-02-26-at-1-57-46-PM.png\" alt=\"\" width=\"20\" height=\"20\" />.</li>\n<li> दिखाई देने वाले खोज बार में, दर्ज करें<strong> एसीएमईरजिस्टर</strong>.<br /><img src=\"https://i.ibb.co/DYgBS2b/Screenshot-2019-02-26-at-2-44-09-PM.png\" alt=\"\" width=\"173\" height=\"40\" /></li>\n<li> खींचें<strong> एसीएमई</strong><strong> रजिस्टर</strong> घटक और इसे पर छोड़ दें&nbsp;<strong> frmपंजीकरण</strong> कैनवास पर।</li>\n</ol>\n<p> अगले कुछ कार्डों में, हम इस पंजीकरण स्क्रीन के लिए सत्यापन जोड़ेंगे।</p>"
    },
    "navigationBar": {
      "left": {
        "text": " पिछला"
      },
      "right": {
        "text": " अगला"
      }
    }
  },
  "Card.VoltMX.IntrotoActionEditorV9.explore": {
    "content": {
      "title": " ऐप का अन्वेषण करें",
      "body": "<p> अब आप अपने ऐप पर देख सकेंगे<strong> मोबाइल</strong> डिवाइस।</p>\n<ol>\n<li> पर क्लिक करें<strong> खाता बनाएं&nbsp;</strong> आपकी लॉगिन स्क्रीन पर बटन, आपको पंजीकरण स्क्रीन पर नेविगेट किया जाएगा।</li>\n<li> पर क्लिक करें<strong> साइन अप करें</strong> आपकी पंजीकरण स्क्रीन पर बटन।<br/> अलर्ट पॉप-अप प्रकट होता है।</li>\n<li> टेक्स्ट फ़ील्ड में अपनी ईमेल आईडी दर्ज करें&nbsp;और पर क्लिक करें<strong> साइन अप करें</strong> बटन।<br/> एक अधिसूचना दिखाई देती है जो आपको साइन अप के लिए और निर्देश देती है।</li>\n<li> To<strong> बाहर निकलें</strong> the<strong> मोबाइल</strong> डिवाइस, दो अंगुलियों को बाएं से दाएं स्वाइप करें या अपने<strong> मोबाइल</strong> डिवाइस और क्लिक करें<strong> ऐप से बाहर निकलें</strong>.</li>\n</ol>"
    },
    "navigationBar": {
      "left": {
        "text": " पिछला"
      },
      "right": {
        "text": " अगला"
      }
    }
  },
  "Card.VoltMX.IntrotoActionEditorV9.intro": {
    "content": {
      "title": " एक्शन एडिटर का परिचय",
      "body": "<p><strong> एक्शन एडिटर</strong> एक एप्लिकेशन लॉजिक जनरेटर है।<br /> का उपयोग करना<strong> एक्शन एडिटर</strong> आप एप्लिकेशन व्यवहार को परिभाषित और संशोधित कर सकते हैं।<br /><br /> इस वृद्धि के अंत में, आप निम्न में सक्षम होंगे:</p>\n<ul style=\"list-style-type: disc;\">\n<li> प्रपत्रों के बीच नेविगेट करें</li>\n<li> सशर्त व्यवहार बनाएँ</li>\n<li> अलर्ट दिखाएं</li>\n<li> विजेट गुण सेट करें</li>\n</ul>"
    },
    "navigationBar": {
      "left": {
        "text": " पिछला"
      },
      "right": {
        "text": " प्रारंभ"
      }
    }
  },
  "Card.VoltMX.IntrotoActionEditorV9.NewProject1": {
    "content": {
      "title": " एक नया प्रोजेक्ट बनाएं",
      "body": "<ol>\n<li> नेविगेट करें<strong> परियोजना</strong> &gt;<strong> नई परियोजना</strong>.</li>\n<li> से<strong> आप अभी क्या शुरू करना चाहते हैं?</strong> विंडो, चुनें<strong> मूल ऐप</strong>.</li>\n<li> क्लिक करें<strong> अगला</strong>.<br/> The<b> आपने एक नेटिव ऐप से शुरुआत की</b> विंडो खुलती है।</li>\n</ol>"
    },
    "navigationBar": {
      "left": {
        "text": " पिछला"
      },
      "right": {
        "text": " अगला"
      }
    }
  },
  "Card.VoltMX.IntrotoActionEditorV9.NewProject2": {
    "content": {
      "title": " एक नया प्रोजेक्ट बनाएं",
      "body": "<ol>\n<li> अंडर<strong> परियोजना का नाम</strong> , दर्ज करें<strong> वोल्टएमएक्सएसीएमई</strong>.</li>\n<li> क्लिक करें<strong> बनाएँ</strong>.<br /> एक फ्लेक्स फॉर्म के साथ एक नया एप्लिकेशन बनाया गया है।<br /> आवेदन में खुलता है<strong> स्टोरीबोर्ड</strong> देखें।</li>\n</ol>"
    },
    "navigationBar": {
      "left": {
        "text": " पिछला"
      },
      "right": {
        "text": " अगला"
      }
    }
  },
  "Card.VoltMX.IntrotoActionEditorV9.openapp": {
    "content": {
      "title": " वोल्ट एमएक्स ऐप",
      "body": "<ol><li> अपना कनेक्ट करें<b> मोबाइल</b> USB केबल का उपयोग करके आपके कंप्यूटर पर डिवाइस।<br/> Android मोबाइल डिवाइस के लिए, सुनिश्चित करें कि USB का उपयोग<b> फ़ाइलें स्थानांतरित करें</b>.<br/> आईओएस मोबाइल डिवाइस के लिए, सुनिश्चित करें कि ए<b> विश्वास</b> आपके डिवाइस और आपके कंप्यूटर के बीच स्थापित किया गया है।</li>\n<li> लॉन्च करें<b> वोल्ट एमएक्स ऐप</b> अपने पर<b> मोबाइल</b> डिवाइस।</li><li> चुनें<b> यूएसबी</b> टैब।<li> सफल कनेक्शन पर,<b> आइरिस</b> आपके कंप्यूटर पर एक सफलता संकेत दिखाता है।</li></ol>"
    },
    "navigationBar": {
      "left": {
        "text": " पिछला"
      },
      "right": {
        "text": " अगला"
      }
    }
  },
  "Card.VoltMX.IntrotoActionEditorV9.preview": {
    "content": {
      "title": " लाइव पूर्वावलोकन के लिए सेटिंग्स",
      "body": "<ol><li> मुख्य मेनू से, चुनें<b> बिल्ड</b>.\n</li><li> क्लिक करें<b> लाइव पूर्वावलोकन सेटिंग्स</b>.</li></ol>"
    },
    "navigationBar": {
      "left": {
        "text": " पिछला"
      },
      "right": {
        "text": " अगला"
      }
    }
  },
  "Card.VoltMX.IntrotoActionEditorV9.rename": {
    "content": {
      "title": " फॉर्म का नाम बदलें",
      "body": "<ol>\n<li> में<strong> स्टोरीबोर्ड</strong> देखें, नए फॉर्म के ऊपर, क्लिक करें<strong> फॉर्म1</strong>.</li>\n<li> फॉर्म का नाम बदलें<strong> frmLogin</strong>.</li>\n<li> प्रपत्र में विजेट जोड़ने के लिए, प्रपत्र को खोलने के लिए प्रपत्र पर डबल-क्लिक करें<strong> डिज़ाइन</strong> देखें।</li>\n</ol>"
    },
    "navigationBar": {
      "left": {
        "text": " पिछला"
      },
      "right": {
        "text": " अगला"
      }
    }
  },
  "Card.VoltMX.IntrotoActionEditorV9.run": {
    "content": {
      "title": " ऐप चलाएँ",
      "body": "<ol><li> से<b> लाइव पूर्वावलोकन सेटिंग्स</b> विंडो, अंडर<b> मूल निवासी</b> , OS के बगल में स्थित चेकबॉक्स का चयन करें<b> मोबाइल</b> डिवाइस जिस पर आप ऐप देखने जा रहे हैं।<br/> उदाहरण के लिए:<b> आईओएस</b> और<b> Android</b>.<br/> सुनिश्चित करें कि आपने अन्य सभी प्लेटफार्मों और चैनलों के लिए चेकबॉक्स को अचयनित किया है।</li>\n<li> क्लिक करें<b> सहेजें और चलाएँ</b>.<br/> आइरिस को दिखाने में कुछ समय लग सकता है<b> लाइव पूर्वावलोकन तैयार है</b> window.</li></ol>"
    },
    "navigationBar": {
      "left": {
        "text": " पिछला"
      },
      "right": {
        "text": " अगला"
      }
    }
  },
  "Card.VoltMX.IntrotoActionEditorV9.success": {
    "content": {
      "title": " बधाई",
      "body": "<p> आपने वृद्धि सफलतापूर्वक पूरी कर ली है।<br /> इस वृद्धि में आपके पास है:</p>\n<ul>\n<li><strong> लॉगिन स्क्रीन से पंजीकरण स्क्रीन पर नेविगेट किया गया</strong></li>\n<li><strong> ईमेल आईडी टेक्स्ट फ़ील्ड के आसपास जोड़े गए सत्यापन&nbsp;</strong></li>\n<li><strong> यदि उपयोगकर्ता इनपुट अमान्य है तो एक अलर्ट दिखाया गया है</strong></li>\n<li><strong> एक सफल संदेश प्रदर्शित करने के लिए विगेट्स की दृश्यता को बदल दिया</strong></li>\n</ul>"
    },
    "navigationBar": {
      "left": {
        "text": " पिछला"
      },
      "right": {
        "text": " हो गया"
      }
    }
  },
  "Card.VoltMX.IntrotoActionEditorV9.view": {
    "content": {
      "title": " ऐप देखें",
      "body": "<ol>\n<li> अपने पर<strong> वोल्ट एमएक्स ऐप</strong> , क्लिक करें<strong> लॉन्च</strong>.</li>\n<li> आप एक देख सकते हैं<strong> आवेदन का नाम:</strong> टेक्स्ट बॉक्स। यदि कोई टेक्स्ट बॉक्स है, तो दर्ज करें<strong> वोल्टएमएक्सएसीएमई</strong> और फिर क्लिक करें<strong> लॉन्च</strong>.<br /> लॉगिन स्क्रीन वाला फॉर्म दिखाई देता है।</li>\n</ol>"
    },
    "navigationBar": {
      "left": {
        "text": " पिछला"
      },
      "right": {
        "text": " अगला"
      }
    }
  }
}